+ cmake --preset benchmark
Preset CMake variables:

  BUILD_TESTING:BOOL="FALSE"
  CMAKE_BUILD_TYPE="Release"
  CMAKE_EXPORT_COMPILE_COMMANDS:BOOL="TRUE"
  TINYLSM_BENCHMARK_LEVELDB:BOOL="TRUE"
  TINYLSM_BUILD_BENCHMARKS:BOOL="TRUE"
  TINYLSM_BUILD_TOOLS:BOOL="FALSE"

-- The CXX compiler identification is GNU 13.3.0
-- Detecting CXX compiler ABI info
-- Detecting CXX compiler ABI info - done
-- Check for working CXX compiler: /usr/bin/c++ - skipped
-- Detecting CXX compile features
-- Detecting CXX compile features - done
-- The C compiler identification is GNU 13.3.0
-- Detecting C compiler ABI info
-- Detecting C compiler ABI info - done
-- Check for working C compiler: /usr/bin/cc - skipped
-- Detecting C compile features
-- Detecting C compile features - done
-- 
-- 29.3.0
-- Performing Test protobuf_HAVE_LD_VERSION_SCRIPT
-- Performing Test protobuf_HAVE_LD_VERSION_SCRIPT - Success
-- Performing Test CMAKE_HAVE_LIBC_PTHREAD
-- Performing Test CMAKE_HAVE_LIBC_PTHREAD - Success
-- Found Threads: TRUE  
-- Found ZLIB: /usr/lib/aarch64-linux-gnu/libz.so (found version "1.3")  
-- Performing Test protobuf_HAVE_BUILTIN_ATOMICS
-- Performing Test protobuf_HAVE_BUILTIN_ATOMICS - Success
-- Performing Test ABSL_INTERNAL_AT_LEAST_CXX17
-- Performing Test ABSL_INTERNAL_AT_LEAST_CXX17 - Success
-- Performing Test ABSL_INTERNAL_AT_LEAST_CXX20
-- Performing Test ABSL_INTERNAL_AT_LEAST_CXX20 - Success
-- Found Git: /usr/bin/git (found version "2.43.0") 
-- Google Benchmark version: v1.9.5, normalized to 1.9.5
-- Looking for shm_open in rt
-- Looking for shm_open in rt - found
-- Performing Test HAVE_CXX_FLAG_WALL
-- Performing Test HAVE_CXX_FLAG_WALL - Success
-- Performing Test HAVE_CXX_FLAG_WEXTRA
-- Performing Test HAVE_CXX_FLAG_WEXTRA - Success
-- Performing Test HAVE_CXX_FLAG_WSHADOW
-- Performing Test HAVE_CXX_FLAG_WSHADOW - Success
-- Performing Test HAVE_CXX_FLAG_WFLOAT_EQUAL
-- Performing Test HAVE_CXX_FLAG_WFLOAT_EQUAL - Success
-- Performing Test HAVE_CXX_FLAG_WOLD_STYLE_CAST
-- Performing Test HAVE_CXX_FLAG_WOLD_STYLE_CAST - Success
-- Performing Test HAVE_CXX_FLAG_WCONVERSION
-- Performing Test HAVE_CXX_FLAG_WCONVERSION - Success
-- Performing Test HAVE_CXX_FLAG_WFORMAT_2
-- Performing Test HAVE_CXX_FLAG_WFORMAT_2 - Success
-- Performing Test HAVE_CXX_FLAG_WERROR
-- Performing Test HAVE_CXX_FLAG_WERROR - Success
-- Performing Test HAVE_CXX_FLAG_WSUGGEST_OVERRIDE
-- Performing Test HAVE_CXX_FLAG_WSUGGEST_OVERRIDE - Success
-- Performing Test HAVE_CXX_FLAG_PEDANTIC
-- Performing Test HAVE_CXX_FLAG_PEDANTIC - Success
-- Performing Test HAVE_CXX_FLAG_PEDANTIC_ERRORS
-- Performing Test HAVE_CXX_FLAG_PEDANTIC_ERRORS - Success
-- Performing Test HAVE_CXX_FLAG_WSHORTEN_64_TO_32
-- Performing Test HAVE_CXX_FLAG_WSHORTEN_64_TO_32 - Failed
-- Performing Test HAVE_CXX_FLAG_FSTRICT_ALIASING
-- Performing Test HAVE_CXX_FLAG_FSTRICT_ALIASING - Success
-- Performing Test HAVE_CXX_FLAG_WNO_DEPRECATED_DECLARATIONS
-- Performing Test HAVE_CXX_FLAG_WNO_DEPRECATED_DECLARATIONS - Success
-- Performing Test HAVE_CXX_FLAG_WNO_DEPRECATED
-- Performing Test HAVE_CXX_FLAG_WNO_DEPRECATED - Success
-- Performing Test HAVE_CXX_FLAG_WSTRICT_ALIASING
-- Performing Test HAVE_CXX_FLAG_WSTRICT_ALIASING - Success
-- Performing Test HAVE_CXX_FLAG_WTHREAD_SAFETY
-- Performing Test HAVE_CXX_FLAG_WTHREAD_SAFETY - Failed
-- Performing Test HAVE_CXX_FLAG_COVERAGE
-- Performing Test HAVE_CXX_FLAG_COVERAGE - Success
-- Performing Test STD_REGEX -- success
-- Performing Test STEADY_CLOCK -- success
-- Performing Test PTHREAD_AFFINITY -- success
-- Looking for unistd.h
-- Looking for unistd.h - found
-- Looking for crc32c_value in crc32c
-- Looking for crc32c_value in crc32c - not found
-- Looking for snappy_compress in snappy
-- Looking for snappy_compress in snappy - not found
-- Looking for malloc in tcmalloc
-- Looking for malloc in tcmalloc - not found
-- Looking for fdatasync
-- Looking for fdatasync - found
-- Looking for F_FULLFSYNC
-- Looking for F_FULLFSYNC - not found
-- Looking for O_CLOEXEC
-- Looking for O_CLOEXEC - found
-- Performing Test HAVE_CLANG_THREAD_SAFETY
-- Performing Test HAVE_CLANG_THREAD_SAFETY - Failed
-- Performing Test LEVELDB_HAVE_NO_MISSING_FIELD_INITIALIZERS
-- Performing Test LEVELDB_HAVE_NO_MISSING_FIELD_INITIALIZERS - Success
-- Performing Test HAVE_CXX17_HAS_INCLUDE
-- Performing Test HAVE_CXX17_HAS_INCLUDE - Success
-- Configuring done (22.9s)
-- Generating done (0.1s)
-- Build files have been written to: /home/tina.guest/tinylsm-perf-source-v2/tinylsm/build/benchmark
+ cmake --build --preset benchmark
[1/665] Building CXX object _deps/protobuf-build/CMakeFiles/libprotobuf-lite.dir/src/google/protobuf/arenaz_sampler.cc.o
[2/665] Building CXX object _deps/protobuf-build/CMakeFiles/libprotobuf-lite.dir/src/google/protobuf/arena_align.cc.o
[3/665] Building CXX object _deps/protobuf-build/CMakeFiles/libprotobuf-lite.dir/src/google/protobuf/any_lite.cc.o
In file included from /home/tina.guest/tinylsm-perf-source-v2/tinylsm/build/benchmark/_deps/protobuf-src/src/google/protobuf/any.h:14,
                 from /home/tina.guest/tinylsm-perf-source-v2/tinylsm/build/benchmark/_deps/protobuf-src/src/google/protobuf/any_lite.cc:15:
/home/tina.guest/tinylsm-perf-source-v2/tinylsm/build/benchmark/_deps/protobuf-src/src/google/protobuf/port.h: In function ‘void google::protobuf::internal::AssertDownCast(From*)’:
/home/tina.guest/tinylsm-perf-source-v2/tinylsm/build/benchmark/_deps/protobuf-src/src/google/protobuf/port.h:181:5: warning: testing if a concept-id is a valid expression; add ‘requires’ to check satisfaction [-Wmissing-requires]
  181 |     std::derived_from<std::remove_pointer_t<To>,
      |     ^
      |     requires 
[4/665] Building CXX object _deps/protobuf-build/CMakeFiles/libprotobuf-lite.dir/src/google/protobuf/generated_enum_util.cc.o
In file included from /home/tina.guest/tinylsm-perf-source-v2/tinylsm/build/benchmark/_deps/protobuf-src/src/google/protobuf/arena.h:38,
                 from /home/tina.guest/tinylsm-perf-source-v2/tinylsm/build/benchmark/_deps/protobuf-src/src/google/protobuf/message_lite.h:34,
                 from /home/tina.guest/tinylsm-perf-source-v2/tinylsm/build/benchmark/_deps/protobuf-src/src/google/protobuf/generated_enum_util.h:20,
                 from /home/tina.guest/tinylsm-perf-source-v2/tinylsm/build/benchmark/_deps/protobuf-src/src/google/protobuf/generated_enum_util.cc:8:
/home/tina.guest/tinylsm-perf-source-v2/tinylsm/build/benchmark/_deps/protobuf-src/src/google/protobuf/port.h: In function ‘void google::protobuf::internal::AssertDownCast(From*)’:
/home/tina.guest/tinylsm-perf-source-v2/tinylsm/build/benchmark/_deps/protobuf-src/src/google/protobuf/port.h:181:5: warning: testing if a concept-id is a valid expression; add ‘requires’ to check satisfaction [-Wmissing-requires]
  181 |     std::derived_from<std::remove_pointer_t<To>,
      |     ^
      |     requires 
[5/665] Building CXX object _deps/protobuf-build/CMakeFiles/libprotobuf-lite.dir/src/google/protobuf/arenastring.cc.o
In file included from /home/tina.guest/tinylsm-perf-source-v2/tinylsm/build/benchmark/_deps/protobuf-src/src/google/protobuf/arena.h:38,
                 from /home/tina.guest/tinylsm-perf-source-v2/tinylsm/build/benchmark/_deps/protobuf-src/src/google/protobuf/arenastring.h:19,
                 from /home/tina.guest/tinylsm-perf-source-v2/tinylsm/build/benchmark/_deps/protobuf-src/src/google/protobuf/arenastring.cc:8:
/home/tina.guest/tinylsm-perf-source-v2/tinylsm/build/benchmark/_deps/protobuf-src/src/google/protobuf/port.h: In function ‘void google::protobuf::internal::AssertDownCast(From*)’:
/home/tina.guest/tinylsm-perf-source-v2/tinylsm/build/benchmark/_deps/protobuf-src/src/google/protobuf/port.h:181:5: warning: testing if a concept-id is a valid expression; add ‘requires’ to check satisfaction [-Wmissing-requires]
  181 |     std::derived_from<std::remove_pointer_t<To>,
      |     ^
      |     requires 
[6/665] Building CXX object _deps/protobuf-build/CMakeFiles/libprotobuf-lite.dir/src/google/protobuf/arena.cc.o
In file included from /home/tina.guest/tinylsm-perf-source-v2/tinylsm/build/benchmark/_deps/protobuf-src/src/google/protobuf/arena.h:38,
                 from /home/tina.guest/tinylsm-perf-source-v2/tinylsm/build/benchmark/_deps/protobuf-src/src/google/protobuf/arena.cc:8:
/home/tina.guest/tinylsm-perf-source-v2/tinylsm/build/benchmark/_deps/protobuf-src/src/google/protobuf/port.h: In function ‘void google::protobuf::internal::AssertDownCast(From*)’:
/home/tina.guest/tinylsm-perf-source-v2/tinylsm/build/benchmark/_deps/protobuf-src/src/google/protobuf/port.h:181:5: warning: testing if a concept-id is a valid expression; add ‘requires’ to check satisfaction [-Wmissing-requires]
  181 |     std::derived_from<std::remove_pointer_t<To>,
      |     ^
      |     requires 
[7/665] Building CXX object _deps/protobuf-build/CMakeFiles/libprotobuf-lite.dir/src/google/protobuf/inlined_string_field.cc.o
In file included from /home/tina.guest/tinylsm-perf-source-v2/tinylsm/build/benchmark/_deps/protobuf-src/src/google/protobuf/arena.h:38,
                 from /home/tina.guest/tinylsm-perf-source-v2/tinylsm/build/benchmark/_deps/protobuf-src/src/google/protobuf/arenastring.h:19,
                 from /home/tina.guest/tinylsm-perf-source-v2/tinylsm/build/benchmark/_deps/protobuf-src/src/google/protobuf/inlined_string_field.h:16,
                 from /home/tina.guest/tinylsm-perf-source-v2/tinylsm/build/benchmark/_deps/protobuf-src/src/google/protobuf/inlined_string_field.cc:8:
/home/tina.guest/tinylsm-perf-source-v2/tinylsm/build/benchmark/_deps/protobuf-src/src/google/protobuf/port.h: In function ‘void google::protobuf::internal::AssertDownCast(From*)’:
/home/tina.guest/tinylsm-perf-source-v2/tinylsm/build/benchmark/_deps/protobuf-src/src/google/protobuf/port.h:181:5: warning: testing if a concept-id is a valid expression; add ‘requires’ to check satisfaction [-Wmissing-requires]
  181 |     std::derived_from<std::remove_pointer_t<To>,
      |     ^
      |     requires 
[8/665] Building CXX object _deps/protobuf-build/CMakeFiles/libprotobuf-lite.dir/src/google/protobuf/io/io_win32.cc.o
[9/665] Building CXX object _deps/protobuf-build/CMakeFiles/libprotobuf-lite.dir/src/google/protobuf/generated_message_util.cc.o
In file included from /home/tina.guest/tinylsm-perf-source-v2/tinylsm/build/benchmark/_deps/protobuf-src/src/google/protobuf/any.h:14,
                 from /home/tina.guest/tinylsm-perf-source-v2/tinylsm/build/benchmark/_deps/protobuf-src/src/google/protobuf/generated_message_util.h:36,
                 from /home/tina.guest/tinylsm-perf-source-v2/tinylsm/build/benchmark/_deps/protobuf-src/src/google/protobuf/generated_message_util.cc:12:
/home/tina.guest/tinylsm-perf-source-v2/tinylsm/build/benchmark/_deps/protobuf-src/src/google/protobuf/port.h: In function ‘void google::protobuf::internal::AssertDownCast(From*)’:
/home/tina.guest/tinylsm-perf-source-v2/tinylsm/build/benchmark/_deps/protobuf-src/src/google/protobuf/port.h:181:5: warning: testing if a concept-id is a valid expression; add ‘requires’ to check satisfaction [-Wmissing-requires]
  181 |     std::derived_from<std::remove_pointer_t<To>,
      |     ^
      |     requires 
[10/665] Building CXX object _deps/protobuf-build/CMakeFiles/libprotobuf-lite.dir/src/google/protobuf/implicit_weak_message.cc.o
In file included from /home/tina.guest/tinylsm-perf-source-v2/tinylsm/build/benchmark/_deps/protobuf-src/src/google/protobuf/arena.h:38,
                 from /home/tina.guest/tinylsm-perf-source-v2/tinylsm/build/benchmark/_deps/protobuf-src/src/google/protobuf/implicit_weak_message.h:14,
                 from /home/tina.guest/tinylsm-perf-source-v2/tinylsm/build/benchmark/_deps/protobuf-src/src/google/protobuf/implicit_weak_message.cc:8:
/home/tina.guest/tinylsm-perf-source-v2/tinylsm/build/benchmark/_deps/protobuf-src/src/google/protobuf/port.h: In function ‘void google::protobuf::internal::AssertDownCast(From*)’:
/home/tina.guest/tinylsm-perf-source-v2/tinylsm/build/benchmark/_deps/protobuf-src/src/google/protobuf/port.h:181:5: warning: testing if a concept-id is a valid expression; add ‘requires’ to check satisfaction [-Wmissing-requires]
  181 |     std::derived_from<std::remove_pointer_t<To>,
      |     ^
      |     requires 
[11/665] Building CXX object _deps/protobuf-build/CMakeFiles/libprotobuf-lite.dir/src/google/protobuf/io/zero_copy_stream.cc.o
In file included from /home/tina.guest/tinylsm-perf-source-v2/tinylsm/build/benchmark/_deps/protobuf-src/src/google/protobuf/io/zero_copy_stream.h:89,
                 from /home/tina.guest/tinylsm-perf-source-v2/tinylsm/build/benchmark/_deps/protobuf-src/src/google/protobuf/io/zero_copy_stream.cc:12:
/home/tina.guest/tinylsm-perf-source-v2/tinylsm/build/benchmark/_deps/protobuf-src/src/google/protobuf/port.h: In function ‘void google::protobuf::internal::AssertDownCast(From*)’:
/home/tina.guest/tinylsm-perf-source-v2/tinylsm/build/benchmark/_deps/protobuf-src/src/google/protobuf/port.h:181:5: warning: testing if a concept-id is a valid expression; add ‘requires’ to check satisfaction [-Wmissing-requires]
  181 |     std::derived_from<std::remove_pointer_t<To>,
      |     ^
      |     requires 
[12/665] Building CXX object _deps/protobuf-build/CMakeFiles/libprotobuf-lite.dir/src/google/protobuf/io/zero_copy_stream_impl.cc.o
In file included from /home/tina.guest/tinylsm-perf-source-v2/tinylsm/build/benchmark/_deps/protobuf-src/src/google/protobuf/io/zero_copy_stream.h:89,
                 from /home/tina.guest/tinylsm-perf-source-v2/tinylsm/build/benchmark/_deps/protobuf-src/src/google/protobuf/io/zero_copy_stream_impl.h:24,
                 from /home/tina.guest/tinylsm-perf-source-v2/tinylsm/build/benchmark/_deps/protobuf-src/src/google/protobuf/io/zero_copy_stream_impl.cc:28:
/home/tina.guest/tinylsm-perf-source-v2/tinylsm/build/benchmark/_deps/protobuf-src/src/google/protobuf/port.h: In function ‘void google::protobuf::internal::AssertDownCast(From*)’:
/home/tina.guest/tinylsm-perf-source-v2/tinylsm/build/benchmark/_deps/protobuf-src/src/google/protobuf/port.h:181:5: warning: testing if a concept-id is a valid expression; add ‘requires’ to check satisfaction [-Wmissing-requires]
  181 |     std::derived_from<std::remove_pointer_t<To>,
      |     ^
      |     requires 
[13/665] Building CXX object _deps/protobuf-build/CMakeFiles/libprotobuf-lite.dir/src/google/protobuf/io/coded_stream.cc.o
In file included from /home/tina.guest/tinylsm-perf-source-v2/tinylsm/build/benchmark/_deps/protobuf-src/src/google/protobuf/arena.h:38,
                 from /home/tina.guest/tinylsm-perf-source-v2/tinylsm/build/benchmark/_deps/protobuf-src/src/google/protobuf/io/coded_stream.cc:37:
/home/tina.guest/tinylsm-perf-source-v2/tinylsm/build/benchmark/_deps/protobuf-src/src/google/protobuf/port.h: In function ‘void google::protobuf::internal::AssertDownCast(From*)’:
/home/tina.guest/tinylsm-perf-source-v2/tinylsm/build/benchmark/_deps/protobuf-src/src/google/protobuf/port.h:181:5: warning: testing if a concept-id is a valid expression; add ‘requires’ to check satisfaction [-Wmissing-requires]
  181 |     std::derived_from<std::remove_pointer_t<To>,
      |     ^
      |     requires 
[14/665] Building CXX object _deps/protobuf-build/CMakeFiles/libprotobuf-lite.dir/src/google/protobuf/io/zero_copy_stream_impl_lite.cc.o
In file included from /home/tina.guest/tinylsm-perf-source-v2/tinylsm/build/benchmark/_deps/protobuf-src/src/google/protobuf/io/zero_copy_stream.h:89,
                 from /home/tina.guest/tinylsm-perf-source-v2/tinylsm/build/benchmark/_deps/protobuf-src/src/google/protobuf/io/zero_copy_stream_impl_lite.h:35,
                 from /home/tina.guest/tinylsm-perf-source-v2/tinylsm/build/benchmark/_deps/protobuf-src/src/google/protobuf/io/zero_copy_stream_impl_lite.cc:12:
/home/tina.guest/tinylsm-perf-source-v2/tinylsm/build/benchmark/_deps/protobuf-src/src/google/protobuf/port.h: In function ‘void google::protobuf::internal::AssertDownCast(From*)’:
/home/tina.guest/tinylsm-perf-source-v2/tinylsm/build/benchmark/_deps/protobuf-src/src/google/protobuf/port.h:181:5: warning: testing if a concept-id is a valid expression; add ‘requires’ to check satisfaction [-Wmissing-requires]
  181 |     std::derived_from<std::remove_pointer_t<To>,
      |     ^
      |     requires 
[15/665] Building CXX object _deps/protobuf-build/CMakeFiles/libprotobuf-lite.dir/src/google/protobuf/port.cc.o
In file included from /home/tina.guest/tinylsm-perf-source-v2/tinylsm/build/benchmark/_deps/protobuf-src/src/google/protobuf/port.cc:8:
/home/tina.guest/tinylsm-perf-source-v2/tinylsm/build/benchmark/_deps/protobuf-src/src/google/protobuf/port.h: In function ‘void google::protobuf::internal::AssertDownCast(From*)’:
/home/tina.guest/tinylsm-perf-source-v2/tinylsm/build/benchmark/_deps/protobuf-src/src/google/protobuf/port.h:181:5: warning: testing if a concept-id is a valid expression; add ‘requires’ to check satisfaction [-Wmissing-requires]
  181 |     std::derived_from<std::remove_pointer_t<To>,
      |     ^
      |     requires 
[16/665] Building CXX object _deps/protobuf-build/CMakeFiles/libprotobuf-lite.dir/src/google/protobuf/raw_ptr.cc.o
[17/665] Building CXX object _deps/protobuf-build/CMakeFiles/libprotobuf-lite.dir/src/google/protobuf/extension_set.cc.o
In file included from /home/tina.guest/tinylsm-perf-source-v2/tinylsm/build/benchmark/_deps/protobuf-src/src/google/protobuf/extension_set.h:36,
                 from /home/tina.guest/tinylsm-perf-source-v2/tinylsm/build/benchmark/_deps/protobuf-src/src/google/protobuf/extension_set.cc:12:
/home/tina.guest/tinylsm-perf-source-v2/tinylsm/build/benchmark/_deps/protobuf-src/src/google/protobuf/port.h: In function ‘void google::protobuf::internal::AssertDownCast(From*)’:
/home/tina.guest/tinylsm-perf-source-v2/tinylsm/build/benchmark/_deps/protobuf-src/src/google/protobuf/port.h:181:5: warning: testing if a concept-id is a valid expression; add ‘requires’ to check satisfaction [-Wmissing-requires]
  181 |     std::derived_from<std::remove_pointer_t<To>,
      |     ^
      |     requires 
[18/665] Building CXX object _deps/protobuf-build/CMakeFiles/libprotobuf-lite.dir/src/google/protobuf/message_lite.cc.o
In file included from /home/tina.guest/tinylsm-perf-source-v2/tinylsm/build/benchmark/_deps/protobuf-src/src/google/protobuf/arena.h:38,
                 from /home/tina.guest/tinylsm-perf-source-v2/tinylsm/build/benchmark/_deps/protobuf-src/src/google/protobuf/message_lite.h:34,
                 from /home/tina.guest/tinylsm-perf-source-v2/tinylsm/build/benchmark/_deps/protobuf-src/src/google/protobuf/message_lite.cc:13:
/home/tina.guest/tinylsm-perf-source-v2/tinylsm/build/benchmark/_deps/protobuf-src/src/google/protobuf/port.h: In function ‘void google::protobuf::internal::AssertDownCast(From*)’:
/home/tina.guest/tinylsm-perf-source-v2/tinylsm/build/benchmark/_deps/protobuf-src/src/google/protobuf/port.h:181:5: warning: testing if a concept-id is a valid expression; add ‘requires’ to check satisfaction [-Wmissing-requires]
  181 |     std::derived_from<std::remove_pointer_t<To>,
      |     ^
      |     requires 
[19/665] Building CXX object _deps/protobuf-build/CMakeFiles/libprotobuf-lite.dir/src/google/protobuf/repeated_field.cc.o
In file included from /home/tina.guest/tinylsm-perf-source-v2/tinylsm/build/benchmark/_deps/protobuf-src/src/google/protobuf/arena.h:38,
                 from /home/tina.guest/tinylsm-perf-source-v2/tinylsm/build/benchmark/_deps/protobuf-src/src/google/protobuf/repeated_field.h:40,
                 from /home/tina.guest/tinylsm-perf-source-v2/tinylsm/build/benchmark/_deps/protobuf-src/src/google/protobuf/repeated_field.cc:12:
/home/tina.guest/tinylsm-perf-source-v2/tinylsm/build/benchmark/_deps/protobuf-src/src/google/protobuf/port.h: In function ‘void google::protobuf::internal::AssertDownCast(From*)’:
/home/tina.guest/tinylsm-perf-source-v2/tinylsm/build/benchmark/_deps/protobuf-src/src/google/protobuf/port.h:181:5: warning: testing if a concept-id is a valid expression; add ‘requires’ to check satisfaction [-Wmissing-requires]
  181 |     std::derived_from<std::remove_pointer_t<To>,
      |     ^
      |     requires 
[20/665] Building CXX object _deps/protobuf-build/CMakeFiles/libprotobuf-lite.dir/src/google/protobuf/map.cc.o
In file included from /home/tina.guest/tinylsm-perf-source-v2/tinylsm/build/benchmark/_deps/protobuf-src/src/google/protobuf/arena.h:38,
                 from /home/tina.guest/tinylsm-perf-source-v2/tinylsm/build/benchmark/_deps/protobuf-src/src/google/protobuf/map.h:39,
                 from /home/tina.guest/tinylsm-perf-source-v2/tinylsm/build/benchmark/_deps/protobuf-src/src/google/protobuf/map.cc:8:
/home/tina.guest/tinylsm-perf-source-v2/tinylsm/build/benchmark/_deps/protobuf-src/src/google/protobuf/port.h: In function ‘void google::protobuf::internal::AssertDownCast(From*)’:
/home/tina.guest/tinylsm-perf-source-v2/tinylsm/build/benchmark/_deps/protobuf-src/src/google/protobuf/port.h:181:5: warning: testing if a concept-id is a valid expression; add ‘requires’ to check satisfaction [-Wmissing-requires]
  181 |     std::derived_from<std::remove_pointer_t<To>,
      |     ^
      |     requires 
/home/tina.guest/tinylsm-perf-source-v2/tinylsm/build/benchmark/_deps/protobuf-src/src/google/protobuf/map.cc: In lambda function:
/home/tina.guest/tinylsm-perf-source-v2/tinylsm/build/benchmark/_deps/protobuf-src/src/google/protobuf/map.cc:119:23: warning: implicit capture of ‘this’ via ‘[=]’ is deprecated in C++20 [-Wdeprecated]
  119 |     const auto loop = [=](auto destroy_node) {
      |                       ^
/home/tina.guest/tinylsm-perf-source-v2/tinylsm/build/benchmark/_deps/protobuf-src/src/google/protobuf/map.cc:119:23: note: add explicit ‘this’ or ‘*this’ capture
[21/665] Building CXX object _deps/protobuf-build/CMakeFiles/libprotobuf-lite.dir/src/google/protobuf/generated_message_tctable_lite.cc.o
In file included from /home/tina.guest/tinylsm-perf-source-v2/tinylsm/build/benchmark/_deps/protobuf-src/src/google/protobuf/arena.h:38,
                 from /home/tina.guest/tinylsm-perf-source-v2/tinylsm/build/benchmark/_deps/protobuf-src/src/google/protobuf/arenastring.h:19,
                 from /home/tina.guest/tinylsm-perf-source-v2/tinylsm/build/benchmark/_deps/protobuf-src/src/google/protobuf/generated_message_tctable_lite.cc:24:
/home/tina.guest/tinylsm-perf-source-v2/tinylsm/build/benchmark/_deps/protobuf-src/src/google/protobuf/port.h: In function ‘void google::protobuf::internal::AssertDownCast(From*)’:
/home/tina.guest/tinylsm-perf-source-v2/tinylsm/build/benchmark/_deps/protobuf-src/src/google/protobuf/port.h:181:5: warning: testing if a concept-id is a valid expression; add ‘requires’ to check satisfaction [-Wmissing-requires]
  181 |     std::derived_from<std::remove_pointer_t<To>,
      |     ^
      |     requires 
[22/665] Building CXX object _deps/protobuf-build/CMakeFiles/libprotobuf-lite.dir/src/google/protobuf/parse_context.cc.o
In file included from /home/tina.guest/tinylsm-perf-source-v2/tinylsm/build/benchmark/_deps/protobuf-src/src/google/protobuf/arena.h:38,
                 from /home/tina.guest/tinylsm-perf-source-v2/tinylsm/build/benchmark/_deps/protobuf-src/src/google/protobuf/parse_context.h:24,
                 from /home/tina.guest/tinylsm-perf-source-v2/tinylsm/build/benchmark/_deps/protobuf-src/src/google/protobuf/parse_context.cc:8:
/home/tina.guest/tinylsm-perf-source-v2/tinylsm/build/benchmark/_deps/protobuf-src/src/google/protobuf/port.h: In function ‘void google::protobuf::internal::AssertDownCast(From*)’:
/home/tina.guest/tinylsm-perf-source-v2/tinylsm/build/benchmark/_deps/protobuf-src/src/google/protobuf/port.h:181:5: warning: testing if a concept-id is a valid expression; add ‘requires’ to check satisfaction [-Wmissing-requires]
  181 |     std::derived_from<std::remove_pointer_t<To>,
      |     ^
      |     requires 
[23/665] Building CXX object _deps/protobuf-build/CMakeFiles/libprotobuf-lite.dir/src/google/protobuf/repeated_ptr_field.cc.o
In file included from /home/tina.guest/tinylsm-perf-source-v2/tinylsm/build/benchmark/_deps/protobuf-src/src/google/protobuf/arena.h:38,
                 from /home/tina.guest/tinylsm-perf-source-v2/tinylsm/build/benchmark/_deps/protobuf-src/src/google/protobuf/repeated_ptr_field.h:38,
                 from /home/tina.guest/tinylsm-perf-source-v2/tinylsm/build/benchmark/_deps/protobuf-src/src/google/protobuf/repeated_ptr_field.cc:12:
/home/tina.guest/tinylsm-perf-source-v2/tinylsm/build/benchmark/_deps/protobuf-src/src/google/protobuf/port.h: In function ‘void google::protobuf::internal::AssertDownCast(From*)’:
/home/tina.guest/tinylsm-perf-source-v2/tinylsm/build/benchmark/_deps/protobuf-src/src/google/protobuf/port.h:181:5: warning: testing if a concept-id is a valid expression; add ‘requires’ to check satisfaction [-Wmissing-requires]
  181 |     std::derived_from<std::remove_pointer_t<To>,
      |     ^
      |     requires 
[24/665] Building CXX object _deps/protobuf-build/CMakeFiles/libprotobuf-lite.dir/src/google/protobuf/stubs/common.cc.o
[25/665] Building CXX object _deps/protobuf-build/CMakeFiles/libprotobuf-lite.dir/src/google/protobuf/wire_format_lite.cc.o
In file included from /home/tina.guest/tinylsm-perf-source-v2/tinylsm/build/benchmark/_deps/protobuf-src/src/google/protobuf/arena.h:38,
                 from /home/tina.guest/tinylsm-perf-source-v2/tinylsm/build/benchmark/_deps/protobuf-src/src/google/protobuf/arenastring.h:19,
                 from /home/tina.guest/tinylsm-perf-source-v2/tinylsm/build/benchmark/_deps/protobuf-src/src/google/protobuf/wire_format_lite.h:30,
                 from /home/tina.guest/tinylsm-perf-source-v2/tinylsm/build/benchmark/_deps/protobuf-src/src/google/protobuf/wire_format_lite.cc:12:
/home/tina.guest/tinylsm-perf-source-v2/tinylsm/build/benchmark/_deps/protobuf-src/src/google/protobuf/port.h: In function ‘void google::protobuf::internal::AssertDownCast(From*)’:
/home/tina.guest/tinylsm-perf-source-v2/tinylsm/build/benchmark/_deps/protobuf-src/src/google/protobuf/port.h:181:5: warning: testing if a concept-id is a valid expression; add ‘requires’ to check satisfaction [-Wmissing-requires]
  181 |     std::derived_from<std::remove_pointer_t<To>,
      |     ^
      |     requires 
[26/665] Building CXX object _deps/protobuf-build/CMakeFiles/libprotobuf.dir/src/google/protobuf/any.pb.cc.o
In file included from /home/tina.guest/tinylsm-perf-source-v2/tinylsm/build/benchmark/_deps/protobuf-src/src/google/protobuf/arena.h:38,
                 from /home/tina.guest/tinylsm-perf-source-v2/tinylsm/build/benchmark/_deps/protobuf-src/src/google/protobuf/any.pb.h:21,
                 from /home/tina.guest/tinylsm-perf-source-v2/tinylsm/build/benchmark/_deps/protobuf-src/src/google/protobuf/any.pb.cc:6:
/home/tina.guest/tinylsm-perf-source-v2/tinylsm/build/benchmark/_deps/protobuf-src/src/google/protobuf/port.h: In function ‘void google::protobuf::internal::AssertDownCast(From*)’:
/home/tina.guest/tinylsm-perf-source-v2/tinylsm/build/benchmark/_deps/protobuf-src/src/google/protobuf/port.h:181:5: warning: testing if a concept-id is a valid expression; add ‘requires’ to check satisfaction [-Wmissing-requires]
  181 |     std::derived_from<std::remove_pointer_t<To>,
      |     ^
      |     requires 
[27/665] Building CXX object _deps/protobuf-build/CMakeFiles/libprotobuf.dir/src/google/protobuf/empty.pb.cc.o
In file included from /home/tina.guest/tinylsm-perf-source-v2/tinylsm/build/benchmark/_deps/protobuf-src/src/google/protobuf/arena.h:38,
                 from /home/tina.guest/tinylsm-perf-source-v2/tinylsm/build/benchmark/_deps/protobuf-src/src/google/protobuf/empty.pb.h:21,
                 from /home/tina.guest/tinylsm-perf-source-v2/tinylsm/build/benchmark/_deps/protobuf-src/src/google/protobuf/empty.pb.cc:6:
/home/tina.guest/tinylsm-perf-source-v2/tinylsm/build/benchmark/_deps/protobuf-src/src/google/protobuf/port.h: In function ‘void google::protobuf::internal::AssertDownCast(From*)’:
/home/tina.guest/tinylsm-perf-source-v2/tinylsm/build/benchmark/_deps/protobuf-src/src/google/protobuf/port.h:181:5: warning: testing if a concept-id is a valid expression; add ‘requires’ to check satisfaction [-Wmissing-requires]
  181 |     std::derived_from<std::remove_pointer_t<To>,
      |     ^
      |     requires 
[28/665] Building CXX object _deps/protobuf-build/CMakeFiles/libprotobuf.dir/src/google/protobuf/api.pb.cc.o
In file included from /home/tina.guest/tinylsm-perf-source-v2/tinylsm/build/benchmark/_deps/protobuf-src/src/google/protobuf/arena.h:38,
                 from /home/tina.guest/tinylsm-perf-source-v2/tinylsm/build/benchmark/_deps/protobuf-src/src/google/protobuf/api.pb.h:21,
                 from /home/tina.guest/tinylsm-perf-source-v2/tinylsm/build/benchmark/_deps/protobuf-src/src/google/protobuf/api.pb.cc:6:
/home/tina.guest/tinylsm-perf-source-v2/tinylsm/build/benchmark/_deps/protobuf-src/src/google/protobuf/port.h: In function ‘void google::protobuf::internal::AssertDownCast(From*)’:
/home/tina.guest/tinylsm-perf-source-v2/tinylsm/build/benchmark/_deps/protobuf-src/src/google/protobuf/port.h:181:5: warning: testing if a concept-id is a valid expression; add ‘requires’ to check satisfaction [-Wmissing-requires]
  181 |     std::derived_from<std::remove_pointer_t<To>,
      |     ^
      |     requires 
[29/665] Building CXX object _deps/protobuf-build/CMakeFiles/libprotobuf.dir/src/google/protobuf/field_mask.pb.cc.o
In file included from /home/tina.guest/tinylsm-perf-source-v2/tinylsm/build/benchmark/_deps/protobuf-src/src/google/protobuf/arena.h:38,
                 from /home/tina.guest/tinylsm-perf-source-v2/tinylsm/build/benchmark/_deps/protobuf-src/src/google/protobuf/field_mask.pb.h:21,
                 from /home/tina.guest/tinylsm-perf-source-v2/tinylsm/build/benchmark/_deps/protobuf-src/src/google/protobuf/field_mask.pb.cc:6:
/home/tina.guest/tinylsm-perf-source-v2/tinylsm/build/benchmark/_deps/protobuf-src/src/google/protobuf/port.h: In function ‘void google::protobuf::internal::AssertDownCast(From*)’:
/home/tina.guest/tinylsm-perf-source-v2/tinylsm/build/benchmark/_deps/protobuf-src/src/google/protobuf/port.h:181:5: warning: testing if a concept-id is a valid expression; add ‘requires’ to check satisfaction [-Wmissing-requires]
  181 |     std::derived_from<std::remove_pointer_t<To>,
      |     ^
      |     requires 
[30/665] Building CXX object _deps/protobuf-build/CMakeFiles/libprotobuf.dir/src/google/protobuf/duration.pb.cc.o
In file included from /home/tina.guest/tinylsm-perf-source-v2/tinylsm/build/benchmark/_deps/protobuf-src/src/google/protobuf/arena.h:38,
                 from /home/tina.guest/tinylsm-perf-source-v2/tinylsm/build/benchmark/_deps/protobuf-src/src/google/protobuf/duration.pb.h:21,
                 from /home/tina.guest/tinylsm-perf-source-v2/tinylsm/build/benchmark/_deps/protobuf-src/src/google/protobuf/duration.pb.cc:6:
/home/tina.guest/tinylsm-perf-source-v2/tinylsm/build/benchmark/_deps/protobuf-src/src/google/protobuf/port.h: In function ‘void google::protobuf::internal::AssertDownCast(From*)’:
/home/tina.guest/tinylsm-perf-source-v2/tinylsm/build/benchmark/_deps/protobuf-src/src/google/protobuf/port.h:181:5: warning: testing if a concept-id is a valid expression; add ‘requires’ to check satisfaction [-Wmissing-requires]
  181 |     std::derived_from<std::remove_pointer_t<To>,
      |     ^
      |     requires 
[31/665] Building CXX object _deps/protobuf-build/CMakeFiles/libprotobuf.dir/src/google/protobuf/source_context.pb.cc.o
In file included from /home/tina.guest/tinylsm-perf-source-v2/tinylsm/build/benchmark/_deps/protobuf-src/src/google/protobuf/arena.h:38,
                 from /home/tina.guest/tinylsm-perf-source-v2/tinylsm/build/benchmark/_deps/protobuf-src/src/google/protobuf/source_context.pb.h:21,
                 from /home/tina.guest/tinylsm-perf-source-v2/tinylsm/build/benchmark/_deps/protobuf-src/src/google/protobuf/source_context.pb.cc:6:
/home/tina.guest/tinylsm-perf-source-v2/tinylsm/build/benchmark/_deps/protobuf-src/src/google/protobuf/port.h: In function ‘void google::protobuf::internal::AssertDownCast(From*)’:
/home/tina.guest/tinylsm-perf-source-v2/tinylsm/build/benchmark/_deps/protobuf-src/src/google/protobuf/port.h:181:5: warning: testing if a concept-id is a valid expression; add ‘requires’ to check satisfaction [-Wmissing-requires]
  181 |     std::derived_from<std::remove_pointer_t<To>,
      |     ^
      |     requires 
[32/665] Building CXX object _deps/protobuf-build/CMakeFiles/libprotobuf.dir/src/google/protobuf/timestamp.pb.cc.o
In file included from /home/tina.guest/tinylsm-perf-source-v2/tinylsm/build/benchmark/_deps/protobuf-src/src/google/protobuf/arena.h:38,
                 from /home/tina.guest/tinylsm-perf-source-v2/tinylsm/build/benchmark/_deps/protobuf-src/src/google/protobuf/timestamp.pb.h:21,
                 from /home/tina.guest/tinylsm-perf-source-v2/tinylsm/build/benchmark/_deps/protobuf-src/src/google/protobuf/timestamp.pb.cc:6:
/home/tina.guest/tinylsm-perf-source-v2/tinylsm/build/benchmark/_deps/protobuf-src/src/google/protobuf/port.h: In function ‘void google::protobuf::internal::AssertDownCast(From*)’:
/home/tina.guest/tinylsm-perf-source-v2/tinylsm/build/benchmark/_deps/protobuf-src/src/google/protobuf/port.h:181:5: warning: testing if a concept-id is a valid expression; add ‘requires’ to check satisfaction [-Wmissing-requires]
  181 |     std::derived_from<std::remove_pointer_t<To>,
      |     ^
      |     requires 
[33/665] Building CXX object _deps/protobuf-build/CMakeFiles/libprotobuf.dir/src/google/protobuf/struct.pb.cc.o
In file included from /home/tina.guest/tinylsm-perf-source-v2/tinylsm/build/benchmark/_deps/protobuf-src/src/google/protobuf/arena.h:38,
                 from /home/tina.guest/tinylsm-perf-source-v2/tinylsm/build/benchmark/_deps/protobuf-src/src/google/protobuf/struct.pb.h:21,
                 from /home/tina.guest/tinylsm-perf-source-v2/tinylsm/build/benchmark/_deps/protobuf-src/src/google/protobuf/struct.pb.cc:6:
/home/tina.guest/tinylsm-perf-source-v2/tinylsm/build/benchmark/_deps/protobuf-src/src/google/protobuf/port.h: In function ‘void google::protobuf::internal::AssertDownCast(From*)’:
/home/tina.guest/tinylsm-perf-source-v2/tinylsm/build/benchmark/_deps/protobuf-src/src/google/protobuf/port.h:181:5: warning: testing if a concept-id is a valid expression; add ‘requires’ to check satisfaction [-Wmissing-requires]
  181 |     std::derived_from<std::remove_pointer_t<To>,
      |     ^
      |     requires 
[34/665] Building CXX object _deps/protobuf-build/CMakeFiles/libprotobuf.dir/src/google/protobuf/any.cc.o
In file included from /home/tina.guest/tinylsm-perf-source-v2/tinylsm/build/benchmark/_deps/protobuf-src/src/google/protobuf/any.h:14,
                 from /home/tina.guest/tinylsm-perf-source-v2/tinylsm/build/benchmark/_deps/protobuf-src/src/google/protobuf/any.cc:8:
/home/tina.guest/tinylsm-perf-source-v2/tinylsm/build/benchmark/_deps/protobuf-src/src/google/protobuf/port.h: In function ‘void google::protobuf::internal::AssertDownCast(From*)’:
/home/tina.guest/tinylsm-perf-source-v2/tinylsm/build/benchmark/_deps/protobuf-src/src/google/protobuf/port.h:181:5: warning: testing if a concept-id is a valid expression; add ‘requires’ to check satisfaction [-Wmissing-requires]
  181 |     std::derived_from<std::remove_pointer_t<To>,
      |     ^
      |     requires 
[35/665] Building CXX object _deps/protobuf-build/CMakeFiles/libprotobuf.dir/src/google/protobuf/any_lite.cc.o
In file included from /home/tina.guest/tinylsm-perf-source-v2/tinylsm/build/benchmark/_deps/protobuf-src/src/google/protobuf/any.h:14,
                 from /home/tina.guest/tinylsm-perf-source-v2/tinylsm/build/benchmark/_deps/protobuf-src/src/google/protobuf/any_lite.cc:15:
/home/tina.guest/tinylsm-perf-source-v2/tinylsm/build/benchmark/_deps/protobuf-src/src/google/protobuf/port.h: In function ‘void google::protobuf::internal::AssertDownCast(From*)’:
/home/tina.guest/tinylsm-perf-source-v2/tinylsm/build/benchmark/_deps/protobuf-src/src/google/protobuf/port.h:181:5: warning: testing if a concept-id is a valid expression; add ‘requires’ to check satisfaction [-Wmissing-requires]
  181 |     std::derived_from<std::remove_pointer_t<To>,
      |     ^
      |     requires 
[36/665] Building CXX object _deps/protobuf-build/CMakeFiles/libprotobuf.dir/src/google/protobuf/arenaz_sampler.cc.o
[37/665] Building CXX object _deps/protobuf-build/CMakeFiles/libprotobuf.dir/src/google/protobuf/type.pb.cc.o
In file included from /home/tina.guest/tinylsm-perf-source-v2/tinylsm/build/benchmark/_deps/protobuf-src/src/google/protobuf/arena.h:38,
                 from /home/tina.guest/tinylsm-perf-source-v2/tinylsm/build/benchmark/_deps/protobuf-src/src/google/protobuf/type.pb.h:21,
                 from /home/tina.guest/tinylsm-perf-source-v2/tinylsm/build/benchmark/_deps/protobuf-src/src/google/protobuf/type.pb.cc:6:
/home/tina.guest/tinylsm-perf-source-v2/tinylsm/build/benchmark/_deps/protobuf-src/src/google/protobuf/port.h: In function ‘void google::protobuf::internal::AssertDownCast(From*)’:
/home/tina.guest/tinylsm-perf-source-v2/tinylsm/build/benchmark/_deps/protobuf-src/src/google/protobuf/port.h:181:5: warning: testing if a concept-id is a valid expression; add ‘requires’ to check satisfaction [-Wmissing-requires]
  181 |     std::derived_from<std::remove_pointer_t<To>,
      |     ^
      |     requires 
[38/665] Building CXX object _deps/protobuf-build/CMakeFiles/libprotobuf.dir/src/google/protobuf/wrappers.pb.cc.o
In file included from /home/tina.guest/tinylsm-perf-source-v2/tinylsm/build/benchmark/_deps/protobuf-src/src/google/protobuf/arena.h:38,
                 from /home/tina.guest/tinylsm-perf-source-v2/tinylsm/build/benchmark/_deps/protobuf-src/src/google/protobuf/wrappers.pb.h:21,
                 from /home/tina.guest/tinylsm-perf-source-v2/tinylsm/build/benchmark/_deps/protobuf-src/src/google/protobuf/wrappers.pb.cc:6:
/home/tina.guest/tinylsm-perf-source-v2/tinylsm/build/benchmark/_deps/protobuf-src/src/google/protobuf/port.h: In function ‘void google::protobuf::internal::AssertDownCast(From*)’:
/home/tina.guest/tinylsm-perf-source-v2/tinylsm/build/benchmark/_deps/protobuf-src/src/google/protobuf/port.h:181:5: warning: testing if a concept-id is a valid expression; add ‘requires’ to check satisfaction [-Wmissing-requires]
  181 |     std::derived_from<std::remove_pointer_t<To>,
      |     ^
      |     requires 
[39/665] Building CXX object _deps/protobuf-build/CMakeFiles/libprotobuf.dir/src/google/protobuf/arena_align.cc.o
[40/665] Building CXX object _deps/protobuf-build/CMakeFiles/libprotobuf.dir/src/google/protobuf/arena.cc.o
In file included from /home/tina.guest/tinylsm-perf-source-v2/tinylsm/build/benchmark/_deps/protobuf-src/src/google/protobuf/arena.h:38,
                 from /home/tina.guest/tinylsm-perf-source-v2/tinylsm/build/benchmark/_deps/protobuf-src/src/google/protobuf/arena.cc:8:
/home/tina.guest/tinylsm-perf-source-v2/tinylsm/build/benchmark/_deps/protobuf-src/src/google/protobuf/port.h: In function ‘void google::protobuf::internal::AssertDownCast(From*)’:
/home/tina.guest/tinylsm-perf-source-v2/tinylsm/build/benchmark/_deps/protobuf-src/src/google/protobuf/port.h:181:5: warning: testing if a concept-id is a valid expression; add ‘requires’ to check satisfaction [-Wmissing-requires]
  181 |     std::derived_from<std::remove_pointer_t<To>,
      |     ^
      |     requires 
[41/665] Building CXX object _deps/protobuf-build/CMakeFiles/libprotobuf.dir/src/google/protobuf/arenastring.cc.o
In file included from /home/tina.guest/tinylsm-perf-source-v2/tinylsm/build/benchmark/_deps/protobuf-src/src/google/protobuf/arena.h:38,
                 from /home/tina.guest/tinylsm-perf-source-v2/tinylsm/build/benchmark/_deps/protobuf-src/src/google/protobuf/arenastring.h:19,
                 from /home/tina.guest/tinylsm-perf-source-v2/tinylsm/build/benchmark/_deps/protobuf-src/src/google/protobuf/arenastring.cc:8:
/home/tina.guest/tinylsm-perf-source-v2/tinylsm/build/benchmark/_deps/protobuf-src/src/google/protobuf/port.h: In function ‘void google::protobuf::internal::AssertDownCast(From*)’:
/home/tina.guest/tinylsm-perf-source-v2/tinylsm/build/benchmark/_deps/protobuf-src/src/google/protobuf/port.h:181:5: warning: testing if a concept-id is a valid expression; add ‘requires’ to check satisfaction [-Wmissing-requires]
  181 |     std::derived_from<std::remove_pointer_t<To>,
      |     ^
      |     requires 
[42/665] Building CXX object _deps/protobuf-build/CMakeFiles/libprotobuf.dir/src/google/protobuf/compiler/importer.cc.o
In file included from /home/tina.guest/tinylsm-perf-source-v2/tinylsm/build/benchmark/_deps/protobuf-src/src/google/protobuf/extension_set.h:36,
                 from /home/tina.guest/tinylsm-perf-source-v2/tinylsm/build/benchmark/_deps/protobuf-src/src/google/protobuf/descriptor.h:56,
                 from /home/tina.guest/tinylsm-perf-source-v2/tinylsm/build/benchmark/_deps/protobuf-src/src/google/protobuf/compiler/parser.h:24,
                 from /home/tina.guest/tinylsm-perf-source-v2/tinylsm/build/benchmark/_deps/protobuf-src/src/google/protobuf/compiler/importer.h:22,
                 from /home/tina.guest/tinylsm-perf-source-v2/tinylsm/build/benchmark/_deps/protobuf-src/src/google/protobuf/compiler/importer.cc:12:
/home/tina.guest/tinylsm-perf-source-v2/tinylsm/build/benchmark/_deps/protobuf-src/src/google/protobuf/port.h: In function ‘void google::protobuf::internal::AssertDownCast(From*)’:
/home/tina.guest/tinylsm-perf-source-v2/tinylsm/build/benchmark/_deps/protobuf-src/src/google/protobuf/port.h:181:5: warning: testing if a concept-id is a valid expression; add ‘requires’ to check satisfaction [-Wmissing-requires]
  181 |     std::derived_from<std::remove_pointer_t<To>,
      |     ^
      |     requires 
[43/665] Building CXX object _deps/protobuf-build/CMakeFiles/libprotobuf.dir/src/google/protobuf/cpp_features.pb.cc.o
In file included from /home/tina.guest/tinylsm-perf-source-v2/tinylsm/build/benchmark/_deps/protobuf-src/src/google/protobuf/arena.h:38,
                 from /home/tina.guest/tinylsm-perf-source-v2/tinylsm/build/benchmark/_deps/protobuf-src/src/google/protobuf/cpp_features.pb.h:21,
                 from /home/tina.guest/tinylsm-perf-source-v2/tinylsm/build/benchmark/_deps/protobuf-src/src/google/protobuf/cpp_features.pb.cc:6:
/home/tina.guest/tinylsm-perf-source-v2/tinylsm/build/benchmark/_deps/protobuf-src/src/google/protobuf/port.h: In function ‘void google::protobuf::internal::AssertDownCast(From*)’:
/home/tina.guest/tinylsm-perf-source-v2/tinylsm/build/benchmark/_deps/protobuf-src/src/google/protobuf/port.h:181:5: warning: testing if a concept-id is a valid expression; add ‘requires’ to check satisfaction [-Wmissing-requires]
  181 |     std::derived_from<std::remove_pointer_t<To>,
      |     ^
      |     requires 
[44/665] Building CXX object _deps/protobuf-build/CMakeFiles/libprotobuf.dir/src/google/protobuf/dynamic_message.cc.o
In file included from /home/tina.guest/tinylsm-perf-source-v2/tinylsm/build/benchmark/_deps/protobuf-src/src/google/protobuf/extension_set.h:36,
                 from /home/tina.guest/tinylsm-perf-source-v2/tinylsm/build/benchmark/_deps/protobuf-src/src/google/protobuf/descriptor.h:56,
                 from /home/tina.guest/tinylsm-perf-source-v2/tinylsm/build/benchmark/_deps/protobuf-src/src/google/protobuf/dynamic_message.h:27,
                 from /home/tina.guest/tinylsm-perf-source-v2/tinylsm/build/benchmark/_deps/protobuf-src/src/google/protobuf/dynamic_message.cc:42:
/home/tina.guest/tinylsm-perf-source-v2/tinylsm/build/benchmark/_deps/protobuf-src/src/google/protobuf/port.h: In function ‘void google::protobuf::internal::AssertDownCast(From*)’:
/home/tina.guest/tinylsm-perf-source-v2/tinylsm/build/benchmark/_deps/protobuf-src/src/google/protobuf/port.h:181:5: warning: testing if a concept-id is a valid expression; add ‘requires’ to check satisfaction [-Wmissing-requires]
  181 |     std::derived_from<std::remove_pointer_t<To>,
      |     ^
      |     requires 
[45/665] Building CXX object _deps/protobuf-build/CMakeFiles/libprotobuf.dir/src/google/protobuf/compiler/parser.cc.o
In file included from /home/tina.guest/tinylsm-perf-source-v2/tinylsm/build/benchmark/_deps/protobuf-src/src/google/protobuf/extension_set.h:36,
                 from /home/tina.guest/tinylsm-perf-source-v2/tinylsm/build/benchmark/_deps/protobuf-src/src/google/protobuf/descriptor.h:56,
                 from /home/tina.guest/tinylsm-perf-source-v2/tinylsm/build/benchmark/_deps/protobuf-src/src/google/protobuf/compiler/parser.h:24,
                 from /home/tina.guest/tinylsm-perf-source-v2/tinylsm/build/benchmark/_deps/protobuf-src/src/google/protobuf/compiler/parser.cc:14:
/home/tina.guest/tinylsm-perf-source-v2/tinylsm/build/benchmark/_deps/protobuf-src/src/google/protobuf/port.h: In function ‘void google::protobuf::internal::AssertDownCast(From*)’:
/home/tina.guest/tinylsm-perf-source-v2/tinylsm/build/benchmark/_deps/protobuf-src/src/google/protobuf/port.h:181:5: warning: testing if a concept-id is a valid expression; add ‘requires’ to check satisfaction [-Wmissing-requires]
  181 |     std::derived_from<std::remove_pointer_t<To>,
      |     ^
      |     requires 
[46/665] Building CXX object _deps/protobuf-build/CMakeFiles/libprotobuf.dir/src/google/protobuf/descriptor.pb.cc.o
In file included from /home/tina.guest/tinylsm-perf-source-v2/tinylsm/build/benchmark/_deps/protobuf-src/src/google/protobuf/arena.h:38,
                 from /home/tina.guest/tinylsm-perf-source-v2/tinylsm/build/benchmark/_deps/protobuf-src/src/google/protobuf/descriptor.pb.h:21,
                 from /home/tina.guest/tinylsm-perf-source-v2/tinylsm/build/benchmark/_deps/protobuf-src/src/google/protobuf/descriptor.pb.cc:6:
/home/tina.guest/tinylsm-perf-source-v2/tinylsm/build/benchmark/_deps/protobuf-src/src/google/protobuf/port.h: In function ‘void google::protobuf::internal::AssertDownCast(From*)’:
/home/tina.guest/tinylsm-perf-source-v2/tinylsm/build/benchmark/_deps/protobuf-src/src/google/protobuf/port.h:181:5: warning: testing if a concept-id is a valid expression; add ‘requires’ to check satisfaction [-Wmissing-requires]
  181 |     std::derived_from<std::remove_pointer_t<To>,
      |     ^
      |     requires 
[47/665] Building CXX object _deps/protobuf-build/CMakeFiles/libprotobuf.dir/src/google/protobuf/descriptor_database.cc.o
In file included from /home/tina.guest/tinylsm-perf-source-v2/tinylsm/build/benchmark/_deps/protobuf-src/src/google/protobuf/extension_set.h:36,
                 from /home/tina.guest/tinylsm-perf-source-v2/tinylsm/build/benchmark/_deps/protobuf-src/src/google/protobuf/descriptor.h:56,
                 from /home/tina.guest/tinylsm-perf-source-v2/tinylsm/build/benchmark/_deps/protobuf-src/src/google/protobuf/descriptor_database.h:22,
                 from /home/tina.guest/tinylsm-perf-source-v2/tinylsm/build/benchmark/_deps/protobuf-src/src/google/protobuf/descriptor_database.cc:12:
/home/tina.guest/tinylsm-perf-source-v2/tinylsm/build/benchmark/_deps/protobuf-src/src/google/protobuf/port.h: In function ‘void google::protobuf::internal::AssertDownCast(From*)’:
/home/tina.guest/tinylsm-perf-source-v2/tinylsm/build/benchmark/_deps/protobuf-src/src/google/protobuf/port.h:181:5: warning: testing if a concept-id is a valid expression; add ‘requires’ to check satisfaction [-Wmissing-requires]
  181 |     std::derived_from<std::remove_pointer_t<To>,
      |     ^
      |     requires 
[48/665] Building CXX object _deps/protobuf-build/CMakeFiles/libprotobuf.dir/src/google/protobuf/generated_enum_util.cc.o
In file included from /home/tina.guest/tinylsm-perf-source-v2/tinylsm/build/benchmark/_deps/protobuf-src/src/google/protobuf/arena.h:38,
                 from /home/tina.guest/tinylsm-perf-source-v2/tinylsm/build/benchmark/_deps/protobuf-src/src/google/protobuf/message_lite.h:34,
                 from /home/tina.guest/tinylsm-perf-source-v2/tinylsm/build/benchmark/_deps/protobuf-src/src/google/protobuf/generated_enum_util.h:20,
                 from /home/tina.guest/tinylsm-perf-source-v2/tinylsm/build/benchmark/_deps/protobuf-src/src/google/protobuf/generated_enum_util.cc:8:
/home/tina.guest/tinylsm-perf-source-v2/tinylsm/build/benchmark/_deps/protobuf-src/src/google/protobuf/port.h: In function ‘void google::protobuf::internal::AssertDownCast(From*)’:
/home/tina.guest/tinylsm-perf-source-v2/tinylsm/build/benchmark/_deps/protobuf-src/src/google/protobuf/port.h:181:5: warning: testing if a concept-id is a valid expression; add ‘requires’ to check satisfaction [-Wmissing-requires]
  181 |     std::derived_from<std::remove_pointer_t<To>,
      |     ^
      |     requires 
[49/665] Building CXX object _deps/protobuf-build/CMakeFiles/libprotobuf.dir/src/google/protobuf/extension_set_heavy.cc.o
In file included from /home/tina.guest/tinylsm-perf-source-v2/tinylsm/build/benchmark/_deps/protobuf-src/src/google/protobuf/arena.h:38,
                 from /home/tina.guest/tinylsm-perf-source-v2/tinylsm/build/benchmark/_deps/protobuf-src/src/google/protobuf/extension_set_heavy.cc:22:
/home/tina.guest/tinylsm-perf-source-v2/tinylsm/build/benchmark/_deps/protobuf-src/src/google/protobuf/port.h: In function ‘void google::protobuf::internal::AssertDownCast(From*)’:
/home/tina.guest/tinylsm-perf-source-v2/tinylsm/build/benchmark/_deps/protobuf-src/src/google/protobuf/port.h:181:5: warning: testing if a concept-id is a valid expression; add ‘requires’ to check satisfaction [-Wmissing-requires]
  181 |     std::derived_from<std::remove_pointer_t<To>,
      |     ^
      |     requires 
[50/665] Building CXX object _deps/protobuf-build/CMakeFiles/libprotobuf.dir/src/google/protobuf/extension_set.cc.o
In file included from /home/tina.guest/tinylsm-perf-source-v2/tinylsm/build/benchmark/_deps/protobuf-src/src/google/protobuf/extension_set.h:36,
                 from /home/tina.guest/tinylsm-perf-source-v2/tinylsm/build/benchmark/_deps/protobuf-src/src/google/protobuf/extension_set.cc:12:
/home/tina.guest/tinylsm-perf-source-v2/tinylsm/build/benchmark/_deps/protobuf-src/src/google/protobuf/port.h: In function ‘void google::protobuf::internal::AssertDownCast(From*)’:
/home/tina.guest/tinylsm-perf-source-v2/tinylsm/build/benchmark/_deps/protobuf-src/src/google/protobuf/port.h:181:5: warning: testing if a concept-id is a valid expression; add ‘requires’ to check satisfaction [-Wmissing-requires]
  181 |     std::derived_from<std::remove_pointer_t<To>,
      |     ^
      |     requires 
[51/665] Building CXX object _deps/protobuf-build/CMakeFiles/libprotobuf.dir/src/google/protobuf/generated_message_bases.cc.o
In file included from /home/tina.guest/tinylsm-perf-source-v2/tinylsm/build/benchmark/_deps/protobuf-src/src/google/protobuf/arena.h:38,
                 from /home/tina.guest/tinylsm-perf-source-v2/tinylsm/build/benchmark/_deps/protobuf-src/src/google/protobuf/generated_message_bases.h:15,
                 from /home/tina.guest/tinylsm-perf-source-v2/tinylsm/build/benchmark/_deps/protobuf-src/src/google/protobuf/generated_message_bases.cc:8:
/home/tina.guest/tinylsm-perf-source-v2/tinylsm/build/benchmark/_deps/protobuf-src/src/google/protobuf/port.h: In function ‘void google::protobuf::internal::AssertDownCast(From*)’:
/home/tina.guest/tinylsm-perf-source-v2/tinylsm/build/benchmark/_deps/protobuf-src/src/google/protobuf/port.h:181:5: warning: testing if a concept-id is a valid expression; add ‘requires’ to check satisfaction [-Wmissing-requires]
  181 |     std::derived_from<std::remove_pointer_t<To>,
      |     ^
      |     requires 
[52/665] Building CXX object _deps/protobuf-build/CMakeFiles/libprotobuf.dir/src/google/protobuf/feature_resolver.cc.o
In file included from /home/tina.guest/tinylsm-perf-source-v2/tinylsm/build/benchmark/_deps/protobuf-src/src/google/protobuf/extension_set.h:36,
                 from /home/tina.guest/tinylsm-perf-source-v2/tinylsm/build/benchmark/_deps/protobuf-src/src/google/protobuf/descriptor.h:56,
                 from /home/tina.guest/tinylsm-perf-source-v2/tinylsm/build/benchmark/_deps/protobuf-src/src/google/protobuf/feature_resolver.h:21,
                 from /home/tina.guest/tinylsm-perf-source-v2/tinylsm/build/benchmark/_deps/protobuf-src/src/google/protobuf/feature_resolver.cc:8:
/home/tina.guest/tinylsm-perf-source-v2/tinylsm/build/benchmark/_deps/protobuf-src/src/google/protobuf/port.h: In function ‘void google::protobuf::internal::AssertDownCast(From*)’:
/home/tina.guest/tinylsm-perf-source-v2/tinylsm/build/benchmark/_deps/protobuf-src/src/google/protobuf/port.h:181:5: warning: testing if a concept-id is a valid expression; add ‘requires’ to check satisfaction [-Wmissing-requires]
  181 |     std::derived_from<std::remove_pointer_t<To>,
      |     ^
      |     requires 
[53/665] Building CXX object _deps/protobuf-build/CMakeFiles/libprotobuf.dir/src/google/protobuf/generated_message_tctable_full.cc.o
In file included from /home/tina.guest/tinylsm-perf-source-v2/tinylsm/build/benchmark/_deps/protobuf-src/src/google/protobuf/extension_set.h:36,
                 from /home/tina.guest/tinylsm-perf-source-v2/tinylsm/build/benchmark/_deps/protobuf-src/src/google/protobuf/generated_message_tctable_full.cc:33:
/home/tina.guest/tinylsm-perf-source-v2/tinylsm/build/benchmark/_deps/protobuf-src/src/google/protobuf/port.h: In function ‘void google::protobuf::internal::AssertDownCast(From*)’:
/home/tina.guest/tinylsm-perf-source-v2/tinylsm/build/benchmark/_deps/protobuf-src/src/google/protobuf/port.h:181:5: warning: testing if a concept-id is a valid expression; add ‘requires’ to check satisfaction [-Wmissing-requires]
  181 |     std::derived_from<std::remove_pointer_t<To>,
      |     ^
      |     requires 
[54/665] Building CXX object _deps/protobuf-build/CMakeFiles/libprotobuf.dir/src/google/protobuf/generated_message_util.cc.o
In file included from /home/tina.guest/tinylsm-perf-source-v2/tinylsm/build/benchmark/_deps/protobuf-src/src/google/protobuf/any.h:14,
                 from /home/tina.guest/tinylsm-perf-source-v2/tinylsm/build/benchmark/_deps/protobuf-src/src/google/protobuf/generated_message_util.h:36,
                 from /home/tina.guest/tinylsm-perf-source-v2/tinylsm/build/benchmark/_deps/protobuf-src/src/google/protobuf/generated_message_util.cc:12:
/home/tina.guest/tinylsm-perf-source-v2/tinylsm/build/benchmark/_deps/protobuf-src/src/google/protobuf/port.h: In function ‘void google::protobuf::internal::AssertDownCast(From*)’:
/home/tina.guest/tinylsm-perf-source-v2/tinylsm/build/benchmark/_deps/protobuf-src/src/google/protobuf/port.h:181:5: warning: testing if a concept-id is a valid expression; add ‘requires’ to check satisfaction [-Wmissing-requires]
  181 |     std::derived_from<std::remove_pointer_t<To>,
      |     ^
      |     requires 
[55/665] Building CXX object _deps/protobuf-build/CMakeFiles/libprotobuf.dir/src/google/protobuf/generated_message_tctable_gen.cc.o
In file included from /home/tina.guest/tinylsm-perf-source-v2/tinylsm/build/benchmark/_deps/protobuf-src/src/google/protobuf/extension_set.h:36,
                 from /home/tina.guest/tinylsm-perf-source-v2/tinylsm/build/benchmark/_deps/protobuf-src/src/google/protobuf/descriptor.h:56,
                 from /home/tina.guest/tinylsm-perf-source-v2/tinylsm/build/benchmark/_deps/protobuf-src/src/google/protobuf/generated_message_tctable_gen.h:19,
                 from /home/tina.guest/tinylsm-perf-source-v2/tinylsm/build/benchmark/_deps/protobuf-src/src/google/protobuf/generated_message_tctable_gen.cc:8:
/home/tina.guest/tinylsm-perf-source-v2/tinylsm/build/benchmark/_deps/protobuf-src/src/google/protobuf/port.h: In function ‘void google::protobuf::internal::AssertDownCast(From*)’:
/home/tina.guest/tinylsm-perf-source-v2/tinylsm/build/benchmark/_deps/protobuf-src/src/google/protobuf/port.h:181:5: warning: testing if a concept-id is a valid expression; add ‘requires’ to check satisfaction [-Wmissing-requires]
  181 |     std::derived_from<std::remove_pointer_t<To>,
      |     ^
      |     requires 
[56/665] Building CXX object _deps/protobuf-build/CMakeFiles/libprotobuf.dir/src/google/protobuf/inlined_string_field.cc.o
In file included from /home/tina.guest/tinylsm-perf-source-v2/tinylsm/build/benchmark/_deps/protobuf-src/src/google/protobuf/arena.h:38,
                 from /home/tina.guest/tinylsm-perf-source-v2/tinylsm/build/benchmark/_deps/protobuf-src/src/google/protobuf/arenastring.h:19,
                 from /home/tina.guest/tinylsm-perf-source-v2/tinylsm/build/benchmark/_deps/protobuf-src/src/google/protobuf/inlined_string_field.h:16,
                 from /home/tina.guest/tinylsm-perf-source-v2/tinylsm/build/benchmark/_deps/protobuf-src/src/google/protobuf/inlined_string_field.cc:8:
/home/tina.guest/tinylsm-perf-source-v2/tinylsm/build/benchmark/_deps/protobuf-src/src/google/protobuf/port.h: In function ‘void google::protobuf::internal::AssertDownCast(From*)’:
/home/tina.guest/tinylsm-perf-source-v2/tinylsm/build/benchmark/_deps/protobuf-src/src/google/protobuf/port.h:181:5: warning: testing if a concept-id is a valid expression; add ‘requires’ to check satisfaction [-Wmissing-requires]
  181 |     std::derived_from<std::remove_pointer_t<To>,
      |     ^
      |     requires 
[57/665] Building CXX object _deps/protobuf-build/CMakeFiles/libprotobuf.dir/src/google/protobuf/implicit_weak_message.cc.o
In file included from /home/tina.guest/tinylsm-perf-source-v2/tinylsm/build/benchmark/_deps/protobuf-src/src/google/protobuf/arena.h:38,
                 from /home/tina.guest/tinylsm-perf-source-v2/tinylsm/build/benchmark/_deps/protobuf-src/src/google/protobuf/implicit_weak_message.h:14,
                 from /home/tina.guest/tinylsm-perf-source-v2/tinylsm/build/benchmark/_deps/protobuf-src/src/google/protobuf/implicit_weak_message.cc:8:
/home/tina.guest/tinylsm-perf-source-v2/tinylsm/build/benchmark/_deps/protobuf-src/src/google/protobuf/port.h: In function ‘void google::protobuf::internal::AssertDownCast(From*)’:
/home/tina.guest/tinylsm-perf-source-v2/tinylsm/build/benchmark/_deps/protobuf-src/src/google/protobuf/port.h:181:5: warning: testing if a concept-id is a valid expression; add ‘requires’ to check satisfaction [-Wmissing-requires]
  181 |     std::derived_from<std::remove_pointer_t<To>,
      |     ^
      |     requires 
[58/665] Building CXX object _deps/protobuf-build/CMakeFiles/libprotobuf.dir/src/google/protobuf/io/io_win32.cc.o
[59/665] Building CXX object _deps/protobuf-build/CMakeFiles/libprotobuf.dir/src/google/protobuf/io/coded_stream.cc.o
In file included from /home/tina.guest/tinylsm-perf-source-v2/tinylsm/build/benchmark/_deps/protobuf-src/src/google/protobuf/arena.h:38,
                 from /home/tina.guest/tinylsm-perf-source-v2/tinylsm/build/benchmark/_deps/protobuf-src/src/google/protobuf/io/coded_stream.cc:37:
/home/tina.guest/tinylsm-perf-source-v2/tinylsm/build/benchmark/_deps/protobuf-src/src/google/protobuf/port.h: In function ‘void google::protobuf::internal::AssertDownCast(From*)’:
/home/tina.guest/tinylsm-perf-source-v2/tinylsm/build/benchmark/_deps/protobuf-src/src/google/protobuf/port.h:181:5: warning: testing if a concept-id is a valid expression; add ‘requires’ to check satisfaction [-Wmissing-requires]
  181 |     std::derived_from<std::remove_pointer_t<To>,
      |     ^
      |     requires 
[60/665] Building CXX object _deps/protobuf-build/CMakeFiles/libprotobuf.dir/src/google/protobuf/generated_message_reflection.cc.o
In file included from /home/tina.guest/tinylsm-perf-source-v2/tinylsm/build/benchmark/_deps/protobuf-src/src/google/protobuf/extension_set.h:36,
                 from /home/tina.guest/tinylsm-perf-source-v2/tinylsm/build/benchmark/_deps/protobuf-src/src/google/protobuf/descriptor.h:56,
                 from /home/tina.guest/tinylsm-perf-source-v2/tinylsm/build/benchmark/_deps/protobuf-src/src/google/protobuf/generated_message_reflection.h:25,
                 from /home/tina.guest/tinylsm-perf-source-v2/tinylsm/build/benchmark/_deps/protobuf-src/src/google/protobuf/generated_message_reflection.cc:12:
/home/tina.guest/tinylsm-perf-source-v2/tinylsm/build/benchmark/_deps/protobuf-src/src/google/protobuf/port.h: In function ‘void google::protobuf::internal::AssertDownCast(From*)’:
/home/tina.guest/tinylsm-perf-source-v2/tinylsm/build/benchmark/_deps/protobuf-src/src/google/protobuf/port.h:181:5: warning: testing if a concept-id is a valid expression; add ‘requires’ to check satisfaction [-Wmissing-requires]
  181 |     std::derived_from<std::remove_pointer_t<To>,
      |     ^
      |     requires 
[61/665] Building CXX object _deps/protobuf-build/CMakeFiles/libprotobuf.dir/src/google/protobuf/io/gzip_stream.cc.o
In file included from /home/tina.guest/tinylsm-perf-source-v2/tinylsm/build/benchmark/_deps/protobuf-src/src/google/protobuf/io/zero_copy_stream.h:89,
                 from /home/tina.guest/tinylsm-perf-source-v2/tinylsm/build/benchmark/_deps/protobuf-src/src/google/protobuf/io/gzip_stream.h:24,
                 from /home/tina.guest/tinylsm-perf-source-v2/tinylsm/build/benchmark/_deps/protobuf-src/src/google/protobuf/io/gzip_stream.cc:15:
/home/tina.guest/tinylsm-perf-source-v2/tinylsm/build/benchmark/_deps/protobuf-src/src/google/protobuf/port.h: In function ‘void google::protobuf::internal::AssertDownCast(From*)’:
/home/tina.guest/tinylsm-perf-source-v2/tinylsm/build/benchmark/_deps/protobuf-src/src/google/protobuf/port.h:181:5: warning: testing if a concept-id is a valid expression; add ‘requires’ to check satisfaction [-Wmissing-requires]
  181 |     std::derived_from<std::remove_pointer_t<To>,
      |     ^
      |     requires 
[62/665] Building CXX object _deps/protobuf-build/CMakeFiles/libprotobuf.dir/src/google/protobuf/io/strtod.cc.o
[63/665] Building CXX object _deps/protobuf-build/CMakeFiles/libprotobuf.dir/src/google/protobuf/io/zero_copy_sink.cc.o
In file included from /home/tina.guest/tinylsm-perf-source-v2/tinylsm/build/benchmark/_deps/protobuf-src/src/google/protobuf/io/zero_copy_stream.h:89,
                 from /home/tina.guest/tinylsm-perf-source-v2/tinylsm/build/benchmark/_deps/protobuf-src/src/google/protobuf/io/zero_copy_sink.h:13,
                 from /home/tina.guest/tinylsm-perf-source-v2/tinylsm/build/benchmark/_deps/protobuf-src/src/google/protobuf/io/zero_copy_sink.cc:8:
/home/tina.guest/tinylsm-perf-source-v2/tinylsm/build/benchmark/_deps/protobuf-src/src/google/protobuf/port.h: In function ‘void google::protobuf::internal::AssertDownCast(From*)’:
/home/tina.guest/tinylsm-perf-source-v2/tinylsm/build/benchmark/_deps/protobuf-src/src/google/protobuf/port.h:181:5: warning: testing if a concept-id is a valid expression; add ‘requires’ to check satisfaction [-Wmissing-requires]
  181 |     std::derived_from<std::remove_pointer_t<To>,
      |     ^
      |     requires 
[64/665] Building CXX object _deps/protobuf-build/CMakeFiles/libprotobuf.dir/src/google/protobuf/io/tokenizer.cc.o
In file included from /home/tina.guest/tinylsm-perf-source-v2/tinylsm/build/benchmark/_deps/protobuf-src/src/google/protobuf/io/tokenizer.h:23,
                 from /home/tina.guest/tinylsm-perf-source-v2/tinylsm/build/benchmark/_deps/protobuf-src/src/google/protobuf/io/tokenizer.cc:68:
/home/tina.guest/tinylsm-perf-source-v2/tinylsm/build/benchmark/_deps/protobuf-src/src/google/protobuf/port.h: In function ‘void google::protobuf::internal::AssertDownCast(From*)’:
/home/tina.guest/tinylsm-perf-source-v2/tinylsm/build/benchmark/_deps/protobuf-src/src/google/protobuf/port.h:181:5: warning: testing if a concept-id is a valid expression; add ‘requires’ to check satisfaction [-Wmissing-requires]
  181 |     std::derived_from<std::remove_pointer_t<To>,
      |     ^
      |     requires 
[65/665] Building CXX object _deps/protobuf-build/CMakeFiles/libprotobuf.dir/src/google/protobuf/generated_message_tctable_lite.cc.o
In file included from /home/tina.guest/tinylsm-perf-source-v2/tinylsm/build/benchmark/_deps/protobuf-src/src/google/protobuf/arena.h:38,
                 from /home/tina.guest/tinylsm-perf-source-v2/tinylsm/build/benchmark/_deps/protobuf-src/src/google/protobuf/arenastring.h:19,
                 from /home/tina.guest/tinylsm-perf-source-v2/tinylsm/build/benchmark/_deps/protobuf-src/src/google/protobuf/generated_message_tctable_lite.cc:24:
/home/tina.guest/tinylsm-perf-source-v2/tinylsm/build/benchmark/_deps/protobuf-src/src/google/protobuf/port.h: In function ‘void google::protobuf::internal::AssertDownCast(From*)’:
/home/tina.guest/tinylsm-perf-source-v2/tinylsm/build/benchmark/_deps/protobuf-src/src/google/protobuf/port.h:181:5: warning: testing if a concept-id is a valid expression; add ‘requires’ to check satisfaction [-Wmissing-requires]
  181 |     std::derived_from<std::remove_pointer_t<To>,
      |     ^
      |     requires 
[66/665] Building CXX object _deps/protobuf-build/CMakeFiles/libprotobuf.dir/src/google/protobuf/io/zero_copy_stream_impl.cc.o
In file included from /home/tina.guest/tinylsm-perf-source-v2/tinylsm/build/benchmark/_deps/protobuf-src/src/google/protobuf/io/zero_copy_stream.h:89,
                 from /home/tina.guest/tinylsm-perf-source-v2/tinylsm/build/benchmark/_deps/protobuf-src/src/google/protobuf/io/zero_copy_stream_impl.h:24,
                 from /home/tina.guest/tinylsm-perf-source-v2/tinylsm/build/benchmark/_deps/protobuf-src/src/google/protobuf/io/zero_copy_stream_impl.cc:28:
/home/tina.guest/tinylsm-perf-source-v2/tinylsm/build/benchmark/_deps/protobuf-src/src/google/protobuf/port.h: In function ‘void google::protobuf::internal::AssertDownCast(From*)’:
/home/tina.guest/tinylsm-perf-source-v2/tinylsm/build/benchmark/_deps/protobuf-src/src/google/protobuf/port.h:181:5: warning: testing if a concept-id is a valid expression; add ‘requires’ to check satisfaction [-Wmissing-requires]
  181 |     std::derived_from<std::remove_pointer_t<To>,
      |     ^
      |     requires 
[67/665] Building CXX object _deps/protobuf-build/CMakeFiles/libprotobuf.dir/src/google/protobuf/io/zero_copy_stream.cc.o
In file included from /home/tina.guest/tinylsm-perf-source-v2/tinylsm/build/benchmark/_deps/protobuf-src/src/google/protobuf/io/zero_copy_stream.h:89,
                 from /home/tina.guest/tinylsm-perf-source-v2/tinylsm/build/benchmark/_deps/protobuf-src/src/google/protobuf/io/zero_copy_stream.cc:12:
/home/tina.guest/tinylsm-perf-source-v2/tinylsm/build/benchmark/_deps/protobuf-src/src/google/protobuf/port.h: In function ‘void google::protobuf::internal::AssertDownCast(From*)’:
/home/tina.guest/tinylsm-perf-source-v2/tinylsm/build/benchmark/_deps/protobuf-src/src/google/protobuf/port.h:181:5: warning: testing if a concept-id is a valid expression; add ‘requires’ to check satisfaction [-Wmissing-requires]
  181 |     std::derived_from<std::remove_pointer_t<To>,
      |     ^
      |     requires 
[68/665] Building CXX object _deps/protobuf-build/CMakeFiles/libprotobuf.dir/src/google/protobuf/descriptor.cc.o
In file included from /home/tina.guest/tinylsm-perf-source-v2/tinylsm/build/benchmark/_deps/protobuf-src/src/google/protobuf/extension_set.h:36,
                 from /home/tina.guest/tinylsm-perf-source-v2/tinylsm/build/benchmark/_deps/protobuf-src/src/google/protobuf/descriptor.h:56,
                 from /home/tina.guest/tinylsm-perf-source-v2/tinylsm/build/benchmark/_deps/protobuf-src/src/google/protobuf/descriptor.cc:12:
/home/tina.guest/tinylsm-perf-source-v2/tinylsm/build/benchmark/_deps/protobuf-src/src/google/protobuf/port.h: In function ‘void google::protobuf::internal::AssertDownCast(From*)’:
/home/tina.guest/tinylsm-perf-source-v2/tinylsm/build/benchmark/_deps/protobuf-src/src/google/protobuf/port.h:181:5: warning: testing if a concept-id is a valid expression; add ‘requires’ to check satisfaction [-Wmissing-requires]
  181 |     std::derived_from<std::remove_pointer_t<To>,
      |     ^
      |     requires 
[69/665] Building CXX object _deps/protobuf-build/CMakeFiles/libprotobuf.dir/src/google/protobuf/io/printer.cc.o
In file included from /home/tina.guest/tinylsm-perf-source-v2/tinylsm/build/benchmark/_deps/protobuf-src/src/google/protobuf/io/zero_copy_stream.h:89,
                 from /home/tina.guest/tinylsm-perf-source-v2/tinylsm/build/benchmark/_deps/protobuf-src/src/google/protobuf/io/zero_copy_sink.h:13,
                 from /home/tina.guest/tinylsm-perf-source-v2/tinylsm/build/benchmark/_deps/protobuf-src/src/google/protobuf/io/printer.h:36,
                 from /home/tina.guest/tinylsm-perf-source-v2/tinylsm/build/benchmark/_deps/protobuf-src/src/google/protobuf/io/printer.cc:12:
/home/tina.guest/tinylsm-perf-source-v2/tinylsm/build/benchmark/_deps/protobuf-src/src/google/protobuf/port.h: In function ‘void google::protobuf::internal::AssertDownCast(From*)’:
/home/tina.guest/tinylsm-perf-source-v2/tinylsm/build/benchmark/_deps/protobuf-src/src/google/protobuf/port.h:181:5: warning: testing if a concept-id is a valid expression; add ‘requires’ to check satisfaction [-Wmissing-requires]
  181 |     std::derived_from<std::remove_pointer_t<To>,
      |     ^
      |     requires 
[70/665] Building CXX object _deps/protobuf-build/CMakeFiles/libprotobuf.dir/src/google/protobuf/io/zero_copy_stream_impl_lite.cc.o
In file included from /home/tina.guest/tinylsm-perf-source-v2/tinylsm/build/benchmark/_deps/protobuf-src/src/google/protobuf/io/zero_copy_stream.h:89,
                 from /home/tina.guest/tinylsm-perf-source-v2/tinylsm/build/benchmark/_deps/protobuf-src/src/google/protobuf/io/zero_copy_stream_impl_lite.h:35,
                 from /home/tina.guest/tinylsm-perf-source-v2/tinylsm/build/benchmark/_deps/protobuf-src/src/google/protobuf/io/zero_copy_stream_impl_lite.cc:12:
/home/tina.guest/tinylsm-perf-source-v2/tinylsm/build/benchmark/_deps/protobuf-src/src/google/protobuf/port.h: In function ‘void google::protobuf::internal::AssertDownCast(From*)’:
/home/tina.guest/tinylsm-perf-source-v2/tinylsm/build/benchmark/_deps/protobuf-src/src/google/protobuf/port.h:181:5: warning: testing if a concept-id is a valid expression; add ‘requires’ to check satisfaction [-Wmissing-requires]
  181 |     std::derived_from<std::remove_pointer_t<To>,
      |     ^
      |     requires 
[71/665] Building CXX object _deps/protobuf-build/CMakeFiles/libprotobuf.dir/src/google/protobuf/json/internal/message_path.cc.o
In file included from /home/tina.guest/tinylsm-perf-source-v2/tinylsm/build/benchmark/_deps/protobuf-src/src/google/protobuf/extension_set.h:36,
                 from /home/tina.guest/tinylsm-perf-source-v2/tinylsm/build/benchmark/_deps/protobuf-src/src/google/protobuf/descriptor.h:56,
                 from /home/tina.guest/tinylsm-perf-source-v2/tinylsm/build/benchmark/_deps/protobuf-src/src/google/protobuf/json/internal/message_path.h:16,
                 from /home/tina.guest/tinylsm-perf-source-v2/tinylsm/build/benchmark/_deps/protobuf-src/src/google/protobuf/json/internal/message_path.cc:8:
/home/tina.guest/tinylsm-perf-source-v2/tinylsm/build/benchmark/_deps/protobuf-src/src/google/protobuf/port.h: In function ‘void google::protobuf::internal::AssertDownCast(From*)’:
/home/tina.guest/tinylsm-perf-source-v2/tinylsm/build/benchmark/_deps/protobuf-src/src/google/protobuf/port.h:181:5: warning: testing if a concept-id is a valid expression; add ‘requires’ to check satisfaction [-Wmissing-requires]
  181 |     std::derived_from<std::remove_pointer_t<To>,
      |     ^
      |     requires 
[72/665] Building CXX object _deps/protobuf-build/CMakeFiles/libprotobuf.dir/src/google/protobuf/json/internal/writer.cc.o
In file included from /home/tina.guest/tinylsm-perf-source-v2/tinylsm/build/benchmark/_deps/protobuf-src/src/google/protobuf/io/zero_copy_stream.h:89,
                 from /home/tina.guest/tinylsm-perf-source-v2/tinylsm/build/benchmark/_deps/protobuf-src/src/google/protobuf/io/zero_copy_sink.h:13,
                 from /home/tina.guest/tinylsm-perf-source-v2/tinylsm/build/benchmark/_deps/protobuf-src/src/google/protobuf/json/internal/writer.h:25,
                 from /home/tina.guest/tinylsm-perf-source-v2/tinylsm/build/benchmark/_deps/protobuf-src/src/google/protobuf/json/internal/writer.cc:8:
/home/tina.guest/tinylsm-perf-source-v2/tinylsm/build/benchmark/_deps/protobuf-src/src/google/protobuf/port.h: In function ‘void google::protobuf::internal::AssertDownCast(From*)’:
/home/tina.guest/tinylsm-perf-source-v2/tinylsm/build/benchmark/_deps/protobuf-src/src/google/protobuf/port.h:181:5: warning: testing if a concept-id is a valid expression; add ‘requires’ to check satisfaction [-Wmissing-requires]
  181 |     std::derived_from<std::remove_pointer_t<To>,
      |     ^
      |     requires 
[73/665] Building CXX object _deps/protobuf-build/CMakeFiles/libprotobuf.dir/src/google/protobuf/json/internal/lexer.cc.o
In file included from /home/tina.guest/tinylsm-perf-source-v2/tinylsm/build/benchmark/_deps/protobuf-src/src/google/protobuf/extension_set.h:36,
                 from /home/tina.guest/tinylsm-perf-source-v2/tinylsm/build/benchmark/_deps/protobuf-src/src/google/protobuf/descriptor.h:56,
                 from /home/tina.guest/tinylsm-perf-source-v2/tinylsm/build/benchmark/_deps/protobuf-src/src/google/protobuf/json/internal/lexer.h:27,
                 from /home/tina.guest/tinylsm-perf-source-v2/tinylsm/build/benchmark/_deps/protobuf-src/src/google/protobuf/json/internal/lexer.cc:8:
/home/tina.guest/tinylsm-perf-source-v2/tinylsm/build/benchmark/_deps/protobuf-src/src/google/protobuf/port.h: In function ‘void google::protobuf::internal::AssertDownCast(From*)’:
/home/tina.guest/tinylsm-perf-source-v2/tinylsm/build/benchmark/_deps/protobuf-src/src/google/protobuf/port.h:181:5: warning: testing if a concept-id is a valid expression; add ‘requires’ to check satisfaction [-Wmissing-requires]
  181 |     std::derived_from<std::remove_pointer_t<To>,
      |     ^
      |     requires 
[74/665] Building CXX object _deps/protobuf-build/CMakeFiles/libprotobuf.dir/src/google/protobuf/json/internal/zero_copy_buffered_stream.cc.o
In file included from /home/tina.guest/tinylsm-perf-source-v2/tinylsm/build/benchmark/_deps/protobuf-src/src/google/protobuf/io/zero_copy_stream.h:89,
                 from /home/tina.guest/tinylsm-perf-source-v2/tinylsm/build/benchmark/_deps/protobuf-src/src/google/protobuf/json/internal/zero_copy_buffered_stream.h:24,
                 from /home/tina.guest/tinylsm-perf-source-v2/tinylsm/build/benchmark/_deps/protobuf-src/src/google/protobuf/json/internal/zero_copy_buffered_stream.cc:8:
/home/tina.guest/tinylsm-perf-source-v2/tinylsm/build/benchmark/_deps/protobuf-src/src/google/protobuf/port.h: In function ‘void google::protobuf::internal::AssertDownCast(From*)’:
/home/tina.guest/tinylsm-perf-source-v2/tinylsm/build/benchmark/_deps/protobuf-src/src/google/protobuf/port.h:181:5: warning: testing if a concept-id is a valid expression; add ‘requires’ to check satisfaction [-Wmissing-requires]
  181 |     std::derived_from<std::remove_pointer_t<To>,
      |     ^
      |     requires 
[75/665] Building CXX object _deps/protobuf-build/CMakeFiles/libprotobuf.dir/src/google/protobuf/map.cc.o
In file included from /home/tina.guest/tinylsm-perf-source-v2/tinylsm/build/benchmark/_deps/protobuf-src/src/google/protobuf/arena.h:38,
                 from /home/tina.guest/tinylsm-perf-source-v2/tinylsm/build/benchmark/_deps/protobuf-src/src/google/protobuf/map.h:39,
                 from /home/tina.guest/tinylsm-perf-source-v2/tinylsm/build/benchmark/_deps/protobuf-src/src/google/protobuf/map.cc:8:
/home/tina.guest/tinylsm-perf-source-v2/tinylsm/build/benchmark/_deps/protobuf-src/src/google/protobuf/port.h: In function ‘void google::protobuf::internal::AssertDownCast(From*)’:
/home/tina.guest/tinylsm-perf-source-v2/tinylsm/build/benchmark/_deps/protobuf-src/src/google/protobuf/port.h:181:5: warning: testing if a concept-id is a valid expression; add ‘requires’ to check satisfaction [-Wmissing-requires]
  181 |     std::derived_from<std::remove_pointer_t<To>,
      |     ^
      |     requires 
/home/tina.guest/tinylsm-perf-source-v2/tinylsm/build/benchmark/_deps/protobuf-src/src/google/protobuf/map.cc: In lambda function:
/home/tina.guest/tinylsm-perf-source-v2/tinylsm/build/benchmark/_deps/protobuf-src/src/google/protobuf/map.cc:119:23: warning: implicit capture of ‘this’ via ‘[=]’ is deprecated in C++20 [-Wdeprecated]
  119 |     const auto loop = [=](auto destroy_node) {
      |                       ^
/home/tina.guest/tinylsm-perf-source-v2/tinylsm/build/benchmark/_deps/protobuf-src/src/google/protobuf/map.cc:119:23: note: add explicit ‘this’ or ‘*this’ capture
[76/665] Building CXX object _deps/protobuf-build/CMakeFiles/libprotobuf.dir/src/google/protobuf/json/json.cc.o
In file included from /home/tina.guest/tinylsm-perf-source-v2/tinylsm/build/benchmark/_deps/protobuf-src/src/google/protobuf/arena.h:38,
                 from /home/tina.guest/tinylsm-perf-source-v2/tinylsm/build/benchmark/_deps/protobuf-src/src/google/protobuf/message.h:105,
                 from /home/tina.guest/tinylsm-perf-source-v2/tinylsm/build/benchmark/_deps/protobuf-src/src/google/protobuf/json/json.h:17,
                 from /home/tina.guest/tinylsm-perf-source-v2/tinylsm/build/benchmark/_deps/protobuf-src/src/google/protobuf/json/json.cc:8:
/home/tina.guest/tinylsm-perf-source-v2/tinylsm/build/benchmark/_deps/protobuf-src/src/google/protobuf/port.h: In function ‘void google::protobuf::internal::AssertDownCast(From*)’:
/home/tina.guest/tinylsm-perf-source-v2/tinylsm/build/benchmark/_deps/protobuf-src/src/google/protobuf/port.h:181:5: warning: testing if a concept-id is a valid expression; add ‘requires’ to check satisfaction [-Wmissing-requires]
  181 |     std::derived_from<std::remove_pointer_t<To>,
      |     ^
      |     requires 
[77/665] Building CXX object _deps/protobuf-build/CMakeFiles/libprotobuf.dir/src/google/protobuf/json/internal/untyped_message.cc.o
In file included from /home/tina.guest/tinylsm-perf-source-v2/tinylsm/build/benchmark/_deps/protobuf-src/src/google/protobuf/arena.h:38,
                 from /home/tina.guest/tinylsm-perf-source-v2/tinylsm/build/benchmark/_deps/protobuf-src/src/google/protobuf/type.pb.h:21,
                 from /home/tina.guest/tinylsm-perf-source-v2/tinylsm/build/benchmark/_deps/protobuf-src/src/google/protobuf/json/internal/untyped_message.h:19,
                 from /home/tina.guest/tinylsm-perf-source-v2/tinylsm/build/benchmark/_deps/protobuf-src/src/google/protobuf/json/internal/untyped_message.cc:8:
/home/tina.guest/tinylsm-perf-source-v2/tinylsm/build/benchmark/_deps/protobuf-src/src/google/protobuf/port.h: In function ‘void google::protobuf::internal::AssertDownCast(From*)’:
/home/tina.guest/tinylsm-perf-source-v2/tinylsm/build/benchmark/_deps/protobuf-src/src/google/protobuf/port.h:181:5: warning: testing if a concept-id is a valid expression; add ‘requires’ to check satisfaction [-Wmissing-requires]
  181 |     std::derived_from<std::remove_pointer_t<To>,
      |     ^
      |     requires 
[78/665] Building CXX object _deps/protobuf-build/CMakeFiles/libprotobuf.dir/src/google/protobuf/map_field.cc.o
In file included from /home/tina.guest/tinylsm-perf-source-v2/tinylsm/build/benchmark/_deps/protobuf-src/src/google/protobuf/arena.h:38,
                 from /home/tina.guest/tinylsm-perf-source-v2/tinylsm/build/benchmark/_deps/protobuf-src/src/google/protobuf/map_field.h:23,
                 from /home/tina.guest/tinylsm-perf-source-v2/tinylsm/build/benchmark/_deps/protobuf-src/src/google/protobuf/map_field.cc:8:
/home/tina.guest/tinylsm-perf-source-v2/tinylsm/build/benchmark/_deps/protobuf-src/src/google/protobuf/port.h: In function ‘void google::protobuf::internal::AssertDownCast(From*)’:
/home/tina.guest/tinylsm-perf-source-v2/tinylsm/build/benchmark/_deps/protobuf-src/src/google/protobuf/port.h:181:5: warning: testing if a concept-id is a valid expression; add ‘requires’ to check satisfaction [-Wmissing-requires]
  181 |     std::derived_from<std::remove_pointer_t<To>,
      |     ^
      |     requires 
[79/665] Building CXX object _deps/protobuf-build/CMakeFiles/libprotobuf.dir/src/google/protobuf/port.cc.o
In file included from /home/tina.guest/tinylsm-perf-source-v2/tinylsm/build/benchmark/_deps/protobuf-src/src/google/protobuf/port.cc:8:
/home/tina.guest/tinylsm-perf-source-v2/tinylsm/build/benchmark/_deps/protobuf-src/src/google/protobuf/port.h: In function ‘void google::protobuf::internal::AssertDownCast(From*)’:
/home/tina.guest/tinylsm-perf-source-v2/tinylsm/build/benchmark/_deps/protobuf-src/src/google/protobuf/port.h:181:5: warning: testing if a concept-id is a valid expression; add ‘requires’ to check satisfaction [-Wmissing-requires]
  181 |     std::derived_from<std::remove_pointer_t<To>,
      |     ^
      |     requires 
[80/665] Building CXX object _deps/protobuf-build/CMakeFiles/libprotobuf.dir/src/google/protobuf/raw_ptr.cc.o
[81/665] Building CXX object _deps/protobuf-build/CMakeFiles/libprotobuf.dir/src/google/protobuf/reflection_mode.cc.o
[82/665] Building CXX object _deps/protobuf-build/CMakeFiles/libprotobuf.dir/src/google/protobuf/message_lite.cc.o
In file included from /home/tina.guest/tinylsm-perf-source-v2/tinylsm/build/benchmark/_deps/protobuf-src/src/google/protobuf/arena.h:38,
                 from /home/tina.guest/tinylsm-perf-source-v2/tinylsm/build/benchmark/_deps/protobuf-src/src/google/protobuf/message_lite.h:34,
                 from /home/tina.guest/tinylsm-perf-source-v2/tinylsm/build/benchmark/_deps/protobuf-src/src/google/protobuf/message_lite.cc:13:
/home/tina.guest/tinylsm-perf-source-v2/tinylsm/build/benchmark/_deps/protobuf-src/src/google/protobuf/port.h: In function ‘void google::protobuf::internal::AssertDownCast(From*)’:
/home/tina.guest/tinylsm-perf-source-v2/tinylsm/build/benchmark/_deps/protobuf-src/src/google/protobuf/port.h:181:5: warning: testing if a concept-id is a valid expression; add ‘requires’ to check satisfaction [-Wmissing-requires]
  181 |     std::derived_from<std::remove_pointer_t<To>,
      |     ^
      |     requires 
[83/665] Building CXX object _deps/protobuf-build/CMakeFiles/libprotobuf.dir/src/google/protobuf/json/internal/unparser.cc.o
In file included from /home/tina.guest/tinylsm-perf-source-v2/tinylsm/build/benchmark/_deps/protobuf-src/src/google/protobuf/io/zero_copy_stream.h:89,
                 from /home/tina.guest/tinylsm-perf-source-v2/tinylsm/build/benchmark/_deps/protobuf-src/src/google/protobuf/io/zero_copy_sink.h:13,
                 from /home/tina.guest/tinylsm-perf-source-v2/tinylsm/build/benchmark/_deps/protobuf-src/src/google/protobuf/json/internal/writer.h:25,
                 from /home/tina.guest/tinylsm-perf-source-v2/tinylsm/build/benchmark/_deps/protobuf-src/src/google/protobuf/json/internal/unparser.h:14,
                 from /home/tina.guest/tinylsm-perf-source-v2/tinylsm/build/benchmark/_deps/protobuf-src/src/google/protobuf/json/internal/unparser.cc:8:
/home/tina.guest/tinylsm-perf-source-v2/tinylsm/build/benchmark/_deps/protobuf-src/src/google/protobuf/port.h: In function ‘void google::protobuf::internal::AssertDownCast(From*)’:
/home/tina.guest/tinylsm-perf-source-v2/tinylsm/build/benchmark/_deps/protobuf-src/src/google/protobuf/port.h:181:5: warning: testing if a concept-id is a valid expression; add ‘requires’ to check satisfaction [-Wmissing-requires]
  181 |     std::derived_from<std::remove_pointer_t<To>,
      |     ^
      |     requires 
[84/665] Building CXX object _deps/protobuf-build/CMakeFiles/libprotobuf.dir/src/google/protobuf/json/internal/parser.cc.o
In file included from /home/tina.guest/tinylsm-perf-source-v2/tinylsm/build/benchmark/_deps/protobuf-src/src/google/protobuf/extension_set.h:36,
                 from /home/tina.guest/tinylsm-perf-source-v2/tinylsm/build/benchmark/_deps/protobuf-src/src/google/protobuf/descriptor.h:56,
                 from /home/tina.guest/tinylsm-perf-source-v2/tinylsm/build/benchmark/_deps/protobuf-src/src/google/protobuf/json/internal/lexer.h:27,
                 from /home/tina.guest/tinylsm-perf-source-v2/tinylsm/build/benchmark/_deps/protobuf-src/src/google/protobuf/json/internal/parser.h:13,
                 from /home/tina.guest/tinylsm-perf-source-v2/tinylsm/build/benchmark/_deps/protobuf-src/src/google/protobuf/json/internal/parser.cc:8:
/home/tina.guest/tinylsm-perf-source-v2/tinylsm/build/benchmark/_deps/protobuf-src/src/google/protobuf/port.h: In function ‘void google::protobuf::internal::AssertDownCast(From*)’:
/home/tina.guest/tinylsm-perf-source-v2/tinylsm/build/benchmark/_deps/protobuf-src/src/google/protobuf/port.h:181:5: warning: testing if a concept-id is a valid expression; add ‘requires’ to check satisfaction [-Wmissing-requires]
  181 |     std::derived_from<std::remove_pointer_t<To>,
      |     ^
      |     requires 
[85/665] Building CXX object _deps/protobuf-build/CMakeFiles/libprotobuf.dir/src/google/protobuf/message.cc.o
In file included from /home/tina.guest/tinylsm-perf-source-v2/tinylsm/build/benchmark/_deps/protobuf-src/src/google/protobuf/arena.h:38,
                 from /home/tina.guest/tinylsm-perf-source-v2/tinylsm/build/benchmark/_deps/protobuf-src/src/google/protobuf/message.h:105,
                 from /home/tina.guest/tinylsm-perf-source-v2/tinylsm/build/benchmark/_deps/protobuf-src/src/google/protobuf/message.cc:12:
/home/tina.guest/tinylsm-perf-source-v2/tinylsm/build/benchmark/_deps/protobuf-src/src/google/protobuf/port.h: In function ‘void google::protobuf::internal::AssertDownCast(From*)’:
/home/tina.guest/tinylsm-perf-source-v2/tinylsm/build/benchmark/_deps/protobuf-src/src/google/protobuf/port.h:181:5: warning: testing if a concept-id is a valid expression; add ‘requires’ to check satisfaction [-Wmissing-requires]
  181 |     std::derived_from<std::remove_pointer_t<To>,
      |     ^
      |     requires 
[86/665] Building CXX object _deps/protobuf-build/CMakeFiles/libprotobuf.dir/src/google/protobuf/service.cc.o
In file included from /home/tina.guest/tinylsm-perf-source-v2/tinylsm/build/benchmark/_deps/protobuf-src/src/google/protobuf/service.h:84,
                 from /home/tina.guest/tinylsm-perf-source-v2/tinylsm/build/benchmark/_deps/protobuf-src/src/google/protobuf/service.cc:12:
/home/tina.guest/tinylsm-perf-source-v2/tinylsm/build/benchmark/_deps/protobuf-src/src/google/protobuf/port.h: In function ‘void google::protobuf::internal::AssertDownCast(From*)’:
/home/tina.guest/tinylsm-perf-source-v2/tinylsm/build/benchmark/_deps/protobuf-src/src/google/protobuf/port.h:181:5: warning: testing if a concept-id is a valid expression; add ‘requires’ to check satisfaction [-Wmissing-requires]
  181 |     std::derived_from<std::remove_pointer_t<To>,
      |     ^
      |     requires 
[87/665] Building CXX object _deps/protobuf-build/CMakeFiles/libprotobuf.dir/src/google/protobuf/parse_context.cc.o
In file included from /home/tina.guest/tinylsm-perf-source-v2/tinylsm/build/benchmark/_deps/protobuf-src/src/google/protobuf/arena.h:38,
                 from /home/tina.guest/tinylsm-perf-source-v2/tinylsm/build/benchmark/_deps/protobuf-src/src/google/protobuf/parse_context.h:24,
                 from /home/tina.guest/tinylsm-perf-source-v2/tinylsm/build/benchmark/_deps/protobuf-src/src/google/protobuf/parse_context.cc:8:
/home/tina.guest/tinylsm-perf-source-v2/tinylsm/build/benchmark/_deps/protobuf-src/src/google/protobuf/port.h: In function ‘void google::protobuf::internal::AssertDownCast(From*)’:
/home/tina.guest/tinylsm-perf-source-v2/tinylsm/build/benchmark/_deps/protobuf-src/src/google/protobuf/port.h:181:5: warning: testing if a concept-id is a valid expression; add ‘requires’ to check satisfaction [-Wmissing-requires]
  181 |     std::derived_from<std::remove_pointer_t<To>,
      |     ^
      |     requires 
[88/665] Building CXX object _deps/protobuf-build/CMakeFiles/libprotobuf.dir/src/google/protobuf/repeated_field.cc.o
In file included from /home/tina.guest/tinylsm-perf-source-v2/tinylsm/build/benchmark/_deps/protobuf-src/src/google/protobuf/arena.h:38,
                 from /home/tina.guest/tinylsm-perf-source-v2/tinylsm/build/benchmark/_deps/protobuf-src/src/google/protobuf/repeated_field.h:40,
                 from /home/tina.guest/tinylsm-perf-source-v2/tinylsm/build/benchmark/_deps/protobuf-src/src/google/protobuf/repeated_field.cc:12:
/home/tina.guest/tinylsm-perf-source-v2/tinylsm/build/benchmark/_deps/protobuf-src/src/google/protobuf/port.h: In function ‘void google::protobuf::internal::AssertDownCast(From*)’:
/home/tina.guest/tinylsm-perf-source-v2/tinylsm/build/benchmark/_deps/protobuf-src/src/google/protobuf/port.h:181:5: warning: testing if a concept-id is a valid expression; add ‘requires’ to check satisfaction [-Wmissing-requires]
  181 |     std::derived_from<std::remove_pointer_t<To>,
      |     ^
      |     requires 
[89/665] Building CXX object _deps/protobuf-build/CMakeFiles/libprotobuf.dir/src/google/protobuf/stubs/common.cc.o
[90/665] Building CXX object _deps/protobuf-build/CMakeFiles/libprotobuf.dir/src/google/protobuf/repeated_ptr_field.cc.o
In file included from /home/tina.guest/tinylsm-perf-source-v2/tinylsm/build/benchmark/_deps/protobuf-src/src/google/protobuf/arena.h:38,
                 from /home/tina.guest/tinylsm-perf-source-v2/tinylsm/build/benchmark/_deps/protobuf-src/src/google/protobuf/repeated_ptr_field.h:38,
                 from /home/tina.guest/tinylsm-perf-source-v2/tinylsm/build/benchmark/_deps/protobuf-src/src/google/protobuf/repeated_ptr_field.cc:12:
/home/tina.guest/tinylsm-perf-source-v2/tinylsm/build/benchmark/_deps/protobuf-src/src/google/protobuf/port.h: In function ‘void google::protobuf::internal::AssertDownCast(From*)’:
/home/tina.guest/tinylsm-perf-source-v2/tinylsm/build/benchmark/_deps/protobuf-src/src/google/protobuf/port.h:181:5: warning: testing if a concept-id is a valid expression; add ‘requires’ to check satisfaction [-Wmissing-requires]
  181 |     std::derived_from<std::remove_pointer_t<To>,
      |     ^
      |     requires 
[91/665] Building CXX object _deps/protobuf-build/CMakeFiles/libprotobuf.dir/src/google/protobuf/reflection_ops.cc.o
In file included from /home/tina.guest/tinylsm-perf-source-v2/tinylsm/build/benchmark/_deps/protobuf-src/src/google/protobuf/arena.h:38,
                 from /home/tina.guest/tinylsm-perf-source-v2/tinylsm/build/benchmark/_deps/protobuf-src/src/google/protobuf/message.h:105,
                 from /home/tina.guest/tinylsm-perf-source-v2/tinylsm/build/benchmark/_deps/protobuf-src/src/google/protobuf/reflection_ops.h:18,
                 from /home/tina.guest/tinylsm-perf-source-v2/tinylsm/build/benchmark/_deps/protobuf-src/src/google/protobuf/reflection_ops.cc:11:
/home/tina.guest/tinylsm-perf-source-v2/tinylsm/build/benchmark/_deps/protobuf-src/src/google/protobuf/port.h: In function ‘void google::protobuf::internal::AssertDownCast(From*)’:
/home/tina.guest/tinylsm-perf-source-v2/tinylsm/build/benchmark/_deps/protobuf-src/src/google/protobuf/port.h:181:5: warning: testing if a concept-id is a valid expression; add ‘requires’ to check satisfaction [-Wmissing-requires]
  181 |     std::derived_from<std::remove_pointer_t<To>,
      |     ^
      |     requires 
[92/665] Building CXX object _deps/protobuf-build/CMakeFiles/libprotobuf.dir/src/google/protobuf/util/delimited_message_util.cc.o
In file included from /home/tina.guest/tinylsm-perf-source-v2/tinylsm/build/benchmark/_deps/protobuf-src/src/google/protobuf/io/zero_copy_stream.h:89,
                 from /home/tina.guest/tinylsm-perf-source-v2/tinylsm/build/benchmark/_deps/protobuf-src/src/google/protobuf/io/zero_copy_stream_impl.h:24,
                 from /home/tina.guest/tinylsm-perf-source-v2/tinylsm/build/benchmark/_deps/protobuf-src/src/google/protobuf/util/delimited_message_util.h:17,
                 from /home/tina.guest/tinylsm-perf-source-v2/tinylsm/build/benchmark/_deps/protobuf-src/src/google/protobuf/util/delimited_message_util.cc:11:
/home/tina.guest/tinylsm-perf-source-v2/tinylsm/build/benchmark/_deps/protobuf-src/src/google/protobuf/port.h: In function ‘void google::protobuf::internal::AssertDownCast(From*)’:
/home/tina.guest/tinylsm-perf-source-v2/tinylsm/build/benchmark/_deps/protobuf-src/src/google/protobuf/port.h:181:5: warning: testing if a concept-id is a valid expression; add ‘requires’ to check satisfaction [-Wmissing-requires]
  181 |     std::derived_from<std::remove_pointer_t<To>,
      |     ^
      |     requires 
[93/665] Building CXX object _deps/protobuf-build/CMakeFiles/libprotobuf.dir/src/google/protobuf/unknown_field_set.cc.o
In file included from /home/tina.guest/tinylsm-perf-source-v2/tinylsm/build/benchmark/_deps/protobuf-src/src/google/protobuf/arena.h:38,
                 from /home/tina.guest/tinylsm-perf-source-v2/tinylsm/build/benchmark/_deps/protobuf-src/src/google/protobuf/unknown_field_set.h:27,
                 from /home/tina.guest/tinylsm-perf-source-v2/tinylsm/build/benchmark/_deps/protobuf-src/src/google/protobuf/unknown_field_set.cc:12:
/home/tina.guest/tinylsm-perf-source-v2/tinylsm/build/benchmark/_deps/protobuf-src/src/google/protobuf/port.h: In function ‘void google::protobuf::internal::AssertDownCast(From*)’:
/home/tina.guest/tinylsm-perf-source-v2/tinylsm/build/benchmark/_deps/protobuf-src/src/google/protobuf/port.h:181:5: warning: testing if a concept-id is a valid expression; add ‘requires’ to check satisfaction [-Wmissing-requires]
  181 |     std::derived_from<std::remove_pointer_t<To>,
      |     ^
      |     requires 
[94/665] Building CXX object _deps/protobuf-build/CMakeFiles/libprotobuf.dir/src/google/protobuf/util/field_comparator.cc.o
In file included from /home/tina.guest/tinylsm-perf-source-v2/tinylsm/build/benchmark/_deps/protobuf-src/src/google/protobuf/util/field_comparator.h:19,
                 from /home/tina.guest/tinylsm-perf-source-v2/tinylsm/build/benchmark/_deps/protobuf-src/src/google/protobuf/util/field_comparator.cc:10:
/home/tina.guest/tinylsm-perf-source-v2/tinylsm/build/benchmark/_deps/protobuf-src/src/google/protobuf/port.h: In function ‘void google::protobuf::internal::AssertDownCast(From*)’:
/home/tina.guest/tinylsm-perf-source-v2/tinylsm/build/benchmark/_deps/protobuf-src/src/google/protobuf/port.h:181:5: warning: testing if a concept-id is a valid expression; add ‘requires’ to check satisfaction [-Wmissing-requires]
  181 |     std::derived_from<std::remove_pointer_t<To>,
      |     ^
      |     requires 
[95/665] Building CXX object _deps/protobuf-build/CMakeFiles/libprotobuf.dir/src/google/protobuf/util/field_mask_util.cc.o
In file included from /home/tina.guest/tinylsm-perf-source-v2/tinylsm/build/benchmark/_deps/protobuf-src/src/google/protobuf/arena.h:38,
                 from /home/tina.guest/tinylsm-perf-source-v2/tinylsm/build/benchmark/_deps/protobuf-src/src/google/protobuf/field_mask.pb.h:21,
                 from /home/tina.guest/tinylsm-perf-source-v2/tinylsm/build/benchmark/_deps/protobuf-src/src/google/protobuf/util/field_mask_util.h:17,
                 from /home/tina.guest/tinylsm-perf-source-v2/tinylsm/build/benchmark/_deps/protobuf-src/src/google/protobuf/util/field_mask_util.cc:8:
/home/tina.guest/tinylsm-perf-source-v2/tinylsm/build/benchmark/_deps/protobuf-src/src/google/protobuf/port.h: In function ‘void google::protobuf::internal::AssertDownCast(From*)’:
/home/tina.guest/tinylsm-perf-source-v2/tinylsm/build/benchmark/_deps/protobuf-src/src/google/protobuf/port.h:181:5: warning: testing if a concept-id is a valid expression; add ‘requires’ to check satisfaction [-Wmissing-requires]
  181 |     std::derived_from<std::remove_pointer_t<To>,
      |     ^
      |     requires 
[96/665] Building CXX object _deps/protobuf-build/CMakeFiles/libprotobuf.dir/src/google/protobuf/util/time_util.cc.o
In file included from /home/tina.guest/tinylsm-perf-source-v2/tinylsm/build/benchmark/_deps/protobuf-src/src/google/protobuf/arena.h:38,
                 from /home/tina.guest/tinylsm-perf-source-v2/tinylsm/build/benchmark/_deps/protobuf-src/src/google/protobuf/duration.pb.h:21,
                 from /home/tina.guest/tinylsm-perf-source-v2/tinylsm/build/benchmark/_deps/protobuf-src/src/google/protobuf/util/time_util.h:30,
                 from /home/tina.guest/tinylsm-perf-source-v2/tinylsm/build/benchmark/_deps/protobuf-src/src/google/protobuf/util/time_util.cc:8:
/home/tina.guest/tinylsm-perf-source-v2/tinylsm/build/benchmark/_deps/protobuf-src/src/google/protobuf/port.h: In function ‘void google::protobuf::internal::AssertDownCast(From*)’:
/home/tina.guest/tinylsm-perf-source-v2/tinylsm/build/benchmark/_deps/protobuf-src/src/google/protobuf/port.h:181:5: warning: testing if a concept-id is a valid expression; add ‘requires’ to check satisfaction [-Wmissing-requires]
  181 |     std::derived_from<std::remove_pointer_t<To>,
      |     ^
      |     requires 
[97/665] Building CXX object _deps/protobuf-build/CMakeFiles/libprotobuf.dir/src/google/protobuf/util/type_resolver_util.cc.o
In file included from /home/tina.guest/tinylsm-perf-source-v2/tinylsm/build/benchmark/_deps/protobuf-src/src/google/protobuf/arena.h:38,
                 from /home/tina.guest/tinylsm-perf-source-v2/tinylsm/build/benchmark/_deps/protobuf-src/src/google/protobuf/type.pb.h:21,
                 from /home/tina.guest/tinylsm-perf-source-v2/tinylsm/build/benchmark/_deps/protobuf-src/src/google/protobuf/util/type_resolver_util.h:13,
                 from /home/tina.guest/tinylsm-perf-source-v2/tinylsm/build/benchmark/_deps/protobuf-src/src/google/protobuf/util/type_resolver_util.cc:8:
/home/tina.guest/tinylsm-perf-source-v2/tinylsm/build/benchmark/_deps/protobuf-src/src/google/protobuf/port.h: In function ‘void google::protobuf::internal::AssertDownCast(From*)’:
/home/tina.guest/tinylsm-perf-source-v2/tinylsm/build/benchmark/_deps/protobuf-src/src/google/protobuf/port.h:181:5: warning: testing if a concept-id is a valid expression; add ‘requires’ to check satisfaction [-Wmissing-requires]
  181 |     std::derived_from<std::remove_pointer_t<To>,
      |     ^
      |     requires 
[98/665] Building CXX object _deps/protobuf-build/CMakeFiles/libprotobuf.dir/src/google/protobuf/text_format.cc.o
In file included from /home/tina.guest/tinylsm-perf-source-v2/tinylsm/build/benchmark/_deps/protobuf-src/src/google/protobuf/extension_set.h:36,
                 from /home/tina.guest/tinylsm-perf-source-v2/tinylsm/build/benchmark/_deps/protobuf-src/src/google/protobuf/descriptor.h:56,
                 from /home/tina.guest/tinylsm-perf-source-v2/tinylsm/build/benchmark/_deps/protobuf-src/src/google/protobuf/text_format.h:27,
                 from /home/tina.guest/tinylsm-perf-source-v2/tinylsm/build/benchmark/_deps/protobuf-src/src/google/protobuf/text_format.cc:12:
/home/tina.guest/tinylsm-perf-source-v2/tinylsm/build/benchmark/_deps/protobuf-src/src/google/protobuf/port.h: In function ‘void google::protobuf::internal::AssertDownCast(From*)’:
/home/tina.guest/tinylsm-perf-source-v2/tinylsm/build/benchmark/_deps/protobuf-src/src/google/protobuf/port.h:181:5: warning: testing if a concept-id is a valid expression; add ‘requires’ to check satisfaction [-Wmissing-requires]
  181 |     std::derived_from<std::remove_pointer_t<To>,
      |     ^
      |     requires 
[99/665] Building CXX object _deps/protobuf-build/CMakeFiles/libprotobuf.dir/src/google/protobuf/wire_format_lite.cc.o
In file included from /home/tina.guest/tinylsm-perf-source-v2/tinylsm/build/benchmark/_deps/protobuf-src/src/google/protobuf/arena.h:38,
                 from /home/tina.guest/tinylsm-perf-source-v2/tinylsm/build/benchmark/_deps/protobuf-src/src/google/protobuf/arenastring.h:19,
                 from /home/tina.guest/tinylsm-perf-source-v2/tinylsm/build/benchmark/_deps/protobuf-src/src/google/protobuf/wire_format_lite.h:30,
                 from /home/tina.guest/tinylsm-perf-source-v2/tinylsm/build/benchmark/_deps/protobuf-src/src/google/protobuf/wire_format_lite.cc:12:
/home/tina.guest/tinylsm-perf-source-v2/tinylsm/build/benchmark/_deps/protobuf-src/src/google/protobuf/port.h: In function ‘void google::protobuf::internal::AssertDownCast(From*)’:
/home/tina.guest/tinylsm-perf-source-v2/tinylsm/build/benchmark/_deps/protobuf-src/src/google/protobuf/port.h:181:5: warning: testing if a concept-id is a valid expression; add ‘requires’ to check satisfaction [-Wmissing-requires]
  181 |     std::derived_from<std::remove_pointer_t<To>,
      |     ^
      |     requires 
[100/665] Building CXX object _deps/protobuf-build/CMakeFiles/libprotoc.dir/src/google/protobuf/compiler/code_generator_lite.cc.o
[101/665] Building CXX object _deps/protobuf-build/CMakeFiles/libprotobuf.dir/src/google/protobuf/wire_format.cc.o
In file included from /home/tina.guest/tinylsm-perf-source-v2/tinylsm/build/benchmark/_deps/protobuf-src/src/google/protobuf/extension_set.h:36,
                 from /home/tina.guest/tinylsm-perf-source-v2/tinylsm/build/benchmark/_deps/protobuf-src/src/google/protobuf/descriptor.h:56,
                 from /home/tina.guest/tinylsm-perf-source-v2/tinylsm/build/benchmark/_deps/protobuf-src/src/google/protobuf/wire_format.h:26,
                 from /home/tina.guest/tinylsm-perf-source-v2/tinylsm/build/benchmark/_deps/protobuf-src/src/google/protobuf/wire_format.cc:12:
/home/tina.guest/tinylsm-perf-source-v2/tinylsm/build/benchmark/_deps/protobuf-src/src/google/protobuf/port.h: In function ‘void google::protobuf::internal::AssertDownCast(From*)’:
/home/tina.guest/tinylsm-perf-source-v2/tinylsm/build/benchmark/_deps/protobuf-src/src/google/protobuf/port.h:181:5: warning: testing if a concept-id is a valid expression; add ‘requires’ to check satisfaction [-Wmissing-requires]
  181 |     std::derived_from<std::remove_pointer_t<To>,
      |     ^
      |     requires 
[102/665] Building CXX object _deps/protobuf-build/CMakeFiles/libprotoc.dir/src/google/protobuf/compiler/code_generator.cc.o
In file included from /home/tina.guest/tinylsm-perf-source-v2/tinylsm/build/benchmark/_deps/protobuf-src/src/google/protobuf/extension_set.h:36,
                 from /home/tina.guest/tinylsm-perf-source-v2/tinylsm/build/benchmark/_deps/protobuf-src/src/google/protobuf/descriptor.h:56,
                 from /home/tina.guest/tinylsm-perf-source-v2/tinylsm/build/benchmark/_deps/protobuf-src/src/google/protobuf/compiler/code_generator.h:26,
                 from /home/tina.guest/tinylsm-perf-source-v2/tinylsm/build/benchmark/_deps/protobuf-src/src/google/protobuf/compiler/code_generator.cc:12:
/home/tina.guest/tinylsm-perf-source-v2/tinylsm/build/benchmark/_deps/protobuf-src/src/google/protobuf/port.h: In function ‘void google::protobuf::internal::AssertDownCast(From*)’:
/home/tina.guest/tinylsm-perf-source-v2/tinylsm/build/benchmark/_deps/protobuf-src/src/google/protobuf/port.h:181:5: warning: testing if a concept-id is a valid expression; add ‘requires’ to check satisfaction [-Wmissing-requires]
  181 |     std::derived_from<std::remove_pointer_t<To>,
      |     ^
      |     requires 
[103/665] Building CXX object _deps/protobuf-build/CMakeFiles/libprotobuf.dir/src/google/protobuf/util/message_differencer.cc.o
In file included from /home/tina.guest/tinylsm-perf-source-v2/tinylsm/build/benchmark/_deps/protobuf-src/src/google/protobuf/extension_set.h:36,
                 from /home/tina.guest/tinylsm-perf-source-v2/tinylsm/build/benchmark/_deps/protobuf-src/src/google/protobuf/descriptor.h:56,
                 from /home/tina.guest/tinylsm-perf-source-v2/tinylsm/build/benchmark/_deps/protobuf-src/src/google/protobuf/util/message_differencer.h:33,
                 from /home/tina.guest/tinylsm-perf-source-v2/tinylsm/build/benchmark/_deps/protobuf-src/src/google/protobuf/util/message_differencer.cc:12:
/home/tina.guest/tinylsm-perf-source-v2/tinylsm/build/benchmark/_deps/protobuf-src/src/google/protobuf/port.h: In function ‘void google::protobuf::internal::AssertDownCast(From*)’:
/home/tina.guest/tinylsm-perf-source-v2/tinylsm/build/benchmark/_deps/protobuf-src/src/google/protobuf/port.h:181:5: warning: testing if a concept-id is a valid expression; add ‘requires’ to check satisfaction [-Wmissing-requires]
  181 |     std::derived_from<std::remove_pointer_t<To>,
      |     ^
      |     requires 
[104/665] Building CXX object _deps/protobuf-build/CMakeFiles/libprotoc.dir/src/google/protobuf/compiler/cpp/extension.cc.o
In file included from /home/tina.guest/tinylsm-perf-source-v2/tinylsm/build/benchmark/_deps/protobuf-src/src/google/protobuf/extension_set.h:36,
                 from /home/tina.guest/tinylsm-perf-source-v2/tinylsm/build/benchmark/_deps/protobuf-src/src/google/protobuf/descriptor.h:56,
                 from /home/tina.guest/tinylsm-perf-source-v2/tinylsm/build/benchmark/_deps/protobuf-src/src/google/protobuf/compiler/code_generator.h:26,
                 from /home/tina.guest/tinylsm-perf-source-v2/tinylsm/build/benchmark/_deps/protobuf-src/src/google/protobuf/compiler/cpp/helpers.h:28,
                 from /home/tina.guest/tinylsm-perf-source-v2/tinylsm/build/benchmark/_deps/protobuf-src/src/google/protobuf/compiler/cpp/extension.h:19,
                 from /home/tina.guest/tinylsm-perf-source-v2/tinylsm/build/benchmark/_deps/protobuf-src/src/google/protobuf/compiler/cpp/extension.cc:12:
/home/tina.guest/tinylsm-perf-source-v2/tinylsm/build/benchmark/_deps/protobuf-src/src/google/protobuf/port.h: In function ‘void google::protobuf::internal::AssertDownCast(From*)’:
/home/tina.guest/tinylsm-perf-source-v2/tinylsm/build/benchmark/_deps/protobuf-src/src/google/protobuf/port.h:181:5: warning: testing if a concept-id is a valid expression; add ‘requires’ to check satisfaction [-Wmissing-requires]
  181 |     std::derived_from<std::remove_pointer_t<To>,
      |     ^
      |     requires 
[105/665] Building CXX object _deps/protobuf-build/CMakeFiles/libprotoc.dir/src/google/protobuf/compiler/cpp/enum.cc.o
In file included from /home/tina.guest/tinylsm-perf-source-v2/tinylsm/build/benchmark/_deps/protobuf-src/src/google/protobuf/extension_set.h:36,
                 from /home/tina.guest/tinylsm-perf-source-v2/tinylsm/build/benchmark/_deps/protobuf-src/src/google/protobuf/descriptor.h:56,
                 from /home/tina.guest/tinylsm-perf-source-v2/tinylsm/build/benchmark/_deps/protobuf-src/src/google/protobuf/compiler/cpp/enum.h:18,
                 from /home/tina.guest/tinylsm-perf-source-v2/tinylsm/build/benchmark/_deps/protobuf-src/src/google/protobuf/compiler/cpp/enum.cc:12:
/home/tina.guest/tinylsm-perf-source-v2/tinylsm/build/benchmark/_deps/protobuf-src/src/google/protobuf/port.h: In function ‘void google::protobuf::internal::AssertDownCast(From*)’:
/home/tina.guest/tinylsm-perf-source-v2/tinylsm/build/benchmark/_deps/protobuf-src/src/google/protobuf/port.h:181:5: warning: testing if a concept-id is a valid expression; add ‘requires’ to check satisfaction [-Wmissing-requires]
  181 |     std::derived_from<std::remove_pointer_t<To>,
      |     ^
      |     requires 
[106/665] Building CXX object _deps/protobuf-build/CMakeFiles/libprotoc.dir/src/google/protobuf/compiler/cpp/field_generators/cord_field.cc.o
In file included from /home/tina.guest/tinylsm-perf-source-v2/tinylsm/build/benchmark/_deps/protobuf-src/src/google/protobuf/extension_set.h:36,
                 from /home/tina.guest/tinylsm-perf-source-v2/tinylsm/build/benchmark/_deps/protobuf-src/src/google/protobuf/descriptor.h:56,
                 from /home/tina.guest/tinylsm-perf-source-v2/tinylsm/build/benchmark/_deps/protobuf-src/src/google/protobuf/compiler/code_generator.h:26,
                 from /home/tina.guest/tinylsm-perf-source-v2/tinylsm/build/benchmark/_deps/protobuf-src/src/google/protobuf/compiler/cpp/helpers.h:28,
                 from /home/tina.guest/tinylsm-perf-source-v2/tinylsm/build/benchmark/_deps/protobuf-src/src/google/protobuf/compiler/cpp/field.h:26,
                 from /home/tina.guest/tinylsm-perf-source-v2/tinylsm/build/benchmark/_deps/protobuf-src/src/google/protobuf/compiler/cpp/field_generators/cord_field.cc:23:
/home/tina.guest/tinylsm-perf-source-v2/tinylsm/build/benchmark/_deps/protobuf-src/src/google/protobuf/port.h: In function ‘void google::protobuf::internal::AssertDownCast(From*)’:
/home/tina.guest/tinylsm-perf-source-v2/tinylsm/build/benchmark/_deps/protobuf-src/src/google/protobuf/port.h:181:5: warning: testing if a concept-id is a valid expression; add ‘requires’ to check satisfaction [-Wmissing-requires]
  181 |     std::derived_from<std::remove_pointer_t<To>,
      |     ^
      |     requires 
[107/665] Building CXX object _deps/protobuf-build/CMakeFiles/libprotoc.dir/src/google/protobuf/compiler/command_line_interface.cc.o
In file included from /home/tina.guest/tinylsm-perf-source-v2/tinylsm/build/benchmark/_deps/protobuf-src/src/google/protobuf/arena.h:38,
                 from /home/tina.guest/tinylsm-perf-source-v2/tinylsm/build/benchmark/_deps/protobuf-src/src/google/protobuf/descriptor.pb.h:21,
                 from /home/tina.guest/tinylsm-perf-source-v2/tinylsm/build/benchmark/_deps/protobuf-src/src/google/protobuf/compiler/command_line_interface.h:29,
                 from /home/tina.guest/tinylsm-perf-source-v2/tinylsm/build/benchmark/_deps/protobuf-src/src/google/protobuf/compiler/command_line_interface.cc:12:
/home/tina.guest/tinylsm-perf-source-v2/tinylsm/build/benchmark/_deps/protobuf-src/src/google/protobuf/port.h: In function ‘void google::protobuf::internal::AssertDownCast(From*)’:
/home/tina.guest/tinylsm-perf-source-v2/tinylsm/build/benchmark/_deps/protobuf-src/src/google/protobuf/port.h:181:5: warning: testing if a concept-id is a valid expression; add ‘requires’ to check satisfaction [-Wmissing-requires]
  181 |     std::derived_from<std::remove_pointer_t<To>,
      |     ^
      |     requires 
[108/665] Building CXX object _deps/protobuf-build/CMakeFiles/libprotoc.dir/src/google/protobuf/compiler/cpp/field.cc.o
In file included from /home/tina.guest/tinylsm-perf-source-v2/tinylsm/build/benchmark/_deps/protobuf-src/src/google/protobuf/extension_set.h:36,
                 from /home/tina.guest/tinylsm-perf-source-v2/tinylsm/build/benchmark/_deps/protobuf-src/src/google/protobuf/descriptor.h:56,
                 from /home/tina.guest/tinylsm-perf-source-v2/tinylsm/build/benchmark/_deps/protobuf-src/src/google/protobuf/compiler/code_generator.h:26,
                 from /home/tina.guest/tinylsm-perf-source-v2/tinylsm/build/benchmark/_deps/protobuf-src/src/google/protobuf/compiler/cpp/helpers.h:28,
                 from /home/tina.guest/tinylsm-perf-source-v2/tinylsm/build/benchmark/_deps/protobuf-src/src/google/protobuf/compiler/cpp/field.h:26,
                 from /home/tina.guest/tinylsm-perf-source-v2/tinylsm/build/benchmark/_deps/protobuf-src/src/google/protobuf/compiler/cpp/field.cc:12:
/home/tina.guest/tinylsm-perf-source-v2/tinylsm/build/benchmark/_deps/protobuf-src/src/google/protobuf/port.h: In function ‘void google::protobuf::internal::AssertDownCast(From*)’:
/home/tina.guest/tinylsm-perf-source-v2/tinylsm/build/benchmark/_deps/protobuf-src/src/google/protobuf/port.h:181:5: warning: testing if a concept-id is a valid expression; add ‘requires’ to check satisfaction [-Wmissing-requires]
  181 |     std::derived_from<std::remove_pointer_t<To>,
      |     ^
      |     requires 
[109/665] Building CXX object _deps/protobuf-build/CMakeFiles/libprotoc.dir/src/google/protobuf/compiler/cpp/field_generators/enum_field.cc.o
In file included from /home/tina.guest/tinylsm-perf-source-v2/tinylsm/build/benchmark/_deps/protobuf-src/src/google/protobuf/extension_set.h:36,
                 from /home/tina.guest/tinylsm-perf-source-v2/tinylsm/build/benchmark/_deps/protobuf-src/src/google/protobuf/descriptor.h:56,
                 from /home/tina.guest/tinylsm-perf-source-v2/tinylsm/build/benchmark/_deps/protobuf-src/src/google/protobuf/compiler/code_generator.h:26,
                 from /home/tina.guest/tinylsm-perf-source-v2/tinylsm/build/benchmark/_deps/protobuf-src/src/google/protobuf/compiler/cpp/helpers.h:28,
                 from /home/tina.guest/tinylsm-perf-source-v2/tinylsm/build/benchmark/_deps/protobuf-src/src/google/protobuf/compiler/cpp/field.h:26,
                 from /home/tina.guest/tinylsm-perf-source-v2/tinylsm/build/benchmark/_deps/protobuf-src/src/google/protobuf/compiler/cpp/field_generators/enum_field.cc:20:
/home/tina.guest/tinylsm-perf-source-v2/tinylsm/build/benchmark/_deps/protobuf-src/src/google/protobuf/port.h: In function ‘void google::protobuf::internal::AssertDownCast(From*)’:
/home/tina.guest/tinylsm-perf-source-v2/tinylsm/build/benchmark/_deps/protobuf-src/src/google/protobuf/port.h:181:5: warning: testing if a concept-id is a valid expression; add ‘requires’ to check satisfaction [-Wmissing-requires]
  181 |     std::derived_from<std::remove_pointer_t<To>,
      |     ^
      |     requires 
[110/665] Building CXX object _deps/protobuf-build/CMakeFiles/libprotoc.dir/src/google/protobuf/compiler/cpp/field_generators/map_field.cc.o
In file included from /home/tina.guest/tinylsm-perf-source-v2/tinylsm/build/benchmark/_deps/protobuf-src/src/google/protobuf/extension_set.h:36,
                 from /home/tina.guest/tinylsm-perf-source-v2/tinylsm/build/benchmark/_deps/protobuf-src/src/google/protobuf/descriptor.h:56,
                 from /home/tina.guest/tinylsm-perf-source-v2/tinylsm/build/benchmark/_deps/protobuf-src/src/google/protobuf/compiler/code_generator.h:26,
                 from /home/tina.guest/tinylsm-perf-source-v2/tinylsm/build/benchmark/_deps/protobuf-src/src/google/protobuf/compiler/cpp/helpers.h:28,
                 from /home/tina.guest/tinylsm-perf-source-v2/tinylsm/build/benchmark/_deps/protobuf-src/src/google/protobuf/compiler/cpp/field.h:26,
                 from /home/tina.guest/tinylsm-perf-source-v2/tinylsm/build/benchmark/_deps/protobuf-src/src/google/protobuf/compiler/cpp/field_generators/map_field.cc:16:
/home/tina.guest/tinylsm-perf-source-v2/tinylsm/build/benchmark/_deps/protobuf-src/src/google/protobuf/port.h: In function ‘void google::protobuf::internal::AssertDownCast(From*)’:
/home/tina.guest/tinylsm-perf-source-v2/tinylsm/build/benchmark/_deps/protobuf-src/src/google/protobuf/port.h:181:5: warning: testing if a concept-id is a valid expression; add ‘requires’ to check satisfaction [-Wmissing-requires]
  181 |     std::derived_from<std::remove_pointer_t<To>,
      |     ^
      |     requires 
[111/665] Building CXX object _deps/protobuf-build/CMakeFiles/libprotoc.dir/src/google/protobuf/compiler/cpp/field_generators/primitive_field.cc.o
In file included from /home/tina.guest/tinylsm-perf-source-v2/tinylsm/build/benchmark/_deps/protobuf-src/src/google/protobuf/extension_set.h:36,
                 from /home/tina.guest/tinylsm-perf-source-v2/tinylsm/build/benchmark/_deps/protobuf-src/src/google/protobuf/descriptor.h:56,
                 from /home/tina.guest/tinylsm-perf-source-v2/tinylsm/build/benchmark/_deps/protobuf-src/src/google/protobuf/compiler/code_generator.h:26,
                 from /home/tina.guest/tinylsm-perf-source-v2/tinylsm/build/benchmark/_deps/protobuf-src/src/google/protobuf/compiler/cpp/helpers.h:28,
                 from /home/tina.guest/tinylsm-perf-source-v2/tinylsm/build/benchmark/_deps/protobuf-src/src/google/protobuf/compiler/cpp/field.h:26,
                 from /home/tina.guest/tinylsm-perf-source-v2/tinylsm/build/benchmark/_deps/protobuf-src/src/google/protobuf/compiler/cpp/field_generators/primitive_field.cc:21:
/home/tina.guest/tinylsm-perf-source-v2/tinylsm/build/benchmark/_deps/protobuf-src/src/google/protobuf/port.h: In function ‘void google::protobuf::internal::AssertDownCast(From*)’:
/home/tina.guest/tinylsm-perf-source-v2/tinylsm/build/benchmark/_deps/protobuf-src/src/google/protobuf/port.h:181:5: warning: testing if a concept-id is a valid expression; add ‘requires’ to check satisfaction [-Wmissing-requires]
  181 |     std::derived_from<std::remove_pointer_t<To>,
      |     ^
      |     requires 
[112/665] Building CXX object _deps/protobuf-build/CMakeFiles/libprotoc.dir/src/google/protobuf/compiler/cpp/field_generators/string_field.cc.o
In file included from /home/tina.guest/tinylsm-perf-source-v2/tinylsm/build/benchmark/_deps/protobuf-src/src/google/protobuf/extension_set.h:36,
                 from /home/tina.guest/tinylsm-perf-source-v2/tinylsm/build/benchmark/_deps/protobuf-src/src/google/protobuf/descriptor.h:56,
                 from /home/tina.guest/tinylsm-perf-source-v2/tinylsm/build/benchmark/_deps/protobuf-src/src/google/protobuf/compiler/code_generator.h:26,
                 from /home/tina.guest/tinylsm-perf-source-v2/tinylsm/build/benchmark/_deps/protobuf-src/src/google/protobuf/compiler/cpp/helpers.h:28,
                 from /home/tina.guest/tinylsm-perf-source-v2/tinylsm/build/benchmark/_deps/protobuf-src/src/google/protobuf/compiler/cpp/field.h:26,
                 from /home/tina.guest/tinylsm-perf-source-v2/tinylsm/build/benchmark/_deps/protobuf-src/src/google/protobuf/compiler/cpp/field_generators/string_field.cc:19:
/home/tina.guest/tinylsm-perf-source-v2/tinylsm/build/benchmark/_deps/protobuf-src/src/google/protobuf/port.h: In function ‘void google::protobuf::internal::AssertDownCast(From*)’:
/home/tina.guest/tinylsm-perf-source-v2/tinylsm/build/benchmark/_deps/protobuf-src/src/google/protobuf/port.h:181:5: warning: testing if a concept-id is a valid expression; add ‘requires’ to check satisfaction [-Wmissing-requires]
  181 |     std::derived_from<std::remove_pointer_t<To>,
      |     ^
      |     requires 
[113/665] Building CXX object _deps/protobuf-build/CMakeFiles/libprotoc.dir/src/google/protobuf/compiler/cpp/field_generators/message_field.cc.o
In file included from /home/tina.guest/tinylsm-perf-source-v2/tinylsm/build/benchmark/_deps/protobuf-src/src/google/protobuf/extension_set.h:36,
                 from /home/tina.guest/tinylsm-perf-source-v2/tinylsm/build/benchmark/_deps/protobuf-src/src/google/protobuf/descriptor.h:56,
                 from /home/tina.guest/tinylsm-perf-source-v2/tinylsm/build/benchmark/_deps/protobuf-src/src/google/protobuf/compiler/code_generator.h:26,
                 from /home/tina.guest/tinylsm-perf-source-v2/tinylsm/build/benchmark/_deps/protobuf-src/src/google/protobuf/compiler/cpp/helpers.h:28,
                 from /home/tina.guest/tinylsm-perf-source-v2/tinylsm/build/benchmark/_deps/protobuf-src/src/google/protobuf/compiler/cpp/field.h:26,
                 from /home/tina.guest/tinylsm-perf-source-v2/tinylsm/build/benchmark/_deps/protobuf-src/src/google/protobuf/compiler/cpp/field_generators/message_field.cc:21:
/home/tina.guest/tinylsm-perf-source-v2/tinylsm/build/benchmark/_deps/protobuf-src/src/google/protobuf/port.h: In function ‘void google::protobuf::internal::AssertDownCast(From*)’:
/home/tina.guest/tinylsm-perf-source-v2/tinylsm/build/benchmark/_deps/protobuf-src/src/google/protobuf/port.h:181:5: warning: testing if a concept-id is a valid expression; add ‘requires’ to check satisfaction [-Wmissing-requires]
  181 |     std::derived_from<std::remove_pointer_t<To>,
      |     ^
      |     requires 
[114/665] Building CXX object _deps/protobuf-build/CMakeFiles/libprotoc.dir/src/google/protobuf/compiler/cpp/field_generators/string_view_field.cc.o
In file included from /home/tina.guest/tinylsm-perf-source-v2/tinylsm/build/benchmark/_deps/protobuf-src/src/google/protobuf/extension_set.h:36,
                 from /home/tina.guest/tinylsm-perf-source-v2/tinylsm/build/benchmark/_deps/protobuf-src/src/google/protobuf/descriptor.h:56,
                 from /home/tina.guest/tinylsm-perf-source-v2/tinylsm/build/benchmark/_deps/protobuf-src/src/google/protobuf/compiler/code_generator.h:26,
                 from /home/tina.guest/tinylsm-perf-source-v2/tinylsm/build/benchmark/_deps/protobuf-src/src/google/protobuf/compiler/cpp/helpers.h:28,
                 from /home/tina.guest/tinylsm-perf-source-v2/tinylsm/build/benchmark/_deps/protobuf-src/src/google/protobuf/compiler/cpp/field.h:26,
                 from /home/tina.guest/tinylsm-perf-source-v2/tinylsm/build/benchmark/_deps/protobuf-src/src/google/protobuf/compiler/cpp/field_generators/string_view_field.cc:19:
/home/tina.guest/tinylsm-perf-source-v2/tinylsm/build/benchmark/_deps/protobuf-src/src/google/protobuf/port.h: In function ‘void google::protobuf::internal::AssertDownCast(From*)’:
/home/tina.guest/tinylsm-perf-source-v2/tinylsm/build/benchmark/_deps/protobuf-src/src/google/protobuf/port.h:181:5: warning: testing if a concept-id is a valid expression; add ‘requires’ to check satisfaction [-Wmissing-requires]
  181 |     std::derived_from<std::remove_pointer_t<To>,
      |     ^
      |     requires 
[115/665] Building CXX object _deps/protobuf-build/CMakeFiles/libprotoc.dir/src/google/protobuf/compiler/cpp/ifndef_guard.cc.o
In file included from /home/tina.guest/tinylsm-perf-source-v2/tinylsm/build/benchmark/_deps/protobuf-src/src/google/protobuf/io/zero_copy_stream.h:89,
                 from /home/tina.guest/tinylsm-perf-source-v2/tinylsm/build/benchmark/_deps/protobuf-src/src/google/protobuf/io/zero_copy_sink.h:13,
                 from /home/tina.guest/tinylsm-perf-source-v2/tinylsm/build/benchmark/_deps/protobuf-src/src/google/protobuf/io/printer.h:36,
                 from /home/tina.guest/tinylsm-perf-source-v2/tinylsm/build/benchmark/_deps/protobuf-src/src/google/protobuf/compiler/cpp/ifndef_guard.h:33,
                 from /home/tina.guest/tinylsm-perf-source-v2/tinylsm/build/benchmark/_deps/protobuf-src/src/google/protobuf/compiler/cpp/ifndef_guard.cc:8:
/home/tina.guest/tinylsm-perf-source-v2/tinylsm/build/benchmark/_deps/protobuf-src/src/google/protobuf/port.h: In function ‘void google::protobuf::internal::AssertDownCast(From*)’:
/home/tina.guest/tinylsm-perf-source-v2/tinylsm/build/benchmark/_deps/protobuf-src/src/google/protobuf/port.h:181:5: warning: testing if a concept-id is a valid expression; add ‘requires’ to check satisfaction [-Wmissing-requires]
  181 |     std::derived_from<std::remove_pointer_t<To>,
      |     ^
      |     requires 
[116/665] Building CXX object _deps/protobuf-build/CMakeFiles/libprotoc.dir/src/google/protobuf/compiler/cpp/generator.cc.o
In file included from /home/tina.guest/tinylsm-perf-source-v2/tinylsm/build/benchmark/_deps/protobuf-src/src/google/protobuf/extension_set.h:36,
                 from /home/tina.guest/tinylsm-perf-source-v2/tinylsm/build/benchmark/_deps/protobuf-src/src/google/protobuf/descriptor.h:56,
                 from /home/tina.guest/tinylsm-perf-source-v2/tinylsm/build/benchmark/_deps/protobuf-src/src/google/protobuf/compiler/code_generator.h:26,
                 from /home/tina.guest/tinylsm-perf-source-v2/tinylsm/build/benchmark/_deps/protobuf-src/src/google/protobuf/compiler/cpp/generator.h:24,
                 from /home/tina.guest/tinylsm-perf-source-v2/tinylsm/build/benchmark/_deps/protobuf-src/src/google/protobuf/compiler/cpp/generator.cc:12:
/home/tina.guest/tinylsm-perf-source-v2/tinylsm/build/benchmark/_deps/protobuf-src/src/google/protobuf/port.h: In function ‘void google::protobuf::internal::AssertDownCast(From*)’:
/home/tina.guest/tinylsm-perf-source-v2/tinylsm/build/benchmark/_deps/protobuf-src/src/google/protobuf/port.h:181:5: warning: testing if a concept-id is a valid expression; add ‘requires’ to check satisfaction [-Wmissing-requires]
  181 |     std::derived_from<std::remove_pointer_t<To>,
      |     ^
      |     requires 
[117/665] Building CXX object _deps/protobuf-build/CMakeFiles/libprotoc.dir/src/google/protobuf/compiler/cpp/namespace_printer.cc.o
In file included from /home/tina.guest/tinylsm-perf-source-v2/tinylsm/build/benchmark/_deps/protobuf-src/src/google/protobuf/io/zero_copy_stream.h:89,
                 from /home/tina.guest/tinylsm-perf-source-v2/tinylsm/build/benchmark/_deps/protobuf-src/src/google/protobuf/io/zero_copy_sink.h:13,
                 from /home/tina.guest/tinylsm-perf-source-v2/tinylsm/build/benchmark/_deps/protobuf-src/src/google/protobuf/io/printer.h:36,
                 from /home/tina.guest/tinylsm-perf-source-v2/tinylsm/build/benchmark/_deps/protobuf-src/src/google/protobuf/compiler/cpp/namespace_printer.h:29,
                 from /home/tina.guest/tinylsm-perf-source-v2/tinylsm/build/benchmark/_deps/protobuf-src/src/google/protobuf/compiler/cpp/namespace_printer.cc:1:
/home/tina.guest/tinylsm-perf-source-v2/tinylsm/build/benchmark/_deps/protobuf-src/src/google/protobuf/port.h: In function ‘void google::protobuf::internal::AssertDownCast(From*)’:
/home/tina.guest/tinylsm-perf-source-v2/tinylsm/build/benchmark/_deps/protobuf-src/src/google/protobuf/port.h:181:5: warning: testing if a concept-id is a valid expression; add ‘requires’ to check satisfaction [-Wmissing-requires]
  181 |     std::derived_from<std::remove_pointer_t<To>,
      |     ^
      |     requires 
[118/665] Building CXX object _deps/protobuf-build/CMakeFiles/libprotoc.dir/src/google/protobuf/compiler/cpp/padding_optimizer.cc.o
In file included from /home/tina.guest/tinylsm-perf-source-v2/tinylsm/build/benchmark/_deps/protobuf-src/src/google/protobuf/extension_set.h:36,
                 from /home/tina.guest/tinylsm-perf-source-v2/tinylsm/build/benchmark/_deps/protobuf-src/src/google/protobuf/descriptor.h:56,
                 from /home/tina.guest/tinylsm-perf-source-v2/tinylsm/build/benchmark/_deps/protobuf-src/src/google/protobuf/compiler/cpp/message_layout_helper.h:16,
                 from /home/tina.guest/tinylsm-perf-source-v2/tinylsm/build/benchmark/_deps/protobuf-src/src/google/protobuf/compiler/cpp/padding_optimizer.h:15,
                 from /home/tina.guest/tinylsm-perf-source-v2/tinylsm/build/benchmark/_deps/protobuf-src/src/google/protobuf/compiler/cpp/padding_optimizer.cc:8:
/home/tina.guest/tinylsm-perf-source-v2/tinylsm/build/benchmark/_deps/protobuf-src/src/google/protobuf/port.h: In function ‘void google::protobuf::internal::AssertDownCast(From*)’:
/home/tina.guest/tinylsm-perf-source-v2/tinylsm/build/benchmark/_deps/protobuf-src/src/google/protobuf/port.h:181:5: warning: testing if a concept-id is a valid expression; add ‘requires’ to check satisfaction [-Wmissing-requires]
  181 |     std::derived_from<std::remove_pointer_t<To>,
      |     ^
      |     requires 
[119/665] Building CXX object _deps/protobuf-build/CMakeFiles/libprotoc.dir/src/google/protobuf/compiler/cpp/parse_function_generator.cc.o
In file included from /home/tina.guest/tinylsm-perf-source-v2/tinylsm/build/benchmark/_deps/protobuf-src/src/google/protobuf/extension_set.h:36,
                 from /home/tina.guest/tinylsm-perf-source-v2/tinylsm/build/benchmark/_deps/protobuf-src/src/google/protobuf/descriptor.h:56,
                 from /home/tina.guest/tinylsm-perf-source-v2/tinylsm/build/benchmark/_deps/protobuf-src/src/google/protobuf/compiler/code_generator.h:26,
                 from /home/tina.guest/tinylsm-perf-source-v2/tinylsm/build/benchmark/_deps/protobuf-src/src/google/protobuf/compiler/cpp/helpers.h:28,
                 from /home/tina.guest/tinylsm-perf-source-v2/tinylsm/build/benchmark/_deps/protobuf-src/src/google/protobuf/compiler/cpp/parse_function_generator.h:17,
                 from /home/tina.guest/tinylsm-perf-source-v2/tinylsm/build/benchmark/_deps/protobuf-src/src/google/protobuf/compiler/cpp/parse_function_generator.cc:8:
/home/tina.guest/tinylsm-perf-source-v2/tinylsm/build/benchmark/_deps/protobuf-src/src/google/protobuf/port.h: In function ‘void google::protobuf::internal::AssertDownCast(From*)’:
/home/tina.guest/tinylsm-perf-source-v2/tinylsm/build/benchmark/_deps/protobuf-src/src/google/protobuf/port.h:181:5: warning: testing if a concept-id is a valid expression; add ‘requires’ to check satisfaction [-Wmissing-requires]
  181 |     std::derived_from<std::remove_pointer_t<To>,
      |     ^
      |     requires 
[120/665] Building CXX object _deps/protobuf-build/CMakeFiles/libprotoc.dir/src/google/protobuf/compiler/cpp/service.cc.o
In file included from /home/tina.guest/tinylsm-perf-source-v2/tinylsm/build/benchmark/_deps/protobuf-src/src/google/protobuf/extension_set.h:36,
                 from /home/tina.guest/tinylsm-perf-source-v2/tinylsm/build/benchmark/_deps/protobuf-src/src/google/protobuf/descriptor.h:56,
                 from /home/tina.guest/tinylsm-perf-source-v2/tinylsm/build/benchmark/_deps/protobuf-src/src/google/protobuf/compiler/cpp/service.h:20,
                 from /home/tina.guest/tinylsm-perf-source-v2/tinylsm/build/benchmark/_deps/protobuf-src/src/google/protobuf/compiler/cpp/service.cc:12:
/home/tina.guest/tinylsm-perf-source-v2/tinylsm/build/benchmark/_deps/protobuf-src/src/google/protobuf/port.h: In function ‘void google::protobuf::internal::AssertDownCast(From*)’:
/home/tina.guest/tinylsm-perf-source-v2/tinylsm/build/benchmark/_deps/protobuf-src/src/google/protobuf/port.h:181:5: warning: testing if a concept-id is a valid expression; add ‘requires’ to check satisfaction [-Wmissing-requires]
  181 |     std::derived_from<std::remove_pointer_t<To>,
      |     ^
      |     requires 
[121/665] Building CXX object _deps/protobuf-build/CMakeFiles/libprotoc.dir/src/google/protobuf/compiler/cpp/file.cc.o
In file included from /home/tina.guest/tinylsm-perf-source-v2/tinylsm/build/benchmark/_deps/protobuf-src/src/google/protobuf/extension_set.h:36,
                 from /home/tina.guest/tinylsm-perf-source-v2/tinylsm/build/benchmark/_deps/protobuf-src/src/google/protobuf/descriptor.h:56,
                 from /home/tina.guest/tinylsm-perf-source-v2/tinylsm/build/benchmark/_deps/protobuf-src/src/google/protobuf/compiler/cpp/enum.h:18,
                 from /home/tina.guest/tinylsm-perf-source-v2/tinylsm/build/benchmark/_deps/protobuf-src/src/google/protobuf/compiler/cpp/file.h:25,
                 from /home/tina.guest/tinylsm-perf-source-v2/tinylsm/build/benchmark/_deps/protobuf-src/src/google/protobuf/compiler/cpp/file.cc:12:
/home/tina.guest/tinylsm-perf-source-v2/tinylsm/build/benchmark/_deps/protobuf-src/src/google/protobuf/port.h: In function ‘void google::protobuf::internal::AssertDownCast(From*)’:
/home/tina.guest/tinylsm-perf-source-v2/tinylsm/build/benchmark/_deps/protobuf-src/src/google/protobuf/port.h:181:5: warning: testing if a concept-id is a valid expression; add ‘requires’ to check satisfaction [-Wmissing-requires]
  181 |     std::derived_from<std::remove_pointer_t<To>,
      |     ^
      |     requires 
[122/665] Building CXX object _deps/protobuf-build/CMakeFiles/libprotoc.dir/src/google/protobuf/compiler/cpp/helpers.cc.o
In file included from /home/tina.guest/tinylsm-perf-source-v2/tinylsm/build/benchmark/_deps/protobuf-src/src/google/protobuf/extension_set.h:36,
                 from /home/tina.guest/tinylsm-perf-source-v2/tinylsm/build/benchmark/_deps/protobuf-src/src/google/protobuf/descriptor.h:56,
                 from /home/tina.guest/tinylsm-perf-source-v2/tinylsm/build/benchmark/_deps/protobuf-src/src/google/protobuf/compiler/code_generator.h:26,
                 from /home/tina.guest/tinylsm-perf-source-v2/tinylsm/build/benchmark/_deps/protobuf-src/src/google/protobuf/compiler/cpp/helpers.h:28,
                 from /home/tina.guest/tinylsm-perf-source-v2/tinylsm/build/benchmark/_deps/protobuf-src/src/google/protobuf/compiler/cpp/helpers.cc:12:
/home/tina.guest/tinylsm-perf-source-v2/tinylsm/build/benchmark/_deps/protobuf-src/src/google/protobuf/port.h: In function ‘void google::protobuf::internal::AssertDownCast(From*)’:
/home/tina.guest/tinylsm-perf-source-v2/tinylsm/build/benchmark/_deps/protobuf-src/src/google/protobuf/port.h:181:5: warning: testing if a concept-id is a valid expression; add ‘requires’ to check satisfaction [-Wmissing-requires]
  181 |     std::derived_from<std::remove_pointer_t<To>,
      |     ^
      |     requires 
[123/665] Building CXX object _deps/protobuf-build/CMakeFiles/libprotoc.dir/src/google/protobuf/compiler/cpp/tracker.cc.o
In file included from /home/tina.guest/tinylsm-perf-source-v2/tinylsm/build/benchmark/_deps/protobuf-src/src/google/protobuf/extension_set.h:36,
                 from /home/tina.guest/tinylsm-perf-source-v2/tinylsm/build/benchmark/_deps/protobuf-src/src/google/protobuf/descriptor.h:56,
                 from /home/tina.guest/tinylsm-perf-source-v2/tinylsm/build/benchmark/_deps/protobuf-src/src/google/protobuf/compiler/cpp/tracker.h:14,
                 from /home/tina.guest/tinylsm-perf-source-v2/tinylsm/build/benchmark/_deps/protobuf-src/src/google/protobuf/compiler/cpp/tracker.cc:8:
/home/tina.guest/tinylsm-perf-source-v2/tinylsm/build/benchmark/_deps/protobuf-src/src/google/protobuf/port.h: In function ‘void google::protobuf::internal::AssertDownCast(From*)’:
/home/tina.guest/tinylsm-perf-source-v2/tinylsm/build/benchmark/_deps/protobuf-src/src/google/protobuf/port.h:181:5: warning: testing if a concept-id is a valid expression; add ‘requires’ to check satisfaction [-Wmissing-requires]
  181 |     std::derived_from<std::remove_pointer_t<To>,
      |     ^
      |     requires 
[124/665] Building CXX object _deps/protobuf-build/CMakeFiles/libprotoc.dir/src/google/protobuf/compiler/csharp/csharp_doc_comment.cc.o
In file included from /home/tina.guest/tinylsm-perf-source-v2/tinylsm/build/benchmark/_deps/protobuf-src/src/google/protobuf/extension_set.h:36,
                 from /home/tina.guest/tinylsm-perf-source-v2/tinylsm/build/benchmark/_deps/protobuf-src/src/google/protobuf/descriptor.h:56,
                 from /home/tina.guest/tinylsm-perf-source-v2/tinylsm/build/benchmark/_deps/protobuf-src/src/google/protobuf/compiler/csharp/csharp_doc_comment.h:13,
                 from /home/tina.guest/tinylsm-perf-source-v2/tinylsm/build/benchmark/_deps/protobuf-src/src/google/protobuf/compiler/csharp/csharp_doc_comment.cc:11:
/home/tina.guest/tinylsm-perf-source-v2/tinylsm/build/benchmark/_deps/protobuf-src/src/google/protobuf/port.h: In function ‘void google::protobuf::internal::AssertDownCast(From*)’:
/home/tina.guest/tinylsm-perf-source-v2/tinylsm/build/benchmark/_deps/protobuf-src/src/google/protobuf/port.h:181:5: warning: testing if a concept-id is a valid expression; add ‘requires’ to check satisfaction [-Wmissing-requires]
  181 |     std::derived_from<std::remove_pointer_t<To>,
      |     ^
      |     requires 
[125/665] Building CXX object _deps/protobuf-build/CMakeFiles/libprotoc.dir/src/google/protobuf/compiler/csharp/csharp_enum.cc.o
In file included from /home/tina.guest/tinylsm-perf-source-v2/tinylsm/build/benchmark/_deps/protobuf-src/src/google/protobuf/extension_set.h:36,
                 from /home/tina.guest/tinylsm-perf-source-v2/tinylsm/build/benchmark/_deps/protobuf-src/src/google/protobuf/descriptor.h:56,
                 from /home/tina.guest/tinylsm-perf-source-v2/tinylsm/build/benchmark/_deps/protobuf-src/src/google/protobuf/compiler/code_generator.h:26,
                 from /home/tina.guest/tinylsm-perf-source-v2/tinylsm/build/benchmark/_deps/protobuf-src/src/google/protobuf/compiler/csharp/csharp_enum.h:13,
                 from /home/tina.guest/tinylsm-perf-source-v2/tinylsm/build/benchmark/_deps/protobuf-src/src/google/protobuf/compiler/csharp/csharp_enum.cc:8:
/home/tina.guest/tinylsm-perf-source-v2/tinylsm/build/benchmark/_deps/protobuf-src/src/google/protobuf/port.h: In function ‘void google::protobuf::internal::AssertDownCast(From*)’:
/home/tina.guest/tinylsm-perf-source-v2/tinylsm/build/benchmark/_deps/protobuf-src/src/google/protobuf/port.h:181:5: warning: testing if a concept-id is a valid expression; add ‘requires’ to check satisfaction [-Wmissing-requires]
  181 |     std::derived_from<std::remove_pointer_t<To>,
      |     ^
      |     requires 
[126/665] Building CXX object _deps/protobuf-build/CMakeFiles/libprotoc.dir/src/google/protobuf/compiler/csharp/csharp_enum_field.cc.o
In file included from /home/tina.guest/tinylsm-perf-source-v2/tinylsm/build/benchmark/_deps/protobuf-src/src/google/protobuf/extension_set.h:36,
                 from /home/tina.guest/tinylsm-perf-source-v2/tinylsm/build/benchmark/_deps/protobuf-src/src/google/protobuf/descriptor.h:56,
                 from /home/tina.guest/tinylsm-perf-source-v2/tinylsm/build/benchmark/_deps/protobuf-src/src/google/protobuf/compiler/code_generator.h:26,
                 from /home/tina.guest/tinylsm-perf-source-v2/tinylsm/build/benchmark/_deps/protobuf-src/src/google/protobuf/compiler/csharp/csharp_enum_field.h:11,
                 from /home/tina.guest/tinylsm-perf-source-v2/tinylsm/build/benchmark/_deps/protobuf-src/src/google/protobuf/compiler/csharp/csharp_enum_field.cc:8:
/home/tina.guest/tinylsm-perf-source-v2/tinylsm/build/benchmark/_deps/protobuf-src/src/google/protobuf/port.h: In function ‘void google::protobuf::internal::AssertDownCast(From*)’:
/home/tina.guest/tinylsm-perf-source-v2/tinylsm/build/benchmark/_deps/protobuf-src/src/google/protobuf/port.h:181:5: warning: testing if a concept-id is a valid expression; add ‘requires’ to check satisfaction [-Wmissing-requires]
  181 |     std::derived_from<std::remove_pointer_t<To>,
      |     ^
      |     requires 
[127/665] Building CXX object _deps/protobuf-build/CMakeFiles/libprotoc.dir/src/google/protobuf/compiler/csharp/csharp_helpers.cc.o
In file included from /home/tina.guest/tinylsm-perf-source-v2/tinylsm/build/benchmark/_deps/protobuf-src/src/google/protobuf/extension_set.h:36,
                 from /home/tina.guest/tinylsm-perf-source-v2/tinylsm/build/benchmark/_deps/protobuf-src/src/google/protobuf/descriptor.h:56,
                 from /home/tina.guest/tinylsm-perf-source-v2/tinylsm/build/benchmark/_deps/protobuf-src/src/google/protobuf/compiler/code_generator.h:26,
                 from /home/tina.guest/tinylsm-perf-source-v2/tinylsm/build/benchmark/_deps/protobuf-src/src/google/protobuf/compiler/csharp/csharp_helpers.h:17,
                 from /home/tina.guest/tinylsm-perf-source-v2/tinylsm/build/benchmark/_deps/protobuf-src/src/google/protobuf/compiler/csharp/csharp_helpers.cc:12:
/home/tina.guest/tinylsm-perf-source-v2/tinylsm/build/benchmark/_deps/protobuf-src/src/google/protobuf/port.h: In function ‘void google::protobuf::internal::AssertDownCast(From*)’:
/home/tina.guest/tinylsm-perf-source-v2/tinylsm/build/benchmark/_deps/protobuf-src/src/google/protobuf/port.h:181:5: warning: testing if a concept-id is a valid expression; add ‘requires’ to check satisfaction [-Wmissing-requires]
  181 |     std::derived_from<std::remove_pointer_t<To>,
      |     ^
      |     requires 
[128/665] Building CXX object _deps/protobuf-build/CMakeFiles/libprotoc.dir/src/google/protobuf/compiler/csharp/csharp_field_base.cc.o
In file included from /home/tina.guest/tinylsm-perf-source-v2/tinylsm/build/benchmark/_deps/protobuf-src/src/google/protobuf/extension_set.h:36,
                 from /home/tina.guest/tinylsm-perf-source-v2/tinylsm/build/benchmark/_deps/protobuf-src/src/google/protobuf/descriptor.h:56,
                 from /home/tina.guest/tinylsm-perf-source-v2/tinylsm/build/benchmark/_deps/protobuf-src/src/google/protobuf/compiler/code_generator.h:26,
                 from /home/tina.guest/tinylsm-perf-source-v2/tinylsm/build/benchmark/_deps/protobuf-src/src/google/protobuf/compiler/csharp/csharp_field_base.h:13,
                 from /home/tina.guest/tinylsm-perf-source-v2/tinylsm/build/benchmark/_deps/protobuf-src/src/google/protobuf/compiler/csharp/csharp_field_base.cc:8:
/home/tina.guest/tinylsm-perf-source-v2/tinylsm/build/benchmark/_deps/protobuf-src/src/google/protobuf/port.h: In function ‘void google::protobuf::internal::AssertDownCast(From*)’:
/home/tina.guest/tinylsm-perf-source-v2/tinylsm/build/benchmark/_deps/protobuf-src/src/google/protobuf/port.h:181:5: warning: testing if a concept-id is a valid expression; add ‘requires’ to check satisfaction [-Wmissing-requires]
  181 |     std::derived_from<std::remove_pointer_t<To>,
      |     ^
      |     requires 
[129/665] Building CXX object _deps/protobuf-build/CMakeFiles/libprotoc.dir/src/google/protobuf/compiler/csharp/csharp_map_field.cc.o
In file included from /home/tina.guest/tinylsm-perf-source-v2/tinylsm/build/benchmark/_deps/protobuf-src/src/google/protobuf/extension_set.h:36,
                 from /home/tina.guest/tinylsm-perf-source-v2/tinylsm/build/benchmark/_deps/protobuf-src/src/google/protobuf/descriptor.h:56,
                 from /home/tina.guest/tinylsm-perf-source-v2/tinylsm/build/benchmark/_deps/protobuf-src/src/google/protobuf/compiler/code_generator.h:26,
                 from /home/tina.guest/tinylsm-perf-source-v2/tinylsm/build/benchmark/_deps/protobuf-src/src/google/protobuf/compiler/csharp/csharp_map_field.h:11,
                 from /home/tina.guest/tinylsm-perf-source-v2/tinylsm/build/benchmark/_deps/protobuf-src/src/google/protobuf/compiler/csharp/csharp_map_field.cc:8:
/home/tina.guest/tinylsm-perf-source-v2/tinylsm/build/benchmark/_deps/protobuf-src/src/google/protobuf/port.h: In function ‘void google::protobuf::internal::AssertDownCast(From*)’:
/home/tina.guest/tinylsm-perf-source-v2/tinylsm/build/benchmark/_deps/protobuf-src/src/google/protobuf/port.h:181:5: warning: testing if a concept-id is a valid expression; add ‘requires’ to check satisfaction [-Wmissing-requires]
  181 |     std::derived_from<std::remove_pointer_t<To>,
      |     ^
      |     requires 
[130/665] Building CXX object _deps/protobuf-build/CMakeFiles/libprotoc.dir/src/google/protobuf/compiler/csharp/csharp_generator.cc.o
In file included from /home/tina.guest/tinylsm-perf-source-v2/tinylsm/build/benchmark/_deps/protobuf-src/src/google/protobuf/extension_set.h:36,
                 from /home/tina.guest/tinylsm-perf-source-v2/tinylsm/build/benchmark/_deps/protobuf-src/src/google/protobuf/descriptor.h:56,
                 from /home/tina.guest/tinylsm-perf-source-v2/tinylsm/build/benchmark/_deps/protobuf-src/src/google/protobuf/compiler/code_generator.h:26,
                 from /home/tina.guest/tinylsm-perf-source-v2/tinylsm/build/benchmark/_deps/protobuf-src/src/google/protobuf/compiler/csharp/csharp_generator.h:15,
                 from /home/tina.guest/tinylsm-perf-source-v2/tinylsm/build/benchmark/_deps/protobuf-src/src/google/protobuf/compiler/csharp/csharp_generator.cc:8:
/home/tina.guest/tinylsm-perf-source-v2/tinylsm/build/benchmark/_deps/protobuf-src/src/google/protobuf/port.h: In function ‘void google::protobuf::internal::AssertDownCast(From*)’:
/home/tina.guest/tinylsm-perf-source-v2/tinylsm/build/benchmark/_deps/protobuf-src/src/google/protobuf/port.h:181:5: warning: testing if a concept-id is a valid expression; add ‘requires’ to check satisfaction [-Wmissing-requires]
  181 |     std::derived_from<std::remove_pointer_t<To>,
      |     ^
      |     requires 
[131/665] Building CXX object _deps/protobuf-build/CMakeFiles/libprotoc.dir/src/google/protobuf/compiler/csharp/csharp_message.cc.o
In file included from /home/tina.guest/tinylsm-perf-source-v2/tinylsm/build/benchmark/_deps/protobuf-src/src/google/protobuf/extension_set.h:36,
                 from /home/tina.guest/tinylsm-perf-source-v2/tinylsm/build/benchmark/_deps/protobuf-src/src/google/protobuf/descriptor.h:56,
                 from /home/tina.guest/tinylsm-perf-source-v2/tinylsm/build/benchmark/_deps/protobuf-src/src/google/protobuf/compiler/code_generator.h:26,
                 from /home/tina.guest/tinylsm-perf-source-v2/tinylsm/build/benchmark/_deps/protobuf-src/src/google/protobuf/compiler/csharp/csharp_message.h:14,
                 from /home/tina.guest/tinylsm-perf-source-v2/tinylsm/build/benchmark/_deps/protobuf-src/src/google/protobuf/compiler/csharp/csharp_message.cc:8:
/home/tina.guest/tinylsm-perf-source-v2/tinylsm/build/benchmark/_deps/protobuf-src/src/google/protobuf/port.h: In function ‘void google::protobuf::internal::AssertDownCast(From*)’:
/home/tina.guest/tinylsm-perf-source-v2/tinylsm/build/benchmark/_deps/protobuf-src/src/google/protobuf/port.h:181:5: warning: testing if a concept-id is a valid expression; add ‘requires’ to check satisfaction [-Wmissing-requires]
  181 |     std::derived_from<std::remove_pointer_t<To>,
      |     ^
      |     requires 
[132/665] Building CXX object _deps/protobuf-build/CMakeFiles/libprotoc.dir/src/google/protobuf/compiler/cpp/message.cc.o
In file included from /home/tina.guest/tinylsm-perf-source-v2/tinylsm/build/benchmark/_deps/protobuf-src/src/google/protobuf/extension_set.h:36,
                 from /home/tina.guest/tinylsm-perf-source-v2/tinylsm/build/benchmark/_deps/protobuf-src/src/google/protobuf/descriptor.h:56,
                 from /home/tina.guest/tinylsm-perf-source-v2/tinylsm/build/benchmark/_deps/protobuf-src/src/google/protobuf/compiler/cpp/enum.h:18,
                 from /home/tina.guest/tinylsm-perf-source-v2/tinylsm/build/benchmark/_deps/protobuf-src/src/google/protobuf/compiler/cpp/message.h:24,
                 from /home/tina.guest/tinylsm-perf-source-v2/tinylsm/build/benchmark/_deps/protobuf-src/src/google/protobuf/compiler/cpp/message.cc:12:
/home/tina.guest/tinylsm-perf-source-v2/tinylsm/build/benchmark/_deps/protobuf-src/src/google/protobuf/port.h: In function ‘void google::protobuf::internal::AssertDownCast(From*)’:
/home/tina.guest/tinylsm-perf-source-v2/tinylsm/build/benchmark/_deps/protobuf-src/src/google/protobuf/port.h:181:5: warning: testing if a concept-id is a valid expression; add ‘requires’ to check satisfaction [-Wmissing-requires]
  181 |     std::derived_from<std::remove_pointer_t<To>,
      |     ^
      |     requires 
[133/665] Building CXX object _deps/protobuf-build/CMakeFiles/libprotoc.dir/src/google/protobuf/compiler/csharp/csharp_repeated_enum_field.cc.o
In file included from /home/tina.guest/tinylsm-perf-source-v2/tinylsm/build/benchmark/_deps/protobuf-src/src/google/protobuf/extension_set.h:36,
                 from /home/tina.guest/tinylsm-perf-source-v2/tinylsm/build/benchmark/_deps/protobuf-src/src/google/protobuf/descriptor.h:56,
                 from /home/tina.guest/tinylsm-perf-source-v2/tinylsm/build/benchmark/_deps/protobuf-src/src/google/protobuf/compiler/code_generator.h:26,
                 from /home/tina.guest/tinylsm-perf-source-v2/tinylsm/build/benchmark/_deps/protobuf-src/src/google/protobuf/compiler/csharp/csharp_repeated_enum_field.h:11,
                 from /home/tina.guest/tinylsm-perf-source-v2/tinylsm/build/benchmark/_deps/protobuf-src/src/google/protobuf/compiler/csharp/csharp_repeated_enum_field.cc:8:
/home/tina.guest/tinylsm-perf-source-v2/tinylsm/build/benchmark/_deps/protobuf-src/src/google/protobuf/port.h: In function ‘void google::protobuf::internal::AssertDownCast(From*)’:
/home/tina.guest/tinylsm-perf-source-v2/tinylsm/build/benchmark/_deps/protobuf-src/src/google/protobuf/port.h:181:5: warning: testing if a concept-id is a valid expression; add ‘requires’ to check satisfaction [-Wmissing-requires]
  181 |     std::derived_from<std::remove_pointer_t<To>,
      |     ^
      |     requires 
[134/665] Building CXX object _deps/protobuf-build/CMakeFiles/libprotoc.dir/src/google/protobuf/compiler/csharp/csharp_primitive_field.cc.o
In file included from /home/tina.guest/tinylsm-perf-source-v2/tinylsm/build/benchmark/_deps/protobuf-src/src/google/protobuf/extension_set.h:36,
                 from /home/tina.guest/tinylsm-perf-source-v2/tinylsm/build/benchmark/_deps/protobuf-src/src/google/protobuf/descriptor.h:56,
                 from /home/tina.guest/tinylsm-perf-source-v2/tinylsm/build/benchmark/_deps/protobuf-src/src/google/protobuf/compiler/code_generator.h:26,
                 from /home/tina.guest/tinylsm-perf-source-v2/tinylsm/build/benchmark/_deps/protobuf-src/src/google/protobuf/compiler/csharp/csharp_primitive_field.h:11,
                 from /home/tina.guest/tinylsm-perf-source-v2/tinylsm/build/benchmark/_deps/protobuf-src/src/google/protobuf/compiler/csharp/csharp_primitive_field.cc:8:
/home/tina.guest/tinylsm-perf-source-v2/tinylsm/build/benchmark/_deps/protobuf-src/src/google/protobuf/port.h: In function ‘void google::protobuf::internal::AssertDownCast(From*)’:
/home/tina.guest/tinylsm-perf-source-v2/tinylsm/build/benchmark/_deps/protobuf-src/src/google/protobuf/port.h:181:5: warning: testing if a concept-id is a valid expression; add ‘requires’ to check satisfaction [-Wmissing-requires]
  181 |     std::derived_from<std::remove_pointer_t<To>,
      |     ^
      |     requires 
[135/665] Building CXX object _deps/protobuf-build/CMakeFiles/libprotoc.dir/src/google/protobuf/compiler/csharp/csharp_reflection_class.cc.o
In file included from /home/tina.guest/tinylsm-perf-source-v2/tinylsm/build/benchmark/_deps/protobuf-src/src/google/protobuf/extension_set.h:36,
                 from /home/tina.guest/tinylsm-perf-source-v2/tinylsm/build/benchmark/_deps/protobuf-src/src/google/protobuf/descriptor.h:56,
                 from /home/tina.guest/tinylsm-perf-source-v2/tinylsm/build/benchmark/_deps/protobuf-src/src/google/protobuf/compiler/code_generator.h:26,
                 from /home/tina.guest/tinylsm-perf-source-v2/tinylsm/build/benchmark/_deps/protobuf-src/src/google/protobuf/compiler/csharp/csharp_reflection_class.h:13,
                 from /home/tina.guest/tinylsm-perf-source-v2/tinylsm/build/benchmark/_deps/protobuf-src/src/google/protobuf/compiler/csharp/csharp_reflection_class.cc:8:
/home/tina.guest/tinylsm-perf-source-v2/tinylsm/build/benchmark/_deps/protobuf-src/src/google/protobuf/port.h: In function ‘void google::protobuf::internal::AssertDownCast(From*)’:
/home/tina.guest/tinylsm-perf-source-v2/tinylsm/build/benchmark/_deps/protobuf-src/src/google/protobuf/port.h:181:5: warning: testing if a concept-id is a valid expression; add ‘requires’ to check satisfaction [-Wmissing-requires]
  181 |     std::derived_from<std::remove_pointer_t<To>,
      |     ^
      |     requires 
[136/665] Building CXX object _deps/protobuf-build/CMakeFiles/libprotoc.dir/src/google/protobuf/compiler/csharp/csharp_message_field.cc.o
In file included from /home/tina.guest/tinylsm-perf-source-v2/tinylsm/build/benchmark/_deps/protobuf-src/src/google/protobuf/extension_set.h:36,
                 from /home/tina.guest/tinylsm-perf-source-v2/tinylsm/build/benchmark/_deps/protobuf-src/src/google/protobuf/descriptor.h:56,
                 from /home/tina.guest/tinylsm-perf-source-v2/tinylsm/build/benchmark/_deps/protobuf-src/src/google/protobuf/compiler/code_generator.h:26,
                 from /home/tina.guest/tinylsm-perf-source-v2/tinylsm/build/benchmark/_deps/protobuf-src/src/google/protobuf/compiler/csharp/csharp_message_field.h:11,
                 from /home/tina.guest/tinylsm-perf-source-v2/tinylsm/build/benchmark/_deps/protobuf-src/src/google/protobuf/compiler/csharp/csharp_message_field.cc:8:
/home/tina.guest/tinylsm-perf-source-v2/tinylsm/build/benchmark/_deps/protobuf-src/src/google/protobuf/port.h: In function ‘void google::protobuf::internal::AssertDownCast(From*)’:
/home/tina.guest/tinylsm-perf-source-v2/tinylsm/build/benchmark/_deps/protobuf-src/src/google/protobuf/port.h:181:5: warning: testing if a concept-id is a valid expression; add ‘requires’ to check satisfaction [-Wmissing-requires]
  181 |     std::derived_from<std::remove_pointer_t<To>,
      |     ^
      |     requires 
[137/665] Building CXX object _deps/protobuf-build/CMakeFiles/libprotoc.dir/src/google/protobuf/compiler/csharp/csharp_repeated_message_field.cc.o
In file included from /home/tina.guest/tinylsm-perf-source-v2/tinylsm/build/benchmark/_deps/protobuf-src/src/google/protobuf/extension_set.h:36,
                 from /home/tina.guest/tinylsm-perf-source-v2/tinylsm/build/benchmark/_deps/protobuf-src/src/google/protobuf/descriptor.h:56,
                 from /home/tina.guest/tinylsm-perf-source-v2/tinylsm/build/benchmark/_deps/protobuf-src/src/google/protobuf/compiler/code_generator.h:26,
                 from /home/tina.guest/tinylsm-perf-source-v2/tinylsm/build/benchmark/_deps/protobuf-src/src/google/protobuf/compiler/csharp/csharp_repeated_message_field.h:11,
                 from /home/tina.guest/tinylsm-perf-source-v2/tinylsm/build/benchmark/_deps/protobuf-src/src/google/protobuf/compiler/csharp/csharp_repeated_message_field.cc:8:
/home/tina.guest/tinylsm-perf-source-v2/tinylsm/build/benchmark/_deps/protobuf-src/src/google/protobuf/port.h: In function ‘void google::protobuf::internal::AssertDownCast(From*)’:
/home/tina.guest/tinylsm-perf-source-v2/tinylsm/build/benchmark/_deps/protobuf-src/src/google/protobuf/port.h:181:5: warning: testing if a concept-id is a valid expression; add ‘requires’ to check satisfaction [-Wmissing-requires]
  181 |     std::derived_from<std::remove_pointer_t<To>,
      |     ^
      |     requires 
[138/665] Building CXX object _deps/protobuf-build/CMakeFiles/libprotoc.dir/src/google/protobuf/compiler/csharp/csharp_source_generator_base.cc.o
In file included from /home/tina.guest/tinylsm-perf-source-v2/tinylsm/build/benchmark/_deps/protobuf-src/src/google/protobuf/extension_set.h:36,
                 from /home/tina.guest/tinylsm-perf-source-v2/tinylsm/build/benchmark/_deps/protobuf-src/src/google/protobuf/descriptor.h:56,
                 from /home/tina.guest/tinylsm-perf-source-v2/tinylsm/build/benchmark/_deps/protobuf-src/src/google/protobuf/compiler/code_generator.h:26,
                 from /home/tina.guest/tinylsm-perf-source-v2/tinylsm/build/benchmark/_deps/protobuf-src/src/google/protobuf/compiler/csharp/csharp_source_generator_base.h:13,
                 from /home/tina.guest/tinylsm-perf-source-v2/tinylsm/build/benchmark/_deps/protobuf-src/src/google/protobuf/compiler/csharp/csharp_source_generator_base.cc:8:
/home/tina.guest/tinylsm-perf-source-v2/tinylsm/build/benchmark/_deps/protobuf-src/src/google/protobuf/port.h: In function ‘void google::protobuf::internal::AssertDownCast(From*)’:
/home/tina.guest/tinylsm-perf-source-v2/tinylsm/build/benchmark/_deps/protobuf-src/src/google/protobuf/port.h:181:5: warning: testing if a concept-id is a valid expression; add ‘requires’ to check satisfaction [-Wmissing-requires]
  181 |     std::derived_from<std::remove_pointer_t<To>,
      |     ^
      |     requires 
[139/665] Building CXX object _deps/protobuf-build/CMakeFiles/libprotoc.dir/src/google/protobuf/compiler/csharp/csharp_repeated_primitive_field.cc.o
In file included from /home/tina.guest/tinylsm-perf-source-v2/tinylsm/build/benchmark/_deps/protobuf-src/src/google/protobuf/extension_set.h:36,
                 from /home/tina.guest/tinylsm-perf-source-v2/tinylsm/build/benchmark/_deps/protobuf-src/src/google/protobuf/descriptor.h:56,
                 from /home/tina.guest/tinylsm-perf-source-v2/tinylsm/build/benchmark/_deps/protobuf-src/src/google/protobuf/compiler/code_generator.h:26,
                 from /home/tina.guest/tinylsm-perf-source-v2/tinylsm/build/benchmark/_deps/protobuf-src/src/google/protobuf/compiler/csharp/csharp_repeated_primitive_field.h:11,
                 from /home/tina.guest/tinylsm-perf-source-v2/tinylsm/build/benchmark/_deps/protobuf-src/src/google/protobuf/compiler/csharp/csharp_repeated_primitive_field.cc:8:
/home/tina.guest/tinylsm-perf-source-v2/tinylsm/build/benchmark/_deps/protobuf-src/src/google/protobuf/port.h: In function ‘void google::protobuf::internal::AssertDownCast(From*)’:
/home/tina.guest/tinylsm-perf-source-v2/tinylsm/build/benchmark/_deps/protobuf-src/src/google/protobuf/port.h:181:5: warning: testing if a concept-id is a valid expression; add ‘requires’ to check satisfaction [-Wmissing-requires]
  181 |     std::derived_from<std::remove_pointer_t<To>,
      |     ^
      |     requires 
[140/665] Building CXX object _deps/protobuf-build/CMakeFiles/libprotoc.dir/src/google/protobuf/compiler/csharp/names.cc.o
In file included from /home/tina.guest/tinylsm-perf-source-v2/tinylsm/build/benchmark/_deps/protobuf-src/src/google/protobuf/arena.h:38,
                 from /home/tina.guest/tinylsm-perf-source-v2/tinylsm/build/benchmark/_deps/protobuf-src/src/google/protobuf/descriptor.pb.h:21,
                 from /home/tina.guest/tinylsm-perf-source-v2/tinylsm/build/benchmark/_deps/protobuf-src/src/google/protobuf/compiler/csharp/names.cc:21:
/home/tina.guest/tinylsm-perf-source-v2/tinylsm/build/benchmark/_deps/protobuf-src/src/google/protobuf/port.h: In function ‘void google::protobuf::internal::AssertDownCast(From*)’:
/home/tina.guest/tinylsm-perf-source-v2/tinylsm/build/benchmark/_deps/protobuf-src/src/google/protobuf/port.h:181:5: warning: testing if a concept-id is a valid expression; add ‘requires’ to check satisfaction [-Wmissing-requires]
  181 |     std::derived_from<std::remove_pointer_t<To>,
      |     ^
      |     requires 
[141/665] Building CXX object _deps/protobuf-build/CMakeFiles/libprotoc.dir/src/google/protobuf/compiler/csharp/csharp_wrapper_field.cc.o
In file included from /home/tina.guest/tinylsm-perf-source-v2/tinylsm/build/benchmark/_deps/protobuf-src/src/google/protobuf/extension_set.h:36,
                 from /home/tina.guest/tinylsm-perf-source-v2/tinylsm/build/benchmark/_deps/protobuf-src/src/google/protobuf/descriptor.h:56,
                 from /home/tina.guest/tinylsm-perf-source-v2/tinylsm/build/benchmark/_deps/protobuf-src/src/google/protobuf/compiler/code_generator.h:26,
                 from /home/tina.guest/tinylsm-perf-source-v2/tinylsm/build/benchmark/_deps/protobuf-src/src/google/protobuf/compiler/csharp/csharp_wrapper_field.h:11,
                 from /home/tina.guest/tinylsm-perf-source-v2/tinylsm/build/benchmark/_deps/protobuf-src/src/google/protobuf/compiler/csharp/csharp_wrapper_field.cc:8:
/home/tina.guest/tinylsm-perf-source-v2/tinylsm/build/benchmark/_deps/protobuf-src/src/google/protobuf/port.h: In function ‘void google::protobuf::internal::AssertDownCast(From*)’:
/home/tina.guest/tinylsm-perf-source-v2/tinylsm/build/benchmark/_deps/protobuf-src/src/google/protobuf/port.h:181:5: warning: testing if a concept-id is a valid expression; add ‘requires’ to check satisfaction [-Wmissing-requires]
  181 |     std::derived_from<std::remove_pointer_t<To>,
      |     ^
      |     requires 
[142/665] Building CXX object _deps/protobuf-build/CMakeFiles/libprotoc.dir/src/google/protobuf/compiler/java/context.cc.o
In file included from /home/tina.guest/tinylsm-perf-source-v2/tinylsm/build/benchmark/_deps/protobuf-src/src/google/protobuf/compiler/java/options.h:13,
                 from /home/tina.guest/tinylsm-perf-source-v2/tinylsm/build/benchmark/_deps/protobuf-src/src/google/protobuf/compiler/java/names.h:21,
                 from /home/tina.guest/tinylsm-perf-source-v2/tinylsm/build/benchmark/_deps/protobuf-src/src/google/protobuf/compiler/java/helpers.h:19,
                 from /home/tina.guest/tinylsm-perf-source-v2/tinylsm/build/benchmark/_deps/protobuf-src/src/google/protobuf/compiler/java/context.h:15,
                 from /home/tina.guest/tinylsm-perf-source-v2/tinylsm/build/benchmark/_deps/protobuf-src/src/google/protobuf/compiler/java/context.cc:8:
/home/tina.guest/tinylsm-perf-source-v2/tinylsm/build/benchmark/_deps/protobuf-src/src/google/protobuf/port.h: In function ‘void google::protobuf::internal::AssertDownCast(From*)’:
/home/tina.guest/tinylsm-perf-source-v2/tinylsm/build/benchmark/_deps/protobuf-src/src/google/protobuf/port.h:181:5: warning: testing if a concept-id is a valid expression; add ‘requires’ to check satisfaction [-Wmissing-requires]
  181 |     std::derived_from<std::remove_pointer_t<To>,
      |     ^
      |     requires 
[143/665] Building CXX object _deps/protobuf-build/CMakeFiles/libprotoc.dir/src/google/protobuf/compiler/java/doc_comment.cc.o
In file included from /home/tina.guest/tinylsm-perf-source-v2/tinylsm/build/benchmark/_deps/protobuf-src/src/google/protobuf/compiler/java/options.h:13,
                 from /home/tina.guest/tinylsm-perf-source-v2/tinylsm/build/benchmark/_deps/protobuf-src/src/google/protobuf/compiler/java/doc_comment.h:16,
                 from /home/tina.guest/tinylsm-perf-source-v2/tinylsm/build/benchmark/_deps/protobuf-src/src/google/protobuf/compiler/java/doc_comment.cc:12:
/home/tina.guest/tinylsm-perf-source-v2/tinylsm/build/benchmark/_deps/protobuf-src/src/google/protobuf/port.h: In function ‘void google::protobuf::internal::AssertDownCast(From*)’:
/home/tina.guest/tinylsm-perf-source-v2/tinylsm/build/benchmark/_deps/protobuf-src/src/google/protobuf/port.h:181:5: warning: testing if a concept-id is a valid expression; add ‘requires’ to check satisfaction [-Wmissing-requires]
  181 |     std::derived_from<std::remove_pointer_t<To>,
      |     ^
      |     requires 
[144/665] Building CXX object _deps/protobuf-build/CMakeFiles/libprotoc.dir/src/google/protobuf/compiler/java/field_common.cc.o
In file included from /home/tina.guest/tinylsm-perf-source-v2/tinylsm/build/benchmark/_deps/protobuf-src/src/google/protobuf/compiler/java/options.h:13,
                 from /home/tina.guest/tinylsm-perf-source-v2/tinylsm/build/benchmark/_deps/protobuf-src/src/google/protobuf/compiler/java/field_common.h:6,
                 from /home/tina.guest/tinylsm-perf-source-v2/tinylsm/build/benchmark/_deps/protobuf-src/src/google/protobuf/compiler/java/field_common.cc:1:
/home/tina.guest/tinylsm-perf-source-v2/tinylsm/build/benchmark/_deps/protobuf-src/src/google/protobuf/port.h: In function ‘void google::protobuf::internal::AssertDownCast(From*)’:
/home/tina.guest/tinylsm-perf-source-v2/tinylsm/build/benchmark/_deps/protobuf-src/src/google/protobuf/port.h:181:5: warning: testing if a concept-id is a valid expression; add ‘requires’ to check satisfaction [-Wmissing-requires]
  181 |     std::derived_from<std::remove_pointer_t<To>,
      |     ^
      |     requires 
[145/665] Building CXX object _deps/protobuf-build/CMakeFiles/libprotoc.dir/src/google/protobuf/compiler/java/full/enum.cc.o
In file included from /home/tina.guest/tinylsm-perf-source-v2/tinylsm/build/benchmark/_deps/protobuf-src/src/google/protobuf/compiler/java/options.h:13,
                 from /home/tina.guest/tinylsm-perf-source-v2/tinylsm/build/benchmark/_deps/protobuf-src/src/google/protobuf/compiler/java/names.h:21,
                 from /home/tina.guest/tinylsm-perf-source-v2/tinylsm/build/benchmark/_deps/protobuf-src/src/google/protobuf/compiler/java/helpers.h:19,
                 from /home/tina.guest/tinylsm-perf-source-v2/tinylsm/build/benchmark/_deps/protobuf-src/src/google/protobuf/compiler/java/context.h:15,
                 from /home/tina.guest/tinylsm-perf-source-v2/tinylsm/build/benchmark/_deps/protobuf-src/src/google/protobuf/compiler/java/generator_factory.h:19,
                 from /home/tina.guest/tinylsm-perf-source-v2/tinylsm/build/benchmark/_deps/protobuf-src/src/google/protobuf/compiler/java/full/enum.h:18,
                 from /home/tina.guest/tinylsm-perf-source-v2/tinylsm/build/benchmark/_deps/protobuf-src/src/google/protobuf/compiler/java/full/enum.cc:12:
/home/tina.guest/tinylsm-perf-source-v2/tinylsm/build/benchmark/_deps/protobuf-src/src/google/protobuf/port.h: In function ‘void google::protobuf::internal::AssertDownCast(From*)’:
/home/tina.guest/tinylsm-perf-source-v2/tinylsm/build/benchmark/_deps/protobuf-src/src/google/protobuf/port.h:181:5: warning: testing if a concept-id is a valid expression; add ‘requires’ to check satisfaction [-Wmissing-requires]
  181 |     std::derived_from<std::remove_pointer_t<To>,
      |     ^
      |     requires 
[146/665] Building CXX object _deps/protobuf-build/CMakeFiles/libprotoc.dir/src/google/protobuf/compiler/java/full/generator_factory.cc.o
In file included from /home/tina.guest/tinylsm-perf-source-v2/tinylsm/build/benchmark/_deps/protobuf-src/src/google/protobuf/compiler/java/options.h:13,
                 from /home/tina.guest/tinylsm-perf-source-v2/tinylsm/build/benchmark/_deps/protobuf-src/src/google/protobuf/compiler/java/names.h:21,
                 from /home/tina.guest/tinylsm-perf-source-v2/tinylsm/build/benchmark/_deps/protobuf-src/src/google/protobuf/compiler/java/helpers.h:19,
                 from /home/tina.guest/tinylsm-perf-source-v2/tinylsm/build/benchmark/_deps/protobuf-src/src/google/protobuf/compiler/java/context.h:15,
                 from /home/tina.guest/tinylsm-perf-source-v2/tinylsm/build/benchmark/_deps/protobuf-src/src/google/protobuf/compiler/java/generator_factory.h:19,
                 from /home/tina.guest/tinylsm-perf-source-v2/tinylsm/build/benchmark/_deps/protobuf-src/src/google/protobuf/compiler/java/full/generator_factory.cc:10:
/home/tina.guest/tinylsm-perf-source-v2/tinylsm/build/benchmark/_deps/protobuf-src/src/google/protobuf/port.h: In function ‘void google::protobuf::internal::AssertDownCast(From*)’:
/home/tina.guest/tinylsm-perf-source-v2/tinylsm/build/benchmark/_deps/protobuf-src/src/google/protobuf/port.h:181:5: warning: testing if a concept-id is a valid expression; add ‘requires’ to check satisfaction [-Wmissing-requires]
  181 |     std::derived_from<std::remove_pointer_t<To>,
      |     ^
      |     requires 
[147/665] Building CXX object _deps/protobuf-build/CMakeFiles/libprotoc.dir/src/google/protobuf/compiler/java/full/enum_field.cc.o
In file included from /home/tina.guest/tinylsm-perf-source-v2/tinylsm/build/benchmark/_deps/protobuf-src/src/google/protobuf/compiler/java/options.h:13,
                 from /home/tina.guest/tinylsm-perf-source-v2/tinylsm/build/benchmark/_deps/protobuf-src/src/google/protobuf/compiler/java/names.h:21,
                 from /home/tina.guest/tinylsm-perf-source-v2/tinylsm/build/benchmark/_deps/protobuf-src/src/google/protobuf/compiler/java/helpers.h:19,
                 from /home/tina.guest/tinylsm-perf-source-v2/tinylsm/build/benchmark/_deps/protobuf-src/src/google/protobuf/compiler/java/context.h:15,
                 from /home/tina.guest/tinylsm-perf-source-v2/tinylsm/build/benchmark/_deps/protobuf-src/src/google/protobuf/compiler/java/generator_common.h:10,
                 from /home/tina.guest/tinylsm-perf-source-v2/tinylsm/build/benchmark/_deps/protobuf-src/src/google/protobuf/compiler/java/full/field_generator.h:6,
                 from /home/tina.guest/tinylsm-perf-source-v2/tinylsm/build/benchmark/_deps/protobuf-src/src/google/protobuf/compiler/java/full/enum_field.h:18,
                 from /home/tina.guest/tinylsm-perf-source-v2/tinylsm/build/benchmark/_deps/protobuf-src/src/google/protobuf/compiler/java/full/enum_field.cc:12:
/home/tina.guest/tinylsm-perf-source-v2/tinylsm/build/benchmark/_deps/protobuf-src/src/google/protobuf/port.h: In function ‘void google::protobuf::internal::AssertDownCast(From*)’:
/home/tina.guest/tinylsm-perf-source-v2/tinylsm/build/benchmark/_deps/protobuf-src/src/google/protobuf/port.h:181:5: warning: testing if a concept-id is a valid expression; add ‘requires’ to check satisfaction [-Wmissing-requires]
  181 |     std::derived_from<std::remove_pointer_t<To>,
      |     ^
      |     requires 
[148/665] Building CXX object _deps/protobuf-build/CMakeFiles/libprotoc.dir/src/google/protobuf/compiler/java/file.cc.o
In file included from /home/tina.guest/tinylsm-perf-source-v2/tinylsm/build/benchmark/_deps/protobuf-src/src/google/protobuf/compiler/java/options.h:13,
                 from /home/tina.guest/tinylsm-perf-source-v2/tinylsm/build/benchmark/_deps/protobuf-src/src/google/protobuf/compiler/java/file.h:19,
                 from /home/tina.guest/tinylsm-perf-source-v2/tinylsm/build/benchmark/_deps/protobuf-src/src/google/protobuf/compiler/java/file.cc:12:
/home/tina.guest/tinylsm-perf-source-v2/tinylsm/build/benchmark/_deps/protobuf-src/src/google/protobuf/port.h: In function ‘void google::protobuf::internal::AssertDownCast(From*)’:
/home/tina.guest/tinylsm-perf-source-v2/tinylsm/build/benchmark/_deps/protobuf-src/src/google/protobuf/port.h:181:5: warning: testing if a concept-id is a valid expression; add ‘requires’ to check satisfaction [-Wmissing-requires]
  181 |     std::derived_from<std::remove_pointer_t<To>,
      |     ^
      |     requires 
[149/665] Building CXX object _deps/protobuf-build/CMakeFiles/libprotoc.dir/src/google/protobuf/compiler/java/full/extension.cc.o
In file included from /home/tina.guest/tinylsm-perf-source-v2/tinylsm/build/benchmark/_deps/protobuf-src/src/google/protobuf/compiler/java/options.h:13,
                 from /home/tina.guest/tinylsm-perf-source-v2/tinylsm/build/benchmark/_deps/protobuf-src/src/google/protobuf/compiler/java/names.h:21,
                 from /home/tina.guest/tinylsm-perf-source-v2/tinylsm/build/benchmark/_deps/protobuf-src/src/google/protobuf/compiler/java/helpers.h:19,
                 from /home/tina.guest/tinylsm-perf-source-v2/tinylsm/build/benchmark/_deps/protobuf-src/src/google/protobuf/compiler/java/context.h:15,
                 from /home/tina.guest/tinylsm-perf-source-v2/tinylsm/build/benchmark/_deps/protobuf-src/src/google/protobuf/compiler/java/generator_factory.h:19,
                 from /home/tina.guest/tinylsm-perf-source-v2/tinylsm/build/benchmark/_deps/protobuf-src/src/google/protobuf/compiler/java/full/extension.h:18,
                 from /home/tina.guest/tinylsm-perf-source-v2/tinylsm/build/benchmark/_deps/protobuf-src/src/google/protobuf/compiler/java/full/extension.cc:12:
/home/tina.guest/tinylsm-perf-source-v2/tinylsm/build/benchmark/_deps/protobuf-src/src/google/protobuf/port.h: In function ‘void google::protobuf::internal::AssertDownCast(From*)’:
/home/tina.guest/tinylsm-perf-source-v2/tinylsm/build/benchmark/_deps/protobuf-src/src/google/protobuf/port.h:181:5: warning: testing if a concept-id is a valid expression; add ‘requires’ to check satisfaction [-Wmissing-requires]
  181 |     std::derived_from<std::remove_pointer_t<To>,
      |     ^
      |     requires 
[150/665] Building CXX object _deps/protobuf-build/CMakeFiles/libprotoc.dir/src/google/protobuf/compiler/java/full/make_field_gens.cc.o
In file included from /home/tina.guest/tinylsm-perf-source-v2/tinylsm/build/benchmark/_deps/protobuf-src/src/google/protobuf/compiler/java/options.h:13,
                 from /home/tina.guest/tinylsm-perf-source-v2/tinylsm/build/benchmark/_deps/protobuf-src/src/google/protobuf/compiler/java/names.h:21,
                 from /home/tina.guest/tinylsm-perf-source-v2/tinylsm/build/benchmark/_deps/protobuf-src/src/google/protobuf/compiler/java/helpers.h:19,
                 from /home/tina.guest/tinylsm-perf-source-v2/tinylsm/build/benchmark/_deps/protobuf-src/src/google/protobuf/compiler/java/context.h:15,
                 from /home/tina.guest/tinylsm-perf-source-v2/tinylsm/build/benchmark/_deps/protobuf-src/src/google/protobuf/compiler/java/full/make_field_gens.cc:15:
/home/tina.guest/tinylsm-perf-source-v2/tinylsm/build/benchmark/_deps/protobuf-src/src/google/protobuf/port.h: In function ‘void google::protobuf::internal::AssertDownCast(From*)’:
/home/tina.guest/tinylsm-perf-source-v2/tinylsm/build/benchmark/_deps/protobuf-src/src/google/protobuf/port.h:181:5: warning: testing if a concept-id is a valid expression; add ‘requires’ to check satisfaction [-Wmissing-requires]
  181 |     std::derived_from<std::remove_pointer_t<To>,
      |     ^
      |     requires 
[151/665] Building CXX object _deps/protobuf-build/CMakeFiles/libprotoc.dir/src/google/protobuf/compiler/java/full/map_field.cc.o
In file included from /home/tina.guest/tinylsm-perf-source-v2/tinylsm/build/benchmark/_deps/protobuf-src/src/google/protobuf/compiler/java/options.h:13,
                 from /home/tina.guest/tinylsm-perf-source-v2/tinylsm/build/benchmark/_deps/protobuf-src/src/google/protobuf/compiler/java/names.h:21,
                 from /home/tina.guest/tinylsm-perf-source-v2/tinylsm/build/benchmark/_deps/protobuf-src/src/google/protobuf/compiler/java/helpers.h:19,
                 from /home/tina.guest/tinylsm-perf-source-v2/tinylsm/build/benchmark/_deps/protobuf-src/src/google/protobuf/compiler/java/context.h:15,
                 from /home/tina.guest/tinylsm-perf-source-v2/tinylsm/build/benchmark/_deps/protobuf-src/src/google/protobuf/compiler/java/full/map_field.h:11,
                 from /home/tina.guest/tinylsm-perf-source-v2/tinylsm/build/benchmark/_deps/protobuf-src/src/google/protobuf/compiler/java/full/map_field.cc:8:
/home/tina.guest/tinylsm-perf-source-v2/tinylsm/build/benchmark/_deps/protobuf-src/src/google/protobuf/port.h: In function ‘void google::protobuf::internal::AssertDownCast(From*)’:
/home/tina.guest/tinylsm-perf-source-v2/tinylsm/build/benchmark/_deps/protobuf-src/src/google/protobuf/port.h:181:5: warning: testing if a concept-id is a valid expression; add ‘requires’ to check satisfaction [-Wmissing-requires]
  181 |     std::derived_from<std::remove_pointer_t<To>,
      |     ^
      |     requires 
[152/665] Building CXX object _deps/protobuf-build/CMakeFiles/libprotoc.dir/src/google/protobuf/compiler/java/full/service.cc.o
In file included from /home/tina.guest/tinylsm-perf-source-v2/tinylsm/build/benchmark/_deps/protobuf-src/src/google/protobuf/compiler/java/options.h:13,
                 from /home/tina.guest/tinylsm-perf-source-v2/tinylsm/build/benchmark/_deps/protobuf-src/src/google/protobuf/compiler/java/names.h:21,
                 from /home/tina.guest/tinylsm-perf-source-v2/tinylsm/build/benchmark/_deps/protobuf-src/src/google/protobuf/compiler/java/helpers.h:19,
                 from /home/tina.guest/tinylsm-perf-source-v2/tinylsm/build/benchmark/_deps/protobuf-src/src/google/protobuf/compiler/java/context.h:15,
                 from /home/tina.guest/tinylsm-perf-source-v2/tinylsm/build/benchmark/_deps/protobuf-src/src/google/protobuf/compiler/java/generator_factory.h:19,
                 from /home/tina.guest/tinylsm-perf-source-v2/tinylsm/build/benchmark/_deps/protobuf-src/src/google/protobuf/compiler/java/full/service.h:15,
                 from /home/tina.guest/tinylsm-perf-source-v2/tinylsm/build/benchmark/_deps/protobuf-src/src/google/protobuf/compiler/java/full/service.cc:12:
/home/tina.guest/tinylsm-perf-source-v2/tinylsm/build/benchmark/_deps/protobuf-src/src/google/protobuf/port.h: In function ‘void google::protobuf::internal::AssertDownCast(From*)’:
/home/tina.guest/tinylsm-perf-source-v2/tinylsm/build/benchmark/_deps/protobuf-src/src/google/protobuf/port.h:181:5: warning: testing if a concept-id is a valid expression; add ‘requires’ to check satisfaction [-Wmissing-requires]
  181 |     std::derived_from<std::remove_pointer_t<To>,
      |     ^
      |     requires 
[153/665] Building CXX object _deps/protobuf-build/CMakeFiles/libprotoc.dir/src/google/protobuf/compiler/java/full/message_field.cc.o
In file included from /home/tina.guest/tinylsm-perf-source-v2/tinylsm/build/benchmark/_deps/protobuf-src/src/google/protobuf/compiler/java/options.h:13,
                 from /home/tina.guest/tinylsm-perf-source-v2/tinylsm/build/benchmark/_deps/protobuf-src/src/google/protobuf/compiler/java/names.h:21,
                 from /home/tina.guest/tinylsm-perf-source-v2/tinylsm/build/benchmark/_deps/protobuf-src/src/google/protobuf/compiler/java/helpers.h:19,
                 from /home/tina.guest/tinylsm-perf-source-v2/tinylsm/build/benchmark/_deps/protobuf-src/src/google/protobuf/compiler/java/context.h:15,
                 from /home/tina.guest/tinylsm-perf-source-v2/tinylsm/build/benchmark/_deps/protobuf-src/src/google/protobuf/compiler/java/generator_common.h:10,
                 from /home/tina.guest/tinylsm-perf-source-v2/tinylsm/build/benchmark/_deps/protobuf-src/src/google/protobuf/compiler/java/full/field_generator.h:6,
                 from /home/tina.guest/tinylsm-perf-source-v2/tinylsm/build/benchmark/_deps/protobuf-src/src/google/protobuf/compiler/java/full/message_field.h:17,
                 from /home/tina.guest/tinylsm-perf-source-v2/tinylsm/build/benchmark/_deps/protobuf-src/src/google/protobuf/compiler/java/full/message_field.cc:12:
/home/tina.guest/tinylsm-perf-source-v2/tinylsm/build/benchmark/_deps/protobuf-src/src/google/protobuf/port.h: In function ‘void google::protobuf::internal::AssertDownCast(From*)’:
/home/tina.guest/tinylsm-perf-source-v2/tinylsm/build/benchmark/_deps/protobuf-src/src/google/protobuf/port.h:181:5: warning: testing if a concept-id is a valid expression; add ‘requires’ to check satisfaction [-Wmissing-requires]
  181 |     std::derived_from<std::remove_pointer_t<To>,
      |     ^
      |     requires 
[154/665] Building CXX object _deps/protobuf-build/CMakeFiles/libprotoc.dir/src/google/protobuf/compiler/java/full/message_builder.cc.o
In file included from /home/tina.guest/tinylsm-perf-source-v2/tinylsm/build/benchmark/_deps/protobuf-src/src/google/protobuf/compiler/java/options.h:13,
                 from /home/tina.guest/tinylsm-perf-source-v2/tinylsm/build/benchmark/_deps/protobuf-src/src/google/protobuf/compiler/java/names.h:21,
                 from /home/tina.guest/tinylsm-perf-source-v2/tinylsm/build/benchmark/_deps/protobuf-src/src/google/protobuf/compiler/java/helpers.h:19,
                 from /home/tina.guest/tinylsm-perf-source-v2/tinylsm/build/benchmark/_deps/protobuf-src/src/google/protobuf/compiler/java/context.h:15,
                 from /home/tina.guest/tinylsm-perf-source-v2/tinylsm/build/benchmark/_deps/protobuf-src/src/google/protobuf/compiler/java/generator_common.h:10,
                 from /home/tina.guest/tinylsm-perf-source-v2/tinylsm/build/benchmark/_deps/protobuf-src/src/google/protobuf/compiler/java/full/field_generator.h:6,
                 from /home/tina.guest/tinylsm-perf-source-v2/tinylsm/build/benchmark/_deps/protobuf-src/src/google/protobuf/compiler/java/full/message_builder.h:20,
                 from /home/tina.guest/tinylsm-perf-source-v2/tinylsm/build/benchmark/_deps/protobuf-src/src/google/protobuf/compiler/java/full/message_builder.cc:12:
/home/tina.guest/tinylsm-perf-source-v2/tinylsm/build/benchmark/_deps/protobuf-src/src/google/protobuf/port.h: In function ‘void google::protobuf::internal::AssertDownCast(From*)’:
/home/tina.guest/tinylsm-perf-source-v2/tinylsm/build/benchmark/_deps/protobuf-src/src/google/protobuf/port.h:181:5: warning: testing if a concept-id is a valid expression; add ‘requires’ to check satisfaction [-Wmissing-requires]
  181 |     std::derived_from<std::remove_pointer_t<To>,
      |     ^
      |     requires 
[155/665] Building CXX object _deps/protobuf-build/CMakeFiles/libprotoc.dir/src/google/protobuf/compiler/java/full/primitive_field.cc.o
In file included from /home/tina.guest/tinylsm-perf-source-v2/tinylsm/build/benchmark/_deps/protobuf-src/src/google/protobuf/compiler/java/options.h:13,
                 from /home/tina.guest/tinylsm-perf-source-v2/tinylsm/build/benchmark/_deps/protobuf-src/src/google/protobuf/compiler/java/names.h:21,
                 from /home/tina.guest/tinylsm-perf-source-v2/tinylsm/build/benchmark/_deps/protobuf-src/src/google/protobuf/compiler/java/helpers.h:19,
                 from /home/tina.guest/tinylsm-perf-source-v2/tinylsm/build/benchmark/_deps/protobuf-src/src/google/protobuf/compiler/java/context.h:15,
                 from /home/tina.guest/tinylsm-perf-source-v2/tinylsm/build/benchmark/_deps/protobuf-src/src/google/protobuf/compiler/java/generator_common.h:10,
                 from /home/tina.guest/tinylsm-perf-source-v2/tinylsm/build/benchmark/_deps/protobuf-src/src/google/protobuf/compiler/java/full/field_generator.h:6,
                 from /home/tina.guest/tinylsm-perf-source-v2/tinylsm/build/benchmark/_deps/protobuf-src/src/google/protobuf/compiler/java/full/primitive_field.h:17,
                 from /home/tina.guest/tinylsm-perf-source-v2/tinylsm/build/benchmark/_deps/protobuf-src/src/google/protobuf/compiler/java/full/primitive_field.cc:12:
/home/tina.guest/tinylsm-perf-source-v2/tinylsm/build/benchmark/_deps/protobuf-src/src/google/protobuf/port.h: In function ‘void google::protobuf::internal::AssertDownCast(From*)’:
/home/tina.guest/tinylsm-perf-source-v2/tinylsm/build/benchmark/_deps/protobuf-src/src/google/protobuf/port.h:181:5: warning: testing if a concept-id is a valid expression; add ‘requires’ to check satisfaction [-Wmissing-requires]
  181 |     std::derived_from<std::remove_pointer_t<To>,
      |     ^
      |     requires 
[156/665] Building CXX object _deps/protobuf-build/CMakeFiles/libprotoc.dir/src/google/protobuf/compiler/java/full/message.cc.o
In file included from /home/tina.guest/tinylsm-perf-source-v2/tinylsm/build/benchmark/_deps/protobuf-src/src/google/protobuf/compiler/java/options.h:13,
                 from /home/tina.guest/tinylsm-perf-source-v2/tinylsm/build/benchmark/_deps/protobuf-src/src/google/protobuf/compiler/java/names.h:21,
                 from /home/tina.guest/tinylsm-perf-source-v2/tinylsm/build/benchmark/_deps/protobuf-src/src/google/protobuf/compiler/java/helpers.h:19,
                 from /home/tina.guest/tinylsm-perf-source-v2/tinylsm/build/benchmark/_deps/protobuf-src/src/google/protobuf/compiler/java/context.h:15,
                 from /home/tina.guest/tinylsm-perf-source-v2/tinylsm/build/benchmark/_deps/protobuf-src/src/google/protobuf/compiler/java/generator_factory.h:19,
                 from /home/tina.guest/tinylsm-perf-source-v2/tinylsm/build/benchmark/_deps/protobuf-src/src/google/protobuf/compiler/java/full/message.h:19,
                 from /home/tina.guest/tinylsm-perf-source-v2/tinylsm/build/benchmark/_deps/protobuf-src/src/google/protobuf/compiler/java/full/message.cc:12:
/home/tina.guest/tinylsm-perf-source-v2/tinylsm/build/benchmark/_deps/protobuf-src/src/google/protobuf/port.h: In function ‘void google::protobuf::internal::AssertDownCast(From*)’:
/home/tina.guest/tinylsm-perf-source-v2/tinylsm/build/benchmark/_deps/protobuf-src/src/google/protobuf/port.h:181:5: warning: testing if a concept-id is a valid expression; add ‘requires’ to check satisfaction [-Wmissing-requires]
  181 |     std::derived_from<std::remove_pointer_t<To>,
      |     ^
      |     requires 
[157/665] Building CXX object _deps/protobuf-build/CMakeFiles/libprotoc.dir/src/google/protobuf/compiler/java/generator.cc.o
In file included from /home/tina.guest/tinylsm-perf-source-v2/tinylsm/build/benchmark/_deps/protobuf-src/src/google/protobuf/arena.h:38,
                 from /home/tina.guest/tinylsm-perf-source-v2/tinylsm/build/benchmark/_deps/protobuf-src/src/google/protobuf/compiler/java/java_features.pb.h:21,
                 from /home/tina.guest/tinylsm-perf-source-v2/tinylsm/build/benchmark/_deps/protobuf-src/src/google/protobuf/compiler/java/generator.h:21,
                 from /home/tina.guest/tinylsm-perf-source-v2/tinylsm/build/benchmark/_deps/protobuf-src/src/google/protobuf/compiler/java/generator.cc:12:
/home/tina.guest/tinylsm-perf-source-v2/tinylsm/build/benchmark/_deps/protobuf-src/src/google/protobuf/port.h: In function ‘void google::protobuf::internal::AssertDownCast(From*)’:
/home/tina.guest/tinylsm-perf-source-v2/tinylsm/build/benchmark/_deps/protobuf-src/src/google/protobuf/port.h:181:5: warning: testing if a concept-id is a valid expression; add ‘requires’ to check satisfaction [-Wmissing-requires]
  181 |     std::derived_from<std::remove_pointer_t<To>,
      |     ^
      |     requires 
[158/665] Building CXX object _deps/protobuf-build/CMakeFiles/libprotoc.dir/src/google/protobuf/compiler/java/internal_helpers.cc.o
In file included from /home/tina.guest/tinylsm-perf-source-v2/tinylsm/build/benchmark/_deps/protobuf-src/src/google/protobuf/arena.h:38,
                 from /home/tina.guest/tinylsm-perf-source-v2/tinylsm/build/benchmark/_deps/protobuf-src/src/google/protobuf/compiler/java/java_features.pb.h:21,
                 from /home/tina.guest/tinylsm-perf-source-v2/tinylsm/build/benchmark/_deps/protobuf-src/src/google/protobuf/compiler/java/internal_helpers.h:15,
                 from /home/tina.guest/tinylsm-perf-source-v2/tinylsm/build/benchmark/_deps/protobuf-src/src/google/protobuf/compiler/java/internal_helpers.cc:12:
/home/tina.guest/tinylsm-perf-source-v2/tinylsm/build/benchmark/_deps/protobuf-src/src/google/protobuf/port.h: In function ‘void google::protobuf::internal::AssertDownCast(From*)’:
/home/tina.guest/tinylsm-perf-source-v2/tinylsm/build/benchmark/_deps/protobuf-src/src/google/protobuf/port.h:181:5: warning: testing if a concept-id is a valid expression; add ‘requires’ to check satisfaction [-Wmissing-requires]
  181 |     std::derived_from<std::remove_pointer_t<To>,
      |     ^
      |     requires 
[159/665] Building CXX object _deps/protobuf-build/CMakeFiles/libprotoc.dir/src/google/protobuf/compiler/java/full/string_field.cc.o
In file included from /home/tina.guest/tinylsm-perf-source-v2/tinylsm/build/benchmark/_deps/protobuf-src/src/google/protobuf/compiler/java/options.h:13,
                 from /home/tina.guest/tinylsm-perf-source-v2/tinylsm/build/benchmark/_deps/protobuf-src/src/google/protobuf/compiler/java/names.h:21,
                 from /home/tina.guest/tinylsm-perf-source-v2/tinylsm/build/benchmark/_deps/protobuf-src/src/google/protobuf/compiler/java/helpers.h:19,
                 from /home/tina.guest/tinylsm-perf-source-v2/tinylsm/build/benchmark/_deps/protobuf-src/src/google/protobuf/compiler/java/context.h:15,
                 from /home/tina.guest/tinylsm-perf-source-v2/tinylsm/build/benchmark/_deps/protobuf-src/src/google/protobuf/compiler/java/generator_common.h:10,
                 from /home/tina.guest/tinylsm-perf-source-v2/tinylsm/build/benchmark/_deps/protobuf-src/src/google/protobuf/compiler/java/full/field_generator.h:6,
                 from /home/tina.guest/tinylsm-perf-source-v2/tinylsm/build/benchmark/_deps/protobuf-src/src/google/protobuf/compiler/java/full/string_field.h:18,
                 from /home/tina.guest/tinylsm-perf-source-v2/tinylsm/build/benchmark/_deps/protobuf-src/src/google/protobuf/compiler/java/full/string_field.cc:13:
/home/tina.guest/tinylsm-perf-source-v2/tinylsm/build/benchmark/_deps/protobuf-src/src/google/protobuf/port.h: In function ‘void google::protobuf::internal::AssertDownCast(From*)’:
/home/tina.guest/tinylsm-perf-source-v2/tinylsm/build/benchmark/_deps/protobuf-src/src/google/protobuf/port.h:181:5: warning: testing if a concept-id is a valid expression; add ‘requires’ to check satisfaction [-Wmissing-requires]
  181 |     std::derived_from<std::remove_pointer_t<To>,
      |     ^
      |     requires 
[160/665] Building CXX object _deps/protobuf-build/CMakeFiles/libprotoc.dir/src/google/protobuf/compiler/java/java_features.pb.cc.o
In file included from /home/tina.guest/tinylsm-perf-source-v2/tinylsm/build/benchmark/_deps/protobuf-src/src/google/protobuf/arena.h:38,
                 from /home/tina.guest/tinylsm-perf-source-v2/tinylsm/build/benchmark/_deps/protobuf-src/src/google/protobuf/compiler/java/java_features.pb.h:21,
                 from /home/tina.guest/tinylsm-perf-source-v2/tinylsm/build/benchmark/_deps/protobuf-src/src/google/protobuf/compiler/java/java_features.pb.cc:6:
/home/tina.guest/tinylsm-perf-source-v2/tinylsm/build/benchmark/_deps/protobuf-src/src/google/protobuf/port.h: In function ‘void google::protobuf::internal::AssertDownCast(From*)’:
/home/tina.guest/tinylsm-perf-source-v2/tinylsm/build/benchmark/_deps/protobuf-src/src/google/protobuf/port.h:181:5: warning: testing if a concept-id is a valid expression; add ‘requires’ to check satisfaction [-Wmissing-requires]
  181 |     std::derived_from<std::remove_pointer_t<To>,
      |     ^
      |     requires 
[161/665] Building CXX object _deps/protobuf-build/CMakeFiles/libprotoc.dir/src/google/protobuf/compiler/java/lite/enum.cc.o
In file included from /home/tina.guest/tinylsm-perf-source-v2/tinylsm/build/benchmark/_deps/protobuf-src/src/google/protobuf/compiler/java/options.h:13,
                 from /home/tina.guest/tinylsm-perf-source-v2/tinylsm/build/benchmark/_deps/protobuf-src/src/google/protobuf/compiler/java/names.h:21,
                 from /home/tina.guest/tinylsm-perf-source-v2/tinylsm/build/benchmark/_deps/protobuf-src/src/google/protobuf/compiler/java/helpers.h:19,
                 from /home/tina.guest/tinylsm-perf-source-v2/tinylsm/build/benchmark/_deps/protobuf-src/src/google/protobuf/compiler/java/context.h:15,
                 from /home/tina.guest/tinylsm-perf-source-v2/tinylsm/build/benchmark/_deps/protobuf-src/src/google/protobuf/compiler/java/generator_factory.h:19,
                 from /home/tina.guest/tinylsm-perf-source-v2/tinylsm/build/benchmark/_deps/protobuf-src/src/google/protobuf/compiler/java/lite/enum.h:18,
                 from /home/tina.guest/tinylsm-perf-source-v2/tinylsm/build/benchmark/_deps/protobuf-src/src/google/protobuf/compiler/java/lite/enum.cc:12:
/home/tina.guest/tinylsm-perf-source-v2/tinylsm/build/benchmark/_deps/protobuf-src/src/google/protobuf/port.h: In function ‘void google::protobuf::internal::AssertDownCast(From*)’:
/home/tina.guest/tinylsm-perf-source-v2/tinylsm/build/benchmark/_deps/protobuf-src/src/google/protobuf/port.h:181:5: warning: testing if a concept-id is a valid expression; add ‘requires’ to check satisfaction [-Wmissing-requires]
  181 |     std::derived_from<std::remove_pointer_t<To>,
      |     ^
      |     requires 
[162/665] Building CXX object _deps/protobuf-build/CMakeFiles/libprotoc.dir/src/google/protobuf/compiler/java/helpers.cc.o
In file included from /home/tina.guest/tinylsm-perf-source-v2/tinylsm/build/benchmark/_deps/protobuf-src/src/google/protobuf/compiler/java/options.h:13,
                 from /home/tina.guest/tinylsm-perf-source-v2/tinylsm/build/benchmark/_deps/protobuf-src/src/google/protobuf/compiler/java/names.h:21,
                 from /home/tina.guest/tinylsm-perf-source-v2/tinylsm/build/benchmark/_deps/protobuf-src/src/google/protobuf/compiler/java/helpers.h:19,
                 from /home/tina.guest/tinylsm-perf-source-v2/tinylsm/build/benchmark/_deps/protobuf-src/src/google/protobuf/compiler/java/helpers.cc:12:
/home/tina.guest/tinylsm-perf-source-v2/tinylsm/build/benchmark/_deps/protobuf-src/src/google/protobuf/port.h: In function ‘void google::protobuf::internal::AssertDownCast(From*)’:
/home/tina.guest/tinylsm-perf-source-v2/tinylsm/build/benchmark/_deps/protobuf-src/src/google/protobuf/port.h:181:5: warning: testing if a concept-id is a valid expression; add ‘requires’ to check satisfaction [-Wmissing-requires]
  181 |     std::derived_from<std::remove_pointer_t<To>,
      |     ^
      |     requires 
[163/665] Building CXX object _deps/protobuf-build/CMakeFiles/libprotoc.dir/src/google/protobuf/compiler/java/lite/extension.cc.o
In file included from /home/tina.guest/tinylsm-perf-source-v2/tinylsm/build/benchmark/_deps/protobuf-src/src/google/protobuf/compiler/java/options.h:13,
                 from /home/tina.guest/tinylsm-perf-source-v2/tinylsm/build/benchmark/_deps/protobuf-src/src/google/protobuf/compiler/java/names.h:21,
                 from /home/tina.guest/tinylsm-perf-source-v2/tinylsm/build/benchmark/_deps/protobuf-src/src/google/protobuf/compiler/java/helpers.h:19,
                 from /home/tina.guest/tinylsm-perf-source-v2/tinylsm/build/benchmark/_deps/protobuf-src/src/google/protobuf/compiler/java/context.h:15,
                 from /home/tina.guest/tinylsm-perf-source-v2/tinylsm/build/benchmark/_deps/protobuf-src/src/google/protobuf/compiler/java/generator_factory.h:19,
                 from /home/tina.guest/tinylsm-perf-source-v2/tinylsm/build/benchmark/_deps/protobuf-src/src/google/protobuf/compiler/java/lite/extension.h:13,
                 from /home/tina.guest/tinylsm-perf-source-v2/tinylsm/build/benchmark/_deps/protobuf-src/src/google/protobuf/compiler/java/lite/extension.cc:8:
/home/tina.guest/tinylsm-perf-source-v2/tinylsm/build/benchmark/_deps/protobuf-src/src/google/protobuf/port.h: In function ‘void google::protobuf::internal::AssertDownCast(From*)’:
/home/tina.guest/tinylsm-perf-source-v2/tinylsm/build/benchmark/_deps/protobuf-src/src/google/protobuf/port.h:181:5: warning: testing if a concept-id is a valid expression; add ‘requires’ to check satisfaction [-Wmissing-requires]
  181 |     std::derived_from<std::remove_pointer_t<To>,
      |     ^
      |     requires 
[164/665] Building CXX object _deps/protobuf-build/CMakeFiles/libprotoc.dir/src/google/protobuf/compiler/java/lite/generator_factory.cc.o
In file included from /home/tina.guest/tinylsm-perf-source-v2/tinylsm/build/benchmark/_deps/protobuf-src/src/google/protobuf/compiler/java/options.h:13,
                 from /home/tina.guest/tinylsm-perf-source-v2/tinylsm/build/benchmark/_deps/protobuf-src/src/google/protobuf/compiler/java/names.h:21,
                 from /home/tina.guest/tinylsm-perf-source-v2/tinylsm/build/benchmark/_deps/protobuf-src/src/google/protobuf/compiler/java/helpers.h:19,
                 from /home/tina.guest/tinylsm-perf-source-v2/tinylsm/build/benchmark/_deps/protobuf-src/src/google/protobuf/compiler/java/context.h:15,
                 from /home/tina.guest/tinylsm-perf-source-v2/tinylsm/build/benchmark/_deps/protobuf-src/src/google/protobuf/compiler/java/generator_factory.h:19,
                 from /home/tina.guest/tinylsm-perf-source-v2/tinylsm/build/benchmark/_deps/protobuf-src/src/google/protobuf/compiler/java/lite/generator_factory.cc:10:
/home/tina.guest/tinylsm-perf-source-v2/tinylsm/build/benchmark/_deps/protobuf-src/src/google/protobuf/port.h: In function ‘void google::protobuf::internal::AssertDownCast(From*)’:
/home/tina.guest/tinylsm-perf-source-v2/tinylsm/build/benchmark/_deps/protobuf-src/src/google/protobuf/port.h:181:5: warning: testing if a concept-id is a valid expression; add ‘requires’ to check satisfaction [-Wmissing-requires]
  181 |     std::derived_from<std::remove_pointer_t<To>,
      |     ^
      |     requires 
[165/665] Building CXX object _deps/protobuf-build/CMakeFiles/libprotoc.dir/src/google/protobuf/compiler/java/lite/enum_field.cc.o
In file included from /home/tina.guest/tinylsm-perf-source-v2/tinylsm/build/benchmark/_deps/protobuf-src/src/google/protobuf/compiler/java/options.h:13,
                 from /home/tina.guest/tinylsm-perf-source-v2/tinylsm/build/benchmark/_deps/protobuf-src/src/google/protobuf/compiler/java/names.h:21,
                 from /home/tina.guest/tinylsm-perf-source-v2/tinylsm/build/benchmark/_deps/protobuf-src/src/google/protobuf/compiler/java/helpers.h:19,
                 from /home/tina.guest/tinylsm-perf-source-v2/tinylsm/build/benchmark/_deps/protobuf-src/src/google/protobuf/compiler/java/context.h:15,
                 from /home/tina.guest/tinylsm-perf-source-v2/tinylsm/build/benchmark/_deps/protobuf-src/src/google/protobuf/compiler/java/generator_common.h:10,
                 from /home/tina.guest/tinylsm-perf-source-v2/tinylsm/build/benchmark/_deps/protobuf-src/src/google/protobuf/compiler/java/lite/field_generator.h:7,
                 from /home/tina.guest/tinylsm-perf-source-v2/tinylsm/build/benchmark/_deps/protobuf-src/src/google/protobuf/compiler/java/lite/enum_field.h:19,
                 from /home/tina.guest/tinylsm-perf-source-v2/tinylsm/build/benchmark/_deps/protobuf-src/src/google/protobuf/compiler/java/lite/enum_field.cc:12:
/home/tina.guest/tinylsm-perf-source-v2/tinylsm/build/benchmark/_deps/protobuf-src/src/google/protobuf/port.h: In function ‘void google::protobuf::internal::AssertDownCast(From*)’:
/home/tina.guest/tinylsm-perf-source-v2/tinylsm/build/benchmark/_deps/protobuf-src/src/google/protobuf/port.h:181:5: warning: testing if a concept-id is a valid expression; add ‘requires’ to check satisfaction [-Wmissing-requires]
  181 |     std::derived_from<std::remove_pointer_t<To>,
      |     ^
      |     requires 
[166/665] Building CXX object _deps/protobuf-build/CMakeFiles/libprotoc.dir/src/google/protobuf/compiler/java/lite/make_field_gens.cc.o
In file included from /home/tina.guest/tinylsm-perf-source-v2/tinylsm/build/benchmark/_deps/protobuf-src/src/google/protobuf/compiler/java/options.h:13,
                 from /home/tina.guest/tinylsm-perf-source-v2/tinylsm/build/benchmark/_deps/protobuf-src/src/google/protobuf/compiler/java/names.h:21,
                 from /home/tina.guest/tinylsm-perf-source-v2/tinylsm/build/benchmark/_deps/protobuf-src/src/google/protobuf/compiler/java/helpers.h:19,
                 from /home/tina.guest/tinylsm-perf-source-v2/tinylsm/build/benchmark/_deps/protobuf-src/src/google/protobuf/compiler/java/context.h:15,
                 from /home/tina.guest/tinylsm-perf-source-v2/tinylsm/build/benchmark/_deps/protobuf-src/src/google/protobuf/compiler/java/lite/make_field_gens.h:14,
                 from /home/tina.guest/tinylsm-perf-source-v2/tinylsm/build/benchmark/_deps/protobuf-src/src/google/protobuf/compiler/java/lite/make_field_gens.cc:12:
/home/tina.guest/tinylsm-perf-source-v2/tinylsm/build/benchmark/_deps/protobuf-src/src/google/protobuf/port.h: In function ‘void google::protobuf::internal::AssertDownCast(From*)’:
/home/tina.guest/tinylsm-perf-source-v2/tinylsm/build/benchmark/_deps/protobuf-src/src/google/protobuf/port.h:181:5: warning: testing if a concept-id is a valid expression; add ‘requires’ to check satisfaction [-Wmissing-requires]
  181 |     std::derived_from<std::remove_pointer_t<To>,
      |     ^
      |     requires 
[167/665] Building CXX object _deps/protobuf-build/CMakeFiles/libprotoc.dir/src/google/protobuf/compiler/java/lite/message.cc.o
In file included from /home/tina.guest/tinylsm-perf-source-v2/tinylsm/build/benchmark/_deps/protobuf-src/src/google/protobuf/compiler/java/options.h:13,
                 from /home/tina.guest/tinylsm-perf-source-v2/tinylsm/build/benchmark/_deps/protobuf-src/src/google/protobuf/compiler/java/names.h:21,
                 from /home/tina.guest/tinylsm-perf-source-v2/tinylsm/build/benchmark/_deps/protobuf-src/src/google/protobuf/compiler/java/helpers.h:19,
                 from /home/tina.guest/tinylsm-perf-source-v2/tinylsm/build/benchmark/_deps/protobuf-src/src/google/protobuf/compiler/java/context.h:15,
                 from /home/tina.guest/tinylsm-perf-source-v2/tinylsm/build/benchmark/_deps/protobuf-src/src/google/protobuf/compiler/java/lite/message.h:18,
                 from /home/tina.guest/tinylsm-perf-source-v2/tinylsm/build/benchmark/_deps/protobuf-src/src/google/protobuf/compiler/java/lite/message.cc:12:
/home/tina.guest/tinylsm-perf-source-v2/tinylsm/build/benchmark/_deps/protobuf-src/src/google/protobuf/port.h: In function ‘void google::protobuf::internal::AssertDownCast(From*)’:
/home/tina.guest/tinylsm-perf-source-v2/tinylsm/build/benchmark/_deps/protobuf-src/src/google/protobuf/port.h:181:5: warning: testing if a concept-id is a valid expression; add ‘requires’ to check satisfaction [-Wmissing-requires]
  181 |     std::derived_from<std::remove_pointer_t<To>,
      |     ^
      |     requires 
[168/665] Building CXX object _deps/protobuf-build/CMakeFiles/libprotoc.dir/src/google/protobuf/compiler/java/lite/map_field.cc.o
In file included from /home/tina.guest/tinylsm-perf-source-v2/tinylsm/build/benchmark/_deps/protobuf-src/src/google/protobuf/compiler/java/options.h:13,
                 from /home/tina.guest/tinylsm-perf-source-v2/tinylsm/build/benchmark/_deps/protobuf-src/src/google/protobuf/compiler/java/names.h:21,
                 from /home/tina.guest/tinylsm-perf-source-v2/tinylsm/build/benchmark/_deps/protobuf-src/src/google/protobuf/compiler/java/helpers.h:19,
                 from /home/tina.guest/tinylsm-perf-source-v2/tinylsm/build/benchmark/_deps/protobuf-src/src/google/protobuf/compiler/java/context.h:15,
                 from /home/tina.guest/tinylsm-perf-source-v2/tinylsm/build/benchmark/_deps/protobuf-src/src/google/protobuf/compiler/java/lite/map_field.h:17,
                 from /home/tina.guest/tinylsm-perf-source-v2/tinylsm/build/benchmark/_deps/protobuf-src/src/google/protobuf/compiler/java/lite/map_field.cc:8:
/home/tina.guest/tinylsm-perf-source-v2/tinylsm/build/benchmark/_deps/protobuf-src/src/google/protobuf/port.h: In function ‘void google::protobuf::internal::AssertDownCast(From*)’:
/home/tina.guest/tinylsm-perf-source-v2/tinylsm/build/benchmark/_deps/protobuf-src/src/google/protobuf/port.h:181:5: warning: testing if a concept-id is a valid expression; add ‘requires’ to check satisfaction [-Wmissing-requires]
  181 |     std::derived_from<std::remove_pointer_t<To>,
      |     ^
      |     requires 
[169/665] Building CXX object _deps/protobuf-build/CMakeFiles/libprotoc.dir/src/google/protobuf/compiler/java/lite/message_field.cc.o
In file included from /home/tina.guest/tinylsm-perf-source-v2/tinylsm/build/benchmark/_deps/protobuf-src/src/google/protobuf/compiler/java/options.h:13,
                 from /home/tina.guest/tinylsm-perf-source-v2/tinylsm/build/benchmark/_deps/protobuf-src/src/google/protobuf/compiler/java/names.h:21,
                 from /home/tina.guest/tinylsm-perf-source-v2/tinylsm/build/benchmark/_deps/protobuf-src/src/google/protobuf/compiler/java/helpers.h:19,
                 from /home/tina.guest/tinylsm-perf-source-v2/tinylsm/build/benchmark/_deps/protobuf-src/src/google/protobuf/compiler/java/context.h:15,
                 from /home/tina.guest/tinylsm-perf-source-v2/tinylsm/build/benchmark/_deps/protobuf-src/src/google/protobuf/compiler/java/generator_common.h:10,
                 from /home/tina.guest/tinylsm-perf-source-v2/tinylsm/build/benchmark/_deps/protobuf-src/src/google/protobuf/compiler/java/lite/field_generator.h:7,
                 from /home/tina.guest/tinylsm-perf-source-v2/tinylsm/build/benchmark/_deps/protobuf-src/src/google/protobuf/compiler/java/lite/message_field.h:21,
                 from /home/tina.guest/tinylsm-perf-source-v2/tinylsm/build/benchmark/_deps/protobuf-src/src/google/protobuf/compiler/java/lite/message_field.cc:12:
/home/tina.guest/tinylsm-perf-source-v2/tinylsm/build/benchmark/_deps/protobuf-src/src/google/protobuf/port.h: In function ‘void google::protobuf::internal::AssertDownCast(From*)’:
/home/tina.guest/tinylsm-perf-source-v2/tinylsm/build/benchmark/_deps/protobuf-src/src/google/protobuf/port.h:181:5: warning: testing if a concept-id is a valid expression; add ‘requires’ to check satisfaction [-Wmissing-requires]
  181 |     std::derived_from<std::remove_pointer_t<To>,
      |     ^
      |     requires 
[170/665] Building CXX object _deps/protobuf-build/CMakeFiles/libprotoc.dir/src/google/protobuf/compiler/java/lite/message_builder.cc.o
In file included from /home/tina.guest/tinylsm-perf-source-v2/tinylsm/build/benchmark/_deps/protobuf-src/src/google/protobuf/compiler/java/options.h:13,
                 from /home/tina.guest/tinylsm-perf-source-v2/tinylsm/build/benchmark/_deps/protobuf-src/src/google/protobuf/compiler/java/names.h:21,
                 from /home/tina.guest/tinylsm-perf-source-v2/tinylsm/build/benchmark/_deps/protobuf-src/src/google/protobuf/compiler/java/helpers.h:19,
                 from /home/tina.guest/tinylsm-perf-source-v2/tinylsm/build/benchmark/_deps/protobuf-src/src/google/protobuf/compiler/java/context.h:15,
                 from /home/tina.guest/tinylsm-perf-source-v2/tinylsm/build/benchmark/_deps/protobuf-src/src/google/protobuf/compiler/java/generator_common.h:10,
                 from /home/tina.guest/tinylsm-perf-source-v2/tinylsm/build/benchmark/_deps/protobuf-src/src/google/protobuf/compiler/java/lite/message_builder.h:18,
                 from /home/tina.guest/tinylsm-perf-source-v2/tinylsm/build/benchmark/_deps/protobuf-src/src/google/protobuf/compiler/java/lite/message_builder.cc:12:
/home/tina.guest/tinylsm-perf-source-v2/tinylsm/build/benchmark/_deps/protobuf-src/src/google/protobuf/port.h: In function ‘void google::protobuf::internal::AssertDownCast(From*)’:
/home/tina.guest/tinylsm-perf-source-v2/tinylsm/build/benchmark/_deps/protobuf-src/src/google/protobuf/port.h:181:5: warning: testing if a concept-id is a valid expression; add ‘requires’ to check satisfaction [-Wmissing-requires]
  181 |     std::derived_from<std::remove_pointer_t<To>,
      |     ^
      |     requires 
[171/665] Building CXX object _deps/protobuf-build/CMakeFiles/libprotoc.dir/src/google/protobuf/compiler/java/lite/primitive_field.cc.o
In file included from /home/tina.guest/tinylsm-perf-source-v2/tinylsm/build/benchmark/_deps/protobuf-src/src/google/protobuf/compiler/java/options.h:13,
                 from /home/tina.guest/tinylsm-perf-source-v2/tinylsm/build/benchmark/_deps/protobuf-src/src/google/protobuf/compiler/java/names.h:21,
                 from /home/tina.guest/tinylsm-perf-source-v2/tinylsm/build/benchmark/_deps/protobuf-src/src/google/protobuf/compiler/java/helpers.h:19,
                 from /home/tina.guest/tinylsm-perf-source-v2/tinylsm/build/benchmark/_deps/protobuf-src/src/google/protobuf/compiler/java/context.h:15,
                 from /home/tina.guest/tinylsm-perf-source-v2/tinylsm/build/benchmark/_deps/protobuf-src/src/google/protobuf/compiler/java/generator_common.h:10,
                 from /home/tina.guest/tinylsm-perf-source-v2/tinylsm/build/benchmark/_deps/protobuf-src/src/google/protobuf/compiler/java/lite/field_generator.h:7,
                 from /home/tina.guest/tinylsm-perf-source-v2/tinylsm/build/benchmark/_deps/protobuf-src/src/google/protobuf/compiler/java/lite/primitive_field.h:21,
                 from /home/tina.guest/tinylsm-perf-source-v2/tinylsm/build/benchmark/_deps/protobuf-src/src/google/protobuf/compiler/java/lite/primitive_field.cc:12:
/home/tina.guest/tinylsm-perf-source-v2/tinylsm/build/benchmark/_deps/protobuf-src/src/google/protobuf/port.h: In function ‘void google::protobuf::internal::AssertDownCast(From*)’:
/home/tina.guest/tinylsm-perf-source-v2/tinylsm/build/benchmark/_deps/protobuf-src/src/google/protobuf/port.h:181:5: warning: testing if a concept-id is a valid expression; add ‘requires’ to check satisfaction [-Wmissing-requires]
  181 |     std::derived_from<std::remove_pointer_t<To>,
      |     ^
      |     requires 
[172/665] Building CXX object _deps/protobuf-build/CMakeFiles/libprotoc.dir/src/google/protobuf/compiler/java/lite/string_field.cc.o
In file included from /home/tina.guest/tinylsm-perf-source-v2/tinylsm/build/benchmark/_deps/protobuf-src/src/google/protobuf/compiler/java/options.h:13,
                 from /home/tina.guest/tinylsm-perf-source-v2/tinylsm/build/benchmark/_deps/protobuf-src/src/google/protobuf/compiler/java/names.h:21,
                 from /home/tina.guest/tinylsm-perf-source-v2/tinylsm/build/benchmark/_deps/protobuf-src/src/google/protobuf/compiler/java/helpers.h:19,
                 from /home/tina.guest/tinylsm-perf-source-v2/tinylsm/build/benchmark/_deps/protobuf-src/src/google/protobuf/compiler/java/context.h:15,
                 from /home/tina.guest/tinylsm-perf-source-v2/tinylsm/build/benchmark/_deps/protobuf-src/src/google/protobuf/compiler/java/generator_common.h:10,
                 from /home/tina.guest/tinylsm-perf-source-v2/tinylsm/build/benchmark/_deps/protobuf-src/src/google/protobuf/compiler/java/lite/field_generator.h:7,
                 from /home/tina.guest/tinylsm-perf-source-v2/tinylsm/build/benchmark/_deps/protobuf-src/src/google/protobuf/compiler/java/lite/string_field.h:22,
                 from /home/tina.guest/tinylsm-perf-source-v2/tinylsm/build/benchmark/_deps/protobuf-src/src/google/protobuf/compiler/java/lite/string_field.cc:13:
/home/tina.guest/tinylsm-perf-source-v2/tinylsm/build/benchmark/_deps/protobuf-src/src/google/protobuf/port.h: In function ‘void google::protobuf::internal::AssertDownCast(From*)’:
/home/tina.guest/tinylsm-perf-source-v2/tinylsm/build/benchmark/_deps/protobuf-src/src/google/protobuf/port.h:181:5: warning: testing if a concept-id is a valid expression; add ‘requires’ to check satisfaction [-Wmissing-requires]
  181 |     std::derived_from<std::remove_pointer_t<To>,
      |     ^
      |     requires 
[173/665] Building CXX object _deps/protobuf-build/CMakeFiles/libprotoc.dir/src/google/protobuf/compiler/java/message_serialization.cc.o
In file included from /home/tina.guest/tinylsm-perf-source-v2/tinylsm/build/benchmark/_deps/protobuf-src/src/google/protobuf/compiler/java/options.h:13,
                 from /home/tina.guest/tinylsm-perf-source-v2/tinylsm/build/benchmark/_deps/protobuf-src/src/google/protobuf/compiler/java/names.h:21,
                 from /home/tina.guest/tinylsm-perf-source-v2/tinylsm/build/benchmark/_deps/protobuf-src/src/google/protobuf/compiler/java/helpers.h:19,
                 from /home/tina.guest/tinylsm-perf-source-v2/tinylsm/build/benchmark/_deps/protobuf-src/src/google/protobuf/compiler/java/context.h:15,
                 from /home/tina.guest/tinylsm-perf-source-v2/tinylsm/build/benchmark/_deps/protobuf-src/src/google/protobuf/compiler/java/generator_common.h:10,
                 from /home/tina.guest/tinylsm-perf-source-v2/tinylsm/build/benchmark/_deps/protobuf-src/src/google/protobuf/compiler/java/message_serialization.h:16,
                 from /home/tina.guest/tinylsm-perf-source-v2/tinylsm/build/benchmark/_deps/protobuf-src/src/google/protobuf/compiler/java/message_serialization.cc:8:
/home/tina.guest/tinylsm-perf-source-v2/tinylsm/build/benchmark/_deps/protobuf-src/src/google/protobuf/port.h: In function ‘void google::protobuf::internal::AssertDownCast(From*)’:
/home/tina.guest/tinylsm-perf-source-v2/tinylsm/build/benchmark/_deps/protobuf-src/src/google/protobuf/port.h:181:5: warning: testing if a concept-id is a valid expression; add ‘requires’ to check satisfaction [-Wmissing-requires]
  181 |     std::derived_from<std::remove_pointer_t<To>,
      |     ^
      |     requires 
[174/665] Building CXX object _deps/protobuf-build/CMakeFiles/libprotoc.dir/src/google/protobuf/compiler/java/name_resolver.cc.o
In file included from /home/tina.guest/tinylsm-perf-source-v2/tinylsm/build/benchmark/_deps/protobuf-src/src/google/protobuf/compiler/java/options.h:13,
                 from /home/tina.guest/tinylsm-perf-source-v2/tinylsm/build/benchmark/_deps/protobuf-src/src/google/protobuf/compiler/java/name_resolver.h:14,
                 from /home/tina.guest/tinylsm-perf-source-v2/tinylsm/build/benchmark/_deps/protobuf-src/src/google/protobuf/compiler/java/name_resolver.cc:8:
/home/tina.guest/tinylsm-perf-source-v2/tinylsm/build/benchmark/_deps/protobuf-src/src/google/protobuf/port.h: In function ‘void google::protobuf::internal::AssertDownCast(From*)’:
/home/tina.guest/tinylsm-perf-source-v2/tinylsm/build/benchmark/_deps/protobuf-src/src/google/protobuf/port.h:181:5: warning: testing if a concept-id is a valid expression; add ‘requires’ to check satisfaction [-Wmissing-requires]
  181 |     std::derived_from<std::remove_pointer_t<To>,
      |     ^
      |     requires 
[175/665] Building CXX object _deps/protobuf-build/CMakeFiles/libprotoc.dir/src/google/protobuf/compiler/kotlin/file.cc.o
In file included from /home/tina.guest/tinylsm-perf-source-v2/tinylsm/build/benchmark/_deps/protobuf-src/src/google/protobuf/compiler/java/options.h:13,
                 from /home/tina.guest/tinylsm-perf-source-v2/tinylsm/build/benchmark/_deps/protobuf-src/src/google/protobuf/compiler/kotlin/file.h:17,
                 from /home/tina.guest/tinylsm-perf-source-v2/tinylsm/build/benchmark/_deps/protobuf-src/src/google/protobuf/compiler/kotlin/file.cc:8:
/home/tina.guest/tinylsm-perf-source-v2/tinylsm/build/benchmark/_deps/protobuf-src/src/google/protobuf/port.h: In function ‘void google::protobuf::internal::AssertDownCast(From*)’:
/home/tina.guest/tinylsm-perf-source-v2/tinylsm/build/benchmark/_deps/protobuf-src/src/google/protobuf/port.h:181:5: warning: testing if a concept-id is a valid expression; add ‘requires’ to check satisfaction [-Wmissing-requires]
  181 |     std::derived_from<std::remove_pointer_t<To>,
      |     ^
      |     requires 
[176/665] Building CXX object _deps/protobuf-build/CMakeFiles/libprotoc.dir/src/google/protobuf/compiler/java/names.cc.o
In file included from /home/tina.guest/tinylsm-perf-source-v2/tinylsm/build/benchmark/_deps/protobuf-src/src/google/protobuf/compiler/java/options.h:13,
                 from /home/tina.guest/tinylsm-perf-source-v2/tinylsm/build/benchmark/_deps/protobuf-src/src/google/protobuf/compiler/java/names.h:21,
                 from /home/tina.guest/tinylsm-perf-source-v2/tinylsm/build/benchmark/_deps/protobuf-src/src/google/protobuf/compiler/java/names.cc:12:
/home/tina.guest/tinylsm-perf-source-v2/tinylsm/build/benchmark/_deps/protobuf-src/src/google/protobuf/port.h: In function ‘void google::protobuf::internal::AssertDownCast(From*)’:
/home/tina.guest/tinylsm-perf-source-v2/tinylsm/build/benchmark/_deps/protobuf-src/src/google/protobuf/port.h:181:5: warning: testing if a concept-id is a valid expression; add ‘requires’ to check satisfaction [-Wmissing-requires]
  181 |     std::derived_from<std::remove_pointer_t<To>,
      |     ^
      |     requires 
[177/665] Building CXX object _deps/protobuf-build/CMakeFiles/libprotoc.dir/src/google/protobuf/compiler/java/shared_code_generator.cc.o
In file included from /home/tina.guest/tinylsm-perf-source-v2/tinylsm/build/benchmark/_deps/protobuf-src/src/google/protobuf/compiler/java/options.h:13,
                 from /home/tina.guest/tinylsm-perf-source-v2/tinylsm/build/benchmark/_deps/protobuf-src/src/google/protobuf/compiler/java/shared_code_generator.h:19,
                 from /home/tina.guest/tinylsm-perf-source-v2/tinylsm/build/benchmark/_deps/protobuf-src/src/google/protobuf/compiler/java/shared_code_generator.cc:10:
/home/tina.guest/tinylsm-perf-source-v2/tinylsm/build/benchmark/_deps/protobuf-src/src/google/protobuf/port.h: In function ‘void google::protobuf::internal::AssertDownCast(From*)’:
/home/tina.guest/tinylsm-perf-source-v2/tinylsm/build/benchmark/_deps/protobuf-src/src/google/protobuf/port.h:181:5: warning: testing if a concept-id is a valid expression; add ‘requires’ to check satisfaction [-Wmissing-requires]
  181 |     std::derived_from<std::remove_pointer_t<To>,
      |     ^
      |     requires 
[178/665] Building CXX object _deps/protobuf-build/CMakeFiles/libprotoc.dir/src/google/protobuf/compiler/kotlin/generator.cc.o
In file included from /home/tina.guest/tinylsm-perf-source-v2/tinylsm/build/benchmark/_deps/protobuf-src/src/google/protobuf/arena.h:38,
                 from /home/tina.guest/tinylsm-perf-source-v2/tinylsm/build/benchmark/_deps/protobuf-src/src/google/protobuf/compiler/java/java_features.pb.h:21,
                 from /home/tina.guest/tinylsm-perf-source-v2/tinylsm/build/benchmark/_deps/protobuf-src/src/google/protobuf/compiler/kotlin/generator.h:17,
                 from /home/tina.guest/tinylsm-perf-source-v2/tinylsm/build/benchmark/_deps/protobuf-src/src/google/protobuf/compiler/kotlin/generator.cc:8:
/home/tina.guest/tinylsm-perf-source-v2/tinylsm/build/benchmark/_deps/protobuf-src/src/google/protobuf/port.h: In function ‘void google::protobuf::internal::AssertDownCast(From*)’:
/home/tina.guest/tinylsm-perf-source-v2/tinylsm/build/benchmark/_deps/protobuf-src/src/google/protobuf/port.h:181:5: warning: testing if a concept-id is a valid expression; add ‘requires’ to check satisfaction [-Wmissing-requires]
  181 |     std::derived_from<std::remove_pointer_t<To>,
      |     ^
      |     requires 
[179/665] Building CXX object _deps/protobuf-build/CMakeFiles/libprotoc.dir/src/google/protobuf/compiler/kotlin/message.cc.o
In file included from /home/tina.guest/tinylsm-perf-source-v2/tinylsm/build/benchmark/_deps/protobuf-src/src/google/protobuf/compiler/java/options.h:13,
                 from /home/tina.guest/tinylsm-perf-source-v2/tinylsm/build/benchmark/_deps/protobuf-src/src/google/protobuf/compiler/java/names.h:21,
                 from /home/tina.guest/tinylsm-perf-source-v2/tinylsm/build/benchmark/_deps/protobuf-src/src/google/protobuf/compiler/java/helpers.h:19,
                 from /home/tina.guest/tinylsm-perf-source-v2/tinylsm/build/benchmark/_deps/protobuf-src/src/google/protobuf/compiler/java/context.h:15,
                 from /home/tina.guest/tinylsm-perf-source-v2/tinylsm/build/benchmark/_deps/protobuf-src/src/google/protobuf/compiler/kotlin/message.h:12,
                 from /home/tina.guest/tinylsm-perf-source-v2/tinylsm/build/benchmark/_deps/protobuf-src/src/google/protobuf/compiler/kotlin/message.cc:8:
/home/tina.guest/tinylsm-perf-source-v2/tinylsm/build/benchmark/_deps/protobuf-src/src/google/protobuf/port.h: In function ‘void google::protobuf::internal::AssertDownCast(From*)’:
/home/tina.guest/tinylsm-perf-source-v2/tinylsm/build/benchmark/_deps/protobuf-src/src/google/protobuf/port.h:181:5: warning: testing if a concept-id is a valid expression; add ‘requires’ to check satisfaction [-Wmissing-requires]
  181 |     std::derived_from<std::remove_pointer_t<To>,
      |     ^
      |     requires 
[180/665] Building CXX object _deps/protobuf-build/CMakeFiles/libprotoc.dir/src/google/protobuf/compiler/objectivec/enum.cc.o
In file included from /home/tina.guest/tinylsm-perf-source-v2/tinylsm/build/benchmark/_deps/protobuf-src/src/google/protobuf/extension_set.h:36,
                 from /home/tina.guest/tinylsm-perf-source-v2/tinylsm/build/benchmark/_deps/protobuf-src/src/google/protobuf/descriptor.h:56,
                 from /home/tina.guest/tinylsm-perf-source-v2/tinylsm/build/benchmark/_deps/protobuf-src/src/google/protobuf/compiler/objectivec/enum.h:16,
                 from /home/tina.guest/tinylsm-perf-source-v2/tinylsm/build/benchmark/_deps/protobuf-src/src/google/protobuf/compiler/objectivec/enum.cc:8:
/home/tina.guest/tinylsm-perf-source-v2/tinylsm/build/benchmark/_deps/protobuf-src/src/google/protobuf/port.h: In function ‘void google::protobuf::internal::AssertDownCast(From*)’:
/home/tina.guest/tinylsm-perf-source-v2/tinylsm/build/benchmark/_deps/protobuf-src/src/google/protobuf/port.h:181:5: warning: testing if a concept-id is a valid expression; add ‘requires’ to check satisfaction [-Wmissing-requires]
  181 |     std::derived_from<std::remove_pointer_t<To>,
      |     ^
      |     requires 
[181/665] Building CXX object _deps/protobuf-build/CMakeFiles/libprotoc.dir/src/google/protobuf/compiler/objectivec/enum_field.cc.o
In file included from /home/tina.guest/tinylsm-perf-source-v2/tinylsm/build/benchmark/_deps/protobuf-src/src/google/protobuf/extension_set.h:36,
                 from /home/tina.guest/tinylsm-perf-source-v2/tinylsm/build/benchmark/_deps/protobuf-src/src/google/protobuf/descriptor.h:56,
                 from /home/tina.guest/tinylsm-perf-source-v2/tinylsm/build/benchmark/_deps/protobuf-src/src/google/protobuf/compiler/objectivec/field.h:21,
                 from /home/tina.guest/tinylsm-perf-source-v2/tinylsm/build/benchmark/_deps/protobuf-src/src/google/protobuf/compiler/objectivec/enum_field.h:15,
                 from /home/tina.guest/tinylsm-perf-source-v2/tinylsm/build/benchmark/_deps/protobuf-src/src/google/protobuf/compiler/objectivec/enum_field.cc:8:
/home/tina.guest/tinylsm-perf-source-v2/tinylsm/build/benchmark/_deps/protobuf-src/src/google/protobuf/port.h: In function ‘void google::protobuf::internal::AssertDownCast(From*)’:
/home/tina.guest/tinylsm-perf-source-v2/tinylsm/build/benchmark/_deps/protobuf-src/src/google/protobuf/port.h:181:5: warning: testing if a concept-id is a valid expression; add ‘requires’ to check satisfaction [-Wmissing-requires]
  181 |     std::derived_from<std::remove_pointer_t<To>,
      |     ^
      |     requires 
[182/665] Building CXX object _deps/protobuf-build/CMakeFiles/libprotoc.dir/src/google/protobuf/compiler/objectivec/extension.cc.o
In file included from /home/tina.guest/tinylsm-perf-source-v2/tinylsm/build/benchmark/_deps/protobuf-src/src/google/protobuf/extension_set.h:36,
                 from /home/tina.guest/tinylsm-perf-source-v2/tinylsm/build/benchmark/_deps/protobuf-src/src/google/protobuf/descriptor.h:56,
                 from /home/tina.guest/tinylsm-perf-source-v2/tinylsm/build/benchmark/_deps/protobuf-src/src/google/protobuf/compiler/objectivec/extension.h:17,
                 from /home/tina.guest/tinylsm-perf-source-v2/tinylsm/build/benchmark/_deps/protobuf-src/src/google/protobuf/compiler/objectivec/extension.cc:8:
/home/tina.guest/tinylsm-perf-source-v2/tinylsm/build/benchmark/_deps/protobuf-src/src/google/protobuf/port.h: In function ‘void google::protobuf::internal::AssertDownCast(From*)’:
/home/tina.guest/tinylsm-perf-source-v2/tinylsm/build/benchmark/_deps/protobuf-src/src/google/protobuf/port.h:181:5: warning: testing if a concept-id is a valid expression; add ‘requires’ to check satisfaction [-Wmissing-requires]
  181 |     std::derived_from<std::remove_pointer_t<To>,
      |     ^
      |     requires 
[183/665] Building CXX object _deps/protobuf-build/CMakeFiles/libprotoc.dir/src/google/protobuf/compiler/objectivec/field.cc.o
In file included from /home/tina.guest/tinylsm-perf-source-v2/tinylsm/build/benchmark/_deps/protobuf-src/src/google/protobuf/extension_set.h:36,
                 from /home/tina.guest/tinylsm-perf-source-v2/tinylsm/build/benchmark/_deps/protobuf-src/src/google/protobuf/descriptor.h:56,
                 from /home/tina.guest/tinylsm-perf-source-v2/tinylsm/build/benchmark/_deps/protobuf-src/src/google/protobuf/compiler/objectivec/field.h:21,
                 from /home/tina.guest/tinylsm-perf-source-v2/tinylsm/build/benchmark/_deps/protobuf-src/src/google/protobuf/compiler/objectivec/field.cc:8:
/home/tina.guest/tinylsm-perf-source-v2/tinylsm/build/benchmark/_deps/protobuf-src/src/google/protobuf/port.h: In function ‘void google::protobuf::internal::AssertDownCast(From*)’:
/home/tina.guest/tinylsm-perf-source-v2/tinylsm/build/benchmark/_deps/protobuf-src/src/google/protobuf/port.h:181:5: warning: testing if a concept-id is a valid expression; add ‘requires’ to check satisfaction [-Wmissing-requires]
  181 |     std::derived_from<std::remove_pointer_t<To>,
      |     ^
      |     requires 
[184/665] Building CXX object _deps/protobuf-build/CMakeFiles/libprotoc.dir/src/google/protobuf/compiler/objectivec/line_consumer.cc.o
In file included from /home/tina.guest/tinylsm-perf-source-v2/tinylsm/build/benchmark/_deps/protobuf-src/src/google/protobuf/io/zero_copy_stream.h:89,
                 from /home/tina.guest/tinylsm-perf-source-v2/tinylsm/build/benchmark/_deps/protobuf-src/src/google/protobuf/compiler/objectivec/line_consumer.h:14,
                 from /home/tina.guest/tinylsm-perf-source-v2/tinylsm/build/benchmark/_deps/protobuf-src/src/google/protobuf/compiler/objectivec/line_consumer.cc:20:
/home/tina.guest/tinylsm-perf-source-v2/tinylsm/build/benchmark/_deps/protobuf-src/src/google/protobuf/port.h: In function ‘void google::protobuf::internal::AssertDownCast(From*)’:
/home/tina.guest/tinylsm-perf-source-v2/tinylsm/build/benchmark/_deps/protobuf-src/src/google/protobuf/port.h:181:5: warning: testing if a concept-id is a valid expression; add ‘requires’ to check satisfaction [-Wmissing-requires]
  181 |     std::derived_from<std::remove_pointer_t<To>,
      |     ^
      |     requires 
[185/665] Building CXX object _deps/protobuf-build/CMakeFiles/libprotoc.dir/src/google/protobuf/compiler/objectivec/import_writer.cc.o
In file included from /home/tina.guest/tinylsm-perf-source-v2/tinylsm/build/benchmark/_deps/protobuf-src/src/google/protobuf/extension_set.h:36,
                 from /home/tina.guest/tinylsm-perf-source-v2/tinylsm/build/benchmark/_deps/protobuf-src/src/google/protobuf/descriptor.h:56,
                 from /home/tina.guest/tinylsm-perf-source-v2/tinylsm/build/benchmark/_deps/protobuf-src/src/google/protobuf/compiler/objectivec/import_writer.h:15,
                 from /home/tina.guest/tinylsm-perf-source-v2/tinylsm/build/benchmark/_deps/protobuf-src/src/google/protobuf/compiler/objectivec/import_writer.cc:8:
/home/tina.guest/tinylsm-perf-source-v2/tinylsm/build/benchmark/_deps/protobuf-src/src/google/protobuf/port.h: In function ‘void google::protobuf::internal::AssertDownCast(From*)’:
/home/tina.guest/tinylsm-perf-source-v2/tinylsm/build/benchmark/_deps/protobuf-src/src/google/protobuf/port.h:181:5: warning: testing if a concept-id is a valid expression; add ‘requires’ to check satisfaction [-Wmissing-requires]
  181 |     std::derived_from<std::remove_pointer_t<To>,
      |     ^
      |     requires 
[186/665] Building CXX object _deps/protobuf-build/CMakeFiles/libprotoc.dir/src/google/protobuf/compiler/objectivec/helpers.cc.o
In file included from /home/tina.guest/tinylsm-perf-source-v2/tinylsm/build/benchmark/_deps/protobuf-src/src/google/protobuf/extension_set.h:36,
                 from /home/tina.guest/tinylsm-perf-source-v2/tinylsm/build/benchmark/_deps/protobuf-src/src/google/protobuf/descriptor.h:56,
                 from /home/tina.guest/tinylsm-perf-source-v2/tinylsm/build/benchmark/_deps/protobuf-src/src/google/protobuf/compiler/objectivec/helpers.h:19,
                 from /home/tina.guest/tinylsm-perf-source-v2/tinylsm/build/benchmark/_deps/protobuf-src/src/google/protobuf/compiler/objectivec/helpers.cc:8:
/home/tina.guest/tinylsm-perf-source-v2/tinylsm/build/benchmark/_deps/protobuf-src/src/google/protobuf/port.h: In function ‘void google::protobuf::internal::AssertDownCast(From*)’:
/home/tina.guest/tinylsm-perf-source-v2/tinylsm/build/benchmark/_deps/protobuf-src/src/google/protobuf/port.h:181:5: warning: testing if a concept-id is a valid expression; add ‘requires’ to check satisfaction [-Wmissing-requires]
  181 |     std::derived_from<std::remove_pointer_t<To>,
      |     ^
      |     requires 
[187/665] Building CXX object _deps/protobuf-build/CMakeFiles/libprotoc.dir/src/google/protobuf/compiler/objectivec/map_field.cc.o
In file included from /home/tina.guest/tinylsm-perf-source-v2/tinylsm/build/benchmark/_deps/protobuf-src/src/google/protobuf/extension_set.h:36,
                 from /home/tina.guest/tinylsm-perf-source-v2/tinylsm/build/benchmark/_deps/protobuf-src/src/google/protobuf/descriptor.h:56,
                 from /home/tina.guest/tinylsm-perf-source-v2/tinylsm/build/benchmark/_deps/protobuf-src/src/google/protobuf/compiler/objectivec/field.h:21,
                 from /home/tina.guest/tinylsm-perf-source-v2/tinylsm/build/benchmark/_deps/protobuf-src/src/google/protobuf/compiler/objectivec/map_field.h:16,
                 from /home/tina.guest/tinylsm-perf-source-v2/tinylsm/build/benchmark/_deps/protobuf-src/src/google/protobuf/compiler/objectivec/map_field.cc:8:
/home/tina.guest/tinylsm-perf-source-v2/tinylsm/build/benchmark/_deps/protobuf-src/src/google/protobuf/port.h: In function ‘void google::protobuf::internal::AssertDownCast(From*)’:
/home/tina.guest/tinylsm-perf-source-v2/tinylsm/build/benchmark/_deps/protobuf-src/src/google/protobuf/port.h:181:5: warning: testing if a concept-id is a valid expression; add ‘requires’ to check satisfaction [-Wmissing-requires]
  181 |     std::derived_from<std::remove_pointer_t<To>,
      |     ^
      |     requires 
[188/665] Building CXX object _deps/protobuf-build/CMakeFiles/libprotoc.dir/src/google/protobuf/compiler/objectivec/generator.cc.o
In file included from /home/tina.guest/tinylsm-perf-source-v2/tinylsm/build/benchmark/_deps/protobuf-src/src/google/protobuf/extension_set.h:36,
                 from /home/tina.guest/tinylsm-perf-source-v2/tinylsm/build/benchmark/_deps/protobuf-src/src/google/protobuf/descriptor.h:56,
                 from /home/tina.guest/tinylsm-perf-source-v2/tinylsm/build/benchmark/_deps/protobuf-src/src/google/protobuf/compiler/code_generator.h:26,
                 from /home/tina.guest/tinylsm-perf-source-v2/tinylsm/build/benchmark/_deps/protobuf-src/src/google/protobuf/compiler/objectivec/generator.h:17,
                 from /home/tina.guest/tinylsm-perf-source-v2/tinylsm/build/benchmark/_deps/protobuf-src/src/google/protobuf/compiler/objectivec/generator.cc:8:
/home/tina.guest/tinylsm-perf-source-v2/tinylsm/build/benchmark/_deps/protobuf-src/src/google/protobuf/port.h: In function ‘void google::protobuf::internal::AssertDownCast(From*)’:
/home/tina.guest/tinylsm-perf-source-v2/tinylsm/build/benchmark/_deps/protobuf-src/src/google/protobuf/port.h:181:5: warning: testing if a concept-id is a valid expression; add ‘requires’ to check satisfaction [-Wmissing-requires]
  181 |     std::derived_from<std::remove_pointer_t<To>,
      |     ^
      |     requires 
[189/665] Building CXX object _deps/protobuf-build/CMakeFiles/libprotoc.dir/src/google/protobuf/compiler/objectivec/file.cc.o
In file included from /home/tina.guest/tinylsm-perf-source-v2/tinylsm/build/benchmark/_deps/protobuf-src/src/google/protobuf/extension_set.h:36,
                 from /home/tina.guest/tinylsm-perf-source-v2/tinylsm/build/benchmark/_deps/protobuf-src/src/google/protobuf/descriptor.h:56,
                 from /home/tina.guest/tinylsm-perf-source-v2/tinylsm/build/benchmark/_deps/protobuf-src/src/google/protobuf/compiler/objectivec/enum.h:16,
                 from /home/tina.guest/tinylsm-perf-source-v2/tinylsm/build/benchmark/_deps/protobuf-src/src/google/protobuf/compiler/objectivec/file.h:19,
                 from /home/tina.guest/tinylsm-perf-source-v2/tinylsm/build/benchmark/_deps/protobuf-src/src/google/protobuf/compiler/objectivec/file.cc:8:
/home/tina.guest/tinylsm-perf-source-v2/tinylsm/build/benchmark/_deps/protobuf-src/src/google/protobuf/port.h: In function ‘void google::protobuf::internal::AssertDownCast(From*)’:
/home/tina.guest/tinylsm-perf-source-v2/tinylsm/build/benchmark/_deps/protobuf-src/src/google/protobuf/port.h:181:5: warning: testing if a concept-id is a valid expression; add ‘requires’ to check satisfaction [-Wmissing-requires]
  181 |     std::derived_from<std::remove_pointer_t<To>,
      |     ^
      |     requires 
[190/665] Building CXX object _deps/protobuf-build/CMakeFiles/libprotoc.dir/src/google/protobuf/compiler/objectivec/message_field.cc.o
In file included from /home/tina.guest/tinylsm-perf-source-v2/tinylsm/build/benchmark/_deps/protobuf-src/src/google/protobuf/extension_set.h:36,
                 from /home/tina.guest/tinylsm-perf-source-v2/tinylsm/build/benchmark/_deps/protobuf-src/src/google/protobuf/descriptor.h:56,
                 from /home/tina.guest/tinylsm-perf-source-v2/tinylsm/build/benchmark/_deps/protobuf-src/src/google/protobuf/compiler/objectivec/field.h:21,
                 from /home/tina.guest/tinylsm-perf-source-v2/tinylsm/build/benchmark/_deps/protobuf-src/src/google/protobuf/compiler/objectivec/message_field.h:15,
                 from /home/tina.guest/tinylsm-perf-source-v2/tinylsm/build/benchmark/_deps/protobuf-src/src/google/protobuf/compiler/objectivec/message_field.cc:8:
/home/tina.guest/tinylsm-perf-source-v2/tinylsm/build/benchmark/_deps/protobuf-src/src/google/protobuf/port.h: In function ‘void google::protobuf::internal::AssertDownCast(From*)’:
/home/tina.guest/tinylsm-perf-source-v2/tinylsm/build/benchmark/_deps/protobuf-src/src/google/protobuf/port.h:181:5: warning: testing if a concept-id is a valid expression; add ‘requires’ to check satisfaction [-Wmissing-requires]
  181 |     std::derived_from<std::remove_pointer_t<To>,
      |     ^
      |     requires 
[191/665] Building CXX object _deps/protobuf-build/CMakeFiles/libprotoc.dir/src/google/protobuf/compiler/objectivec/message.cc.o
In file included from /home/tina.guest/tinylsm-perf-source-v2/tinylsm/build/benchmark/_deps/protobuf-src/src/google/protobuf/extension_set.h:36,
                 from /home/tina.guest/tinylsm-perf-source-v2/tinylsm/build/benchmark/_deps/protobuf-src/src/google/protobuf/descriptor.h:56,
                 from /home/tina.guest/tinylsm-perf-source-v2/tinylsm/build/benchmark/_deps/protobuf-src/src/google/protobuf/compiler/objectivec/field.h:21,
                 from /home/tina.guest/tinylsm-perf-source-v2/tinylsm/build/benchmark/_deps/protobuf-src/src/google/protobuf/compiler/objectivec/message.h:18,
                 from /home/tina.guest/tinylsm-perf-source-v2/tinylsm/build/benchmark/_deps/protobuf-src/src/google/protobuf/compiler/objectivec/message.cc:8:
/home/tina.guest/tinylsm-perf-source-v2/tinylsm/build/benchmark/_deps/protobuf-src/src/google/protobuf/port.h: In function ‘void google::protobuf::internal::AssertDownCast(From*)’:
/home/tina.guest/tinylsm-perf-source-v2/tinylsm/build/benchmark/_deps/protobuf-src/src/google/protobuf/port.h:181:5: warning: testing if a concept-id is a valid expression; add ‘requires’ to check satisfaction [-Wmissing-requires]
  181 |     std::derived_from<std::remove_pointer_t<To>,
      |     ^
      |     requires 
[192/665] Building CXX object _deps/protobuf-build/CMakeFiles/libprotoc.dir/src/google/protobuf/compiler/objectivec/tf_decode_data.cc.o
In file included from /home/tina.guest/tinylsm-perf-source-v2/tinylsm/build/benchmark/_deps/protobuf-src/src/google/protobuf/io/zero_copy_stream.h:89,
                 from /home/tina.guest/tinylsm-perf-source-v2/tinylsm/build/benchmark/_deps/protobuf-src/src/google/protobuf/io/zero_copy_stream_impl.h:24,
                 from /home/tina.guest/tinylsm-perf-source-v2/tinylsm/build/benchmark/_deps/protobuf-src/src/google/protobuf/compiler/objectivec/tf_decode_data.cc:20:
/home/tina.guest/tinylsm-perf-source-v2/tinylsm/build/benchmark/_deps/protobuf-src/src/google/protobuf/port.h: In function ‘void google::protobuf::internal::AssertDownCast(From*)’:
/home/tina.guest/tinylsm-perf-source-v2/tinylsm/build/benchmark/_deps/protobuf-src/src/google/protobuf/port.h:181:5: warning: testing if a concept-id is a valid expression; add ‘requires’ to check satisfaction [-Wmissing-requires]
  181 |     std::derived_from<std::remove_pointer_t<To>,
      |     ^
      |     requires 
[193/665] Building CXX object _deps/protobuf-build/CMakeFiles/libprotoc.dir/src/google/protobuf/compiler/objectivec/names.cc.o
In file included from /home/tina.guest/tinylsm-perf-source-v2/tinylsm/build/benchmark/_deps/protobuf-src/src/google/protobuf/extension_set.h:36,
                 from /home/tina.guest/tinylsm-perf-source-v2/tinylsm/build/benchmark/_deps/protobuf-src/src/google/protobuf/descriptor.h:56,
                 from /home/tina.guest/tinylsm-perf-source-v2/tinylsm/build/benchmark/_deps/protobuf-src/src/google/protobuf/compiler/objectivec/names.h:17,
                 from /home/tina.guest/tinylsm-perf-source-v2/tinylsm/build/benchmark/_deps/protobuf-src/src/google/protobuf/compiler/objectivec/names.cc:8:
/home/tina.guest/tinylsm-perf-source-v2/tinylsm/build/benchmark/_deps/protobuf-src/src/google/protobuf/port.h: In function ‘void google::protobuf::internal::AssertDownCast(From*)’:
/home/tina.guest/tinylsm-perf-source-v2/tinylsm/build/benchmark/_deps/protobuf-src/src/google/protobuf/port.h:181:5: warning: testing if a concept-id is a valid expression; add ‘requires’ to check satisfaction [-Wmissing-requires]
  181 |     std::derived_from<std::remove_pointer_t<To>,
      |     ^
      |     requires 
[194/665] Building CXX object _deps/protobuf-build/CMakeFiles/libprotoc.dir/src/google/protobuf/compiler/objectivec/primitive_field.cc.o
In file included from /home/tina.guest/tinylsm-perf-source-v2/tinylsm/build/benchmark/_deps/protobuf-src/src/google/protobuf/extension_set.h:36,
                 from /home/tina.guest/tinylsm-perf-source-v2/tinylsm/build/benchmark/_deps/protobuf-src/src/google/protobuf/descriptor.h:56,
                 from /home/tina.guest/tinylsm-perf-source-v2/tinylsm/build/benchmark/_deps/protobuf-src/src/google/protobuf/compiler/objectivec/field.h:21,
                 from /home/tina.guest/tinylsm-perf-source-v2/tinylsm/build/benchmark/_deps/protobuf-src/src/google/protobuf/compiler/objectivec/primitive_field.h:11,
                 from /home/tina.guest/tinylsm-perf-source-v2/tinylsm/build/benchmark/_deps/protobuf-src/src/google/protobuf/compiler/objectivec/primitive_field.cc:8:
/home/tina.guest/tinylsm-perf-source-v2/tinylsm/build/benchmark/_deps/protobuf-src/src/google/protobuf/port.h: In function ‘void google::protobuf::internal::AssertDownCast(From*)’:
/home/tina.guest/tinylsm-perf-source-v2/tinylsm/build/benchmark/_deps/protobuf-src/src/google/protobuf/port.h:181:5: warning: testing if a concept-id is a valid expression; add ‘requires’ to check satisfaction [-Wmissing-requires]
  181 |     std::derived_from<std::remove_pointer_t<To>,
      |     ^
      |     requires 
[195/665] Building CXX object _deps/protobuf-build/CMakeFiles/libprotoc.dir/src/google/protobuf/compiler/objectivec/oneof.cc.o
In file included from /home/tina.guest/tinylsm-perf-source-v2/tinylsm/build/benchmark/_deps/protobuf-src/src/google/protobuf/extension_set.h:36,
                 from /home/tina.guest/tinylsm-perf-source-v2/tinylsm/build/benchmark/_deps/protobuf-src/src/google/protobuf/descriptor.h:56,
                 from /home/tina.guest/tinylsm-perf-source-v2/tinylsm/build/benchmark/_deps/protobuf-src/src/google/protobuf/compiler/objectivec/oneof.h:16,
                 from /home/tina.guest/tinylsm-perf-source-v2/tinylsm/build/benchmark/_deps/protobuf-src/src/google/protobuf/compiler/objectivec/oneof.cc:8:
/home/tina.guest/tinylsm-perf-source-v2/tinylsm/build/benchmark/_deps/protobuf-src/src/google/protobuf/port.h: In function ‘void google::protobuf::internal::AssertDownCast(From*)’:
/home/tina.guest/tinylsm-perf-source-v2/tinylsm/build/benchmark/_deps/protobuf-src/src/google/protobuf/port.h:181:5: warning: testing if a concept-id is a valid expression; add ‘requires’ to check satisfaction [-Wmissing-requires]
  181 |     std::derived_from<std::remove_pointer_t<To>,
      |     ^
      |     requires 
[196/665] Building CXX object _deps/protobuf-build/CMakeFiles/libprotoc.dir/src/google/protobuf/compiler/php/names.cc.o
In file included from /home/tina.guest/tinylsm-perf-source-v2/tinylsm/build/benchmark/_deps/protobuf-src/src/google/protobuf/extension_set.h:36,
                 from /home/tina.guest/tinylsm-perf-source-v2/tinylsm/build/benchmark/_deps/protobuf-src/src/google/protobuf/descriptor.h:56,
                 from /home/tina.guest/tinylsm-perf-source-v2/tinylsm/build/benchmark/_deps/protobuf-src/src/google/protobuf/compiler/php/names.h:11,
                 from /home/tina.guest/tinylsm-perf-source-v2/tinylsm/build/benchmark/_deps/protobuf-src/src/google/protobuf/compiler/php/names.cc:8:
/home/tina.guest/tinylsm-perf-source-v2/tinylsm/build/benchmark/_deps/protobuf-src/src/google/protobuf/port.h: In function ‘void google::protobuf::internal::AssertDownCast(From*)’:
/home/tina.guest/tinylsm-perf-source-v2/tinylsm/build/benchmark/_deps/protobuf-src/src/google/protobuf/port.h:181:5: warning: testing if a concept-id is a valid expression; add ‘requires’ to check satisfaction [-Wmissing-requires]
  181 |     std::derived_from<std::remove_pointer_t<To>,
      |     ^
      |     requires 
[197/665] Building CXX object _deps/protobuf-build/CMakeFiles/libprotoc.dir/src/google/protobuf/compiler/plugin.cc.o
In file included from /home/tina.guest/tinylsm-perf-source-v2/tinylsm/build/benchmark/_deps/protobuf-src/src/google/protobuf/extension_set.h:36,
                 from /home/tina.guest/tinylsm-perf-source-v2/tinylsm/build/benchmark/_deps/protobuf-src/src/google/protobuf/descriptor.h:56,
                 from /home/tina.guest/tinylsm-perf-source-v2/tinylsm/build/benchmark/_deps/protobuf-src/src/google/protobuf/compiler/code_generator.h:26,
                 from /home/tina.guest/tinylsm-perf-source-v2/tinylsm/build/benchmark/_deps/protobuf-src/src/google/protobuf/compiler/plugin.cc:26:
/home/tina.guest/tinylsm-perf-source-v2/tinylsm/build/benchmark/_deps/protobuf-src/src/google/protobuf/port.h: In function ‘void google::protobuf::internal::AssertDownCast(From*)’:
/home/tina.guest/tinylsm-perf-source-v2/tinylsm/build/benchmark/_deps/protobuf-src/src/google/protobuf/port.h:181:5: warning: testing if a concept-id is a valid expression; add ‘requires’ to check satisfaction [-Wmissing-requires]
  181 |     std::derived_from<std::remove_pointer_t<To>,
      |     ^
      |     requires 
[198/665] Building CXX object _deps/protobuf-build/CMakeFiles/libprotoc.dir/src/google/protobuf/compiler/python/helpers.cc.o
In file included from /home/tina.guest/tinylsm-perf-source-v2/tinylsm/build/benchmark/_deps/protobuf-src/src/google/protobuf/extension_set.h:36,
                 from /home/tina.guest/tinylsm-perf-source-v2/tinylsm/build/benchmark/_deps/protobuf-src/src/google/protobuf/descriptor.h:56,
                 from /home/tina.guest/tinylsm-perf-source-v2/tinylsm/build/benchmark/_deps/protobuf-src/src/google/protobuf/compiler/python/helpers.h:15,
                 from /home/tina.guest/tinylsm-perf-source-v2/tinylsm/build/benchmark/_deps/protobuf-src/src/google/protobuf/compiler/python/helpers.cc:8:
/home/tina.guest/tinylsm-perf-source-v2/tinylsm/build/benchmark/_deps/protobuf-src/src/google/protobuf/port.h: In function ‘void google::protobuf::internal::AssertDownCast(From*)’:
/home/tina.guest/tinylsm-perf-source-v2/tinylsm/build/benchmark/_deps/protobuf-src/src/google/protobuf/port.h:181:5: warning: testing if a concept-id is a valid expression; add ‘requires’ to check satisfaction [-Wmissing-requires]
  181 |     std::derived_from<std::remove_pointer_t<To>,
      |     ^
      |     requires 
[199/665] Building CXX object _deps/protobuf-build/CMakeFiles/libprotoc.dir/src/google/protobuf/compiler/plugin.pb.cc.o
In file included from /home/tina.guest/tinylsm-perf-source-v2/tinylsm/build/benchmark/_deps/protobuf-src/src/google/protobuf/arena.h:38,
                 from /home/tina.guest/tinylsm-perf-source-v2/tinylsm/build/benchmark/_deps/protobuf-src/src/google/protobuf/compiler/plugin.pb.h:21,
                 from /home/tina.guest/tinylsm-perf-source-v2/tinylsm/build/benchmark/_deps/protobuf-src/src/google/protobuf/compiler/plugin.pb.cc:6:
/home/tina.guest/tinylsm-perf-source-v2/tinylsm/build/benchmark/_deps/protobuf-src/src/google/protobuf/port.h: In function ‘void google::protobuf::internal::AssertDownCast(From*)’:
/home/tina.guest/tinylsm-perf-source-v2/tinylsm/build/benchmark/_deps/protobuf-src/src/google/protobuf/port.h:181:5: warning: testing if a concept-id is a valid expression; add ‘requires’ to check satisfaction [-Wmissing-requires]
  181 |     std::derived_from<std::remove_pointer_t<To>,
      |     ^
      |     requires 
[200/665] Building CXX object _deps/protobuf-build/CMakeFiles/libprotoc.dir/src/google/protobuf/compiler/php/php_generator.cc.o
In file included from /home/tina.guest/tinylsm-perf-source-v2/tinylsm/build/benchmark/_deps/protobuf-src/src/google/protobuf/extension_set.h:36,
                 from /home/tina.guest/tinylsm-perf-source-v2/tinylsm/build/benchmark/_deps/protobuf-src/src/google/protobuf/descriptor.h:56,
                 from /home/tina.guest/tinylsm-perf-source-v2/tinylsm/build/benchmark/_deps/protobuf-src/src/google/protobuf/compiler/code_generator.h:26,
                 from /home/tina.guest/tinylsm-perf-source-v2/tinylsm/build/benchmark/_deps/protobuf-src/src/google/protobuf/compiler/php/php_generator.h:14,
                 from /home/tina.guest/tinylsm-perf-source-v2/tinylsm/build/benchmark/_deps/protobuf-src/src/google/protobuf/compiler/php/php_generator.cc:8:
/home/tina.guest/tinylsm-perf-source-v2/tinylsm/build/benchmark/_deps/protobuf-src/src/google/protobuf/port.h: In function ‘void google::protobuf::internal::AssertDownCast(From*)’:
/home/tina.guest/tinylsm-perf-source-v2/tinylsm/build/benchmark/_deps/protobuf-src/src/google/protobuf/port.h:181:5: warning: testing if a concept-id is a valid expression; add ‘requires’ to check satisfaction [-Wmissing-requires]
  181 |     std::derived_from<std::remove_pointer_t<To>,
      |     ^
      |     requires 
[201/665] Building CXX object _deps/protobuf-build/CMakeFiles/libprotoc.dir/src/google/protobuf/compiler/rust/accessors/accessor_case.cc.o
[202/665] Building CXX object _deps/protobuf-build/CMakeFiles/libprotoc.dir/src/google/protobuf/compiler/retention.cc.o
In file included from /home/tina.guest/tinylsm-perf-source-v2/tinylsm/build/benchmark/_deps/protobuf-src/src/google/protobuf/extension_set.h:36,
                 from /home/tina.guest/tinylsm-perf-source-v2/tinylsm/build/benchmark/_deps/protobuf-src/src/google/protobuf/descriptor.h:56,
                 from /home/tina.guest/tinylsm-perf-source-v2/tinylsm/build/benchmark/_deps/protobuf-src/src/google/protobuf/compiler/retention.h:11,
                 from /home/tina.guest/tinylsm-perf-source-v2/tinylsm/build/benchmark/_deps/protobuf-src/src/google/protobuf/compiler/retention.cc:8:
/home/tina.guest/tinylsm-perf-source-v2/tinylsm/build/benchmark/_deps/protobuf-src/src/google/protobuf/port.h: In function ‘void google::protobuf::internal::AssertDownCast(From*)’:
/home/tina.guest/tinylsm-perf-source-v2/tinylsm/build/benchmark/_deps/protobuf-src/src/google/protobuf/port.h:181:5: warning: testing if a concept-id is a valid expression; add ‘requires’ to check satisfaction [-Wmissing-requires]
  181 |     std::derived_from<std::remove_pointer_t<To>,
      |     ^
      |     requires 
[203/665] Building CXX object _deps/protobuf-build/CMakeFiles/libprotoc.dir/src/google/protobuf/compiler/ruby/ruby_generator.cc.o
In file included from /home/tina.guest/tinylsm-perf-source-v2/tinylsm/build/benchmark/_deps/protobuf-src/src/google/protobuf/extension_set.h:36,
                 from /home/tina.guest/tinylsm-perf-source-v2/tinylsm/build/benchmark/_deps/protobuf-src/src/google/protobuf/descriptor.h:56,
                 from /home/tina.guest/tinylsm-perf-source-v2/tinylsm/build/benchmark/_deps/protobuf-src/src/google/protobuf/compiler/code_generator.h:26,
                 from /home/tina.guest/tinylsm-perf-source-v2/tinylsm/build/benchmark/_deps/protobuf-src/src/google/protobuf/compiler/ruby/ruby_generator.h:15,
                 from /home/tina.guest/tinylsm-perf-source-v2/tinylsm/build/benchmark/_deps/protobuf-src/src/google/protobuf/compiler/ruby/ruby_generator.cc:8:
/home/tina.guest/tinylsm-perf-source-v2/tinylsm/build/benchmark/_deps/protobuf-src/src/google/protobuf/port.h: In function ‘void google::protobuf::internal::AssertDownCast(From*)’:
/home/tina.guest/tinylsm-perf-source-v2/tinylsm/build/benchmark/_deps/protobuf-src/src/google/protobuf/port.h:181:5: warning: testing if a concept-id is a valid expression; add ‘requires’ to check satisfaction [-Wmissing-requires]
  181 |     std::derived_from<std::remove_pointer_t<To>,
      |     ^
      |     requires 
[204/665] Building CXX object _deps/protobuf-build/CMakeFiles/libprotoc.dir/src/google/protobuf/compiler/python/generator.cc.o
In file included from /home/tina.guest/tinylsm-perf-source-v2/tinylsm/build/benchmark/_deps/protobuf-src/src/google/protobuf/extension_set.h:36,
                 from /home/tina.guest/tinylsm-perf-source-v2/tinylsm/build/benchmark/_deps/protobuf-src/src/google/protobuf/descriptor.h:56,
                 from /home/tina.guest/tinylsm-perf-source-v2/tinylsm/build/benchmark/_deps/protobuf-src/src/google/protobuf/compiler/code_generator.h:26,
                 from /home/tina.guest/tinylsm-perf-source-v2/tinylsm/build/benchmark/_deps/protobuf-src/src/google/protobuf/compiler/python/generator.h:21,
                 from /home/tina.guest/tinylsm-perf-source-v2/tinylsm/build/benchmark/_deps/protobuf-src/src/google/protobuf/compiler/python/generator.cc:22:
/home/tina.guest/tinylsm-perf-source-v2/tinylsm/build/benchmark/_deps/protobuf-src/src/google/protobuf/port.h: In function ‘void google::protobuf::internal::AssertDownCast(From*)’:
/home/tina.guest/tinylsm-perf-source-v2/tinylsm/build/benchmark/_deps/protobuf-src/src/google/protobuf/port.h:181:5: warning: testing if a concept-id is a valid expression; add ‘requires’ to check satisfaction [-Wmissing-requires]
  181 |     std::derived_from<std::remove_pointer_t<To>,
      |     ^
      |     requires 
[205/665] Building CXX object _deps/protobuf-build/CMakeFiles/libprotoc.dir/src/google/protobuf/compiler/rust/accessors/accessors.cc.o
In file included from /home/tina.guest/tinylsm-perf-source-v2/tinylsm/build/benchmark/_deps/protobuf-src/src/google/protobuf/extension_set.h:36,
                 from /home/tina.guest/tinylsm-perf-source-v2/tinylsm/build/benchmark/_deps/protobuf-src/src/google/protobuf/descriptor.h:56,
                 from /home/tina.guest/tinylsm-perf-source-v2/tinylsm/build/benchmark/_deps/protobuf-src/src/google/protobuf/compiler/rust/context.h:20,
                 from /home/tina.guest/tinylsm-perf-source-v2/tinylsm/build/benchmark/_deps/protobuf-src/src/google/protobuf/compiler/rust/accessors/accessors.h:12,
                 from /home/tina.guest/tinylsm-perf-source-v2/tinylsm/build/benchmark/_deps/protobuf-src/src/google/protobuf/compiler/rust/accessors/accessors.cc:8:
/home/tina.guest/tinylsm-perf-source-v2/tinylsm/build/benchmark/_deps/protobuf-src/src/google/protobuf/port.h: In function ‘void google::protobuf::internal::AssertDownCast(From*)’:
/home/tina.guest/tinylsm-perf-source-v2/tinylsm/build/benchmark/_deps/protobuf-src/src/google/protobuf/port.h:181:5: warning: testing if a concept-id is a valid expression; add ‘requires’ to check satisfaction [-Wmissing-requires]
  181 |     std::derived_from<std::remove_pointer_t<To>,
      |     ^
      |     requires 
[206/665] Building CXX object _deps/protobuf-build/CMakeFiles/libprotoc.dir/src/google/protobuf/compiler/python/pyi_generator.cc.o
In file included from /home/tina.guest/tinylsm-perf-source-v2/tinylsm/build/benchmark/_deps/protobuf-src/src/google/protobuf/extension_set.h:36,
                 from /home/tina.guest/tinylsm-perf-source-v2/tinylsm/build/benchmark/_deps/protobuf-src/src/google/protobuf/descriptor.h:56,
                 from /home/tina.guest/tinylsm-perf-source-v2/tinylsm/build/benchmark/_deps/protobuf-src/src/google/protobuf/compiler/code_generator.h:26,
                 from /home/tina.guest/tinylsm-perf-source-v2/tinylsm/build/benchmark/_deps/protobuf-src/src/google/protobuf/compiler/python/pyi_generator.h:21,
                 from /home/tina.guest/tinylsm-perf-source-v2/tinylsm/build/benchmark/_deps/protobuf-src/src/google/protobuf/compiler/python/pyi_generator.cc:8:
/home/tina.guest/tinylsm-perf-source-v2/tinylsm/build/benchmark/_deps/protobuf-src/src/google/protobuf/port.h: In function ‘void google::protobuf::internal::AssertDownCast(From*)’:
/home/tina.guest/tinylsm-perf-source-v2/tinylsm/build/benchmark/_deps/protobuf-src/src/google/protobuf/port.h:181:5: warning: testing if a concept-id is a valid expression; add ‘requires’ to check satisfaction [-Wmissing-requires]
  181 |     std::derived_from<std::remove_pointer_t<To>,
      |     ^
      |     requires 
[207/665] Building CXX object _deps/protobuf-build/CMakeFiles/libprotoc.dir/src/google/protobuf/compiler/rust/accessors/default_value.cc.o
In file included from /home/tina.guest/tinylsm-perf-source-v2/tinylsm/build/benchmark/_deps/protobuf-src/src/google/protobuf/extension_set.h:36,
                 from /home/tina.guest/tinylsm-perf-source-v2/tinylsm/build/benchmark/_deps/protobuf-src/src/google/protobuf/descriptor.h:56,
                 from /home/tina.guest/tinylsm-perf-source-v2/tinylsm/build/benchmark/_deps/protobuf-src/src/google/protobuf/compiler/rust/context.h:20,
                 from /home/tina.guest/tinylsm-perf-source-v2/tinylsm/build/benchmark/_deps/protobuf-src/src/google/protobuf/compiler/rust/accessors/default_value.h:13,
                 from /home/tina.guest/tinylsm-perf-source-v2/tinylsm/build/benchmark/_deps/protobuf-src/src/google/protobuf/compiler/rust/accessors/default_value.cc:8:
/home/tina.guest/tinylsm-perf-source-v2/tinylsm/build/benchmark/_deps/protobuf-src/src/google/protobuf/port.h: In function ‘void google::protobuf::internal::AssertDownCast(From*)’:
/home/tina.guest/tinylsm-perf-source-v2/tinylsm/build/benchmark/_deps/protobuf-src/src/google/protobuf/port.h:181:5: warning: testing if a concept-id is a valid expression; add ‘requires’ to check satisfaction [-Wmissing-requires]
  181 |     std::derived_from<std::remove_pointer_t<To>,
      |     ^
      |     requires 
[208/665] Building CXX object _deps/protobuf-build/CMakeFiles/libprotoc.dir/src/google/protobuf/compiler/rust/accessors/map.cc.o
In file included from /home/tina.guest/tinylsm-perf-source-v2/tinylsm/build/benchmark/_deps/protobuf-src/src/google/protobuf/extension_set.h:36,
                 from /home/tina.guest/tinylsm-perf-source-v2/tinylsm/build/benchmark/_deps/protobuf-src/src/google/protobuf/descriptor.h:56,
                 from /home/tina.guest/tinylsm-perf-source-v2/tinylsm/build/benchmark/_deps/protobuf-src/src/google/protobuf/compiler/code_generator.h:26,
                 from /home/tina.guest/tinylsm-perf-source-v2/tinylsm/build/benchmark/_deps/protobuf-src/src/google/protobuf/compiler/cpp/helpers.h:28,
                 from /home/tina.guest/tinylsm-perf-source-v2/tinylsm/build/benchmark/_deps/protobuf-src/src/google/protobuf/compiler/rust/accessors/map.cc:11:
/home/tina.guest/tinylsm-perf-source-v2/tinylsm/build/benchmark/_deps/protobuf-src/src/google/protobuf/port.h: In function ‘void google::protobuf::internal::AssertDownCast(From*)’:
/home/tina.guest/tinylsm-perf-source-v2/tinylsm/build/benchmark/_deps/protobuf-src/src/google/protobuf/port.h:181:5: warning: testing if a concept-id is a valid expression; add ‘requires’ to check satisfaction [-Wmissing-requires]
  181 |     std::derived_from<std::remove_pointer_t<To>,
      |     ^
      |     requires 
[209/665] Building CXX object _deps/protobuf-build/CMakeFiles/libprotoc.dir/src/google/protobuf/compiler/rust/accessors/repeated_field.cc.o
In file included from /home/tina.guest/tinylsm-perf-source-v2/tinylsm/build/benchmark/_deps/protobuf-src/src/google/protobuf/extension_set.h:36,
                 from /home/tina.guest/tinylsm-perf-source-v2/tinylsm/build/benchmark/_deps/protobuf-src/src/google/protobuf/descriptor.h:56,
                 from /home/tina.guest/tinylsm-perf-source-v2/tinylsm/build/benchmark/_deps/protobuf-src/src/google/protobuf/compiler/code_generator.h:26,
                 from /home/tina.guest/tinylsm-perf-source-v2/tinylsm/build/benchmark/_deps/protobuf-src/src/google/protobuf/compiler/cpp/helpers.h:28,
                 from /home/tina.guest/tinylsm-perf-source-v2/tinylsm/build/benchmark/_deps/protobuf-src/src/google/protobuf/compiler/rust/accessors/repeated_field.cc:12:
/home/tina.guest/tinylsm-perf-source-v2/tinylsm/build/benchmark/_deps/protobuf-src/src/google/protobuf/port.h: In function ‘void google::protobuf::internal::AssertDownCast(From*)’:
/home/tina.guest/tinylsm-perf-source-v2/tinylsm/build/benchmark/_deps/protobuf-src/src/google/protobuf/port.h:181:5: warning: testing if a concept-id is a valid expression; add ‘requires’ to check satisfaction [-Wmissing-requires]
  181 |     std::derived_from<std::remove_pointer_t<To>,
      |     ^
      |     requires 
[210/665] Building CXX object _deps/protobuf-build/CMakeFiles/libprotoc.dir/src/google/protobuf/compiler/rust/accessors/singular_scalar.cc.o
In file included from /home/tina.guest/tinylsm-perf-source-v2/tinylsm/build/benchmark/_deps/protobuf-src/src/google/protobuf/extension_set.h:36,
                 from /home/tina.guest/tinylsm-perf-source-v2/tinylsm/build/benchmark/_deps/protobuf-src/src/google/protobuf/descriptor.h:56,
                 from /home/tina.guest/tinylsm-perf-source-v2/tinylsm/build/benchmark/_deps/protobuf-src/src/google/protobuf/compiler/code_generator.h:26,
                 from /home/tina.guest/tinylsm-perf-source-v2/tinylsm/build/benchmark/_deps/protobuf-src/src/google/protobuf/compiler/cpp/helpers.h:28,
                 from /home/tina.guest/tinylsm-perf-source-v2/tinylsm/build/benchmark/_deps/protobuf-src/src/google/protobuf/compiler/rust/accessors/singular_scalar.cc:12:
/home/tina.guest/tinylsm-perf-source-v2/tinylsm/build/benchmark/_deps/protobuf-src/src/google/protobuf/port.h: In function ‘void google::protobuf::internal::AssertDownCast(From*)’:
/home/tina.guest/tinylsm-perf-source-v2/tinylsm/build/benchmark/_deps/protobuf-src/src/google/protobuf/port.h:181:5: warning: testing if a concept-id is a valid expression; add ‘requires’ to check satisfaction [-Wmissing-requires]
  181 |     std::derived_from<std::remove_pointer_t<To>,
      |     ^
      |     requires 
[211/665] Building CXX object _deps/protobuf-build/CMakeFiles/libprotoc.dir/src/google/protobuf/compiler/rust/accessors/singular_message.cc.o
In file included from /home/tina.guest/tinylsm-perf-source-v2/tinylsm/build/benchmark/_deps/protobuf-src/src/google/protobuf/extension_set.h:36,
                 from /home/tina.guest/tinylsm-perf-source-v2/tinylsm/build/benchmark/_deps/protobuf-src/src/google/protobuf/descriptor.h:56,
                 from /home/tina.guest/tinylsm-perf-source-v2/tinylsm/build/benchmark/_deps/protobuf-src/src/google/protobuf/compiler/code_generator.h:26,
                 from /home/tina.guest/tinylsm-perf-source-v2/tinylsm/build/benchmark/_deps/protobuf-src/src/google/protobuf/compiler/cpp/helpers.h:28,
                 from /home/tina.guest/tinylsm-perf-source-v2/tinylsm/build/benchmark/_deps/protobuf-src/src/google/protobuf/compiler/rust/accessors/singular_message.cc:12:
/home/tina.guest/tinylsm-perf-source-v2/tinylsm/build/benchmark/_deps/protobuf-src/src/google/protobuf/port.h: In function ‘void google::protobuf::internal::AssertDownCast(From*)’:
/home/tina.guest/tinylsm-perf-source-v2/tinylsm/build/benchmark/_deps/protobuf-src/src/google/protobuf/port.h:181:5: warning: testing if a concept-id is a valid expression; add ‘requires’ to check satisfaction [-Wmissing-requires]
  181 |     std::derived_from<std::remove_pointer_t<To>,
      |     ^
      |     requires 
[212/665] Building CXX object _deps/protobuf-build/CMakeFiles/libprotoc.dir/src/google/protobuf/compiler/rust/accessors/unsupported_field.cc.o
In file included from /home/tina.guest/tinylsm-perf-source-v2/tinylsm/build/benchmark/_deps/protobuf-src/src/google/protobuf/extension_set.h:36,
                 from /home/tina.guest/tinylsm-perf-source-v2/tinylsm/build/benchmark/_deps/protobuf-src/src/google/protobuf/descriptor.h:56,
                 from /home/tina.guest/tinylsm-perf-source-v2/tinylsm/build/benchmark/_deps/protobuf-src/src/google/protobuf/compiler/rust/context.h:20,
                 from /home/tina.guest/tinylsm-perf-source-v2/tinylsm/build/benchmark/_deps/protobuf-src/src/google/protobuf/compiler/rust/accessors/generator.h:17,
                 from /home/tina.guest/tinylsm-perf-source-v2/tinylsm/build/benchmark/_deps/protobuf-src/src/google/protobuf/compiler/rust/accessors/unsupported_field.cc:10:
/home/tina.guest/tinylsm-perf-source-v2/tinylsm/build/benchmark/_deps/protobuf-src/src/google/protobuf/port.h: In function ‘void google::protobuf::internal::AssertDownCast(From*)’:
/home/tina.guest/tinylsm-perf-source-v2/tinylsm/build/benchmark/_deps/protobuf-src/src/google/protobuf/port.h:181:5: warning: testing if a concept-id is a valid expression; add ‘requires’ to check satisfaction [-Wmissing-requires]
  181 |     std::derived_from<std::remove_pointer_t<To>,
      |     ^
      |     requires 
[213/665] Building CXX object _deps/protobuf-build/CMakeFiles/libprotoc.dir/src/google/protobuf/compiler/rust/accessors/singular_cord.cc.o
In file included from /home/tina.guest/tinylsm-perf-source-v2/tinylsm/build/benchmark/_deps/protobuf-src/src/google/protobuf/extension_set.h:36,
                 from /home/tina.guest/tinylsm-perf-source-v2/tinylsm/build/benchmark/_deps/protobuf-src/src/google/protobuf/descriptor.h:56,
                 from /home/tina.guest/tinylsm-perf-source-v2/tinylsm/build/benchmark/_deps/protobuf-src/src/google/protobuf/compiler/code_generator.h:26,
                 from /home/tina.guest/tinylsm-perf-source-v2/tinylsm/build/benchmark/_deps/protobuf-src/src/google/protobuf/compiler/cpp/helpers.h:28,
                 from /home/tina.guest/tinylsm-perf-source-v2/tinylsm/build/benchmark/_deps/protobuf-src/src/google/protobuf/compiler/rust/accessors/singular_cord.cc:12:
/home/tina.guest/tinylsm-perf-source-v2/tinylsm/build/benchmark/_deps/protobuf-src/src/google/protobuf/port.h: In function ‘void google::protobuf::internal::AssertDownCast(From*)’:
/home/tina.guest/tinylsm-perf-source-v2/tinylsm/build/benchmark/_deps/protobuf-src/src/google/protobuf/port.h:181:5: warning: testing if a concept-id is a valid expression; add ‘requires’ to check satisfaction [-Wmissing-requires]
  181 |     std::derived_from<std::remove_pointer_t<To>,
      |     ^
      |     requires 
[214/665] Building CXX object _deps/protobuf-build/CMakeFiles/libprotoc.dir/src/google/protobuf/compiler/rust/accessors/singular_string.cc.o
In file included from /home/tina.guest/tinylsm-perf-source-v2/tinylsm/build/benchmark/_deps/protobuf-src/src/google/protobuf/extension_set.h:36,
                 from /home/tina.guest/tinylsm-perf-source-v2/tinylsm/build/benchmark/_deps/protobuf-src/src/google/protobuf/descriptor.h:56,
                 from /home/tina.guest/tinylsm-perf-source-v2/tinylsm/build/benchmark/_deps/protobuf-src/src/google/protobuf/compiler/code_generator.h:26,
                 from /home/tina.guest/tinylsm-perf-source-v2/tinylsm/build/benchmark/_deps/protobuf-src/src/google/protobuf/compiler/cpp/helpers.h:28,
                 from /home/tina.guest/tinylsm-perf-source-v2/tinylsm/build/benchmark/_deps/protobuf-src/src/google/protobuf/compiler/rust/accessors/singular_string.cc:12:
/home/tina.guest/tinylsm-perf-source-v2/tinylsm/build/benchmark/_deps/protobuf-src/src/google/protobuf/port.h: In function ‘void google::protobuf::internal::AssertDownCast(From*)’:
/home/tina.guest/tinylsm-perf-source-v2/tinylsm/build/benchmark/_deps/protobuf-src/src/google/protobuf/port.h:181:5: warning: testing if a concept-id is a valid expression; add ‘requires’ to check satisfaction [-Wmissing-requires]
  181 |     std::derived_from<std::remove_pointer_t<To>,
      |     ^
      |     requires 
[215/665] Building CXX object _deps/protobuf-build/CMakeFiles/libprotoc.dir/src/google/protobuf/compiler/rust/context.cc.o
In file included from /home/tina.guest/tinylsm-perf-source-v2/tinylsm/build/benchmark/_deps/protobuf-src/src/google/protobuf/extension_set.h:36,
                 from /home/tina.guest/tinylsm-perf-source-v2/tinylsm/build/benchmark/_deps/protobuf-src/src/google/protobuf/descriptor.h:56,
                 from /home/tina.guest/tinylsm-perf-source-v2/tinylsm/build/benchmark/_deps/protobuf-src/src/google/protobuf/compiler/rust/context.h:20,
                 from /home/tina.guest/tinylsm-perf-source-v2/tinylsm/build/benchmark/_deps/protobuf-src/src/google/protobuf/compiler/rust/context.cc:8:
/home/tina.guest/tinylsm-perf-source-v2/tinylsm/build/benchmark/_deps/protobuf-src/src/google/protobuf/port.h: In function ‘void google::protobuf::internal::AssertDownCast(From*)’:
/home/tina.guest/tinylsm-perf-source-v2/tinylsm/build/benchmark/_deps/protobuf-src/src/google/protobuf/port.h:181:5: warning: testing if a concept-id is a valid expression; add ‘requires’ to check satisfaction [-Wmissing-requires]
  181 |     std::derived_from<std::remove_pointer_t<To>,
      |     ^
      |     requires 
[216/665] Building CXX object _deps/protobuf-build/CMakeFiles/libprotoc.dir/src/google/protobuf/compiler/rust/accessors/with_presence.cc.o
In file included from /home/tina.guest/tinylsm-perf-source-v2/tinylsm/build/benchmark/_deps/protobuf-src/src/google/protobuf/extension_set.h:36,
                 from /home/tina.guest/tinylsm-perf-source-v2/tinylsm/build/benchmark/_deps/protobuf-src/src/google/protobuf/descriptor.h:56,
                 from /home/tina.guest/tinylsm-perf-source-v2/tinylsm/build/benchmark/_deps/protobuf-src/src/google/protobuf/compiler/rust/context.h:20,
                 from /home/tina.guest/tinylsm-perf-source-v2/tinylsm/build/benchmark/_deps/protobuf-src/src/google/protobuf/compiler/rust/accessors/with_presence.h:12,
                 from /home/tina.guest/tinylsm-perf-source-v2/tinylsm/build/benchmark/_deps/protobuf-src/src/google/protobuf/compiler/rust/accessors/with_presence.cc:8:
/home/tina.guest/tinylsm-perf-source-v2/tinylsm/build/benchmark/_deps/protobuf-src/src/google/protobuf/port.h: In function ‘void google::protobuf::internal::AssertDownCast(From*)’:
/home/tina.guest/tinylsm-perf-source-v2/tinylsm/build/benchmark/_deps/protobuf-src/src/google/protobuf/port.h:181:5: warning: testing if a concept-id is a valid expression; add ‘requires’ to check satisfaction [-Wmissing-requires]
  181 |     std::derived_from<std::remove_pointer_t<To>,
      |     ^
      |     requires 
[217/665] Building CXX object _deps/protobuf-build/CMakeFiles/libprotoc.dir/src/google/protobuf/compiler/rust/crate_mapping.cc.o
In file included from /home/tina.guest/tinylsm-perf-source-v2/tinylsm/build/benchmark/_deps/protobuf-src/src/google/protobuf/extension_set.h:36,
                 from /home/tina.guest/tinylsm-perf-source-v2/tinylsm/build/benchmark/_deps/protobuf-src/src/google/protobuf/descriptor.h:56,
                 from /home/tina.guest/tinylsm-perf-source-v2/tinylsm/build/benchmark/_deps/protobuf-src/src/google/protobuf/compiler/rust/context.h:20,
                 from /home/tina.guest/tinylsm-perf-source-v2/tinylsm/build/benchmark/_deps/protobuf-src/src/google/protobuf/compiler/rust/crate_mapping.h:8,
                 from /home/tina.guest/tinylsm-perf-source-v2/tinylsm/build/benchmark/_deps/protobuf-src/src/google/protobuf/compiler/rust/crate_mapping.cc:1:
/home/tina.guest/tinylsm-perf-source-v2/tinylsm/build/benchmark/_deps/protobuf-src/src/google/protobuf/port.h: In function ‘void google::protobuf::internal::AssertDownCast(From*)’:
/home/tina.guest/tinylsm-perf-source-v2/tinylsm/build/benchmark/_deps/protobuf-src/src/google/protobuf/port.h:181:5: warning: testing if a concept-id is a valid expression; add ‘requires’ to check satisfaction [-Wmissing-requires]
  181 |     std::derived_from<std::remove_pointer_t<To>,
      |     ^
      |     requires 
[218/665] Building CXX object _deps/protobuf-build/CMakeFiles/libprotoc.dir/src/google/protobuf/compiler/rust/enum.cc.o
In file included from /home/tina.guest/tinylsm-perf-source-v2/tinylsm/build/benchmark/_deps/protobuf-src/src/google/protobuf/extension_set.h:36,
                 from /home/tina.guest/tinylsm-perf-source-v2/tinylsm/build/benchmark/_deps/protobuf-src/src/google/protobuf/descriptor.h:56,
                 from /home/tina.guest/tinylsm-perf-source-v2/tinylsm/build/benchmark/_deps/protobuf-src/src/google/protobuf/compiler/rust/context.h:20,
                 from /home/tina.guest/tinylsm-perf-source-v2/tinylsm/build/benchmark/_deps/protobuf-src/src/google/protobuf/compiler/rust/enum.h:18,
                 from /home/tina.guest/tinylsm-perf-source-v2/tinylsm/build/benchmark/_deps/protobuf-src/src/google/protobuf/compiler/rust/enum.cc:8:
/home/tina.guest/tinylsm-perf-source-v2/tinylsm/build/benchmark/_deps/protobuf-src/src/google/protobuf/port.h: In function ‘void google::protobuf::internal::AssertDownCast(From*)’:
/home/tina.guest/tinylsm-perf-source-v2/tinylsm/build/benchmark/_deps/protobuf-src/src/google/protobuf/port.h:181:5: warning: testing if a concept-id is a valid expression; add ‘requires’ to check satisfaction [-Wmissing-requires]
  181 |     std::derived_from<std::remove_pointer_t<To>,
      |     ^
      |     requires 
[219/665] Building CXX object _deps/protobuf-build/CMakeFiles/libprotoc.dir/src/google/protobuf/compiler/rust/relative_path.cc.o
[220/665] Building CXX object _deps/protobuf-build/CMakeFiles/libprotoc.dir/src/google/protobuf/compiler/rust/generator.cc.o
In file included from /home/tina.guest/tinylsm-perf-source-v2/tinylsm/build/benchmark/_deps/protobuf-src/src/google/protobuf/extension_set.h:36,
                 from /home/tina.guest/tinylsm-perf-source-v2/tinylsm/build/benchmark/_deps/protobuf-src/src/google/protobuf/descriptor.h:56,
                 from /home/tina.guest/tinylsm-perf-source-v2/tinylsm/build/benchmark/_deps/protobuf-src/src/google/protobuf/compiler/code_generator.h:26,
                 from /home/tina.guest/tinylsm-perf-source-v2/tinylsm/build/benchmark/_deps/protobuf-src/src/google/protobuf/compiler/rust/generator.h:14,
                 from /home/tina.guest/tinylsm-perf-source-v2/tinylsm/build/benchmark/_deps/protobuf-src/src/google/protobuf/compiler/rust/generator.cc:8:
/home/tina.guest/tinylsm-perf-source-v2/tinylsm/build/benchmark/_deps/protobuf-src/src/google/protobuf/port.h: In function ‘void google::protobuf::internal::AssertDownCast(From*)’:
/home/tina.guest/tinylsm-perf-source-v2/tinylsm/build/benchmark/_deps/protobuf-src/src/google/protobuf/port.h:181:5: warning: testing if a concept-id is a valid expression; add ‘requires’ to check satisfaction [-Wmissing-requires]
  181 |     std::derived_from<std::remove_pointer_t<To>,
      |     ^
      |     requires 
[221/665] Building CXX object _deps/protobuf-build/CMakeFiles/libprotoc.dir/src/google/protobuf/compiler/rust/naming.cc.o
In file included from /home/tina.guest/tinylsm-perf-source-v2/tinylsm/build/benchmark/_deps/protobuf-src/src/google/protobuf/extension_set.h:36,
                 from /home/tina.guest/tinylsm-perf-source-v2/tinylsm/build/benchmark/_deps/protobuf-src/src/google/protobuf/descriptor.h:56,
                 from /home/tina.guest/tinylsm-perf-source-v2/tinylsm/build/benchmark/_deps/protobuf-src/src/google/protobuf/compiler/rust/context.h:20,
                 from /home/tina.guest/tinylsm-perf-source-v2/tinylsm/build/benchmark/_deps/protobuf-src/src/google/protobuf/compiler/rust/naming.h:15,
                 from /home/tina.guest/tinylsm-perf-source-v2/tinylsm/build/benchmark/_deps/protobuf-src/src/google/protobuf/compiler/rust/naming.cc:8:
/home/tina.guest/tinylsm-perf-source-v2/tinylsm/build/benchmark/_deps/protobuf-src/src/google/protobuf/port.h: In function ‘void google::protobuf::internal::AssertDownCast(From*)’:
/home/tina.guest/tinylsm-perf-source-v2/tinylsm/build/benchmark/_deps/protobuf-src/src/google/protobuf/port.h:181:5: warning: testing if a concept-id is a valid expression; add ‘requires’ to check satisfaction [-Wmissing-requires]
  181 |     std::derived_from<std::remove_pointer_t<To>,
      |     ^
      |     requires 
[222/665] Building CXX object _deps/protobuf-build/CMakeFiles/libprotoc.dir/src/google/protobuf/compiler/rust/message.cc.o
In file included from /home/tina.guest/tinylsm-perf-source-v2/tinylsm/build/benchmark/_deps/protobuf-src/src/google/protobuf/extension_set.h:36,
                 from /home/tina.guest/tinylsm-perf-source-v2/tinylsm/build/benchmark/_deps/protobuf-src/src/google/protobuf/descriptor.h:56,
                 from /home/tina.guest/tinylsm-perf-source-v2/tinylsm/build/benchmark/_deps/protobuf-src/src/google/protobuf/compiler/rust/context.h:20,
                 from /home/tina.guest/tinylsm-perf-source-v2/tinylsm/build/benchmark/_deps/protobuf-src/src/google/protobuf/compiler/rust/accessors/accessors.h:12,
                 from /home/tina.guest/tinylsm-perf-source-v2/tinylsm/build/benchmark/_deps/protobuf-src/src/google/protobuf/compiler/rust/message.h:14,
                 from /home/tina.guest/tinylsm-perf-source-v2/tinylsm/build/benchmark/_deps/protobuf-src/src/google/protobuf/compiler/rust/message.cc:8:
/home/tina.guest/tinylsm-perf-source-v2/tinylsm/build/benchmark/_deps/protobuf-src/src/google/protobuf/port.h: In function ‘void google::protobuf::internal::AssertDownCast(From*)’:
/home/tina.guest/tinylsm-perf-source-v2/tinylsm/build/benchmark/_deps/protobuf-src/src/google/protobuf/port.h:181:5: warning: testing if a concept-id is a valid expression; add ‘requires’ to check satisfaction [-Wmissing-requires]
  181 |     std::derived_from<std::remove_pointer_t<To>,
      |     ^
      |     requires 
[223/665] Building CXX object _deps/protobuf-build/CMakeFiles/libprotoc.dir/src/google/protobuf/compiler/rust/oneof.cc.o
In file included from /home/tina.guest/tinylsm-perf-source-v2/tinylsm/build/benchmark/_deps/protobuf-src/src/google/protobuf/extension_set.h:36,
                 from /home/tina.guest/tinylsm-perf-source-v2/tinylsm/build/benchmark/_deps/protobuf-src/src/google/protobuf/descriptor.h:56,
                 from /home/tina.guest/tinylsm-perf-source-v2/tinylsm/build/benchmark/_deps/protobuf-src/src/google/protobuf/compiler/rust/context.h:20,
                 from /home/tina.guest/tinylsm-perf-source-v2/tinylsm/build/benchmark/_deps/protobuf-src/src/google/protobuf/compiler/rust/oneof.h:12,
                 from /home/tina.guest/tinylsm-perf-source-v2/tinylsm/build/benchmark/_deps/protobuf-src/src/google/protobuf/compiler/rust/oneof.cc:8:
/home/tina.guest/tinylsm-perf-source-v2/tinylsm/build/benchmark/_deps/protobuf-src/src/google/protobuf/port.h: In function ‘void google::protobuf::internal::AssertDownCast(From*)’:
/home/tina.guest/tinylsm-perf-source-v2/tinylsm/build/benchmark/_deps/protobuf-src/src/google/protobuf/port.h:181:5: warning: testing if a concept-id is a valid expression; add ‘requires’ to check satisfaction [-Wmissing-requires]
  181 |     std::derived_from<std::remove_pointer_t<To>,
      |     ^
      |     requires 
[224/665] Building CXX object _deps/protobuf-build/CMakeFiles/libprotoc.dir/src/google/protobuf/compiler/rust/rust_keywords.cc.o
[225/665] Building CXX object _deps/protobuf-build/CMakeFiles/libprotoc.dir/src/google/protobuf/compiler/rust/rust_field_type.cc.o
In file included from /home/tina.guest/tinylsm-perf-source-v2/tinylsm/build/benchmark/_deps/protobuf-src/src/google/protobuf/extension_set.h:36,
                 from /home/tina.guest/tinylsm-perf-source-v2/tinylsm/build/benchmark/_deps/protobuf-src/src/google/protobuf/descriptor.h:56,
                 from /home/tina.guest/tinylsm-perf-source-v2/tinylsm/build/benchmark/_deps/protobuf-src/src/google/protobuf/compiler/rust/rust_field_type.h:4,
                 from /home/tina.guest/tinylsm-perf-source-v2/tinylsm/build/benchmark/_deps/protobuf-src/src/google/protobuf/compiler/rust/rust_field_type.cc:1:
/home/tina.guest/tinylsm-perf-source-v2/tinylsm/build/benchmark/_deps/protobuf-src/src/google/protobuf/port.h: In function ‘void google::protobuf::internal::AssertDownCast(From*)’:
/home/tina.guest/tinylsm-perf-source-v2/tinylsm/build/benchmark/_deps/protobuf-src/src/google/protobuf/port.h:181:5: warning: testing if a concept-id is a valid expression; add ‘requires’ to check satisfaction [-Wmissing-requires]
  181 |     std::derived_from<std::remove_pointer_t<To>,
      |     ^
      |     requires 
[226/665] Building CXX object _deps/protobuf-build/CMakeFiles/libprotoc.dir/upb_generator/common/names.cc.o
[227/665] Building CXX object _deps/protobuf-build/CMakeFiles/libprotoc.dir/src/google/protobuf/compiler/rust/upb_helpers.cc.o
In file included from /home/tina.guest/tinylsm-perf-source-v2/tinylsm/build/benchmark/_deps/protobuf-src/src/google/protobuf/extension_set.h:36,
                 from /home/tina.guest/tinylsm-perf-source-v2/tinylsm/build/benchmark/_deps/protobuf-src/src/google/protobuf/descriptor.h:56,
                 from /home/tina.guest/tinylsm-perf-source-v2/tinylsm/build/benchmark/_deps/protobuf-src/src/google/protobuf/compiler/rust/upb_helpers.h:14,
                 from /home/tina.guest/tinylsm-perf-source-v2/tinylsm/build/benchmark/_deps/protobuf-src/src/google/protobuf/compiler/rust/upb_helpers.cc:1:
/home/tina.guest/tinylsm-perf-source-v2/tinylsm/build/benchmark/_deps/protobuf-src/src/google/protobuf/port.h: In function ‘void google::protobuf::internal::AssertDownCast(From*)’:
/home/tina.guest/tinylsm-perf-source-v2/tinylsm/build/benchmark/_deps/protobuf-src/src/google/protobuf/port.h:181:5: warning: testing if a concept-id is a valid expression; add ‘requires’ to check satisfaction [-Wmissing-requires]
  181 |     std::derived_from<std::remove_pointer_t<To>,
      |     ^
      |     requires 
[228/665] Building CXX object _deps/protobuf-build/CMakeFiles/libprotoc.dir/upb_generator/minitable/names_internal.cc.o
[229/665] Building C object _deps/protobuf-build/CMakeFiles/libupb.dir/upb/base/status.c.o
[230/665] Building CXX object _deps/protobuf-build/CMakeFiles/libprotoc.dir/src/google/protobuf/compiler/zip_writer.cc.o
In file included from /home/tina.guest/tinylsm-perf-source-v2/tinylsm/build/benchmark/_deps/protobuf-src/src/google/protobuf/io/zero_copy_stream.h:89,
                 from /home/tina.guest/tinylsm-perf-source-v2/tinylsm/build/benchmark/_deps/protobuf-src/src/google/protobuf/compiler/zip_writer.h:16,
                 from /home/tina.guest/tinylsm-perf-source-v2/tinylsm/build/benchmark/_deps/protobuf-src/src/google/protobuf/compiler/zip_writer.cc:13:
/home/tina.guest/tinylsm-perf-source-v2/tinylsm/build/benchmark/_deps/protobuf-src/src/google/protobuf/port.h: In function ‘void google::protobuf::internal::AssertDownCast(From*)’:
/home/tina.guest/tinylsm-perf-source-v2/tinylsm/build/benchmark/_deps/protobuf-src/src/google/protobuf/port.h:181:5: warning: testing if a concept-id is a valid expression; add ‘requires’ to check satisfaction [-Wmissing-requires]
  181 |     std::derived_from<std::remove_pointer_t<To>,
      |     ^
      |     requires 
[231/665] Building CXX object _deps/protobuf-build/CMakeFiles/libprotoc.dir/upb_generator/minitable/names.cc.o
[232/665] Building CXX object _deps/protobuf-build/CMakeFiles/libprotoc.dir/src/google/protobuf/testing/file.cc.o
[233/665] Building C object _deps/protobuf-build/CMakeFiles/libupb.dir/upb/lex/atoi.c.o
[234/665] Building C object _deps/protobuf-build/CMakeFiles/libupb.dir/upb/hash/common.c.o
[235/665] Building CXX object _deps/protobuf-build/CMakeFiles/libprotoc.dir/src/google/protobuf/compiler/subprocess.cc.o
In file included from /home/tina.guest/tinylsm-perf-source-v2/tinylsm/build/benchmark/_deps/protobuf-src/src/google/protobuf/compiler/subprocess.h:24,
                 from /home/tina.guest/tinylsm-perf-source-v2/tinylsm/build/benchmark/_deps/protobuf-src/src/google/protobuf/compiler/subprocess.cc:10:
/home/tina.guest/tinylsm-perf-source-v2/tinylsm/build/benchmark/_deps/protobuf-src/src/google/protobuf/port.h: In function ‘void google::protobuf::internal::AssertDownCast(From*)’:
/home/tina.guest/tinylsm-perf-source-v2/tinylsm/build/benchmark/_deps/protobuf-src/src/google/protobuf/port.h:181:5: warning: testing if a concept-id is a valid expression; add ‘requires’ to check satisfaction [-Wmissing-requires]
  181 |     std::derived_from<std::remove_pointer_t<To>,
      |     ^
      |     requires 
[236/665] Building C object _deps/protobuf-build/CMakeFiles/libupb.dir/upb/lex/strtod.c.o
[237/665] Building C object _deps/protobuf-build/CMakeFiles/libupb.dir/upb/lex/round_trip.c.o
[238/665] Building C object _deps/protobuf-build/CMakeFiles/libupb.dir/upb/lex/unicode.c.o
[239/665] Building C object _deps/protobuf-build/CMakeFiles/libupb.dir/upb/mem/alloc.c.o
[240/665] Building C object _deps/protobuf-build/CMakeFiles/libupb.dir/upb/message/array.c.o
[241/665] Building C object _deps/protobuf-build/CMakeFiles/libupb.dir/upb/message/accessors.c.o
[242/665] Building C object _deps/protobuf-build/CMakeFiles/libupb.dir/upb/mem/arena.c.o
[243/665] Building C object _deps/protobuf-build/CMakeFiles/libupb.dir/upb/json/decode.c.o
[244/665] Building C object _deps/protobuf-build/CMakeFiles/libupb.dir/upb/json/encode.c.o
[245/665] Building C object _deps/protobuf-build/CMakeFiles/libupb.dir/upb/message/compat.c.o
[246/665] Building C object _deps/protobuf-build/CMakeFiles/libupb.dir/upb/message/compare.c.o
[247/665] Building C object _deps/protobuf-build/CMakeFiles/libupb.dir/upb/message/internal/extension.c.o
[248/665] Building C object _deps/protobuf-build/CMakeFiles/libupb.dir/upb/message/internal/iterator.c.o
[249/665] Building C object _deps/protobuf-build/CMakeFiles/libupb.dir/upb/message/internal/message.c.o
[250/665] Building C object _deps/protobuf-build/CMakeFiles/libupb.dir/upb/message/merge.c.o
[251/665] Building C object _deps/protobuf-build/CMakeFiles/libupb.dir/upb/message/internal/compare_unknown.c.o
[252/665] Building C object _deps/protobuf-build/CMakeFiles/libupb.dir/upb/message/map_sorter.c.o
[253/665] Building C object _deps/protobuf-build/CMakeFiles/libupb.dir/upb/message/map.c.o
[254/665] Building C object _deps/protobuf-build/CMakeFiles/libupb.dir/upb/mini_descriptor/internal/base92.c.o
[255/665] Building C object _deps/protobuf-build/CMakeFiles/libupb.dir/upb/mini_descriptor/build_enum.c.o
[256/665] Building C object _deps/protobuf-build/CMakeFiles/libupb.dir/upb/mini_descriptor/link.c.o
[257/665] Building C object _deps/protobuf-build/CMakeFiles/libupb.dir/upb/mini_descriptor/internal/encode.c.o
[258/665] Building C object _deps/protobuf-build/CMakeFiles/libupb.dir/upb/mini_table/internal/message.c.o
[259/665] Building C object _deps/protobuf-build/CMakeFiles/libupb.dir/upb/message/message.c.o
[260/665] Building C object _deps/protobuf-build/CMakeFiles/libupb.dir/upb/mini_table/extension_registry.c.o
[261/665] Building C object _deps/protobuf-build/CMakeFiles/libupb.dir/upb/mini_table/message.c.o
[262/665] Building C object _deps/protobuf-build/CMakeFiles/libupb.dir/upb/mini_descriptor/decode.c.o
[263/665] Building C object _deps/protobuf-build/CMakeFiles/libupb.dir/upb/reflection/def_type.c.o
[264/665] Building C object _deps/protobuf-build/CMakeFiles/libupb.dir/upb/message/copy.c.o
[265/665] Building C object _deps/protobuf-build/CMakeFiles/libupb.dir/upb/reflection/desc_state.c.o
[266/665] Building C object _deps/protobuf-build/CMakeFiles/libupb.dir/upb/reflection/extension_range.c.o
[267/665] Building CXX object _deps/protobuf-build/CMakeFiles/libprotoc.dir/src/google/protobuf/compiler/versions.cc.o
In file included from /home/tina.guest/tinylsm-perf-source-v2/tinylsm/build/benchmark/_deps/protobuf-src/src/google/protobuf/arena.h:38,
                 from /home/tina.guest/tinylsm-perf-source-v2/tinylsm/build/benchmark/_deps/protobuf-src/src/google/protobuf/compiler/plugin.pb.h:21,
                 from /home/tina.guest/tinylsm-perf-source-v2/tinylsm/build/benchmark/_deps/protobuf-src/src/google/protobuf/compiler/versions.h:35,
                 from /home/tina.guest/tinylsm-perf-source-v2/tinylsm/build/benchmark/_deps/protobuf-src/src/google/protobuf/compiler/versions.cc:8:
/home/tina.guest/tinylsm-perf-source-v2/tinylsm/build/benchmark/_deps/protobuf-src/src/google/protobuf/port.h: In function ‘void google::protobuf::internal::AssertDownCast(From*)’:
/home/tina.guest/tinylsm-perf-source-v2/tinylsm/build/benchmark/_deps/protobuf-src/src/google/protobuf/port.h:181:5: warning: testing if a concept-id is a valid expression; add ‘requires’ to check satisfaction [-Wmissing-requires]
  181 |     std::derived_from<std::remove_pointer_t<To>,
      |     ^
      |     requires 
[268/665] Building C object _deps/protobuf-build/CMakeFiles/libupb.dir/upb/reflection/enum_reserved_range.c.o
[269/665] Building C object _deps/protobuf-build/CMakeFiles/libupb.dir/upb/reflection/enum_def.c.o
[270/665] Building C object _deps/protobuf-build/CMakeFiles/libupb.dir/upb/reflection/internal/strdup2.c.o
[271/665] Building C object _deps/protobuf-build/CMakeFiles/libupb.dir/upb/reflection/enum_value_def.c.o
[272/665] Building C object _deps/protobuf-build/CMakeFiles/libupb.dir/upb/reflection/def_pool.c.o
[273/665] Building C object _deps/protobuf-build/CMakeFiles/libupb.dir/upb/reflection/internal/def_builder.c.o
[274/665] Building C object _deps/protobuf-build/CMakeFiles/libupb.dir/upb/reflection/message_reserved_range.c.o
[275/665] Building C object _deps/protobuf-build/CMakeFiles/libupb.dir/upb/reflection/message.c.o
[276/665] Building C object _deps/protobuf-build/CMakeFiles/libupb.dir/upb/reflection/message_def.c.o
[277/665] Building C object _deps/protobuf-build/CMakeFiles/libupb.dir/upb/reflection/oneof_def.c.o
[278/665] Building C object _deps/protobuf-build/CMakeFiles/libupb.dir/upb/reflection/method_def.c.o
[279/665] Building C object _deps/protobuf-build/CMakeFiles/libupb.dir/upb/reflection/service_def.c.o
[280/665] Building C object _deps/protobuf-build/CMakeFiles/libupb.dir/upb/text/encode.c.o
[281/665] Building C object _deps/protobuf-build/CMakeFiles/libupb.dir/upb/wire/byte_size.c.o
[282/665] Building C object _deps/protobuf-build/CMakeFiles/libupb.dir/upb/reflection/file_def.c.o
[283/665] Building C object _deps/protobuf-build/CMakeFiles/libupb.dir/upb/reflection/field_def.c.o
[284/665] Building C object _deps/protobuf-build/CMakeFiles/libupb.dir/upb/wire/eps_copy_input_stream.c.o
[285/665] Building C object _deps/protobuf-build/CMakeFiles/libupb.dir/upb/util/required_fields.c.o
[286/665] Building C object _deps/protobuf-build/CMakeFiles/libupb.dir/upb/text/internal/encode.c.o
[287/665] Building C object _deps/protobuf-build/CMakeFiles/libupb.dir/upb/wire/internal/decode_fast.c.o
[288/665] Building C object _deps/protobuf-build/CMakeFiles/libupb.dir/upb/wire/reader.c.o
[289/665] Building C object _deps/protobuf-build/CMakeFiles/libupb.dir/upb/reflection/cmake/google/protobuf/descriptor.upb_minitable.c.o
[290/665] Building C object _deps/protobuf-build/CMakeFiles/libupb.dir/upb/wire/encode.c.o
[291/665] Building C object _deps/protobuf-build/CMakeFiles/libupb.dir/upb/wire/decode.c.o
[292/665] Building C object _deps/protobuf-build/CMakeFiles/libupb.dir/upb/util/def_to_proto.c.o
[293/665] Building CXX object _deps/protobuf-build/CMakeFiles/protoc-gen-upb.dir/src/google/protobuf/compiler/code_generator_lite.cc.o
[294/665] Building CXX object _deps/protobuf-build/CMakeFiles/protoc-gen-upb.dir/src/google/protobuf/port.cc.o
In file included from /home/tina.guest/tinylsm-perf-source-v2/tinylsm/build/benchmark/_deps/protobuf-src/src/google/protobuf/port.cc:8:
/home/tina.guest/tinylsm-perf-source-v2/tinylsm/build/benchmark/_deps/protobuf-src/src/google/protobuf/port.h: In function ‘void google::protobuf::internal::AssertDownCast(From*)’:
/home/tina.guest/tinylsm-perf-source-v2/tinylsm/build/benchmark/_deps/protobuf-src/src/google/protobuf/port.h:181:5: warning: testing if a concept-id is a valid expression; add ‘requires’ to check satisfaction [-Wmissing-requires]
  181 |     std::derived_from<std::remove_pointer_t<To>,
      |     ^
      |     requires 
[295/665] Building CXX object _deps/protobuf-build/CMakeFiles/protoc-gen-upb.dir/upb_generator/c/names_internal.cc.o
[296/665] Building CXX object _deps/protobuf-build/CMakeFiles/protoc-gen-upb.dir/upb_generator/common/names.cc.o
[297/665] Building CXX object _deps/protobuf-build/CMakeFiles/protoc-gen-upb.dir/upb_generator/common.cc.o
[298/665] Building C object _deps/protobuf-build/CMakeFiles/protoc-gen-upb.dir/upb_generator/cmake/google/protobuf/compiler/plugin.upb_minitable.c.o
[299/665] Building CXX object _deps/protobuf-build/CMakeFiles/protoc-gen-upb.dir/upb_generator/minitable/names.cc.o
[300/665] Building CXX object _deps/protobuf-build/CMakeFiles/protoc-gen-upb.dir/upb_generator/minitable/names_internal.cc.o
[301/665] Building CXX object _deps/protobuf-build/CMakeFiles/protoc-gen-upbdefs.dir/src/google/protobuf/compiler/code_generator_lite.cc.o
[302/665] Building CXX object _deps/protobuf-build/CMakeFiles/protoc-gen-upb.dir/upb_generator/c/names.cc.o
[303/665] Building CXX object _deps/protobuf-build/CMakeFiles/protoc-gen-upbdefs.dir/upb_generator/common.cc.o
[304/665] Building CXX object _deps/protobuf-build/CMakeFiles/protoc-gen-upbdefs.dir/src/google/protobuf/port.cc.o
In file included from /home/tina.guest/tinylsm-perf-source-v2/tinylsm/build/benchmark/_deps/protobuf-src/src/google/protobuf/port.cc:8:
/home/tina.guest/tinylsm-perf-source-v2/tinylsm/build/benchmark/_deps/protobuf-src/src/google/protobuf/port.h: In function ‘void google::protobuf::internal::AssertDownCast(From*)’:
/home/tina.guest/tinylsm-perf-source-v2/tinylsm/build/benchmark/_deps/protobuf-src/src/google/protobuf/port.h:181:5: warning: testing if a concept-id is a valid expression; add ‘requires’ to check satisfaction [-Wmissing-requires]
  181 |     std::derived_from<std::remove_pointer_t<To>,
      |     ^
      |     requires 
[305/665] Building CXX object _deps/protobuf-build/CMakeFiles/protoc-gen-upbdefs.dir/upb_generator/common/names.cc.o
[306/665] Building CXX object _deps/protobuf-build/CMakeFiles/protoc-gen-upb.dir/upb_generator/file_layout.cc.o
[307/665] Building CXX object _deps/protobuf-build/CMakeFiles/protoc-gen-upbdefs.dir/upb_generator/minitable/names.cc.o
[308/665] Building C object _deps/protobuf-build/CMakeFiles/protoc-gen-upbdefs.dir/upb_generator/cmake/google/protobuf/compiler/plugin.upb_minitable.c.o
[309/665] Building CXX object _deps/protobuf-build/CMakeFiles/protoc-gen-upbdefs.dir/upb_generator/minitable/names_internal.cc.o
[310/665] Building CXX object _deps/protobuf-build/CMakeFiles/protoc-gen-upbdefs.dir/upb_generator/reflection/names.cc.o
[311/665] Building CXX object _deps/protobuf-build/CMakeFiles/protoc-gen-upb.dir/upb_generator/c/generator.cc.o
[312/665] Building CXX object _deps/protobuf-build/CMakeFiles/protoc-gen-upb_minitable.dir/upb_generator/common/names.cc.o
[313/665] Building CXX object _deps/protobuf-build/CMakeFiles/protoc-gen-upb_minitable.dir/src/google/protobuf/port.cc.o
In file included from /home/tina.guest/tinylsm-perf-source-v2/tinylsm/build/benchmark/_deps/protobuf-src/src/google/protobuf/port.cc:8:
/home/tina.guest/tinylsm-perf-source-v2/tinylsm/build/benchmark/_deps/protobuf-src/src/google/protobuf/port.h: In function ‘void google::protobuf::internal::AssertDownCast(From*)’:
/home/tina.guest/tinylsm-perf-source-v2/tinylsm/build/benchmark/_deps/protobuf-src/src/google/protobuf/port.h:181:5: warning: testing if a concept-id is a valid expression; add ‘requires’ to check satisfaction [-Wmissing-requires]
  181 |     std::derived_from<std::remove_pointer_t<To>,
      |     ^
      |     requires 
[314/665] Building CXX object _deps/protobuf-build/CMakeFiles/protoc-gen-upb_minitable.dir/upb_generator/common.cc.o
[315/665] Building CXX object _deps/protobuf-build/CMakeFiles/protoc-gen-upb_minitable.dir/src/google/protobuf/compiler/code_generator_lite.cc.o
[316/665] Building CXX object _deps/protobuf-build/CMakeFiles/protoc-gen-upbdefs.dir/upb_generator/file_layout.cc.o
[317/665] Building CXX object _deps/protobuf-build/CMakeFiles/protoc-gen-upb_minitable.dir/upb_generator/minitable/names.cc.o
[318/665] Building CXX object _deps/protobuf-build/CMakeFiles/protoc-gen-upbdefs.dir/upb_generator/reflection/generator.cc.o
[319/665] Building C object _deps/protobuf-build/CMakeFiles/protoc-gen-upb_minitable.dir/upb_generator/cmake/google/protobuf/compiler/plugin.upb_minitable.c.o
[320/665] Building CXX object _deps/protobuf-build/CMakeFiles/protoc-gen-upb_minitable.dir/upb_generator/minitable/names_internal.cc.o
[321/665] Building CXX object _deps/protobuf-build/third_party/abseil-cpp/absl/base/CMakeFiles/absl_log_severity.dir/log_severity.cc.o
[322/665] Linking CXX static library _deps/protobuf-build/third_party/abseil-cpp/absl/base/libabsl_log_severity.a
[323/665] Building CXX object _deps/protobuf-build/CMakeFiles/protoc-gen-upb_minitable.dir/upb_generator/minitable/fasttable.cc.o
[324/665] Building CXX object _deps/protobuf-build/third_party/abseil-cpp/absl/base/CMakeFiles/absl_spinlock_wait.dir/internal/spinlock_wait.cc.o
[325/665] Linking CXX static library _deps/protobuf-build/third_party/abseil-cpp/absl/base/libabsl_spinlock_wait.a
[326/665] Building CXX object _deps/protobuf-build/third_party/abseil-cpp/absl/base/CMakeFiles/absl_raw_logging_internal.dir/internal/raw_logging.cc.o
[327/665] Linking CXX static library _deps/protobuf-build/third_party/abseil-cpp/absl/base/libabsl_raw_logging_internal.a
[328/665] Building CXX object _deps/protobuf-build/CMakeFiles/protoc-gen-upb_minitable.dir/upb_generator/minitable/main.cc.o
[329/665] Building CXX object _deps/protobuf-build/third_party/abseil-cpp/absl/base/CMakeFiles/absl_base.dir/internal/cycleclock.cc.o
[330/665] Building CXX object _deps/protobuf-build/third_party/abseil-cpp/absl/base/CMakeFiles/absl_malloc_internal.dir/internal/low_level_alloc.cc.o
[331/665] Building CXX object _deps/protobuf-build/CMakeFiles/protoc-gen-upb_minitable.dir/upb_generator/minitable/generator.cc.o
[332/665] Building CXX object _deps/protobuf-build/third_party/abseil-cpp/absl/base/CMakeFiles/absl_base.dir/internal/unscaledcycleclock.cc.o
[333/665] Building CXX object _deps/protobuf-build/CMakeFiles/protoc-gen-upb_minitable.dir/upb_generator/file_layout.cc.o
[334/665] Building CXX object _deps/protobuf-build/third_party/abseil-cpp/absl/base/CMakeFiles/absl_base.dir/internal/spinlock.cc.o
[335/665] Building CXX object _deps/protobuf-build/third_party/abseil-cpp/absl/base/CMakeFiles/absl_throw_delegate.dir/internal/throw_delegate.cc.o
[336/665] Linking CXX static library _deps/protobuf-build/third_party/abseil-cpp/absl/base/libabsl_throw_delegate.a
[337/665] Building CXX object _deps/protobuf-build/third_party/abseil-cpp/absl/base/CMakeFiles/absl_base.dir/internal/thread_identity.cc.o
[338/665] Building CXX object _deps/protobuf-build/third_party/abseil-cpp/absl/base/CMakeFiles/absl_strerror.dir/internal/strerror.cc.o
[339/665] Linking CXX static library _deps/protobuf-build/third_party/abseil-cpp/absl/base/libabsl_strerror.a
[340/665] Building CXX object _deps/protobuf-build/third_party/abseil-cpp/absl/base/CMakeFiles/absl_base.dir/internal/sysinfo.cc.o
[341/665] Linking CXX static library _deps/protobuf-build/third_party/abseil-cpp/absl/base/libabsl_base.a
[342/665] Building CXX object _deps/protobuf-build/third_party/abseil-cpp/absl/base/CMakeFiles/absl_scoped_set_env.dir/internal/scoped_set_env.cc.o
[343/665] Linking CXX static library _deps/protobuf-build/third_party/abseil-cpp/absl/base/libabsl_malloc_internal.a
[344/665] Linking CXX static library _deps/protobuf-build/third_party/abseil-cpp/absl/base/libabsl_scoped_set_env.a
[345/665] Building CXX object _deps/protobuf-build/third_party/abseil-cpp/absl/crc/CMakeFiles/absl_crc_cpu_detect.dir/internal/cpu_detect.cc.o
[346/665] Linking CXX static library _deps/protobuf-build/third_party/abseil-cpp/absl/crc/libabsl_crc_cpu_detect.a
[347/665] Building CXX object _deps/protobuf-build/CMakeFiles/protoc.dir/src/google/protobuf/compiler/main.cc.o
In file included from /home/tina.guest/tinylsm-perf-source-v2/tinylsm/build/benchmark/_deps/protobuf-src/src/google/protobuf/arena.h:38,
                 from /home/tina.guest/tinylsm-perf-source-v2/tinylsm/build/benchmark/_deps/protobuf-src/src/google/protobuf/descriptor.pb.h:21,
                 from /home/tina.guest/tinylsm-perf-source-v2/tinylsm/build/benchmark/_deps/protobuf-src/src/google/protobuf/compiler/command_line_interface.h:29,
                 from /home/tina.guest/tinylsm-perf-source-v2/tinylsm/build/benchmark/_deps/protobuf-src/src/google/protobuf/compiler/main.cc:9:
/home/tina.guest/tinylsm-perf-source-v2/tinylsm/build/benchmark/_deps/protobuf-src/src/google/protobuf/port.h: In function ‘void google::protobuf::internal::AssertDownCast(From*)’:
/home/tina.guest/tinylsm-perf-source-v2/tinylsm/build/benchmark/_deps/protobuf-src/src/google/protobuf/port.h:181:5: warning: testing if a concept-id is a valid expression; add ‘requires’ to check satisfaction [-Wmissing-requires]
  181 |     std::derived_from<std::remove_pointer_t<To>,
      |     ^
      |     requires 
[348/665] Building CXX object _deps/protobuf-build/third_party/abseil-cpp/absl/container/CMakeFiles/absl_hashtablez_sampler.dir/internal/hashtablez_sampler_force_weak_definition.cc.o
[349/665] Building CXX object _deps/protobuf-build/third_party/abseil-cpp/absl/crc/CMakeFiles/absl_crc_internal.dir/internal/crc.cc.o
[350/665] Building CXX object _deps/protobuf-build/third_party/abseil-cpp/absl/container/CMakeFiles/absl_hashtablez_sampler.dir/internal/hashtablez_sampler.cc.o
[351/665] Building CXX object _deps/protobuf-build/third_party/abseil-cpp/absl/crc/CMakeFiles/absl_crc_internal.dir/internal/crc_x86_arm_combined.cc.o
[352/665] Linking CXX static library _deps/protobuf-build/third_party/abseil-cpp/absl/crc/libabsl_crc_internal.a
[353/665] Building CXX object _deps/protobuf-build/third_party/abseil-cpp/absl/crc/CMakeFiles/absl_crc32c.dir/crc32c.cc.o
[354/665] Building CXX object _deps/protobuf-build/third_party/abseil-cpp/absl/crc/CMakeFiles/absl_crc32c.dir/internal/crc_memcpy_fallback.cc.o
[355/665] Building CXX object _deps/protobuf-build/third_party/abseil-cpp/absl/crc/CMakeFiles/absl_crc32c.dir/internal/crc_memcpy_x86_arm_combined.cc.o
[356/665] Building CXX object _deps/protobuf-build/third_party/abseil-cpp/absl/container/CMakeFiles/absl_raw_hash_set.dir/internal/raw_hash_set.cc.o
[357/665] Building CXX object _deps/protobuf-build/third_party/abseil-cpp/absl/debugging/CMakeFiles/absl_stacktrace.dir/stacktrace.cc.o
[358/665] Building CXX object _deps/protobuf-build/third_party/abseil-cpp/absl/debugging/CMakeFiles/absl_examine_stack.dir/internal/examine_stack.cc.o
[359/665] Building CXX object _deps/protobuf-build/third_party/abseil-cpp/absl/crc/CMakeFiles/absl_crc_cord_state.dir/internal/crc_cord_state.cc.o
[360/665] Building CXX object _deps/protobuf-build/third_party/abseil-cpp/absl/debugging/CMakeFiles/absl_failure_signal_handler.dir/failure_signal_handler.cc.o
[361/665] Building CXX object _deps/protobuf-build/third_party/abseil-cpp/absl/debugging/CMakeFiles/absl_symbolize.dir/symbolize.cc.o
[362/665] Building CXX object _deps/protobuf-build/third_party/abseil-cpp/absl/debugging/CMakeFiles/absl_leak_check.dir/leak_check.cc.o
[363/665] Building CXX object _deps/protobuf-build/third_party/abseil-cpp/absl/debugging/CMakeFiles/absl_debugging_internal.dir/internal/address_is_readable.cc.o
[364/665] Linking CXX static library _deps/protobuf-build/third_party/abseil-cpp/absl/debugging/libabsl_leak_check.a
[365/665] Building CXX object _deps/protobuf-build/third_party/abseil-cpp/absl/crc/CMakeFiles/absl_crc32c.dir/internal/crc_non_temporal_memcpy.cc.o
[366/665] Building CXX object _deps/protobuf-build/third_party/abseil-cpp/absl/debugging/CMakeFiles/absl_debugging_internal.dir/internal/vdso_support.cc.o
[367/665] Building CXX object _deps/protobuf-build/third_party/abseil-cpp/absl/flags/CMakeFiles/absl_flags_commandlineflag_internal.dir/internal/commandlineflag.cc.o
[368/665] Linking CXX static library _deps/protobuf-build/third_party/abseil-cpp/absl/flags/libabsl_flags_commandlineflag_internal.a
[369/665] Building CXX object _deps/protobuf-build/third_party/abseil-cpp/absl/debugging/CMakeFiles/absl_debugging_internal.dir/internal/elf_mem_image.cc.o
[370/665] Linking CXX static library _deps/protobuf-build/third_party/abseil-cpp/absl/debugging/libabsl_debugging_internal.a
[371/665] Linking CXX static library _deps/protobuf-build/third_party/abseil-cpp/absl/debugging/libabsl_stacktrace.a
[372/665] Building CXX object _deps/protobuf-build/third_party/abseil-cpp/absl/flags/CMakeFiles/absl_flags_commandlineflag.dir/commandlineflag.cc.o
[373/665] Building CXX object _deps/protobuf-build/third_party/abseil-cpp/absl/debugging/CMakeFiles/absl_demangle_internal.dir/internal/demangle.cc.o
[374/665] Linking CXX static library _deps/protobuf-build/third_party/abseil-cpp/absl/debugging/libabsl_demangle_internal.a
[375/665] Building CXX object _deps/protobuf-build/third_party/abseil-cpp/absl/flags/CMakeFiles/absl_flags_program_name.dir/internal/program_name.cc.o
[376/665] Building CXX object _deps/protobuf-build/third_party/abseil-cpp/absl/flags/CMakeFiles/absl_flags_private_handle_accessor.dir/internal/private_handle_accessor.cc.o
[377/665] Building CXX object _deps/protobuf-build/third_party/abseil-cpp/absl/flags/CMakeFiles/absl_flags_marshalling.dir/marshalling.cc.o
[378/665] Building CXX object _deps/protobuf-build/third_party/abseil-cpp/absl/flags/CMakeFiles/absl_flags_config.dir/usage_config.cc.o
[379/665] Building CXX object _deps/protobuf-build/third_party/abseil-cpp/absl/flags/CMakeFiles/absl_flags_usage.dir/usage.cc.o
[380/665] Building CXX object _deps/protobuf-build/third_party/abseil-cpp/absl/flags/CMakeFiles/absl_flags_internal.dir/internal/flag.cc.o
[381/665] Building CXX object _deps/protobuf-build/third_party/abseil-cpp/absl/hash/CMakeFiles/absl_hash.dir/internal/hash.cc.o
[382/665] Building CXX object _deps/protobuf-build/third_party/abseil-cpp/absl/hash/CMakeFiles/absl_city.dir/internal/city.cc.o
[383/665] Linking CXX static library _deps/protobuf-build/third_party/abseil-cpp/absl/hash/libabsl_city.a
[384/665] Building CXX object _deps/protobuf-build/third_party/abseil-cpp/absl/hash/CMakeFiles/absl_low_level_hash.dir/internal/low_level_hash.cc.o
[385/665] Building CXX object _deps/protobuf-build/third_party/abseil-cpp/absl/log/CMakeFiles/absl_log_internal_conditions.dir/internal/conditions.cc.o
[386/665] Linking CXX static library _deps/protobuf-build/third_party/abseil-cpp/absl/log/libabsl_log_internal_conditions.a
[387/665] Building CXX object _deps/protobuf-build/third_party/abseil-cpp/absl/flags/CMakeFiles/absl_flags_usage_internal.dir/internal/usage.cc.o
[388/665] Building CXX object _deps/protobuf-build/third_party/abseil-cpp/absl/log/CMakeFiles/absl_log_internal_check_op.dir/internal/check_op.cc.o
[389/665] Building CXX object _deps/protobuf-build/third_party/abseil-cpp/absl/flags/CMakeFiles/absl_flags_reflection.dir/reflection.cc.o
[390/665] Building CXX object _deps/protobuf-build/third_party/abseil-cpp/absl/log/CMakeFiles/absl_log_internal_proto.dir/internal/proto.cc.o
[391/665] Building CXX object _deps/protobuf-build/third_party/abseil-cpp/absl/log/CMakeFiles/absl_log_internal_globals.dir/internal/globals.cc.o
[392/665] Building CXX object _deps/protobuf-build/third_party/abseil-cpp/absl/log/CMakeFiles/absl_log_internal_nullguard.dir/internal/nullguard.cc.o
[393/665] Linking CXX static library _deps/protobuf-build/third_party/abseil-cpp/absl/log/libabsl_log_internal_nullguard.a
[394/665] Building CXX object _deps/protobuf-build/third_party/abseil-cpp/absl/log/CMakeFiles/absl_log_internal_format.dir/internal/log_format.cc.o
[395/665] Building CXX object _deps/protobuf-build/third_party/abseil-cpp/absl/log/CMakeFiles/absl_log_internal_log_sink_set.dir/internal/log_sink_set.cc.o
[396/665] Building CXX object _deps/protobuf-build/third_party/abseil-cpp/absl/log/CMakeFiles/absl_die_if_null.dir/die_if_null.cc.o
[397/665] Building CXX object _deps/protobuf-build/third_party/abseil-cpp/absl/log/CMakeFiles/absl_log_internal_message.dir/internal/log_message.cc.o
[398/665] Building CXX object _deps/protobuf-build/third_party/abseil-cpp/absl/log/CMakeFiles/absl_log_globals.dir/globals.cc.o
[399/665] Building CXX object _deps/protobuf-build/third_party/abseil-cpp/absl/log/CMakeFiles/absl_log_flags.dir/flags.cc.o
[400/665] Building CXX object _deps/protobuf-build/third_party/abseil-cpp/absl/flags/CMakeFiles/absl_flags_parse.dir/parse.cc.o
[401/665] Building CXX object _deps/protobuf-build/third_party/abseil-cpp/absl/log/CMakeFiles/absl_log_initialize.dir/initialize.cc.o
[402/665] Building CXX object _deps/protobuf-build/third_party/abseil-cpp/absl/log/CMakeFiles/absl_log_internal_fnmatch.dir/internal/fnmatch.cc.o
[403/665] Building CXX object _deps/protobuf-build/third_party/abseil-cpp/absl/profiling/CMakeFiles/absl_exponential_biased.dir/internal/exponential_biased.cc.o
[404/665] Linking CXX static library _deps/protobuf-build/third_party/abseil-cpp/absl/profiling/libabsl_exponential_biased.a
[405/665] Building CXX object _deps/protobuf-build/third_party/abseil-cpp/absl/profiling/CMakeFiles/absl_periodic_sampler.dir/internal/periodic_sampler.cc.o
[406/665] Linking CXX static library _deps/protobuf-build/third_party/abseil-cpp/absl/profiling/libabsl_periodic_sampler.a
[407/665] Building CXX object _deps/protobuf-build/third_party/abseil-cpp/absl/log/CMakeFiles/absl_log_entry.dir/log_entry.cc.o
[408/665] Building CXX object _deps/protobuf-build/third_party/abseil-cpp/absl/numeric/CMakeFiles/absl_int128.dir/int128.cc.o
[409/665] Linking CXX static library _deps/protobuf-build/third_party/abseil-cpp/absl/numeric/libabsl_int128.a
[410/665] Building CXX object _deps/protobuf-build/third_party/abseil-cpp/absl/random/CMakeFiles/absl_random_seed_gen_exception.dir/seed_gen_exception.cc.o
[411/665] Linking CXX static library _deps/protobuf-build/third_party/abseil-cpp/absl/hash/libabsl_low_level_hash.a
[412/665] Linking CXX static library _deps/protobuf-build/third_party/abseil-cpp/absl/random/libabsl_random_seed_gen_exception.a
[413/665] Building CXX object _deps/protobuf-build/third_party/abseil-cpp/absl/log/CMakeFiles/absl_log_sink.dir/log_sink.cc.o
[414/665] Building CXX object _deps/protobuf-build/third_party/abseil-cpp/absl/random/CMakeFiles/absl_random_distributions.dir/gaussian_distribution.cc.o
[415/665] Building CXX object _deps/protobuf-build/third_party/abseil-cpp/absl/random/CMakeFiles/absl_random_internal_platform.dir/internal/randen_round_keys.cc.o
[416/665] Linking CXX static library _deps/protobuf-build/third_party/abseil-cpp/absl/random/libabsl_random_internal_platform.a
[417/665] Building CXX object _deps/protobuf-build/third_party/abseil-cpp/absl/random/CMakeFiles/absl_random_internal_randen.dir/internal/randen.cc.o
[418/665] Building CXX object _deps/protobuf-build/third_party/abseil-cpp/absl/random/CMakeFiles/absl_random_distributions.dir/discrete_distribution.cc.o
[419/665] Building CXX object _deps/protobuf-build/third_party/abseil-cpp/absl/random/CMakeFiles/absl_random_internal_randen_hwaes.dir/internal/randen_detect.cc.o
[420/665] Building CXX object _deps/protobuf-build/third_party/abseil-cpp/absl/random/CMakeFiles/absl_random_internal_seed_material.dir/internal/seed_material.cc.o
[421/665] Building CXX object _deps/protobuf-build/third_party/abseil-cpp/absl/log/CMakeFiles/absl_vlog_config_internal.dir/internal/vlog_config.cc.o
[422/665] Building CXX object _deps/protobuf-build/third_party/abseil-cpp/absl/random/CMakeFiles/absl_random_seed_sequences.dir/seed_sequences.cc.o
[423/665] Building CXX object _deps/protobuf-build/third_party/abseil-cpp/absl/random/CMakeFiles/absl_random_internal_randen_hwaes_impl.dir/internal/randen_hwaes.cc.o
[424/665] Building CXX object _deps/protobuf-build/third_party/abseil-cpp/absl/random/CMakeFiles/absl_random_internal_pool_urbg.dir/internal/pool_urbg.cc.o
[425/665] Building CXX object _deps/protobuf-build/third_party/abseil-cpp/absl/random/CMakeFiles/absl_random_internal_randen_slow.dir/internal/randen_slow.cc.o
[426/665] Linking CXX static library _deps/protobuf-build/third_party/abseil-cpp/absl/random/libabsl_random_internal_randen_slow.a
[427/665] Linking CXX static library _deps/protobuf-build/third_party/abseil-cpp/absl/random/libabsl_random_internal_randen_hwaes_impl.a
[428/665] Linking CXX static library _deps/protobuf-build/third_party/abseil-cpp/absl/random/libabsl_random_internal_randen_hwaes.a
[429/665] Linking CXX static library _deps/protobuf-build/third_party/abseil-cpp/absl/random/libabsl_random_internal_randen.a
[430/665] Building CXX object _deps/protobuf-build/third_party/abseil-cpp/absl/random/CMakeFiles/absl_random_internal_distribution_test_util.dir/internal/distribution_test_util.cc.o
[431/665] Building CXX object _deps/protobuf-build/third_party/abseil-cpp/absl/random/CMakeFiles/absl_random_internal_distribution_test_util.dir/internal/chi_square.cc.o
[432/665] Building CXX object _deps/protobuf-build/third_party/abseil-cpp/absl/status/CMakeFiles/absl_status.dir/status_payload_printer.cc.o
[433/665] Building CXX object _deps/protobuf-build/third_party/abseil-cpp/absl/strings/CMakeFiles/absl_string_view.dir/string_view.cc.o
[434/665] Building CXX object _deps/protobuf-build/third_party/abseil-cpp/absl/strings/CMakeFiles/absl_strings.dir/ascii.cc.o
[435/665] Linking CXX static library _deps/protobuf-build/third_party/abseil-cpp/absl/strings/libabsl_string_view.a
[436/665] Building CXX object _deps/protobuf-build/third_party/abseil-cpp/absl/status/CMakeFiles/absl_statusor.dir/statusor.cc.o
[437/665] Building CXX object _deps/protobuf-build/third_party/abseil-cpp/absl/status/CMakeFiles/absl_status.dir/status.cc.o
[438/665] Building CXX object _deps/protobuf-build/third_party/abseil-cpp/absl/status/CMakeFiles/absl_status.dir/internal/status_internal.cc.o
[439/665] Building CXX object _deps/protobuf-build/third_party/abseil-cpp/absl/strings/CMakeFiles/absl_strings.dir/charconv.cc.o
[440/665] Building CXX object _deps/protobuf-build/third_party/abseil-cpp/absl/strings/CMakeFiles/absl_strings.dir/internal/charconv_parse.cc.o
[441/665] Building CXX object _deps/protobuf-build/third_party/abseil-cpp/absl/strings/CMakeFiles/absl_strings.dir/internal/damerau_levenshtein_distance.cc.o
[442/665] Building CXX object _deps/protobuf-build/third_party/abseil-cpp/absl/strings/CMakeFiles/absl_strings.dir/internal/memutil.cc.o
[443/665] Building CXX object _deps/protobuf-build/third_party/abseil-cpp/absl/strings/CMakeFiles/absl_strings.dir/internal/stringify_sink.cc.o
[444/665] Building CXX object _deps/protobuf-build/third_party/abseil-cpp/absl/strings/CMakeFiles/absl_strings.dir/escaping.cc.o
[445/665] Building CXX object _deps/protobuf-build/third_party/abseil-cpp/absl/strings/CMakeFiles/absl_strings.dir/internal/charconv_bigint.cc.o
[446/665] Building CXX object _deps/protobuf-build/third_party/abseil-cpp/absl/strings/CMakeFiles/absl_strings.dir/match.cc.o
[447/665] Building CXX object _deps/protobuf-build/third_party/abseil-cpp/absl/strings/CMakeFiles/absl_strings_internal.dir/internal/ostringstream.cc.o
[448/665] Building CXX object _deps/protobuf-build/third_party/abseil-cpp/absl/strings/CMakeFiles/absl_strings_internal.dir/internal/utf8.cc.o
[449/665] Building CXX object _deps/protobuf-build/third_party/abseil-cpp/absl/strings/CMakeFiles/absl_strings.dir/str_split.cc.o
[450/665] Building CXX object _deps/protobuf-build/third_party/abseil-cpp/absl/strings/CMakeFiles/absl_strings.dir/str_replace.cc.o
[451/665] Building CXX object _deps/protobuf-build/third_party/abseil-cpp/absl/strings/CMakeFiles/absl_strings.dir/numbers.cc.o
[452/665] Building CXX object _deps/protobuf-build/third_party/abseil-cpp/absl/strings/CMakeFiles/absl_strings.dir/str_cat.cc.o
[453/665] Building CXX object _deps/protobuf-build/third_party/abseil-cpp/absl/strings/CMakeFiles/absl_strings.dir/substitute.cc.o
[454/665] Building CXX object _deps/protobuf-build/third_party/abseil-cpp/absl/strings/CMakeFiles/absl_strings_internal.dir/internal/escaping.cc.o
[455/665] Linking CXX static library _deps/protobuf-build/third_party/abseil-cpp/absl/strings/libabsl_strings_internal.a
[456/665] Linking CXX static library _deps/protobuf-build/third_party/abseil-cpp/absl/strings/libabsl_strings.a
[457/665] Linking CXX static library _deps/protobuf-build/third_party/abseil-cpp/absl/debugging/libabsl_symbolize.a
[458/665] Linking CXX static library _deps/protobuf-build/third_party/abseil-cpp/absl/debugging/libabsl_examine_stack.a
[459/665] Building CXX object _deps/protobuf-build/third_party/abseil-cpp/absl/strings/CMakeFiles/absl_str_format_internal.dir/internal/str_format/extension.cc.o
[460/665] Linking CXX static library _deps/protobuf-build/third_party/abseil-cpp/absl/debugging/libabsl_failure_signal_handler.a
[461/665] Linking CXX static library _deps/protobuf-build/third_party/abseil-cpp/absl/log/libabsl_log_internal_fnmatch.a
[462/665] Linking CXX static library _deps/protobuf-build/third_party/abseil-cpp/absl/log/libabsl_log_internal_proto.a
[463/665] Linking CXX static library _deps/protobuf-build/third_party/abseil-cpp/absl/random/libabsl_random_distributions.a
[464/665] Building CXX object _deps/protobuf-build/third_party/abseil-cpp/absl/strings/CMakeFiles/absl_str_format_internal.dir/internal/str_format/output.cc.o
[465/665] Building CXX object _deps/protobuf-build/third_party/abseil-cpp/absl/strings/CMakeFiles/absl_str_format_internal.dir/internal/str_format/bind.cc.o
[466/665] Building CXX object _deps/protobuf-build/third_party/abseil-cpp/absl/strings/CMakeFiles/absl_str_format_internal.dir/internal/str_format/arg.cc.o
[467/665] Building CXX object _deps/protobuf-build/third_party/abseil-cpp/absl/strings/CMakeFiles/absl_cord_internal.dir/internal/cord_internal.cc.o
[468/665] Building CXX object _deps/protobuf-build/third_party/abseil-cpp/absl/strings/CMakeFiles/absl_cord_internal.dir/internal/cord_rep_btree_navigator.cc.o
[469/665] Building CXX object _deps/protobuf-build/third_party/abseil-cpp/absl/strings/CMakeFiles/absl_str_format_internal.dir/internal/str_format/parser.cc.o
[470/665] Building CXX object _deps/protobuf-build/third_party/abseil-cpp/absl/strings/CMakeFiles/absl_cord_internal.dir/internal/cord_rep_btree_reader.cc.o
[471/665] Building CXX object _deps/protobuf-build/third_party/abseil-cpp/absl/strings/CMakeFiles/absl_str_format_internal.dir/internal/str_format/float_conversion.cc.o
[472/665] Linking CXX static library _deps/protobuf-build/third_party/abseil-cpp/absl/strings/libabsl_str_format_internal.a
[473/665] Linking CXX static library _deps/protobuf-build/third_party/abseil-cpp/absl/crc/libabsl_crc32c.a
[474/665] Linking CXX static library _deps/protobuf-build/third_party/abseil-cpp/absl/crc/libabsl_crc_cord_state.a
[475/665] Linking CXX static library _deps/protobuf-build/third_party/abseil-cpp/absl/random/libabsl_random_internal_distribution_test_util.a
[476/665] Building CXX object _deps/protobuf-build/third_party/abseil-cpp/absl/strings/CMakeFiles/absl_cord_internal.dir/internal/cord_rep_crc.cc.o
[477/665] Building CXX object _deps/protobuf-build/third_party/abseil-cpp/absl/strings/CMakeFiles/absl_cord_internal.dir/internal/cord_rep_consume.cc.o
[478/665] Building CXX object _deps/protobuf-build/third_party/abseil-cpp/absl/strings/CMakeFiles/absl_cordz_functions.dir/internal/cordz_functions.cc.o
[479/665] Linking CXX static library _deps/protobuf-build/third_party/abseil-cpp/absl/strings/libabsl_cordz_functions.a
[480/665] Building CXX object _deps/protobuf-build/third_party/abseil-cpp/absl/strings/CMakeFiles/absl_cord.dir/cord_analysis.cc.o
[481/665] Building CXX object _deps/protobuf-build/third_party/abseil-cpp/absl/strings/CMakeFiles/absl_cordz_sample_token.dir/internal/cordz_sample_token.cc.o
[482/665] Building CXX object _deps/protobuf-build/third_party/abseil-cpp/absl/strings/CMakeFiles/absl_cordz_info.dir/internal/cordz_info.cc.o
[483/665] Building CXX object _deps/protobuf-build/third_party/abseil-cpp/absl/strings/CMakeFiles/absl_cordz_handle.dir/internal/cordz_handle.cc.o
[484/665] Building CXX object _deps/protobuf-build/third_party/abseil-cpp/absl/strings/CMakeFiles/absl_cord.dir/cord_buffer.cc.o
[485/665] Building CXX object _deps/protobuf-build/third_party/abseil-cpp/absl/strings/CMakeFiles/absl_cord_internal.dir/internal/cord_rep_btree.cc.o
[486/665] Linking CXX static library _deps/protobuf-build/third_party/abseil-cpp/absl/strings/libabsl_cord_internal.a
[487/665] Building CXX object _deps/protobuf-build/third_party/abseil-cpp/absl/synchronization/CMakeFiles/absl_graphcycles_internal.dir/internal/graphcycles.cc.o
[488/665] Linking CXX static library _deps/protobuf-build/third_party/abseil-cpp/absl/synchronization/libabsl_graphcycles_internal.a
[489/665] Building CXX object _deps/protobuf-build/third_party/abseil-cpp/absl/synchronization/CMakeFiles/absl_synchronization.dir/barrier.cc.o
[490/665] Building CXX object _deps/protobuf-build/third_party/abseil-cpp/absl/synchronization/CMakeFiles/absl_kernel_timeout_internal.dir/internal/kernel_timeout.cc.o
[491/665] Building CXX object _deps/protobuf-build/third_party/abseil-cpp/absl/synchronization/CMakeFiles/absl_synchronization.dir/blocking_counter.cc.o
[492/665] Building CXX object _deps/protobuf-build/third_party/abseil-cpp/absl/synchronization/CMakeFiles/absl_synchronization.dir/internal/futex_waiter.cc.o
[493/665] Building CXX object _deps/protobuf-build/third_party/abseil-cpp/absl/synchronization/CMakeFiles/absl_synchronization.dir/internal/create_thread_identity.cc.o
[494/665] Building CXX object _deps/protobuf-build/third_party/abseil-cpp/absl/synchronization/CMakeFiles/absl_synchronization.dir/internal/per_thread_sem.cc.o
[495/665] Building CXX object _deps/protobuf-build/third_party/abseil-cpp/absl/synchronization/CMakeFiles/absl_synchronization.dir/internal/win32_waiter.cc.o
[496/665] Building CXX object _deps/protobuf-build/third_party/abseil-cpp/absl/strings/CMakeFiles/absl_cord.dir/cord.cc.o
[497/665] Building CXX object _deps/protobuf-build/third_party/abseil-cpp/absl/synchronization/CMakeFiles/absl_synchronization.dir/internal/sem_waiter.cc.o
[498/665] Building CXX object _deps/protobuf-build/third_party/abseil-cpp/absl/synchronization/CMakeFiles/absl_synchronization.dir/internal/pthread_waiter.cc.o
[499/665] Building CXX object _deps/protobuf-build/third_party/abseil-cpp/absl/synchronization/CMakeFiles/absl_synchronization.dir/internal/stdcpp_waiter.cc.o
[500/665] Building CXX object _deps/protobuf-build/third_party/abseil-cpp/absl/synchronization/CMakeFiles/absl_synchronization.dir/internal/waiter_base.cc.o
[501/665] Building CXX object _deps/protobuf-build/third_party/abseil-cpp/absl/synchronization/CMakeFiles/absl_synchronization.dir/notification.cc.o
[502/665] Building CXX object _deps/protobuf-build/third_party/abseil-cpp/absl/synchronization/CMakeFiles/absl_synchronization.dir/mutex.cc.o
[503/665] Building CXX object _deps/protobuf-build/third_party/abseil-cpp/absl/time/CMakeFiles/absl_time.dir/clock.cc.o
[504/665] Building CXX object _deps/protobuf-build/third_party/abseil-cpp/absl/time/CMakeFiles/absl_civil_time.dir/internal/cctz/src/civil_time_detail.cc.o
[505/665] Linking CXX static library _deps/protobuf-build/third_party/abseil-cpp/absl/time/libabsl_civil_time.a
[506/665] Building CXX object _deps/protobuf-build/third_party/abseil-cpp/absl/time/CMakeFiles/absl_time.dir/civil_time.cc.o
[507/665] Building CXX object _deps/protobuf-build/third_party/abseil-cpp/absl/time/CMakeFiles/absl_time.dir/format.cc.o
[508/665] Building CXX object _deps/protobuf-build/third_party/abseil-cpp/absl/time/CMakeFiles/absl_time.dir/time.cc.o
[509/665] Building CXX object _deps/protobuf-build/third_party/abseil-cpp/absl/time/CMakeFiles/absl_time_zone.dir/internal/cctz/src/time_zone_fixed.cc.o
[510/665] Building CXX object _deps/protobuf-build/third_party/abseil-cpp/absl/time/CMakeFiles/absl_time.dir/duration.cc.o
[511/665] Building CXX object _deps/protobuf-build/third_party/abseil-cpp/absl/time/CMakeFiles/absl_time_zone.dir/internal/cctz/src/time_zone_libc.cc.o
[512/665] Building CXX object _deps/protobuf-build/third_party/abseil-cpp/absl/time/CMakeFiles/absl_time_zone.dir/internal/cctz/src/time_zone_impl.cc.o
[513/665] Building CXX object _deps/protobuf-build/third_party/abseil-cpp/absl/time/CMakeFiles/absl_time_zone.dir/internal/cctz/src/time_zone_lookup.cc.o
[514/665] Building CXX object _deps/protobuf-build/third_party/abseil-cpp/absl/types/CMakeFiles/absl_bad_any_cast_impl.dir/bad_any_cast.cc.o
[515/665] Linking CXX static library _deps/protobuf-build/third_party/abseil-cpp/absl/types/libabsl_bad_any_cast_impl.a
[516/665] Building CXX object _deps/protobuf-build/third_party/abseil-cpp/absl/time/CMakeFiles/absl_time_zone.dir/internal/cctz/src/time_zone_if.cc.o
[517/665] Building CXX object _deps/protobuf-build/third_party/abseil-cpp/absl/time/CMakeFiles/absl_time_zone.dir/internal/cctz/src/zone_info_source.cc.o
[518/665] Building CXX object _deps/protobuf-build/third_party/abseil-cpp/absl/types/CMakeFiles/absl_bad_optional_access.dir/bad_optional_access.cc.o
[519/665] Building C object _deps/protobuf-build/third_party/utf8_range/CMakeFiles/utf8_range.dir/utf8_range.c.o
[520/665] Linking CXX static library _deps/protobuf-build/third_party/abseil-cpp/absl/types/libabsl_bad_optional_access.a
[521/665] Building CXX object _deps/protobuf-build/third_party/abseil-cpp/absl/time/CMakeFiles/absl_time_zone.dir/internal/cctz/src/time_zone_posix.cc.o
[522/665] Linking C static library _deps/protobuf-build/third_party/utf8_range/libutf8_range.a
[523/665] Linking CXX static library _deps/protobuf-build/third_party/abseil-cpp/absl/flags/libabsl_flags_marshalling.a
[524/665] Building CXX object _deps/protobuf-build/third_party/abseil-cpp/absl/types/CMakeFiles/absl_bad_variant_access.dir/bad_variant_access.cc.o
[525/665] Linking CXX static library _deps/protobuf-build/third_party/abseil-cpp/absl/flags/libabsl_flags_commandlineflag.a
[526/665] Linking C static library _deps/protobuf-build/libupb.a
[527/665] Linking CXX static library _deps/protobuf-build/third_party/abseil-cpp/absl/random/libabsl_random_internal_seed_material.a
[528/665] Linking CXX static library _deps/protobuf-build/third_party/abseil-cpp/absl/types/libabsl_bad_variant_access.a
[529/665] Linking CXX static library _deps/protobuf-build/third_party/abseil-cpp/absl/flags/libabsl_flags_private_handle_accessor.a
[530/665] Linking CXX static library _deps/protobuf-build/third_party/abseil-cpp/absl/random/libabsl_random_internal_pool_urbg.a
[531/665] Linking CXX static library _deps/protobuf-build/third_party/abseil-cpp/absl/hash/libabsl_hash.a
[532/665] Linking CXX static library _deps/protobuf-build/third_party/abseil-cpp/absl/random/libabsl_random_seed_sequences.a
[533/665] Building C object _deps/protobuf-build/third_party/utf8_range/CMakeFiles/utf8_validity.dir/utf8_range.c.o
[534/665] Building CXX object _deps/protobuf-build/third_party/abseil-cpp/absl/time/CMakeFiles/absl_time_zone.dir/internal/cctz/src/time_zone_format.cc.o
[535/665] Building CXX object _deps/protobuf-build/third_party/utf8_range/CMakeFiles/utf8_validity.dir/utf8_validity.cc.o
[536/665] Linking CXX static library _deps/protobuf-build/third_party/utf8_range/libutf8_validity.a
[537/665] Building CXX object _deps/google_benchmark-build/src/CMakeFiles/benchmark.dir/benchmark_api_internal.cc.o
[538/665] Building CXX object _deps/google_benchmark-build/src/CMakeFiles/benchmark.dir/benchmark_name.cc.o
[539/665] Building CXX object _deps/google_benchmark-build/src/CMakeFiles/benchmark.dir/check.cc.o
[540/665] Building CXX object _deps/protobuf-build/third_party/abseil-cpp/absl/time/CMakeFiles/absl_time_zone.dir/internal/cctz/src/time_zone_info.cc.o
[541/665] Linking CXX static library _deps/protobuf-build/third_party/abseil-cpp/absl/time/libabsl_time_zone.a
[542/665] Linking CXX static library _deps/protobuf-build/third_party/abseil-cpp/absl/time/libabsl_time.a
[543/665] Linking CXX static library _deps/protobuf-build/third_party/abseil-cpp/absl/log/libabsl_log_internal_globals.a
[544/665] Building CXX object _deps/google_benchmark-build/src/CMakeFiles/benchmark.dir/colorprint.cc.o
[545/665] Linking CXX static library _deps/protobuf-build/third_party/abseil-cpp/absl/log/libabsl_log_internal_format.a
[546/665] Linking CXX static library _deps/protobuf-build/third_party/abseil-cpp/absl/log/libabsl_log_entry.a
[547/665] Linking CXX static library _deps/protobuf-build/third_party/abseil-cpp/absl/synchronization/libabsl_kernel_timeout_internal.a
[548/665] Linking CXX static library _deps/protobuf-build/third_party/abseil-cpp/absl/log/libabsl_log_sink.a
[549/665] Linking CXX static library _deps/protobuf-build/third_party/abseil-cpp/absl/synchronization/libabsl_synchronization.a
[550/665] Linking CXX static library _deps/protobuf-build/third_party/abseil-cpp/absl/container/libabsl_hashtablez_sampler.a
[551/665] Linking CXX static library _deps/protobuf-build/third_party/abseil-cpp/absl/container/libabsl_raw_hash_set.a
[552/665] Linking CXX static library _deps/protobuf-build/third_party/abseil-cpp/absl/flags/libabsl_flags_program_name.a
[553/665] Linking CXX static library _deps/protobuf-build/third_party/abseil-cpp/absl/flags/libabsl_flags_config.a
[554/665] Linking CXX static library _deps/protobuf-build/third_party/abseil-cpp/absl/flags/libabsl_flags_internal.a
[555/665] Linking CXX static library _deps/protobuf-build/third_party/abseil-cpp/absl/log/libabsl_vlog_config_internal.a
[556/665] Linking CXX static library _deps/protobuf-build/third_party/abseil-cpp/absl/log/libabsl_log_globals.a
[557/665] Linking CXX static library _deps/protobuf-build/third_party/abseil-cpp/absl/log/libabsl_log_internal_log_sink_set.a
[558/665] Linking CXX static library _deps/protobuf-build/third_party/abseil-cpp/absl/log/libabsl_log_internal_message.a
[559/665] Linking CXX static library _deps/protobuf-build/third_party/abseil-cpp/absl/log/libabsl_log_internal_check_op.a
[560/665] Linking CXX static library _deps/protobuf-build/third_party/abseil-cpp/absl/log/libabsl_die_if_null.a
[561/665] Linking CXX static library _deps/protobuf-build/third_party/abseil-cpp/absl/log/libabsl_log_initialize.a
[562/665] Linking CXX static library _deps/protobuf-build/third_party/abseil-cpp/absl/strings/libabsl_cordz_handle.a
[563/665] Linking CXX static library _deps/protobuf-build/third_party/abseil-cpp/absl/strings/libabsl_cordz_info.a
[564/665] Linking CXX static library _deps/protobuf-build/third_party/abseil-cpp/absl/strings/libabsl_cordz_sample_token.a
[565/665] Linking CXX static library _deps/protobuf-build/third_party/abseil-cpp/absl/strings/libabsl_cord.a
[566/665] Linking CXX static library _deps/protobuf-build/third_party/abseil-cpp/absl/flags/libabsl_flags_reflection.a
[567/665] Linking CXX static library _deps/protobuf-build/third_party/abseil-cpp/absl/flags/libabsl_flags_usage_internal.a
[568/665] Linking CXX static library _deps/protobuf-build/third_party/abseil-cpp/absl/flags/libabsl_flags_usage.a
[569/665] Linking CXX static library _deps/protobuf-build/third_party/abseil-cpp/absl/flags/libabsl_flags_parse.a
[570/665] Linking CXX static library _deps/protobuf-build/third_party/abseil-cpp/absl/log/libabsl_log_flags.a
[571/665] Linking CXX static library _deps/protobuf-build/third_party/abseil-cpp/absl/status/libabsl_status.a
[572/665] Building CXX object _deps/google_benchmark-build/src/CMakeFiles/benchmark.dir/commandlineflags.cc.o
[573/665] Linking CXX static library _deps/protobuf-build/third_party/abseil-cpp/absl/status/libabsl_statusor.a
[574/665] Linking CXX static library _deps/protobuf-build/libprotobuf-lite.a
[575/665] Linking CXX static library _deps/protobuf-build/libprotobuf.a
[576/665] Linking CXX static library _deps/protobuf-build/libprotoc.a
[577/665] Building CXX object _deps/google_benchmark-build/src/CMakeFiles/benchmark.dir/complexity.cc.o
[578/665] Linking CXX executable _deps/protobuf-build/protoc-gen-upb-29.3.0
[579/665] Creating executable symlink _deps/protobuf-build/protoc-gen-upb
[580/665] Linking CXX executable _deps/protobuf-build/protoc-gen-upbdefs-29.3.0
[581/665] Creating executable symlink _deps/protobuf-build/protoc-gen-upbdefs
[582/665] Building CXX object _deps/google_benchmark-build/src/CMakeFiles/benchmark.dir/benchmark_runner.cc.o
[583/665] Linking CXX executable _deps/protobuf-build/protoc-gen-upb_minitable-29.3.0
[584/665] Creating executable symlink _deps/protobuf-build/protoc-gen-upb_minitable
[585/665] Building CXX object _deps/google_benchmark-build/src/CMakeFiles/benchmark.dir/console_reporter.cc.o
[586/665] Linking CXX executable _deps/protobuf-build/protoc-29.3.0
[587/665] Creating executable symlink _deps/protobuf-build/protoc
[588/665] Running cpp protocol buffer compiler on /home/tina.guest/tinylsm-perf-source-v2/tinylsm/proto/manifest.proto
[589/665] Building CXX object _deps/google_benchmark-build/src/CMakeFiles/benchmark.dir/counter.cc.o
[590/665] Building CXX object _deps/google_benchmark-build/src/CMakeFiles/benchmark.dir/csv_reporter.cc.o
[591/665] Building CXX object _deps/google_benchmark-build/src/CMakeFiles/benchmark.dir/benchmark.cc.o
[592/665] Building CXX object src/CMakeFiles/tinylsm.dir/db/filename.cpp.o
[593/665] Building CXX object src/CMakeFiles/tinylsm.dir/db/snapshot_registry.cpp.o
[594/665] Building CXX object _deps/google_benchmark-build/src/CMakeFiles/benchmark.dir/json_reporter.cc.o
[595/665] Building CXX object src/CMakeFiles/tinylsm.dir/db/diagnostic_snapshot.cpp.o
[596/665] Building CXX object src/CMakeFiles/tinylsm.dir/iterator/internal_iterator.cpp.o
[597/665] Building CXX object src/CMakeFiles/tinylsm.dir/io/file.cpp.o
[598/665] Building CXX object _deps/google_benchmark-build/src/CMakeFiles/benchmark.dir/benchmark_register.cc.o
[599/665] Building CXX object src/CMakeFiles/tinylsm.dir/db/db.cpp.o
[600/665] Building CXX object src/CMakeFiles/tinylsm.dir/manifest/manifest_state.cpp.o
[601/665] Building CXX object src/CMakeFiles/tinylsm.dir/sstable/block_cache.cpp.o
[602/665] Building CXX object src/CMakeFiles/tinylsm.dir/util/coding.cpp.o
[603/665] Building CXX object src/CMakeFiles/tinylsm.dir/util/crc32c.cpp.o
[604/665] Building CXX object src/CMakeFiles/tinylsm.dir/memtable/memtable.cpp.o
[605/665] Building CXX object src/CMakeFiles/tinylsm.dir/manifest/manifest_codec.cpp.o
In file included from /home/tina.guest/tinylsm-perf-source-v2/tinylsm/build/benchmark/_deps/protobuf-src/third_party/abseil-cpp/absl/strings/internal/str_format/arg.h:35,
                 from /home/tina.guest/tinylsm-perf-source-v2/tinylsm/build/benchmark/_deps/protobuf-src/third_party/abseil-cpp/absl/strings/str_format.h:83,
                 from /home/tina.guest/tinylsm-perf-source-v2/tinylsm/build/benchmark/_deps/protobuf-src/third_party/abseil-cpp/absl/crc/crc32c.h:32,
                 from /home/tina.guest/tinylsm-perf-source-v2/tinylsm/build/benchmark/_deps/protobuf-src/third_party/abseil-cpp/absl/crc/internal/crc_cord_state.h:23,
                 from /home/tina.guest/tinylsm-perf-source-v2/tinylsm/build/benchmark/_deps/protobuf-src/third_party/abseil-cpp/absl/strings/cord.h:80,
                 from /home/tina.guest/tinylsm-perf-source-v2/tinylsm/build/benchmark/_deps/protobuf-src/src/google/protobuf/io/coded_stream.h:111,
                 from /home/tina.guest/tinylsm-perf-source-v2/tinylsm/build/benchmark/src/manifest.pb.h:20,
                 from /home/tina.guest/tinylsm-perf-source-v2/tinylsm/src/manifest/manifest_codec.cpp:7:
/home/tina.guest/tinylsm-perf-source-v2/tinylsm/build/benchmark/_deps/protobuf-src/third_party/abseil-cpp/absl/numeric/int128.h:107:22: warning: ISO C++ does not support ‘__int128’ for ‘type name’ [-Wpedantic]
  107 |     alignas(unsigned __int128)
      |                      ^~~~~~~~
/home/tina.guest/tinylsm-perf-source-v2/tinylsm/build/benchmark/_deps/protobuf-src/third_party/abseil-cpp/absl/numeric/int128.h:121:21: warning: ISO C++ does not support ‘__int128’ for ‘v’ [-Wpedantic]
  121 |   constexpr uint128(__int128 v);           // NOLINT(runtime/explicit)
      |                     ^~~~~~~~
/home/tina.guest/tinylsm-perf-source-v2/tinylsm/build/benchmark/_deps/protobuf-src/third_party/abseil-cpp/absl/numeric/int128.h:122:30: warning: ISO C++ does not support ‘__int128’ for ‘v’ [-Wpedantic]
  122 |   constexpr uint128(unsigned __int128 v);  // NOLINT(runtime/explicit)
      |                              ^~~~~~~~
/home/tina.guest/tinylsm-perf-source-v2/tinylsm/build/benchmark/_deps/protobuf-src/third_party/abseil-cpp/absl/numeric/int128.h:137:22: warning: ISO C++ does not support ‘__int128’ for ‘v’ [-Wpedantic]
  137 |   uint128& operator=(__int128 v);
      |                      ^~~~~~~~
/home/tina.guest/tinylsm-perf-source-v2/tinylsm/build/benchmark/_deps/protobuf-src/third_party/abseil-cpp/absl/numeric/int128.h:138:31: warning: ISO C++ does not support ‘__int128’ for ‘v’ [-Wpedantic]
  138 |   uint128& operator=(unsigned __int128 v);
      |                               ^~~~~~~~
/home/tina.guest/tinylsm-perf-source-v2/tinylsm/build/benchmark/_deps/protobuf-src/third_party/abseil-cpp/absl/numeric/int128.h:163:31: warning: ISO C++ does not support ‘__int128’ for ‘type name’ [-Wpedantic]
  163 |   constexpr explicit operator __int128() const;
      |                               ^~~~~~~~
/home/tina.guest/tinylsm-perf-source-v2/tinylsm/build/benchmark/_deps/protobuf-src/third_party/abseil-cpp/absl/numeric/int128.h:163:31: warning: ISO C++ does not support ‘__int128’ for ‘type name’ [-Wpedantic]
/home/tina.guest/tinylsm-perf-source-v2/tinylsm/build/benchmark/_deps/protobuf-src/third_party/abseil-cpp/absl/numeric/int128.h:164:40: warning: ISO C++ does not support ‘__int128’ for ‘type name’ [-Wpedantic]
  164 |   constexpr explicit operator unsigned __int128() const;
      |                                        ^~~~~~~~
/home/tina.guest/tinylsm-perf-source-v2/tinylsm/build/benchmark/_deps/protobuf-src/third_party/abseil-cpp/absl/numeric/int128.h:164:40: warning: ISO C++ does not support ‘__int128’ for ‘type name’ [-Wpedantic]
/home/tina.guest/tinylsm-perf-source-v2/tinylsm/build/benchmark/_deps/protobuf-src/third_party/abseil-cpp/absl/numeric/int128.h:292:57: warning: ISO C++ does not support ‘__int128’ for ‘type name’ [-Wpedantic]
  292 |   static constexpr bool traps = numeric_limits<unsigned __int128>::traps;
      |                                                         ^~~~~~~~
/home/tina.guest/tinylsm-perf-source-v2/tinylsm/build/benchmark/_deps/protobuf-src/third_party/abseil-cpp/absl/numeric/int128.h:359:20: warning: ISO C++ does not support ‘__int128’ for ‘v’ [-Wpedantic]
  359 |   constexpr int128(__int128 v);  // NOLINT(runtime/explicit)
      |                    ^~~~~~~~
/home/tina.guest/tinylsm-perf-source-v2/tinylsm/build/benchmark/_deps/protobuf-src/third_party/abseil-cpp/absl/numeric/int128.h:360:38: warning: ISO C++ does not support ‘__int128’ for ‘v’ [-Wpedantic]
  360 |   constexpr explicit int128(unsigned __int128 v);
      |                                      ^~~~~~~~
/home/tina.guest/tinylsm-perf-source-v2/tinylsm/build/benchmark/_deps/protobuf-src/third_party/abseil-cpp/absl/numeric/int128.h:375:21: warning: ISO C++ does not support ‘__int128’ for ‘v’ [-Wpedantic]
  375 |   int128& operator=(__int128 v);
      |                     ^~~~~~~~
/home/tina.guest/tinylsm-perf-source-v2/tinylsm/build/benchmark/_deps/protobuf-src/third_party/abseil-cpp/absl/numeric/int128.h:399:31: warning: ISO C++ does not support ‘__int128’ for ‘type name’ [-Wpedantic]
  399 |   constexpr explicit operator __int128() const;
      |                               ^~~~~~~~
/home/tina.guest/tinylsm-perf-source-v2/tinylsm/build/benchmark/_deps/protobuf-src/third_party/abseil-cpp/absl/numeric/int128.h:399:31: warning: ISO C++ does not support ‘__int128’ for ‘type name’ [-Wpedantic]
/home/tina.guest/tinylsm-perf-source-v2/tinylsm/build/benchmark/_deps/protobuf-src/third_party/abseil-cpp/absl/numeric/int128.h:400:40: warning: ISO C++ does not support ‘__int128’ for ‘type name’ [-Wpedantic]
  400 |   constexpr explicit operator unsigned __int128() const;
      |                                        ^~~~~~~~
/home/tina.guest/tinylsm-perf-source-v2/tinylsm/build/benchmark/_deps/protobuf-src/third_party/abseil-cpp/absl/numeric/int128.h:400:40: warning: ISO C++ does not support ‘__int128’ for ‘type name’ [-Wpedantic]
/home/tina.guest/tinylsm-perf-source-v2/tinylsm/build/benchmark/_deps/protobuf-src/third_party/abseil-cpp/absl/numeric/int128.h:478:3: warning: ISO C++ does not support ‘__int128’ for ‘v_’ [-Wpedantic]
  478 |   __int128 v_;
      |   ^~~~~~~~
/home/tina.guest/tinylsm-perf-source-v2/tinylsm/build/benchmark/_deps/protobuf-src/third_party/abseil-cpp/absl/numeric/int128.h:535:48: warning: ISO C++ does not support ‘__int128’ for ‘type name’ [-Wpedantic]
  535 |   static constexpr bool traps = numeric_limits<__int128>::traps;
      |                                                ^~~~~~~~
/home/tina.guest/tinylsm-perf-source-v2/tinylsm/build/benchmark/_deps/protobuf-src/third_party/abseil-cpp/absl/numeric/int128.h:589:36: warning: ISO C++ does not support ‘__int128’ for ‘v’ [-Wpedantic]
  589 | inline uint128& uint128::operator=(__int128 v) { return *this = uint128(v); }
      |                                    ^~~~~~~~
/home/tina.guest/tinylsm-perf-source-v2/tinylsm/build/benchmark/_deps/protobuf-src/third_party/abseil-cpp/absl/numeric/int128.h:591:45: warning: ISO C++ does not support ‘__int128’ for ‘v’ [-Wpedantic]
  591 | inline uint128& uint128::operator=(unsigned __int128 v) {
      |                                             ^~~~~~~~
/home/tina.guest/tinylsm-perf-source-v2/tinylsm/build/benchmark/_deps/protobuf-src/third_party/abseil-cpp/absl/numeric/int128.h:670:28: warning: ISO C++ does not support ‘__int128’ for ‘v’ [-Wpedantic]
  670 | constexpr uint128::uint128(__int128 v)
      |                            ^~~~~~~~
/home/tina.guest/tinylsm-perf-source-v2/tinylsm/build/benchmark/_deps/protobuf-src/third_party/abseil-cpp/absl/numeric/int128.h: In constructor ‘constexpr absl::lts_20240116::uint128::uint128(__int128)’:
/home/tina.guest/tinylsm-perf-source-v2/tinylsm/build/benchmark/_deps/protobuf-src/third_party/abseil-cpp/absl/numeric/int128.h:672:54: warning: ISO C++ does not support ‘__int128’ for ‘type name’ [-Wpedantic]
  672 |       hi_{static_cast<uint64_t>(static_cast<unsigned __int128>(v) >> 64)} {}
      |                                                      ^~~~~~~~
/home/tina.guest/tinylsm-perf-source-v2/tinylsm/build/benchmark/_deps/protobuf-src/third_party/abseil-cpp/absl/numeric/int128.h: At global scope:
/home/tina.guest/tinylsm-perf-source-v2/tinylsm/build/benchmark/_deps/protobuf-src/third_party/abseil-cpp/absl/numeric/int128.h:673:37: warning: ISO C++ does not support ‘__int128’ for ‘v’ [-Wpedantic]
  673 | constexpr uint128::uint128(unsigned __int128 v)
      |                                     ^~~~~~~~
/home/tina.guest/tinylsm-perf-source-v2/tinylsm/build/benchmark/_deps/protobuf-src/third_party/abseil-cpp/absl/numeric/int128.h:772:29: warning: ISO C++ does not support ‘__int128’ for ‘type name’ [-Wpedantic]
  772 | constexpr uint128::operator __int128() const {
      |                             ^~~~~~~~
/home/tina.guest/tinylsm-perf-source-v2/tinylsm/build/benchmark/_deps/protobuf-src/third_party/abseil-cpp/absl/numeric/int128.h:772:29: warning: ISO C++ does not support ‘__int128’ for ‘type name’ [-Wpedantic]
/home/tina.guest/tinylsm-perf-source-v2/tinylsm/build/benchmark/_deps/protobuf-src/third_party/abseil-cpp/absl/numeric/int128.h:772:29: warning: ISO C++ does not support ‘__int128’ for ‘type name’ [-Wpedantic]
/home/tina.guest/tinylsm-perf-source-v2/tinylsm/build/benchmark/_deps/protobuf-src/third_party/abseil-cpp/absl/numeric/int128.h: In member function ‘constexpr absl::lts_20240116::uint128::operator __int128() const’:
/home/tina.guest/tinylsm-perf-source-v2/tinylsm/build/benchmark/_deps/protobuf-src/third_party/abseil-cpp/absl/numeric/int128.h:773:23: warning: ISO C++ does not support ‘__int128’ for ‘type name’ [-Wpedantic]
  773 |   return (static_cast<__int128>(hi_) << 64) + lo_;
      |                       ^~~~~~~~
/home/tina.guest/tinylsm-perf-source-v2/tinylsm/build/benchmark/_deps/protobuf-src/third_party/abseil-cpp/absl/numeric/int128.h: At global scope:
/home/tina.guest/tinylsm-perf-source-v2/tinylsm/build/benchmark/_deps/protobuf-src/third_party/abseil-cpp/absl/numeric/int128.h:776:38: warning: ISO C++ does not support ‘__int128’ for ‘type name’ [-Wpedantic]
  776 | constexpr uint128::operator unsigned __int128() const {
      |                                      ^~~~~~~~
/home/tina.guest/tinylsm-perf-source-v2/tinylsm/build/benchmark/_deps/protobuf-src/third_party/abseil-cpp/absl/numeric/int128.h:776:38: warning: ISO C++ does not support ‘__int128’ for ‘type name’ [-Wpedantic]
/home/tina.guest/tinylsm-perf-source-v2/tinylsm/build/benchmark/_deps/protobuf-src/third_party/abseil-cpp/absl/numeric/int128.h:776:38: warning: ISO C++ does not support ‘__int128’ for ‘type name’ [-Wpedantic]
/home/tina.guest/tinylsm-perf-source-v2/tinylsm/build/benchmark/_deps/protobuf-src/third_party/abseil-cpp/absl/numeric/int128.h: In member function ‘constexpr absl::lts_20240116::uint128::operator __int128 unsigned() const’:
/home/tina.guest/tinylsm-perf-source-v2/tinylsm/build/benchmark/_deps/protobuf-src/third_party/abseil-cpp/absl/numeric/int128.h:777:32: warning: ISO C++ does not support ‘__int128’ for ‘type name’ [-Wpedantic]
  777 |   return (static_cast<unsigned __int128>(hi_) << 64) + lo_;
      |                                ^~~~~~~~
/home/tina.guest/tinylsm-perf-source-v2/tinylsm/build/benchmark/_deps/protobuf-src/third_party/abseil-cpp/absl/numeric/int128.h: In function ‘constexpr bool absl::lts_20240116::operator==(uint128, uint128)’:
/home/tina.guest/tinylsm-perf-source-v2/tinylsm/build/benchmark/_deps/protobuf-src/third_party/abseil-cpp/absl/numeric/int128.h:800:31: warning: ISO C++ does not support ‘__int128’ for ‘type name’ [-Wpedantic]
  800 |   return static_cast<unsigned __int128>(lhs) ==
      |                               ^~~~~~~~
/home/tina.guest/tinylsm-perf-source-v2/tinylsm/build/benchmark/_deps/protobuf-src/third_party/abseil-cpp/absl/numeric/int128.h:801:31: warning: ISO C++ does not support ‘__int128’ for ‘type name’ [-Wpedantic]
  801 |          static_cast<unsigned __int128>(rhs);
      |                               ^~~~~~~~
/home/tina.guest/tinylsm-perf-source-v2/tinylsm/build/benchmark/_deps/protobuf-src/third_party/abseil-cpp/absl/numeric/int128.h: In function ‘constexpr bool absl::lts_20240116::operator<(uint128, uint128)’:
/home/tina.guest/tinylsm-perf-source-v2/tinylsm/build/benchmark/_deps/protobuf-src/third_party/abseil-cpp/absl/numeric/int128.h:812:31: warning: ISO C++ does not support ‘__int128’ for ‘type name’ [-Wpedantic]
  812 |   return static_cast<unsigned __int128>(lhs) <
      |                               ^~~~~~~~
/home/tina.guest/tinylsm-perf-source-v2/tinylsm/build/benchmark/_deps/protobuf-src/third_party/abseil-cpp/absl/numeric/int128.h:813:31: warning: ISO C++ does not support ‘__int128’ for ‘type name’ [-Wpedantic]
  813 |          static_cast<unsigned __int128>(rhs);
      |                               ^~~~~~~~
/home/tina.guest/tinylsm-perf-source-v2/tinylsm/build/benchmark/_deps/protobuf-src/third_party/abseil-cpp/absl/numeric/int128.h: In function ‘constexpr absl::lts_20240116::uint128 absl::lts_20240116::operator-(uint128)’:
/home/tina.guest/tinylsm-perf-source-v2/tinylsm/build/benchmark/_deps/protobuf-src/third_party/abseil-cpp/absl/numeric/int128.h:835:32: warning: ISO C++ does not support ‘__int128’ for ‘type name’ [-Wpedantic]
  835 |   return -static_cast<unsigned __int128>(val);
      |                                ^~~~~~~~
/home/tina.guest/tinylsm-perf-source-v2/tinylsm/build/benchmark/_deps/protobuf-src/third_party/abseil-cpp/absl/numeric/int128.h: In function ‘constexpr bool absl::lts_20240116::operator!(uint128)’:
/home/tina.guest/tinylsm-perf-source-v2/tinylsm/build/benchmark/_deps/protobuf-src/third_party/abseil-cpp/absl/numeric/int128.h:845:32: warning: ISO C++ does not support ‘__int128’ for ‘type name’ [-Wpedantic]
  845 |   return !static_cast<unsigned __int128>(val);
      |                                ^~~~~~~~
/home/tina.guest/tinylsm-perf-source-v2/tinylsm/build/benchmark/_deps/protobuf-src/third_party/abseil-cpp/absl/numeric/int128.h: In function ‘constexpr absl::lts_20240116::uint128 absl::lts_20240116::operator~(uint128)’:
/home/tina.guest/tinylsm-perf-source-v2/tinylsm/build/benchmark/_deps/protobuf-src/third_party/abseil-cpp/absl/numeric/int128.h:855:32: warning: ISO C++ does not support ‘__int128’ for ‘type name’ [-Wpedantic]
  855 |   return ~static_cast<unsigned __int128>(val);
      |                                ^~~~~~~~
/home/tina.guest/tinylsm-perf-source-v2/tinylsm/build/benchmark/_deps/protobuf-src/third_party/abseil-cpp/absl/numeric/int128.h: In function ‘constexpr absl::lts_20240116::uint128 absl::lts_20240116::operator|(uint128, uint128)’:
/home/tina.guest/tinylsm-perf-source-v2/tinylsm/build/benchmark/_deps/protobuf-src/third_party/abseil-cpp/absl/numeric/int128.h:863:31: warning: ISO C++ does not support ‘__int128’ for ‘type name’ [-Wpedantic]
  863 |   return static_cast<unsigned __int128>(lhs) |
      |                               ^~~~~~~~
/home/tina.guest/tinylsm-perf-source-v2/tinylsm/build/benchmark/_deps/protobuf-src/third_party/abseil-cpp/absl/numeric/int128.h:864:31: warning: ISO C++ does not support ‘__int128’ for ‘type name’ [-Wpedantic]
  864 |          static_cast<unsigned __int128>(rhs);
      |                               ^~~~~~~~
/home/tina.guest/tinylsm-perf-source-v2/tinylsm/build/benchmark/_deps/protobuf-src/third_party/abseil-cpp/absl/numeric/int128.h: In function ‘constexpr absl::lts_20240116::uint128 absl::lts_20240116::operator&(uint128, uint128)’:
/home/tina.guest/tinylsm-perf-source-v2/tinylsm/build/benchmark/_deps/protobuf-src/third_party/abseil-cpp/absl/numeric/int128.h:873:31: warning: ISO C++ does not support ‘__int128’ for ‘type name’ [-Wpedantic]
  873 |   return static_cast<unsigned __int128>(lhs) &
      |                               ^~~~~~~~
/home/tina.guest/tinylsm-perf-source-v2/tinylsm/build/benchmark/_deps/protobuf-src/third_party/abseil-cpp/absl/numeric/int128.h:874:31: warning: ISO C++ does not support ‘__int128’ for ‘type name’ [-Wpedantic]
  874 |          static_cast<unsigned __int128>(rhs);
      |                               ^~~~~~~~
/home/tina.guest/tinylsm-perf-source-v2/tinylsm/build/benchmark/_deps/protobuf-src/third_party/abseil-cpp/absl/numeric/int128.h: In function ‘constexpr absl::lts_20240116::uint128 absl::lts_20240116::operator^(uint128, uint128)’:
/home/tina.guest/tinylsm-perf-source-v2/tinylsm/build/benchmark/_deps/protobuf-src/third_party/abseil-cpp/absl/numeric/int128.h:883:31: warning: ISO C++ does not support ‘__int128’ for ‘type name’ [-Wpedantic]
  883 |   return static_cast<unsigned __int128>(lhs) ^
      |                               ^~~~~~~~
/home/tina.guest/tinylsm-perf-source-v2/tinylsm/build/benchmark/_deps/protobuf-src/third_party/abseil-cpp/absl/numeric/int128.h:884:31: warning: ISO C++ does not support ‘__int128’ for ‘type name’ [-Wpedantic]
  884 |          static_cast<unsigned __int128>(rhs);
      |                               ^~~~~~~~
/home/tina.guest/tinylsm-perf-source-v2/tinylsm/build/benchmark/_deps/protobuf-src/third_party/abseil-cpp/absl/numeric/int128.h: In function ‘constexpr absl::lts_20240116::uint128 absl::lts_20240116::operator<<(uint128, int)’:
/home/tina.guest/tinylsm-perf-source-v2/tinylsm/build/benchmark/_deps/protobuf-src/third_party/abseil-cpp/absl/numeric/int128.h:910:31: warning: ISO C++ does not support ‘__int128’ for ‘type name’ [-Wpedantic]
  910 |   return static_cast<unsigned __int128>(lhs) << amount;
      |                               ^~~~~~~~
/home/tina.guest/tinylsm-perf-source-v2/tinylsm/build/benchmark/_deps/protobuf-src/third_party/abseil-cpp/absl/numeric/int128.h: In function ‘constexpr absl::lts_20240116::uint128 absl::lts_20240116::operator>>(uint128, int)’:
/home/tina.guest/tinylsm-perf-source-v2/tinylsm/build/benchmark/_deps/protobuf-src/third_party/abseil-cpp/absl/numeric/int128.h:924:31: warning: ISO C++ does not support ‘__int128’ for ‘type name’ [-Wpedantic]
  924 |   return static_cast<unsigned __int128>(lhs) >> amount;
      |                               ^~~~~~~~
/home/tina.guest/tinylsm-perf-source-v2/tinylsm/build/benchmark/_deps/protobuf-src/third_party/abseil-cpp/absl/numeric/int128.h: In function ‘constexpr absl::lts_20240116::uint128 absl::lts_20240116::operator+(uint128, uint128)’:
/home/tina.guest/tinylsm-perf-source-v2/tinylsm/build/benchmark/_deps/protobuf-src/third_party/abseil-cpp/absl/numeric/int128.h:949:31: warning: ISO C++ does not support ‘__int128’ for ‘type name’ [-Wpedantic]
  949 |   return static_cast<unsigned __int128>(lhs) +
      |                               ^~~~~~~~
/home/tina.guest/tinylsm-perf-source-v2/tinylsm/build/benchmark/_deps/protobuf-src/third_party/abseil-cpp/absl/numeric/int128.h:950:31: warning: ISO C++ does not support ‘__int128’ for ‘type name’ [-Wpedantic]
  950 |          static_cast<unsigned __int128>(rhs);
      |                               ^~~~~~~~
/home/tina.guest/tinylsm-perf-source-v2/tinylsm/build/benchmark/_deps/protobuf-src/third_party/abseil-cpp/absl/numeric/int128.h: In function ‘constexpr absl::lts_20240116::uint128 absl::lts_20240116::operator-(uint128, uint128)’:
/home/tina.guest/tinylsm-perf-source-v2/tinylsm/build/benchmark/_deps/protobuf-src/third_party/abseil-cpp/absl/numeric/int128.h:972:31: warning: ISO C++ does not support ‘__int128’ for ‘type name’ [-Wpedantic]
  972 |   return static_cast<unsigned __int128>(lhs) -
      |                               ^~~~~~~~
/home/tina.guest/tinylsm-perf-source-v2/tinylsm/build/benchmark/_deps/protobuf-src/third_party/abseil-cpp/absl/numeric/int128.h:973:31: warning: ISO C++ does not support ‘__int128’ for ‘type name’ [-Wpedantic]
  973 |          static_cast<unsigned __int128>(rhs);
      |                               ^~~~~~~~
/home/tina.guest/tinylsm-perf-source-v2/tinylsm/build/benchmark/_deps/protobuf-src/third_party/abseil-cpp/absl/numeric/int128.h: In function ‘absl::lts_20240116::uint128 absl::lts_20240116::operator*(uint128, uint128)’:
/home/tina.guest/tinylsm-perf-source-v2/tinylsm/build/benchmark/_deps/protobuf-src/third_party/abseil-cpp/absl/numeric/int128.h:986:31: warning: ISO C++ does not support ‘__int128’ for ‘type name’ [-Wpedantic]
  986 |   return static_cast<unsigned __int128>(lhs) *
      |                               ^~~~~~~~
/home/tina.guest/tinylsm-perf-source-v2/tinylsm/build/benchmark/_deps/protobuf-src/third_party/abseil-cpp/absl/numeric/int128.h:987:31: warning: ISO C++ does not support ‘__int128’ for ‘type name’ [-Wpedantic]
  987 |          static_cast<unsigned __int128>(rhs);
      |                               ^~~~~~~~
/home/tina.guest/tinylsm-perf-source-v2/tinylsm/build/benchmark/_deps/protobuf-src/third_party/abseil-cpp/absl/numeric/int128.h: In function ‘absl::lts_20240116::uint128 absl::lts_20240116::operator/(uint128, uint128)’:
/home/tina.guest/tinylsm-perf-source-v2/tinylsm/build/benchmark/_deps/protobuf-src/third_party/abseil-cpp/absl/numeric/int128.h:1011:31: warning: ISO C++ does not support ‘__int128’ for ‘type name’ [-Wpedantic]
 1011 |   return static_cast<unsigned __int128>(lhs) /
      |                               ^~~~~~~~
/home/tina.guest/tinylsm-perf-source-v2/tinylsm/build/benchmark/_deps/protobuf-src/third_party/abseil-cpp/absl/numeric/int128.h:1012:31: warning: ISO C++ does not support ‘__int128’ for ‘type name’ [-Wpedantic]
 1012 |          static_cast<unsigned __int128>(rhs);
      |                               ^~~~~~~~
/home/tina.guest/tinylsm-perf-source-v2/tinylsm/build/benchmark/_deps/protobuf-src/third_party/abseil-cpp/absl/numeric/int128.h: In function ‘absl::lts_20240116::uint128 absl::lts_20240116::operator%(uint128, uint128)’:
/home/tina.guest/tinylsm-perf-source-v2/tinylsm/build/benchmark/_deps/protobuf-src/third_party/abseil-cpp/absl/numeric/int128.h:1016:31: warning: ISO C++ does not support ‘__int128’ for ‘type name’ [-Wpedantic]
 1016 |   return static_cast<unsigned __int128>(lhs) %
      |                               ^~~~~~~~
/home/tina.guest/tinylsm-perf-source-v2/tinylsm/build/benchmark/_deps/protobuf-src/third_party/abseil-cpp/absl/numeric/int128.h:1017:31: warning: ISO C++ does not support ‘__int128’ for ‘type name’ [-Wpedantic]
 1017 |          static_cast<unsigned __int128>(rhs);
      |                               ^~~~~~~~
In file included from /home/tina.guest/tinylsm-perf-source-v2/tinylsm/build/benchmark/_deps/protobuf-src/third_party/abseil-cpp/absl/numeric/int128.h:1152:
/home/tina.guest/tinylsm-perf-source-v2/tinylsm/build/benchmark/_deps/protobuf-src/third_party/abseil-cpp/absl/numeric/int128_have_intrinsic.inc: At global scope:
/home/tina.guest/tinylsm-perf-source-v2/tinylsm/build/benchmark/_deps/protobuf-src/third_party/abseil-cpp/absl/numeric/int128_have_intrinsic.inc:24:45: warning: ISO C++ does not support ‘__int128’ for ‘v’ [-Wpedantic]
   24 | constexpr __int128 BitCastToSigned(unsigned __int128 v) {
      |                                             ^~~~~~~~
/home/tina.guest/tinylsm-perf-source-v2/tinylsm/build/benchmark/_deps/protobuf-src/third_party/abseil-cpp/absl/numeric/int128_have_intrinsic.inc:24:11: warning: ISO C++ does not support ‘__int128’ for ‘BitCastToSigned’ [-Wpedantic]
   24 | constexpr __int128 BitCastToSigned(unsigned __int128 v) {
      |           ^~~~~~~~
/home/tina.guest/tinylsm-perf-source-v2/tinylsm/build/benchmark/_deps/protobuf-src/third_party/abseil-cpp/absl/numeric/int128_have_intrinsic.inc: In function ‘constexpr __int128 absl::lts_20240116::int128_internal::BitCastToSigned(__int128 unsigned)’:
/home/tina.guest/tinylsm-perf-source-v2/tinylsm/build/benchmark/_deps/protobuf-src/third_party/abseil-cpp/absl/numeric/int128_have_intrinsic.inc:30:36: warning: ISO C++ does not support ‘__int128’ for ‘type name’ [-Wpedantic]
   30 |   return v & (static_cast<unsigned __int128>(1) << 127)
      |                                    ^~~~~~~~
/home/tina.guest/tinylsm-perf-source-v2/tinylsm/build/benchmark/_deps/protobuf-src/third_party/abseil-cpp/absl/numeric/int128_have_intrinsic.inc:31:29: warning: ISO C++ does not support ‘__int128’ for ‘type name’ [-Wpedantic]
   31 |              ? ~static_cast<__int128>(~v)
      |                             ^~~~~~~~
/home/tina.guest/tinylsm-perf-source-v2/tinylsm/build/benchmark/_deps/protobuf-src/third_party/abseil-cpp/absl/numeric/int128_have_intrinsic.inc:32:28: warning: ISO C++ does not support ‘__int128’ for ‘type name’ [-Wpedantic]
   32 |              : static_cast<__int128>(v);
      |                            ^~~~~~~~
/home/tina.guest/tinylsm-perf-source-v2/tinylsm/build/benchmark/_deps/protobuf-src/third_party/abseil-cpp/absl/numeric/int128_have_intrinsic.inc: At global scope:
/home/tina.guest/tinylsm-perf-source-v2/tinylsm/build/benchmark/_deps/protobuf-src/third_party/abseil-cpp/absl/numeric/int128_have_intrinsic.inc:37:34: warning: ISO C++ does not support ‘__int128’ for ‘v’ [-Wpedantic]
   37 | inline int128& int128::operator=(__int128 v) {
      |                                  ^~~~~~~~
/home/tina.guest/tinylsm-perf-source-v2/tinylsm/build/benchmark/_deps/protobuf-src/third_party/abseil-cpp/absl/numeric/int128_have_intrinsic.inc: In function ‘constexpr int64_t absl::lts_20240116::Int128High64(int128)’:
/home/tina.guest/tinylsm-perf-source-v2/tinylsm/build/benchmark/_deps/protobuf-src/third_party/abseil-cpp/absl/numeric/int128_have_intrinsic.inc:49:50: warning: ISO C++ does not support ‘__int128’ for ‘type name’ [-Wpedantic]
   49 |       static_cast<uint64_t>(static_cast<unsigned __int128>(v.v_) >> 64));
      |                                                  ^~~~~~~~
/home/tina.guest/tinylsm-perf-source-v2/tinylsm/build/benchmark/_deps/protobuf-src/third_party/abseil-cpp/absl/numeric/int128_have_intrinsic.inc: In constructor ‘constexpr absl::lts_20240116::int128::int128(int64_t, uint64_t)’:
/home/tina.guest/tinylsm-perf-source-v2/tinylsm/build/benchmark/_deps/protobuf-src/third_party/abseil-cpp/absl/numeric/int128_have_intrinsic.inc:54:64: warning: ISO C++ does not support ‘__int128’ for ‘type name’ [-Wpedantic]
   54 |     : v_(int128_internal::BitCastToSigned(static_cast<unsigned __int128>(high)
      |                                                                ^~~~~~~~
/home/tina.guest/tinylsm-perf-source-v2/tinylsm/build/benchmark/_deps/protobuf-src/third_party/abseil-cpp/absl/numeric/int128_have_intrinsic.inc: At global scope:
/home/tina.guest/tinylsm-perf-source-v2/tinylsm/build/benchmark/_deps/protobuf-src/third_party/abseil-cpp/absl/numeric/int128_have_intrinsic.inc:65:26: warning: ISO C++ does not support ‘__int128’ for ‘v’ [-Wpedantic]
   65 | constexpr int128::int128(__int128 v) : v_{v} {}
      |                          ^~~~~~~~
/home/tina.guest/tinylsm-perf-source-v2/tinylsm/build/benchmark/_deps/protobuf-src/third_party/abseil-cpp/absl/numeric/int128_have_intrinsic.inc:74:35: warning: ISO C++ does not support ‘__int128’ for ‘v’ [-Wpedantic]
   74 | constexpr int128::int128(unsigned __int128 v) : v_{static_cast<__int128>(v)} {}
      |                                   ^~~~~~~~
/home/tina.guest/tinylsm-perf-source-v2/tinylsm/build/benchmark/_deps/protobuf-src/third_party/abseil-cpp/absl/numeric/int128_have_intrinsic.inc: In constructor ‘constexpr absl::lts_20240116::int128::int128(__int128 unsigned)’:
/home/tina.guest/tinylsm-perf-source-v2/tinylsm/build/benchmark/_deps/protobuf-src/third_party/abseil-cpp/absl/numeric/int128_have_intrinsic.inc:74:64: warning: ISO C++ does not support ‘__int128’ for ‘type name’ [-Wpedantic]
   74 | constexpr int128::int128(unsigned __int128 v) : v_{static_cast<__int128>(v)} {}
      |                                                                ^~~~~~~~
/home/tina.guest/tinylsm-perf-source-v2/tinylsm/build/benchmark/_deps/protobuf-src/third_party/abseil-cpp/absl/numeric/int128_have_intrinsic.inc: In constructor ‘absl::lts_20240116::int128::int128(float)’:
/home/tina.guest/tinylsm-perf-source-v2/tinylsm/build/benchmark/_deps/protobuf-src/third_party/abseil-cpp/absl/numeric/int128_have_intrinsic.inc:77:20: warning: ISO C++ does not support ‘__int128’ for ‘type name’ [-Wpedantic]
   77 |   v_ = static_cast<__int128>(v);
      |                    ^~~~~~~~
/home/tina.guest/tinylsm-perf-source-v2/tinylsm/build/benchmark/_deps/protobuf-src/third_party/abseil-cpp/absl/numeric/int128_have_intrinsic.inc: In constructor ‘absl::lts_20240116::int128::int128(double)’:
/home/tina.guest/tinylsm-perf-source-v2/tinylsm/build/benchmark/_deps/protobuf-src/third_party/abseil-cpp/absl/numeric/int128_have_intrinsic.inc:81:20: warning: ISO C++ does not support ‘__int128’ for ‘type name’ [-Wpedantic]
   81 |   v_ = static_cast<__int128>(v);
      |                    ^~~~~~~~
/home/tina.guest/tinylsm-perf-source-v2/tinylsm/build/benchmark/_deps/protobuf-src/third_party/abseil-cpp/absl/numeric/int128_have_intrinsic.inc: In constructor ‘absl::lts_20240116::int128::int128(long double)’:
/home/tina.guest/tinylsm-perf-source-v2/tinylsm/build/benchmark/_deps/protobuf-src/third_party/abseil-cpp/absl/numeric/int128_have_intrinsic.inc:85:20: warning: ISO C++ does not support ‘__int128’ for ‘type name’ [-Wpedantic]
   85 |   v_ = static_cast<__int128>(v);
      |                    ^~~~~~~~
/home/tina.guest/tinylsm-perf-source-v2/tinylsm/build/benchmark/_deps/protobuf-src/third_party/abseil-cpp/absl/numeric/int128_have_intrinsic.inc: In constructor ‘constexpr absl::lts_20240116::int128::int128(absl::lts_20240116::uint128)’:
/home/tina.guest/tinylsm-perf-source-v2/tinylsm/build/benchmark/_deps/protobuf-src/third_party/abseil-cpp/absl/numeric/int128_have_intrinsic.inc:88:54: warning: ISO C++ does not support ‘__int128’ for ‘type name’ [-Wpedantic]
   88 | constexpr int128::int128(uint128 v) : v_{static_cast<__int128>(v)} {}
      |                                                      ^~~~~~~~
/home/tina.guest/tinylsm-perf-source-v2/tinylsm/build/benchmark/_deps/protobuf-src/third_party/abseil-cpp/absl/numeric/int128_have_intrinsic.inc: At global scope:
/home/tina.guest/tinylsm-perf-source-v2/tinylsm/build/benchmark/_deps/protobuf-src/third_party/abseil-cpp/absl/numeric/int128_have_intrinsic.inc:146:28: warning: ISO C++ does not support ‘__int128’ for ‘type name’ [-Wpedantic]
  146 | constexpr int128::operator __int128() const { return v_; }
      |                            ^~~~~~~~
/home/tina.guest/tinylsm-perf-source-v2/tinylsm/build/benchmark/_deps/protobuf-src/third_party/abseil-cpp/absl/numeric/int128_have_intrinsic.inc:146:28: warning: ISO C++ does not support ‘__int128’ for ‘type name’ [-Wpedantic]
/home/tina.guest/tinylsm-perf-source-v2/tinylsm/build/benchmark/_deps/protobuf-src/third_party/abseil-cpp/absl/numeric/int128_have_intrinsic.inc:146:28: warning: ISO C++ does not support ‘__int128’ for ‘type name’ [-Wpedantic]
/home/tina.guest/tinylsm-perf-source-v2/tinylsm/build/benchmark/_deps/protobuf-src/third_party/abseil-cpp/absl/numeric/int128_have_intrinsic.inc:148:37: warning: ISO C++ does not support ‘__int128’ for ‘type name’ [-Wpedantic]
  148 | constexpr int128::operator unsigned __int128() const {
      |                                     ^~~~~~~~
/home/tina.guest/tinylsm-perf-source-v2/tinylsm/build/benchmark/_deps/protobuf-src/third_party/abseil-cpp/absl/numeric/int128_have_intrinsic.inc:148:37: warning: ISO C++ does not support ‘__int128’ for ‘type name’ [-Wpedantic]
/home/tina.guest/tinylsm-perf-source-v2/tinylsm/build/benchmark/_deps/protobuf-src/third_party/abseil-cpp/absl/numeric/int128_have_intrinsic.inc:148:37: warning: ISO C++ does not support ‘__int128’ for ‘type name’ [-Wpedantic]
/home/tina.guest/tinylsm-perf-source-v2/tinylsm/build/benchmark/_deps/protobuf-src/third_party/abseil-cpp/absl/numeric/int128_have_intrinsic.inc: In member function ‘constexpr absl::lts_20240116::int128::operator __int128 unsigned() const’:
/home/tina.guest/tinylsm-perf-source-v2/tinylsm/build/benchmark/_deps/protobuf-src/third_party/abseil-cpp/absl/numeric/int128_have_intrinsic.inc:149:31: warning: ISO C++ does not support ‘__int128’ for ‘type name’ [-Wpedantic]
  149 |   return static_cast<unsigned __int128>(v_);
      |                               ^~~~~~~~
/home/tina.guest/tinylsm-perf-source-v2/tinylsm/build/benchmark/_deps/protobuf-src/third_party/abseil-cpp/absl/numeric/int128_have_intrinsic.inc: In function ‘constexpr bool absl::lts_20240116::operator==(int128, int128)’:
/home/tina.guest/tinylsm-perf-source-v2/tinylsm/build/benchmark/_deps/protobuf-src/third_party/abseil-cpp/absl/numeric/int128_have_intrinsic.inc:200:22: warning: ISO C++ does not support ‘__int128’ for ‘type name’ [-Wpedantic]
  200 |   return static_cast<__int128>(lhs) == static_cast<__int128>(rhs);
      |                      ^~~~~~~~
/home/tina.guest/tinylsm-perf-source-v2/tinylsm/build/benchmark/_deps/protobuf-src/third_party/abseil-cpp/absl/numeric/int128_have_intrinsic.inc:200:52: warning: ISO C++ does not support ‘__int128’ for ‘type name’ [-Wpedantic]
  200 |   return static_cast<__int128>(lhs) == static_cast<__int128>(rhs);
      |                                                    ^~~~~~~~
/home/tina.guest/tinylsm-perf-source-v2/tinylsm/build/benchmark/_deps/protobuf-src/third_party/abseil-cpp/absl/numeric/int128_have_intrinsic.inc: In function ‘constexpr bool absl::lts_20240116::operator!=(int128, int128)’:
/home/tina.guest/tinylsm-perf-source-v2/tinylsm/build/benchmark/_deps/protobuf-src/third_party/abseil-cpp/absl/numeric/int128_have_intrinsic.inc:204:22: warning: ISO C++ does not support ‘__int128’ for ‘type name’ [-Wpedantic]
  204 |   return static_cast<__int128>(lhs) != static_cast<__int128>(rhs);
      |                      ^~~~~~~~
/home/tina.guest/tinylsm-perf-source-v2/tinylsm/build/benchmark/_deps/protobuf-src/third_party/abseil-cpp/absl/numeric/int128_have_intrinsic.inc:204:52: warning: ISO C++ does not support ‘__int128’ for ‘type name’ [-Wpedantic]
  204 |   return static_cast<__int128>(lhs) != static_cast<__int128>(rhs);
      |                                                    ^~~~~~~~
/home/tina.guest/tinylsm-perf-source-v2/tinylsm/build/benchmark/_deps/protobuf-src/third_party/abseil-cpp/absl/numeric/int128_have_intrinsic.inc: In function ‘constexpr bool absl::lts_20240116::operator<(int128, int128)’:
/home/tina.guest/tinylsm-perf-source-v2/tinylsm/build/benchmark/_deps/protobuf-src/third_party/abseil-cpp/absl/numeric/int128_have_intrinsic.inc:208:22: warning: ISO C++ does not support ‘__int128’ for ‘type name’ [-Wpedantic]
  208 |   return static_cast<__int128>(lhs) < static_cast<__int128>(rhs);
      |                      ^~~~~~~~
/home/tina.guest/tinylsm-perf-source-v2/tinylsm/build/benchmark/_deps/protobuf-src/third_party/abseil-cpp/absl/numeric/int128_have_intrinsic.inc:208:51: warning: ISO C++ does not support ‘__int128’ for ‘type name’ [-Wpedantic]
  208 |   return static_cast<__int128>(lhs) < static_cast<__int128>(rhs);
      |                                                   ^~~~~~~~
/home/tina.guest/tinylsm-perf-source-v2/tinylsm/build/benchmark/_deps/protobuf-src/third_party/abseil-cpp/absl/numeric/int128_have_intrinsic.inc: In function ‘constexpr bool absl::lts_20240116::operator>(int128, int128)’:
/home/tina.guest/tinylsm-perf-source-v2/tinylsm/build/benchmark/_deps/protobuf-src/third_party/abseil-cpp/absl/numeric/int128_have_intrinsic.inc:212:22: warning: ISO C++ does not support ‘__int128’ for ‘type name’ [-Wpedantic]
  212 |   return static_cast<__int128>(lhs) > static_cast<__int128>(rhs);
      |                      ^~~~~~~~
/home/tina.guest/tinylsm-perf-source-v2/tinylsm/build/benchmark/_deps/protobuf-src/third_party/abseil-cpp/absl/numeric/int128_have_intrinsic.inc:212:51: warning: ISO C++ does not support ‘__int128’ for ‘type name’ [-Wpedantic]
  212 |   return static_cast<__int128>(lhs) > static_cast<__int128>(rhs);
      |                                                   ^~~~~~~~
/home/tina.guest/tinylsm-perf-source-v2/tinylsm/build/benchmark/_deps/protobuf-src/third_party/abseil-cpp/absl/numeric/int128_have_intrinsic.inc: In function ‘constexpr bool absl::lts_20240116::operator<=(int128, int128)’:
/home/tina.guest/tinylsm-perf-source-v2/tinylsm/build/benchmark/_deps/protobuf-src/third_party/abseil-cpp/absl/numeric/int128_have_intrinsic.inc:216:22: warning: ISO C++ does not support ‘__int128’ for ‘type name’ [-Wpedantic]
  216 |   return static_cast<__int128>(lhs) <= static_cast<__int128>(rhs);
      |                      ^~~~~~~~
/home/tina.guest/tinylsm-perf-source-v2/tinylsm/build/benchmark/_deps/protobuf-src/third_party/abseil-cpp/absl/numeric/int128_have_intrinsic.inc:216:52: warning: ISO C++ does not support ‘__int128’ for ‘type name’ [-Wpedantic]
  216 |   return static_cast<__int128>(lhs) <= static_cast<__int128>(rhs);
      |                                                    ^~~~~~~~
/home/tina.guest/tinylsm-perf-source-v2/tinylsm/build/benchmark/_deps/protobuf-src/third_party/abseil-cpp/absl/numeric/int128_have_intrinsic.inc: In function ‘constexpr bool absl::lts_20240116::operator>=(int128, int128)’:
/home/tina.guest/tinylsm-perf-source-v2/tinylsm/build/benchmark/_deps/protobuf-src/third_party/abseil-cpp/absl/numeric/int128_have_intrinsic.inc:220:22: warning: ISO C++ does not support ‘__int128’ for ‘type name’ [-Wpedantic]
  220 |   return static_cast<__int128>(lhs) >= static_cast<__int128>(rhs);
      |                      ^~~~~~~~
/home/tina.guest/tinylsm-perf-source-v2/tinylsm/build/benchmark/_deps/protobuf-src/third_party/abseil-cpp/absl/numeric/int128_have_intrinsic.inc:220:52: warning: ISO C++ does not support ‘__int128’ for ‘type name’ [-Wpedantic]
  220 |   return static_cast<__int128>(lhs) >= static_cast<__int128>(rhs);
      |                                                    ^~~~~~~~
/home/tina.guest/tinylsm-perf-source-v2/tinylsm/build/benchmark/_deps/protobuf-src/third_party/abseil-cpp/absl/numeric/int128_have_intrinsic.inc: In function ‘constexpr absl::lts_20240116::int128 absl::lts_20240116::operator-(int128)’:
/home/tina.guest/tinylsm-perf-source-v2/tinylsm/build/benchmark/_deps/protobuf-src/third_party/abseil-cpp/absl/numeric/int128_have_intrinsic.inc:225:60: warning: ISO C++ does not support ‘__int128’ for ‘type name’ [-Wpedantic]
  225 | constexpr int128 operator-(int128 v) { return -static_cast<__int128>(v); }
      |                                                            ^~~~~~~~
/home/tina.guest/tinylsm-perf-source-v2/tinylsm/build/benchmark/_deps/protobuf-src/third_party/abseil-cpp/absl/numeric/int128_have_intrinsic.inc: In function ‘constexpr bool absl::lts_20240116::operator!(int128)’:
/home/tina.guest/tinylsm-perf-source-v2/tinylsm/build/benchmark/_deps/protobuf-src/third_party/abseil-cpp/absl/numeric/int128_have_intrinsic.inc:227:58: warning: ISO C++ does not support ‘__int128’ for ‘type name’ [-Wpedantic]
  227 | constexpr bool operator!(int128 v) { return !static_cast<__int128>(v); }
      |                                                          ^~~~~~~~
/home/tina.guest/tinylsm-perf-source-v2/tinylsm/build/benchmark/_deps/protobuf-src/third_party/abseil-cpp/absl/numeric/int128_have_intrinsic.inc: In function ‘constexpr absl::lts_20240116::int128 absl::lts_20240116::operator~(int128)’:
/home/tina.guest/tinylsm-perf-source-v2/tinylsm/build/benchmark/_deps/protobuf-src/third_party/abseil-cpp/absl/numeric/int128_have_intrinsic.inc:229:62: warning: ISO C++ does not support ‘__int128’ for ‘type name’ [-Wpedantic]
  229 | constexpr int128 operator~(int128 val) { return ~static_cast<__int128>(val); }
      |                                                              ^~~~~~~~
/home/tina.guest/tinylsm-perf-source-v2/tinylsm/build/benchmark/_deps/protobuf-src/third_party/abseil-cpp/absl/numeric/int128_have_intrinsic.inc: In function ‘constexpr absl::lts_20240116::int128 absl::lts_20240116::operator+(int128, int128)’:
/home/tina.guest/tinylsm-perf-source-v2/tinylsm/build/benchmark/_deps/protobuf-src/third_party/abseil-cpp/absl/numeric/int128_have_intrinsic.inc:234:22: warning: ISO C++ does not support ‘__int128’ for ‘type name’ [-Wpedantic]
  234 |   return static_cast<__int128>(lhs) + static_cast<__int128>(rhs);
      |                      ^~~~~~~~
/home/tina.guest/tinylsm-perf-source-v2/tinylsm/build/benchmark/_deps/protobuf-src/third_party/abseil-cpp/absl/numeric/int128_have_intrinsic.inc:234:51: warning: ISO C++ does not support ‘__int128’ for ‘type name’ [-Wpedantic]
  234 |   return static_cast<__int128>(lhs) + static_cast<__int128>(rhs);
      |                                                   ^~~~~~~~
/home/tina.guest/tinylsm-perf-source-v2/tinylsm/build/benchmark/_deps/protobuf-src/third_party/abseil-cpp/absl/numeric/int128_have_intrinsic.inc: In function ‘constexpr absl::lts_20240116::int128 absl::lts_20240116::operator-(int128, int128)’:
/home/tina.guest/tinylsm-perf-source-v2/tinylsm/build/benchmark/_deps/protobuf-src/third_party/abseil-cpp/absl/numeric/int128_have_intrinsic.inc:238:22: warning: ISO C++ does not support ‘__int128’ for ‘type name’ [-Wpedantic]
  238 |   return static_cast<__int128>(lhs) - static_cast<__int128>(rhs);
      |                      ^~~~~~~~
/home/tina.guest/tinylsm-perf-source-v2/tinylsm/build/benchmark/_deps/protobuf-src/third_party/abseil-cpp/absl/numeric/int128_have_intrinsic.inc:238:51: warning: ISO C++ does not support ‘__int128’ for ‘type name’ [-Wpedantic]
  238 |   return static_cast<__int128>(lhs) - static_cast<__int128>(rhs);
      |                                                   ^~~~~~~~
/home/tina.guest/tinylsm-perf-source-v2/tinylsm/build/benchmark/_deps/protobuf-src/third_party/abseil-cpp/absl/numeric/int128_have_intrinsic.inc: In function ‘absl::lts_20240116::int128 absl::lts_20240116::operator*(int128, int128)’:
/home/tina.guest/tinylsm-perf-source-v2/tinylsm/build/benchmark/_deps/protobuf-src/third_party/abseil-cpp/absl/numeric/int128_have_intrinsic.inc:242:22: warning: ISO C++ does not support ‘__int128’ for ‘type name’ [-Wpedantic]
  242 |   return static_cast<__int128>(lhs) * static_cast<__int128>(rhs);
      |                      ^~~~~~~~
/home/tina.guest/tinylsm-perf-source-v2/tinylsm/build/benchmark/_deps/protobuf-src/third_party/abseil-cpp/absl/numeric/int128_have_intrinsic.inc:242:51: warning: ISO C++ does not support ‘__int128’ for ‘type name’ [-Wpedantic]
  242 |   return static_cast<__int128>(lhs) * static_cast<__int128>(rhs);
      |                                                   ^~~~~~~~
/home/tina.guest/tinylsm-perf-source-v2/tinylsm/build/benchmark/_deps/protobuf-src/third_party/abseil-cpp/absl/numeric/int128_have_intrinsic.inc: In function ‘absl::lts_20240116::int128 absl::lts_20240116::operator/(int128, int128)’:
/home/tina.guest/tinylsm-perf-source-v2/tinylsm/build/benchmark/_deps/protobuf-src/third_party/abseil-cpp/absl/numeric/int128_have_intrinsic.inc:246:22: warning: ISO C++ does not support ‘__int128’ for ‘type name’ [-Wpedantic]
  246 |   return static_cast<__int128>(lhs) / static_cast<__int128>(rhs);
      |                      ^~~~~~~~
/home/tina.guest/tinylsm-perf-source-v2/tinylsm/build/benchmark/_deps/protobuf-src/third_party/abseil-cpp/absl/numeric/int128_have_intrinsic.inc:246:51: warning: ISO C++ does not support ‘__int128’ for ‘type name’ [-Wpedantic]
  246 |   return static_cast<__int128>(lhs) / static_cast<__int128>(rhs);
      |                                                   ^~~~~~~~
/home/tina.guest/tinylsm-perf-source-v2/tinylsm/build/benchmark/_deps/protobuf-src/third_party/abseil-cpp/absl/numeric/int128_have_intrinsic.inc: In function ‘absl::lts_20240116::int128 absl::lts_20240116::operator%(int128, int128)’:
/home/tina.guest/tinylsm-perf-source-v2/tinylsm/build/benchmark/_deps/protobuf-src/third_party/abseil-cpp/absl/numeric/int128_have_intrinsic.inc:250:22: warning: ISO C++ does not support ‘__int128’ for ‘type name’ [-Wpedantic]
  250 |   return static_cast<__int128>(lhs) % static_cast<__int128>(rhs);
      |                      ^~~~~~~~
/home/tina.guest/tinylsm-perf-source-v2/tinylsm/build/benchmark/_deps/protobuf-src/third_party/abseil-cpp/absl/numeric/int128_have_intrinsic.inc:250:51: warning: ISO C++ does not support ‘__int128’ for ‘type name’ [-Wpedantic]
  250 |   return static_cast<__int128>(lhs) % static_cast<__int128>(rhs);
      |                                                   ^~~~~~~~
/home/tina.guest/tinylsm-perf-source-v2/tinylsm/build/benchmark/_deps/protobuf-src/third_party/abseil-cpp/absl/numeric/int128_have_intrinsic.inc: In function ‘constexpr absl::lts_20240116::int128 absl::lts_20240116::operator|(int128, int128)’:
/home/tina.guest/tinylsm-perf-source-v2/tinylsm/build/benchmark/_deps/protobuf-src/third_party/abseil-cpp/absl/numeric/int128_have_intrinsic.inc:276:22: warning: ISO C++ does not support ‘__int128’ for ‘type name’ [-Wpedantic]
  276 |   return static_cast<__int128>(lhs) | static_cast<__int128>(rhs);
      |                      ^~~~~~~~
/home/tina.guest/tinylsm-perf-source-v2/tinylsm/build/benchmark/_deps/protobuf-src/third_party/abseil-cpp/absl/numeric/int128_have_intrinsic.inc:276:51: warning: ISO C++ does not support ‘__int128’ for ‘type name’ [-Wpedantic]
  276 |   return static_cast<__int128>(lhs) | static_cast<__int128>(rhs);
      |                                                   ^~~~~~~~
/home/tina.guest/tinylsm-perf-source-v2/tinylsm/build/benchmark/_deps/protobuf-src/third_party/abseil-cpp/absl/numeric/int128_have_intrinsic.inc: In function ‘constexpr absl::lts_20240116::int128 absl::lts_20240116::operator&(int128, int128)’:
/home/tina.guest/tinylsm-perf-source-v2/tinylsm/build/benchmark/_deps/protobuf-src/third_party/abseil-cpp/absl/numeric/int128_have_intrinsic.inc:280:22: warning: ISO C++ does not support ‘__int128’ for ‘type name’ [-Wpedantic]
  280 |   return static_cast<__int128>(lhs) & static_cast<__int128>(rhs);
      |                      ^~~~~~~~
/home/tina.guest/tinylsm-perf-source-v2/tinylsm/build/benchmark/_deps/protobuf-src/third_party/abseil-cpp/absl/numeric/int128_have_intrinsic.inc:280:51: warning: ISO C++ does not support ‘__int128’ for ‘type name’ [-Wpedantic]
  280 |   return static_cast<__int128>(lhs) & static_cast<__int128>(rhs);
      |                                                   ^~~~~~~~
/home/tina.guest/tinylsm-perf-source-v2/tinylsm/build/benchmark/_deps/protobuf-src/third_party/abseil-cpp/absl/numeric/int128_have_intrinsic.inc: In function ‘constexpr absl::lts_20240116::int128 absl::lts_20240116::operator^(int128, int128)’:
/home/tina.guest/tinylsm-perf-source-v2/tinylsm/build/benchmark/_deps/protobuf-src/third_party/abseil-cpp/absl/numeric/int128_have_intrinsic.inc:284:22: warning: ISO C++ does not support ‘__int128’ for ‘type name’ [-Wpedantic]
  284 |   return static_cast<__int128>(lhs) ^ static_cast<__int128>(rhs);
      |                      ^~~~~~~~
/home/tina.guest/tinylsm-perf-source-v2/tinylsm/build/benchmark/_deps/protobuf-src/third_party/abseil-cpp/absl/numeric/int128_have_intrinsic.inc:284:51: warning: ISO C++ does not support ‘__int128’ for ‘type name’ [-Wpedantic]
  284 |   return static_cast<__int128>(lhs) ^ static_cast<__int128>(rhs);
      |                                                   ^~~~~~~~
/home/tina.guest/tinylsm-perf-source-v2/tinylsm/build/benchmark/_deps/protobuf-src/third_party/abseil-cpp/absl/numeric/int128_have_intrinsic.inc: In function ‘constexpr absl::lts_20240116::int128 absl::lts_20240116::operator<<(int128, int)’:
/home/tina.guest/tinylsm-perf-source-v2/tinylsm/build/benchmark/_deps/protobuf-src/third_party/abseil-cpp/absl/numeric/int128_have_intrinsic.inc:288:22: warning: ISO C++ does not support ‘__int128’ for ‘type name’ [-Wpedantic]
  288 |   return static_cast<__int128>(lhs) << amount;
      |                      ^~~~~~~~
/home/tina.guest/tinylsm-perf-source-v2/tinylsm/build/benchmark/_deps/protobuf-src/third_party/abseil-cpp/absl/numeric/int128_have_intrinsic.inc: In function ‘constexpr absl::lts_20240116::int128 absl::lts_20240116::operator>>(int128, int)’:
/home/tina.guest/tinylsm-perf-source-v2/tinylsm/build/benchmark/_deps/protobuf-src/third_party/abseil-cpp/absl/numeric/int128_have_intrinsic.inc:292:22: warning: ISO C++ does not support ‘__int128’ for ‘type name’ [-Wpedantic]
  292 |   return static_cast<__int128>(lhs) >> amount;
      |                      ^~~~~~~~
In file included from /home/tina.guest/tinylsm-perf-source-v2/tinylsm/build/benchmark/_deps/protobuf-src/src/google/protobuf/arena.h:38,
                 from /home/tina.guest/tinylsm-perf-source-v2/tinylsm/build/benchmark/src/manifest.pb.h:21:
/home/tina.guest/tinylsm-perf-source-v2/tinylsm/build/benchmark/_deps/protobuf-src/src/google/protobuf/port.h: In function ‘void google::protobuf::internal::AssertDownCast(From*)’:
/home/tina.guest/tinylsm-perf-source-v2/tinylsm/build/benchmark/_deps/protobuf-src/src/google/protobuf/port.h:181:5: warning: testing if a concept-id is a valid expression; add ‘requires’ to check satisfaction [-Wmissing-requires]
  181 |     std::derived_from<std::remove_pointer_t<To>,
      |     ^
      |     requires 
[606/665] Building CXX object src/CMakeFiles/tinylsm.dir/wal/wal_reader.cpp.o
[607/665] Building CXX object src/CMakeFiles/tinylsm.dir/wal/wal_record_codec.cpp.o
[608/665] Building CXX object src/CMakeFiles/tinylsm.dir/wal/wal_writer.cpp.o
[609/665] Building CXX object src/CMakeFiles/tinylsm.dir/sstable/sstable_builder.cpp.o
[610/665] Building CXX object src/CMakeFiles/tinylsm.dir/sstable/sstable_reader.cpp.o
[611/665] Building CXX object _deps/google_benchmark-build/src/CMakeFiles/benchmark.dir/perf_counters.cc.o
[612/665] Building CXX object _deps/google_benchmark-build/src/CMakeFiles/benchmark.dir/reporter.cc.o
[613/665] Building CXX object src/CMakeFiles/tinylsm.dir/db/db_impl.cpp.o
[614/665] Building CXX object _deps/google_benchmark-build/src/CMakeFiles/benchmark.dir/string_util.cc.o
[615/665] Building CXX object _deps/google_benchmark-build/src/CMakeFiles/benchmark.dir/timers.cc.o
[616/665] Building CXX object _deps/google_benchmark-build/src/CMakeFiles/benchmark_main.dir/benchmark_main.cc.o
[617/665] Building CXX object src/CMakeFiles/tinylsm.dir/manifest.pb.cc.o
In file included from /home/tina.guest/tinylsm-perf-source-v2/tinylsm/build/benchmark/_deps/protobuf-src/third_party/abseil-cpp/absl/strings/internal/str_format/arg.h:35,
                 from /home/tina.guest/tinylsm-perf-source-v2/tinylsm/build/benchmark/_deps/protobuf-src/third_party/abseil-cpp/absl/strings/str_format.h:83,
                 from /home/tina.guest/tinylsm-perf-source-v2/tinylsm/build/benchmark/_deps/protobuf-src/third_party/abseil-cpp/absl/crc/crc32c.h:32,
                 from /home/tina.guest/tinylsm-perf-source-v2/tinylsm/build/benchmark/_deps/protobuf-src/third_party/abseil-cpp/absl/crc/internal/crc_cord_state.h:23,
                 from /home/tina.guest/tinylsm-perf-source-v2/tinylsm/build/benchmark/_deps/protobuf-src/third_party/abseil-cpp/absl/strings/cord.h:80,
                 from /home/tina.guest/tinylsm-perf-source-v2/tinylsm/build/benchmark/_deps/protobuf-src/src/google/protobuf/io/coded_stream.h:111,
                 from /home/tina.guest/tinylsm-perf-source-v2/tinylsm/build/benchmark/src/manifest.pb.h:20,
                 from /home/tina.guest/tinylsm-perf-source-v2/tinylsm/build/benchmark/src/manifest.pb.cc:6:
/home/tina.guest/tinylsm-perf-source-v2/tinylsm/build/benchmark/_deps/protobuf-src/third_party/abseil-cpp/absl/numeric/int128.h:107:22: warning: ISO C++ does not support ‘__int128’ for ‘type name’ [-Wpedantic]
  107 |     alignas(unsigned __int128)
      |                      ^~~~~~~~
/home/tina.guest/tinylsm-perf-source-v2/tinylsm/build/benchmark/_deps/protobuf-src/third_party/abseil-cpp/absl/numeric/int128.h:121:21: warning: ISO C++ does not support ‘__int128’ for ‘v’ [-Wpedantic]
  121 |   constexpr uint128(__int128 v);           // NOLINT(runtime/explicit)
      |                     ^~~~~~~~
/home/tina.guest/tinylsm-perf-source-v2/tinylsm/build/benchmark/_deps/protobuf-src/third_party/abseil-cpp/absl/numeric/int128.h:122:30: warning: ISO C++ does not support ‘__int128’ for ‘v’ [-Wpedantic]
  122 |   constexpr uint128(unsigned __int128 v);  // NOLINT(runtime/explicit)
      |                              ^~~~~~~~
/home/tina.guest/tinylsm-perf-source-v2/tinylsm/build/benchmark/_deps/protobuf-src/third_party/abseil-cpp/absl/numeric/int128.h:137:22: warning: ISO C++ does not support ‘__int128’ for ‘v’ [-Wpedantic]
  137 |   uint128& operator=(__int128 v);
      |                      ^~~~~~~~
/home/tina.guest/tinylsm-perf-source-v2/tinylsm/build/benchmark/_deps/protobuf-src/third_party/abseil-cpp/absl/numeric/int128.h:138:31: warning: ISO C++ does not support ‘__int128’ for ‘v’ [-Wpedantic]
  138 |   uint128& operator=(unsigned __int128 v);
      |                               ^~~~~~~~
/home/tina.guest/tinylsm-perf-source-v2/tinylsm/build/benchmark/_deps/protobuf-src/third_party/abseil-cpp/absl/numeric/int128.h:163:31: warning: ISO C++ does not support ‘__int128’ for ‘type name’ [-Wpedantic]
  163 |   constexpr explicit operator __int128() const;
      |                               ^~~~~~~~
/home/tina.guest/tinylsm-perf-source-v2/tinylsm/build/benchmark/_deps/protobuf-src/third_party/abseil-cpp/absl/numeric/int128.h:163:31: warning: ISO C++ does not support ‘__int128’ for ‘type name’ [-Wpedantic]
/home/tina.guest/tinylsm-perf-source-v2/tinylsm/build/benchmark/_deps/protobuf-src/third_party/abseil-cpp/absl/numeric/int128.h:164:40: warning: ISO C++ does not support ‘__int128’ for ‘type name’ [-Wpedantic]
  164 |   constexpr explicit operator unsigned __int128() const;
      |                                        ^~~~~~~~
/home/tina.guest/tinylsm-perf-source-v2/tinylsm/build/benchmark/_deps/protobuf-src/third_party/abseil-cpp/absl/numeric/int128.h:164:40: warning: ISO C++ does not support ‘__int128’ for ‘type name’ [-Wpedantic]
/home/tina.guest/tinylsm-perf-source-v2/tinylsm/build/benchmark/_deps/protobuf-src/third_party/abseil-cpp/absl/numeric/int128.h:292:57: warning: ISO C++ does not support ‘__int128’ for ‘type name’ [-Wpedantic]
  292 |   static constexpr bool traps = numeric_limits<unsigned __int128>::traps;
      |                                                         ^~~~~~~~
/home/tina.guest/tinylsm-perf-source-v2/tinylsm/build/benchmark/_deps/protobuf-src/third_party/abseil-cpp/absl/numeric/int128.h:359:20: warning: ISO C++ does not support ‘__int128’ for ‘v’ [-Wpedantic]
  359 |   constexpr int128(__int128 v);  // NOLINT(runtime/explicit)
      |                    ^~~~~~~~
/home/tina.guest/tinylsm-perf-source-v2/tinylsm/build/benchmark/_deps/protobuf-src/third_party/abseil-cpp/absl/numeric/int128.h:360:38: warning: ISO C++ does not support ‘__int128’ for ‘v’ [-Wpedantic]
  360 |   constexpr explicit int128(unsigned __int128 v);
      |                                      ^~~~~~~~
/home/tina.guest/tinylsm-perf-source-v2/tinylsm/build/benchmark/_deps/protobuf-src/third_party/abseil-cpp/absl/numeric/int128.h:375:21: warning: ISO C++ does not support ‘__int128’ for ‘v’ [-Wpedantic]
  375 |   int128& operator=(__int128 v);
      |                     ^~~~~~~~
/home/tina.guest/tinylsm-perf-source-v2/tinylsm/build/benchmark/_deps/protobuf-src/third_party/abseil-cpp/absl/numeric/int128.h:399:31: warning: ISO C++ does not support ‘__int128’ for ‘type name’ [-Wpedantic]
  399 |   constexpr explicit operator __int128() const;
      |                               ^~~~~~~~
/home/tina.guest/tinylsm-perf-source-v2/tinylsm/build/benchmark/_deps/protobuf-src/third_party/abseil-cpp/absl/numeric/int128.h:399:31: warning: ISO C++ does not support ‘__int128’ for ‘type name’ [-Wpedantic]
/home/tina.guest/tinylsm-perf-source-v2/tinylsm/build/benchmark/_deps/protobuf-src/third_party/abseil-cpp/absl/numeric/int128.h:400:40: warning: ISO C++ does not support ‘__int128’ for ‘type name’ [-Wpedantic]
  400 |   constexpr explicit operator unsigned __int128() const;
      |                                        ^~~~~~~~
/home/tina.guest/tinylsm-perf-source-v2/tinylsm/build/benchmark/_deps/protobuf-src/third_party/abseil-cpp/absl/numeric/int128.h:400:40: warning: ISO C++ does not support ‘__int128’ for ‘type name’ [-Wpedantic]
/home/tina.guest/tinylsm-perf-source-v2/tinylsm/build/benchmark/_deps/protobuf-src/third_party/abseil-cpp/absl/numeric/int128.h:478:3: warning: ISO C++ does not support ‘__int128’ for ‘v_’ [-Wpedantic]
  478 |   __int128 v_;
      |   ^~~~~~~~
/home/tina.guest/tinylsm-perf-source-v2/tinylsm/build/benchmark/_deps/protobuf-src/third_party/abseil-cpp/absl/numeric/int128.h:535:48: warning: ISO C++ does not support ‘__int128’ for ‘type name’ [-Wpedantic]
  535 |   static constexpr bool traps = numeric_limits<__int128>::traps;
      |                                                ^~~~~~~~
/home/tina.guest/tinylsm-perf-source-v2/tinylsm/build/benchmark/_deps/protobuf-src/third_party/abseil-cpp/absl/numeric/int128.h:589:36: warning: ISO C++ does not support ‘__int128’ for ‘v’ [-Wpedantic]
  589 | inline uint128& uint128::operator=(__int128 v) { return *this = uint128(v); }
      |                                    ^~~~~~~~
/home/tina.guest/tinylsm-perf-source-v2/tinylsm/build/benchmark/_deps/protobuf-src/third_party/abseil-cpp/absl/numeric/int128.h:591:45: warning: ISO C++ does not support ‘__int128’ for ‘v’ [-Wpedantic]
  591 | inline uint128& uint128::operator=(unsigned __int128 v) {
      |                                             ^~~~~~~~
/home/tina.guest/tinylsm-perf-source-v2/tinylsm/build/benchmark/_deps/protobuf-src/third_party/abseil-cpp/absl/numeric/int128.h:670:28: warning: ISO C++ does not support ‘__int128’ for ‘v’ [-Wpedantic]
  670 | constexpr uint128::uint128(__int128 v)
      |                            ^~~~~~~~
/home/tina.guest/tinylsm-perf-source-v2/tinylsm/build/benchmark/_deps/protobuf-src/third_party/abseil-cpp/absl/numeric/int128.h: In constructor ‘constexpr absl::lts_20240116::uint128::uint128(__int128)’:
/home/tina.guest/tinylsm-perf-source-v2/tinylsm/build/benchmark/_deps/protobuf-src/third_party/abseil-cpp/absl/numeric/int128.h:672:54: warning: ISO C++ does not support ‘__int128’ for ‘type name’ [-Wpedantic]
  672 |       hi_{static_cast<uint64_t>(static_cast<unsigned __int128>(v) >> 64)} {}
      |                                                      ^~~~~~~~
/home/tina.guest/tinylsm-perf-source-v2/tinylsm/build/benchmark/_deps/protobuf-src/third_party/abseil-cpp/absl/numeric/int128.h: At global scope:
/home/tina.guest/tinylsm-perf-source-v2/tinylsm/build/benchmark/_deps/protobuf-src/third_party/abseil-cpp/absl/numeric/int128.h:673:37: warning: ISO C++ does not support ‘__int128’ for ‘v’ [-Wpedantic]
  673 | constexpr uint128::uint128(unsigned __int128 v)
      |                                     ^~~~~~~~
/home/tina.guest/tinylsm-perf-source-v2/tinylsm/build/benchmark/_deps/protobuf-src/third_party/abseil-cpp/absl/numeric/int128.h:772:29: warning: ISO C++ does not support ‘__int128’ for ‘type name’ [-Wpedantic]
  772 | constexpr uint128::operator __int128() const {
      |                             ^~~~~~~~
/home/tina.guest/tinylsm-perf-source-v2/tinylsm/build/benchmark/_deps/protobuf-src/third_party/abseil-cpp/absl/numeric/int128.h:772:29: warning: ISO C++ does not support ‘__int128’ for ‘type name’ [-Wpedantic]
/home/tina.guest/tinylsm-perf-source-v2/tinylsm/build/benchmark/_deps/protobuf-src/third_party/abseil-cpp/absl/numeric/int128.h:772:29: warning: ISO C++ does not support ‘__int128’ for ‘type name’ [-Wpedantic]
/home/tina.guest/tinylsm-perf-source-v2/tinylsm/build/benchmark/_deps/protobuf-src/third_party/abseil-cpp/absl/numeric/int128.h: In member function ‘constexpr absl::lts_20240116::uint128::operator __int128() const’:
/home/tina.guest/tinylsm-perf-source-v2/tinylsm/build/benchmark/_deps/protobuf-src/third_party/abseil-cpp/absl/numeric/int128.h:773:23: warning: ISO C++ does not support ‘__int128’ for ‘type name’ [-Wpedantic]
  773 |   return (static_cast<__int128>(hi_) << 64) + lo_;
      |                       ^~~~~~~~
/home/tina.guest/tinylsm-perf-source-v2/tinylsm/build/benchmark/_deps/protobuf-src/third_party/abseil-cpp/absl/numeric/int128.h: At global scope:
/home/tina.guest/tinylsm-perf-source-v2/tinylsm/build/benchmark/_deps/protobuf-src/third_party/abseil-cpp/absl/numeric/int128.h:776:38: warning: ISO C++ does not support ‘__int128’ for ‘type name’ [-Wpedantic]
  776 | constexpr uint128::operator unsigned __int128() const {
      |                                      ^~~~~~~~
/home/tina.guest/tinylsm-perf-source-v2/tinylsm/build/benchmark/_deps/protobuf-src/third_party/abseil-cpp/absl/numeric/int128.h:776:38: warning: ISO C++ does not support ‘__int128’ for ‘type name’ [-Wpedantic]
/home/tina.guest/tinylsm-perf-source-v2/tinylsm/build/benchmark/_deps/protobuf-src/third_party/abseil-cpp/absl/numeric/int128.h:776:38: warning: ISO C++ does not support ‘__int128’ for ‘type name’ [-Wpedantic]
/home/tina.guest/tinylsm-perf-source-v2/tinylsm/build/benchmark/_deps/protobuf-src/third_party/abseil-cpp/absl/numeric/int128.h: In member function ‘constexpr absl::lts_20240116::uint128::operator __int128 unsigned() const’:
/home/tina.guest/tinylsm-perf-source-v2/tinylsm/build/benchmark/_deps/protobuf-src/third_party/abseil-cpp/absl/numeric/int128.h:777:32: warning: ISO C++ does not support ‘__int128’ for ‘type name’ [-Wpedantic]
  777 |   return (static_cast<unsigned __int128>(hi_) << 64) + lo_;
      |                                ^~~~~~~~
/home/tina.guest/tinylsm-perf-source-v2/tinylsm/build/benchmark/_deps/protobuf-src/third_party/abseil-cpp/absl/numeric/int128.h: In function ‘constexpr bool absl::lts_20240116::operator==(uint128, uint128)’:
/home/tina.guest/tinylsm-perf-source-v2/tinylsm/build/benchmark/_deps/protobuf-src/third_party/abseil-cpp/absl/numeric/int128.h:800:31: warning: ISO C++ does not support ‘__int128’ for ‘type name’ [-Wpedantic]
  800 |   return static_cast<unsigned __int128>(lhs) ==
      |                               ^~~~~~~~
/home/tina.guest/tinylsm-perf-source-v2/tinylsm/build/benchmark/_deps/protobuf-src/third_party/abseil-cpp/absl/numeric/int128.h:801:31: warning: ISO C++ does not support ‘__int128’ for ‘type name’ [-Wpedantic]
  801 |          static_cast<unsigned __int128>(rhs);
      |                               ^~~~~~~~
/home/tina.guest/tinylsm-perf-source-v2/tinylsm/build/benchmark/_deps/protobuf-src/third_party/abseil-cpp/absl/numeric/int128.h: In function ‘constexpr bool absl::lts_20240116::operator<(uint128, uint128)’:
/home/tina.guest/tinylsm-perf-source-v2/tinylsm/build/benchmark/_deps/protobuf-src/third_party/abseil-cpp/absl/numeric/int128.h:812:31: warning: ISO C++ does not support ‘__int128’ for ‘type name’ [-Wpedantic]
  812 |   return static_cast<unsigned __int128>(lhs) <
      |                               ^~~~~~~~
/home/tina.guest/tinylsm-perf-source-v2/tinylsm/build/benchmark/_deps/protobuf-src/third_party/abseil-cpp/absl/numeric/int128.h:813:31: warning: ISO C++ does not support ‘__int128’ for ‘type name’ [-Wpedantic]
  813 |          static_cast<unsigned __int128>(rhs);
      |                               ^~~~~~~~
/home/tina.guest/tinylsm-perf-source-v2/tinylsm/build/benchmark/_deps/protobuf-src/third_party/abseil-cpp/absl/numeric/int128.h: In function ‘constexpr absl::lts_20240116::uint128 absl::lts_20240116::operator-(uint128)’:
/home/tina.guest/tinylsm-perf-source-v2/tinylsm/build/benchmark/_deps/protobuf-src/third_party/abseil-cpp/absl/numeric/int128.h:835:32: warning: ISO C++ does not support ‘__int128’ for ‘type name’ [-Wpedantic]
  835 |   return -static_cast<unsigned __int128>(val);
      |                                ^~~~~~~~
/home/tina.guest/tinylsm-perf-source-v2/tinylsm/build/benchmark/_deps/protobuf-src/third_party/abseil-cpp/absl/numeric/int128.h: In function ‘constexpr bool absl::lts_20240116::operator!(uint128)’:
/home/tina.guest/tinylsm-perf-source-v2/tinylsm/build/benchmark/_deps/protobuf-src/third_party/abseil-cpp/absl/numeric/int128.h:845:32: warning: ISO C++ does not support ‘__int128’ for ‘type name’ [-Wpedantic]
  845 |   return !static_cast<unsigned __int128>(val);
      |                                ^~~~~~~~
/home/tina.guest/tinylsm-perf-source-v2/tinylsm/build/benchmark/_deps/protobuf-src/third_party/abseil-cpp/absl/numeric/int128.h: In function ‘constexpr absl::lts_20240116::uint128 absl::lts_20240116::operator~(uint128)’:
/home/tina.guest/tinylsm-perf-source-v2/tinylsm/build/benchmark/_deps/protobuf-src/third_party/abseil-cpp/absl/numeric/int128.h:855:32: warning: ISO C++ does not support ‘__int128’ for ‘type name’ [-Wpedantic]
  855 |   return ~static_cast<unsigned __int128>(val);
      |                                ^~~~~~~~
/home/tina.guest/tinylsm-perf-source-v2/tinylsm/build/benchmark/_deps/protobuf-src/third_party/abseil-cpp/absl/numeric/int128.h: In function ‘constexpr absl::lts_20240116::uint128 absl::lts_20240116::operator|(uint128, uint128)’:
/home/tina.guest/tinylsm-perf-source-v2/tinylsm/build/benchmark/_deps/protobuf-src/third_party/abseil-cpp/absl/numeric/int128.h:863:31: warning: ISO C++ does not support ‘__int128’ for ‘type name’ [-Wpedantic]
  863 |   return static_cast<unsigned __int128>(lhs) |
      |                               ^~~~~~~~
/home/tina.guest/tinylsm-perf-source-v2/tinylsm/build/benchmark/_deps/protobuf-src/third_party/abseil-cpp/absl/numeric/int128.h:864:31: warning: ISO C++ does not support ‘__int128’ for ‘type name’ [-Wpedantic]
  864 |          static_cast<unsigned __int128>(rhs);
      |                               ^~~~~~~~
/home/tina.guest/tinylsm-perf-source-v2/tinylsm/build/benchmark/_deps/protobuf-src/third_party/abseil-cpp/absl/numeric/int128.h: In function ‘constexpr absl::lts_20240116::uint128 absl::lts_20240116::operator&(uint128, uint128)’:
/home/tina.guest/tinylsm-perf-source-v2/tinylsm/build/benchmark/_deps/protobuf-src/third_party/abseil-cpp/absl/numeric/int128.h:873:31: warning: ISO C++ does not support ‘__int128’ for ‘type name’ [-Wpedantic]
  873 |   return static_cast<unsigned __int128>(lhs) &
      |                               ^~~~~~~~
/home/tina.guest/tinylsm-perf-source-v2/tinylsm/build/benchmark/_deps/protobuf-src/third_party/abseil-cpp/absl/numeric/int128.h:874:31: warning: ISO C++ does not support ‘__int128’ for ‘type name’ [-Wpedantic]
  874 |          static_cast<unsigned __int128>(rhs);
      |                               ^~~~~~~~
/home/tina.guest/tinylsm-perf-source-v2/tinylsm/build/benchmark/_deps/protobuf-src/third_party/abseil-cpp/absl/numeric/int128.h: In function ‘constexpr absl::lts_20240116::uint128 absl::lts_20240116::operator^(uint128, uint128)’:
/home/tina.guest/tinylsm-perf-source-v2/tinylsm/build/benchmark/_deps/protobuf-src/third_party/abseil-cpp/absl/numeric/int128.h:883:31: warning: ISO C++ does not support ‘__int128’ for ‘type name’ [-Wpedantic]
  883 |   return static_cast<unsigned __int128>(lhs) ^
      |                               ^~~~~~~~
/home/tina.guest/tinylsm-perf-source-v2/tinylsm/build/benchmark/_deps/protobuf-src/third_party/abseil-cpp/absl/numeric/int128.h:884:31: warning: ISO C++ does not support ‘__int128’ for ‘type name’ [-Wpedantic]
  884 |          static_cast<unsigned __int128>(rhs);
      |                               ^~~~~~~~
/home/tina.guest/tinylsm-perf-source-v2/tinylsm/build/benchmark/_deps/protobuf-src/third_party/abseil-cpp/absl/numeric/int128.h: In function ‘constexpr absl::lts_20240116::uint128 absl::lts_20240116::operator<<(uint128, int)’:
/home/tina.guest/tinylsm-perf-source-v2/tinylsm/build/benchmark/_deps/protobuf-src/third_party/abseil-cpp/absl/numeric/int128.h:910:31: warning: ISO C++ does not support ‘__int128’ for ‘type name’ [-Wpedantic]
  910 |   return static_cast<unsigned __int128>(lhs) << amount;
      |                               ^~~~~~~~
/home/tina.guest/tinylsm-perf-source-v2/tinylsm/build/benchmark/_deps/protobuf-src/third_party/abseil-cpp/absl/numeric/int128.h: In function ‘constexpr absl::lts_20240116::uint128 absl::lts_20240116::operator>>(uint128, int)’:
/home/tina.guest/tinylsm-perf-source-v2/tinylsm/build/benchmark/_deps/protobuf-src/third_party/abseil-cpp/absl/numeric/int128.h:924:31: warning: ISO C++ does not support ‘__int128’ for ‘type name’ [-Wpedantic]
  924 |   return static_cast<unsigned __int128>(lhs) >> amount;
      |                               ^~~~~~~~
/home/tina.guest/tinylsm-perf-source-v2/tinylsm/build/benchmark/_deps/protobuf-src/third_party/abseil-cpp/absl/numeric/int128.h: In function ‘constexpr absl::lts_20240116::uint128 absl::lts_20240116::operator+(uint128, uint128)’:
/home/tina.guest/tinylsm-perf-source-v2/tinylsm/build/benchmark/_deps/protobuf-src/third_party/abseil-cpp/absl/numeric/int128.h:949:31: warning: ISO C++ does not support ‘__int128’ for ‘type name’ [-Wpedantic]
  949 |   return static_cast<unsigned __int128>(lhs) +
      |                               ^~~~~~~~
/home/tina.guest/tinylsm-perf-source-v2/tinylsm/build/benchmark/_deps/protobuf-src/third_party/abseil-cpp/absl/numeric/int128.h:950:31: warning: ISO C++ does not support ‘__int128’ for ‘type name’ [-Wpedantic]
  950 |          static_cast<unsigned __int128>(rhs);
      |                               ^~~~~~~~
/home/tina.guest/tinylsm-perf-source-v2/tinylsm/build/benchmark/_deps/protobuf-src/third_party/abseil-cpp/absl/numeric/int128.h: In function ‘constexpr absl::lts_20240116::uint128 absl::lts_20240116::operator-(uint128, uint128)’:
/home/tina.guest/tinylsm-perf-source-v2/tinylsm/build/benchmark/_deps/protobuf-src/third_party/abseil-cpp/absl/numeric/int128.h:972:31: warning: ISO C++ does not support ‘__int128’ for ‘type name’ [-Wpedantic]
  972 |   return static_cast<unsigned __int128>(lhs) -
      |                               ^~~~~~~~
/home/tina.guest/tinylsm-perf-source-v2/tinylsm/build/benchmark/_deps/protobuf-src/third_party/abseil-cpp/absl/numeric/int128.h:973:31: warning: ISO C++ does not support ‘__int128’ for ‘type name’ [-Wpedantic]
  973 |          static_cast<unsigned __int128>(rhs);
      |                               ^~~~~~~~
/home/tina.guest/tinylsm-perf-source-v2/tinylsm/build/benchmark/_deps/protobuf-src/third_party/abseil-cpp/absl/numeric/int128.h: In function ‘absl::lts_20240116::uint128 absl::lts_20240116::operator*(uint128, uint128)’:
/home/tina.guest/tinylsm-perf-source-v2/tinylsm/build/benchmark/_deps/protobuf-src/third_party/abseil-cpp/absl/numeric/int128.h:986:31: warning: ISO C++ does not support ‘__int128’ for ‘type name’ [-Wpedantic]
  986 |   return static_cast<unsigned __int128>(lhs) *
      |                               ^~~~~~~~
/home/tina.guest/tinylsm-perf-source-v2/tinylsm/build/benchmark/_deps/protobuf-src/third_party/abseil-cpp/absl/numeric/int128.h:987:31: warning: ISO C++ does not support ‘__int128’ for ‘type name’ [-Wpedantic]
  987 |          static_cast<unsigned __int128>(rhs);
      |                               ^~~~~~~~
/home/tina.guest/tinylsm-perf-source-v2/tinylsm/build/benchmark/_deps/protobuf-src/third_party/abseil-cpp/absl/numeric/int128.h: In function ‘absl::lts_20240116::uint128 absl::lts_20240116::operator/(uint128, uint128)’:
/home/tina.guest/tinylsm-perf-source-v2/tinylsm/build/benchmark/_deps/protobuf-src/third_party/abseil-cpp/absl/numeric/int128.h:1011:31: warning: ISO C++ does not support ‘__int128’ for ‘type name’ [-Wpedantic]
 1011 |   return static_cast<unsigned __int128>(lhs) /
      |                               ^~~~~~~~
/home/tina.guest/tinylsm-perf-source-v2/tinylsm/build/benchmark/_deps/protobuf-src/third_party/abseil-cpp/absl/numeric/int128.h:1012:31: warning: ISO C++ does not support ‘__int128’ for ‘type name’ [-Wpedantic]
 1012 |          static_cast<unsigned __int128>(rhs);
      |                               ^~~~~~~~
/home/tina.guest/tinylsm-perf-source-v2/tinylsm/build/benchmark/_deps/protobuf-src/third_party/abseil-cpp/absl/numeric/int128.h: In function ‘absl::lts_20240116::uint128 absl::lts_20240116::operator%(uint128, uint128)’:
/home/tina.guest/tinylsm-perf-source-v2/tinylsm/build/benchmark/_deps/protobuf-src/third_party/abseil-cpp/absl/numeric/int128.h:1016:31: warning: ISO C++ does not support ‘__int128’ for ‘type name’ [-Wpedantic]
 1016 |   return static_cast<unsigned __int128>(lhs) %
      |                               ^~~~~~~~
/home/tina.guest/tinylsm-perf-source-v2/tinylsm/build/benchmark/_deps/protobuf-src/third_party/abseil-cpp/absl/numeric/int128.h:1017:31: warning: ISO C++ does not support ‘__int128’ for ‘type name’ [-Wpedantic]
 1017 |          static_cast<unsigned __int128>(rhs);
      |                               ^~~~~~~~
In file included from /home/tina.guest/tinylsm-perf-source-v2/tinylsm/build/benchmark/_deps/protobuf-src/third_party/abseil-cpp/absl/numeric/int128.h:1152:
/home/tina.guest/tinylsm-perf-source-v2/tinylsm/build/benchmark/_deps/protobuf-src/third_party/abseil-cpp/absl/numeric/int128_have_intrinsic.inc: At global scope:
/home/tina.guest/tinylsm-perf-source-v2/tinylsm/build/benchmark/_deps/protobuf-src/third_party/abseil-cpp/absl/numeric/int128_have_intrinsic.inc:24:45: warning: ISO C++ does not support ‘__int128’ for ‘v’ [-Wpedantic]
   24 | constexpr __int128 BitCastToSigned(unsigned __int128 v) {
      |                                             ^~~~~~~~
/home/tina.guest/tinylsm-perf-source-v2/tinylsm/build/benchmark/_deps/protobuf-src/third_party/abseil-cpp/absl/numeric/int128_have_intrinsic.inc:24:11: warning: ISO C++ does not support ‘__int128’ for ‘BitCastToSigned’ [-Wpedantic]
   24 | constexpr __int128 BitCastToSigned(unsigned __int128 v) {
      |           ^~~~~~~~
/home/tina.guest/tinylsm-perf-source-v2/tinylsm/build/benchmark/_deps/protobuf-src/third_party/abseil-cpp/absl/numeric/int128_have_intrinsic.inc: In function ‘constexpr __int128 absl::lts_20240116::int128_internal::BitCastToSigned(__int128 unsigned)’:
/home/tina.guest/tinylsm-perf-source-v2/tinylsm/build/benchmark/_deps/protobuf-src/third_party/abseil-cpp/absl/numeric/int128_have_intrinsic.inc:30:36: warning: ISO C++ does not support ‘__int128’ for ‘type name’ [-Wpedantic]
   30 |   return v & (static_cast<unsigned __int128>(1) << 127)
      |                                    ^~~~~~~~
/home/tina.guest/tinylsm-perf-source-v2/tinylsm/build/benchmark/_deps/protobuf-src/third_party/abseil-cpp/absl/numeric/int128_have_intrinsic.inc:31:29: warning: ISO C++ does not support ‘__int128’ for ‘type name’ [-Wpedantic]
   31 |              ? ~static_cast<__int128>(~v)
      |                             ^~~~~~~~
/home/tina.guest/tinylsm-perf-source-v2/tinylsm/build/benchmark/_deps/protobuf-src/third_party/abseil-cpp/absl/numeric/int128_have_intrinsic.inc:32:28: warning: ISO C++ does not support ‘__int128’ for ‘type name’ [-Wpedantic]
   32 |              : static_cast<__int128>(v);
      |                            ^~~~~~~~
/home/tina.guest/tinylsm-perf-source-v2/tinylsm/build/benchmark/_deps/protobuf-src/third_party/abseil-cpp/absl/numeric/int128_have_intrinsic.inc: At global scope:
/home/tina.guest/tinylsm-perf-source-v2/tinylsm/build/benchmark/_deps/protobuf-src/third_party/abseil-cpp/absl/numeric/int128_have_intrinsic.inc:37:34: warning: ISO C++ does not support ‘__int128’ for ‘v’ [-Wpedantic]
   37 | inline int128& int128::operator=(__int128 v) {
      |                                  ^~~~~~~~
/home/tina.guest/tinylsm-perf-source-v2/tinylsm/build/benchmark/_deps/protobuf-src/third_party/abseil-cpp/absl/numeric/int128_have_intrinsic.inc: In function ‘constexpr int64_t absl::lts_20240116::Int128High64(int128)’:
/home/tina.guest/tinylsm-perf-source-v2/tinylsm/build/benchmark/_deps/protobuf-src/third_party/abseil-cpp/absl/numeric/int128_have_intrinsic.inc:49:50: warning: ISO C++ does not support ‘__int128’ for ‘type name’ [-Wpedantic]
   49 |       static_cast<uint64_t>(static_cast<unsigned __int128>(v.v_) >> 64));
      |                                                  ^~~~~~~~
/home/tina.guest/tinylsm-perf-source-v2/tinylsm/build/benchmark/_deps/protobuf-src/third_party/abseil-cpp/absl/numeric/int128_have_intrinsic.inc: In constructor ‘constexpr absl::lts_20240116::int128::int128(int64_t, uint64_t)’:
/home/tina.guest/tinylsm-perf-source-v2/tinylsm/build/benchmark/_deps/protobuf-src/third_party/abseil-cpp/absl/numeric/int128_have_intrinsic.inc:54:64: warning: ISO C++ does not support ‘__int128’ for ‘type name’ [-Wpedantic]
   54 |     : v_(int128_internal::BitCastToSigned(static_cast<unsigned __int128>(high)
      |                                                                ^~~~~~~~
/home/tina.guest/tinylsm-perf-source-v2/tinylsm/build/benchmark/_deps/protobuf-src/third_party/abseil-cpp/absl/numeric/int128_have_intrinsic.inc: At global scope:
/home/tina.guest/tinylsm-perf-source-v2/tinylsm/build/benchmark/_deps/protobuf-src/third_party/abseil-cpp/absl/numeric/int128_have_intrinsic.inc:65:26: warning: ISO C++ does not support ‘__int128’ for ‘v’ [-Wpedantic]
   65 | constexpr int128::int128(__int128 v) : v_{v} {}
      |                          ^~~~~~~~
/home/tina.guest/tinylsm-perf-source-v2/tinylsm/build/benchmark/_deps/protobuf-src/third_party/abseil-cpp/absl/numeric/int128_have_intrinsic.inc:74:35: warning: ISO C++ does not support ‘__int128’ for ‘v’ [-Wpedantic]
   74 | constexpr int128::int128(unsigned __int128 v) : v_{static_cast<__int128>(v)} {}
      |                                   ^~~~~~~~
/home/tina.guest/tinylsm-perf-source-v2/tinylsm/build/benchmark/_deps/protobuf-src/third_party/abseil-cpp/absl/numeric/int128_have_intrinsic.inc: In constructor ‘constexpr absl::lts_20240116::int128::int128(__int128 unsigned)’:
/home/tina.guest/tinylsm-perf-source-v2/tinylsm/build/benchmark/_deps/protobuf-src/third_party/abseil-cpp/absl/numeric/int128_have_intrinsic.inc:74:64: warning: ISO C++ does not support ‘__int128’ for ‘type name’ [-Wpedantic]
   74 | constexpr int128::int128(unsigned __int128 v) : v_{static_cast<__int128>(v)} {}
      |                                                                ^~~~~~~~
/home/tina.guest/tinylsm-perf-source-v2/tinylsm/build/benchmark/_deps/protobuf-src/third_party/abseil-cpp/absl/numeric/int128_have_intrinsic.inc: In constructor ‘absl::lts_20240116::int128::int128(float)’:
/home/tina.guest/tinylsm-perf-source-v2/tinylsm/build/benchmark/_deps/protobuf-src/third_party/abseil-cpp/absl/numeric/int128_have_intrinsic.inc:77:20: warning: ISO C++ does not support ‘__int128’ for ‘type name’ [-Wpedantic]
   77 |   v_ = static_cast<__int128>(v);
      |                    ^~~~~~~~
/home/tina.guest/tinylsm-perf-source-v2/tinylsm/build/benchmark/_deps/protobuf-src/third_party/abseil-cpp/absl/numeric/int128_have_intrinsic.inc: In constructor ‘absl::lts_20240116::int128::int128(double)’:
/home/tina.guest/tinylsm-perf-source-v2/tinylsm/build/benchmark/_deps/protobuf-src/third_party/abseil-cpp/absl/numeric/int128_have_intrinsic.inc:81:20: warning: ISO C++ does not support ‘__int128’ for ‘type name’ [-Wpedantic]
   81 |   v_ = static_cast<__int128>(v);
      |                    ^~~~~~~~
/home/tina.guest/tinylsm-perf-source-v2/tinylsm/build/benchmark/_deps/protobuf-src/third_party/abseil-cpp/absl/numeric/int128_have_intrinsic.inc: In constructor ‘absl::lts_20240116::int128::int128(long double)’:
/home/tina.guest/tinylsm-perf-source-v2/tinylsm/build/benchmark/_deps/protobuf-src/third_party/abseil-cpp/absl/numeric/int128_have_intrinsic.inc:85:20: warning: ISO C++ does not support ‘__int128’ for ‘type name’ [-Wpedantic]
   85 |   v_ = static_cast<__int128>(v);
      |                    ^~~~~~~~
/home/tina.guest/tinylsm-perf-source-v2/tinylsm/build/benchmark/_deps/protobuf-src/third_party/abseil-cpp/absl/numeric/int128_have_intrinsic.inc: In constructor ‘constexpr absl::lts_20240116::int128::int128(absl::lts_20240116::uint128)’:
/home/tina.guest/tinylsm-perf-source-v2/tinylsm/build/benchmark/_deps/protobuf-src/third_party/abseil-cpp/absl/numeric/int128_have_intrinsic.inc:88:54: warning: ISO C++ does not support ‘__int128’ for ‘type name’ [-Wpedantic]
   88 | constexpr int128::int128(uint128 v) : v_{static_cast<__int128>(v)} {}
      |                                                      ^~~~~~~~
/home/tina.guest/tinylsm-perf-source-v2/tinylsm/build/benchmark/_deps/protobuf-src/third_party/abseil-cpp/absl/numeric/int128_have_intrinsic.inc: At global scope:
/home/tina.guest/tinylsm-perf-source-v2/tinylsm/build/benchmark/_deps/protobuf-src/third_party/abseil-cpp/absl/numeric/int128_have_intrinsic.inc:146:28: warning: ISO C++ does not support ‘__int128’ for ‘type name’ [-Wpedantic]
  146 | constexpr int128::operator __int128() const { return v_; }
      |                            ^~~~~~~~
/home/tina.guest/tinylsm-perf-source-v2/tinylsm/build/benchmark/_deps/protobuf-src/third_party/abseil-cpp/absl/numeric/int128_have_intrinsic.inc:146:28: warning: ISO C++ does not support ‘__int128’ for ‘type name’ [-Wpedantic]
/home/tina.guest/tinylsm-perf-source-v2/tinylsm/build/benchmark/_deps/protobuf-src/third_party/abseil-cpp/absl/numeric/int128_have_intrinsic.inc:146:28: warning: ISO C++ does not support ‘__int128’ for ‘type name’ [-Wpedantic]
/home/tina.guest/tinylsm-perf-source-v2/tinylsm/build/benchmark/_deps/protobuf-src/third_party/abseil-cpp/absl/numeric/int128_have_intrinsic.inc:148:37: warning: ISO C++ does not support ‘__int128’ for ‘type name’ [-Wpedantic]
  148 | constexpr int128::operator unsigned __int128() const {
      |                                     ^~~~~~~~
/home/tina.guest/tinylsm-perf-source-v2/tinylsm/build/benchmark/_deps/protobuf-src/third_party/abseil-cpp/absl/numeric/int128_have_intrinsic.inc:148:37: warning: ISO C++ does not support ‘__int128’ for ‘type name’ [-Wpedantic]
/home/tina.guest/tinylsm-perf-source-v2/tinylsm/build/benchmark/_deps/protobuf-src/third_party/abseil-cpp/absl/numeric/int128_have_intrinsic.inc:148:37: warning: ISO C++ does not support ‘__int128’ for ‘type name’ [-Wpedantic]
/home/tina.guest/tinylsm-perf-source-v2/tinylsm/build/benchmark/_deps/protobuf-src/third_party/abseil-cpp/absl/numeric/int128_have_intrinsic.inc: In member function ‘constexpr absl::lts_20240116::int128::operator __int128 unsigned() const’:
/home/tina.guest/tinylsm-perf-source-v2/tinylsm/build/benchmark/_deps/protobuf-src/third_party/abseil-cpp/absl/numeric/int128_have_intrinsic.inc:149:31: warning: ISO C++ does not support ‘__int128’ for ‘type name’ [-Wpedantic]
  149 |   return static_cast<unsigned __int128>(v_);
      |                               ^~~~~~~~
/home/tina.guest/tinylsm-perf-source-v2/tinylsm/build/benchmark/_deps/protobuf-src/third_party/abseil-cpp/absl/numeric/int128_have_intrinsic.inc: In function ‘constexpr bool absl::lts_20240116::operator==(int128, int128)’:
/home/tina.guest/tinylsm-perf-source-v2/tinylsm/build/benchmark/_deps/protobuf-src/third_party/abseil-cpp/absl/numeric/int128_have_intrinsic.inc:200:22: warning: ISO C++ does not support ‘__int128’ for ‘type name’ [-Wpedantic]
  200 |   return static_cast<__int128>(lhs) == static_cast<__int128>(rhs);
      |                      ^~~~~~~~
/home/tina.guest/tinylsm-perf-source-v2/tinylsm/build/benchmark/_deps/protobuf-src/third_party/abseil-cpp/absl/numeric/int128_have_intrinsic.inc:200:52: warning: ISO C++ does not support ‘__int128’ for ‘type name’ [-Wpedantic]
  200 |   return static_cast<__int128>(lhs) == static_cast<__int128>(rhs);
      |                                                    ^~~~~~~~
/home/tina.guest/tinylsm-perf-source-v2/tinylsm/build/benchmark/_deps/protobuf-src/third_party/abseil-cpp/absl/numeric/int128_have_intrinsic.inc: In function ‘constexpr bool absl::lts_20240116::operator!=(int128, int128)’:
/home/tina.guest/tinylsm-perf-source-v2/tinylsm/build/benchmark/_deps/protobuf-src/third_party/abseil-cpp/absl/numeric/int128_have_intrinsic.inc:204:22: warning: ISO C++ does not support ‘__int128’ for ‘type name’ [-Wpedantic]
  204 |   return static_cast<__int128>(lhs) != static_cast<__int128>(rhs);
      |                      ^~~~~~~~
/home/tina.guest/tinylsm-perf-source-v2/tinylsm/build/benchmark/_deps/protobuf-src/third_party/abseil-cpp/absl/numeric/int128_have_intrinsic.inc:204:52: warning: ISO C++ does not support ‘__int128’ for ‘type name’ [-Wpedantic]
  204 |   return static_cast<__int128>(lhs) != static_cast<__int128>(rhs);
      |                                                    ^~~~~~~~
/home/tina.guest/tinylsm-perf-source-v2/tinylsm/build/benchmark/_deps/protobuf-src/third_party/abseil-cpp/absl/numeric/int128_have_intrinsic.inc: In function ‘constexpr bool absl::lts_20240116::operator<(int128, int128)’:
/home/tina.guest/tinylsm-perf-source-v2/tinylsm/build/benchmark/_deps/protobuf-src/third_party/abseil-cpp/absl/numeric/int128_have_intrinsic.inc:208:22: warning: ISO C++ does not support ‘__int128’ for ‘type name’ [-Wpedantic]
  208 |   return static_cast<__int128>(lhs) < static_cast<__int128>(rhs);
      |                      ^~~~~~~~
/home/tina.guest/tinylsm-perf-source-v2/tinylsm/build/benchmark/_deps/protobuf-src/third_party/abseil-cpp/absl/numeric/int128_have_intrinsic.inc:208:51: warning: ISO C++ does not support ‘__int128’ for ‘type name’ [-Wpedantic]
  208 |   return static_cast<__int128>(lhs) < static_cast<__int128>(rhs);
      |                                                   ^~~~~~~~
/home/tina.guest/tinylsm-perf-source-v2/tinylsm/build/benchmark/_deps/protobuf-src/third_party/abseil-cpp/absl/numeric/int128_have_intrinsic.inc: In function ‘constexpr bool absl::lts_20240116::operator>(int128, int128)’:
/home/tina.guest/tinylsm-perf-source-v2/tinylsm/build/benchmark/_deps/protobuf-src/third_party/abseil-cpp/absl/numeric/int128_have_intrinsic.inc:212:22: warning: ISO C++ does not support ‘__int128’ for ‘type name’ [-Wpedantic]
  212 |   return static_cast<__int128>(lhs) > static_cast<__int128>(rhs);
      |                      ^~~~~~~~
/home/tina.guest/tinylsm-perf-source-v2/tinylsm/build/benchmark/_deps/protobuf-src/third_party/abseil-cpp/absl/numeric/int128_have_intrinsic.inc:212:51: warning: ISO C++ does not support ‘__int128’ for ‘type name’ [-Wpedantic]
  212 |   return static_cast<__int128>(lhs) > static_cast<__int128>(rhs);
      |                                                   ^~~~~~~~
/home/tina.guest/tinylsm-perf-source-v2/tinylsm/build/benchmark/_deps/protobuf-src/third_party/abseil-cpp/absl/numeric/int128_have_intrinsic.inc: In function ‘constexpr bool absl::lts_20240116::operator<=(int128, int128)’:
/home/tina.guest/tinylsm-perf-source-v2/tinylsm/build/benchmark/_deps/protobuf-src/third_party/abseil-cpp/absl/numeric/int128_have_intrinsic.inc:216:22: warning: ISO C++ does not support ‘__int128’ for ‘type name’ [-Wpedantic]
  216 |   return static_cast<__int128>(lhs) <= static_cast<__int128>(rhs);
      |                      ^~~~~~~~
/home/tina.guest/tinylsm-perf-source-v2/tinylsm/build/benchmark/_deps/protobuf-src/third_party/abseil-cpp/absl/numeric/int128_have_intrinsic.inc:216:52: warning: ISO C++ does not support ‘__int128’ for ‘type name’ [-Wpedantic]
  216 |   return static_cast<__int128>(lhs) <= static_cast<__int128>(rhs);
      |                                                    ^~~~~~~~
/home/tina.guest/tinylsm-perf-source-v2/tinylsm/build/benchmark/_deps/protobuf-src/third_party/abseil-cpp/absl/numeric/int128_have_intrinsic.inc: In function ‘constexpr bool absl::lts_20240116::operator>=(int128, int128)’:
/home/tina.guest/tinylsm-perf-source-v2/tinylsm/build/benchmark/_deps/protobuf-src/third_party/abseil-cpp/absl/numeric/int128_have_intrinsic.inc:220:22: warning: ISO C++ does not support ‘__int128’ for ‘type name’ [-Wpedantic]
  220 |   return static_cast<__int128>(lhs) >= static_cast<__int128>(rhs);
      |                      ^~~~~~~~
/home/tina.guest/tinylsm-perf-source-v2/tinylsm/build/benchmark/_deps/protobuf-src/third_party/abseil-cpp/absl/numeric/int128_have_intrinsic.inc:220:52: warning: ISO C++ does not support ‘__int128’ for ‘type name’ [-Wpedantic]
  220 |   return static_cast<__int128>(lhs) >= static_cast<__int128>(rhs);
      |                                                    ^~~~~~~~
/home/tina.guest/tinylsm-perf-source-v2/tinylsm/build/benchmark/_deps/protobuf-src/third_party/abseil-cpp/absl/numeric/int128_have_intrinsic.inc: In function ‘constexpr absl::lts_20240116::int128 absl::lts_20240116::operator-(int128)’:
/home/tina.guest/tinylsm-perf-source-v2/tinylsm/build/benchmark/_deps/protobuf-src/third_party/abseil-cpp/absl/numeric/int128_have_intrinsic.inc:225:60: warning: ISO C++ does not support ‘__int128’ for ‘type name’ [-Wpedantic]
  225 | constexpr int128 operator-(int128 v) { return -static_cast<__int128>(v); }
      |                                                            ^~~~~~~~
/home/tina.guest/tinylsm-perf-source-v2/tinylsm/build/benchmark/_deps/protobuf-src/third_party/abseil-cpp/absl/numeric/int128_have_intrinsic.inc: In function ‘constexpr bool absl::lts_20240116::operator!(int128)’:
/home/tina.guest/tinylsm-perf-source-v2/tinylsm/build/benchmark/_deps/protobuf-src/third_party/abseil-cpp/absl/numeric/int128_have_intrinsic.inc:227:58: warning: ISO C++ does not support ‘__int128’ for ‘type name’ [-Wpedantic]
  227 | constexpr bool operator!(int128 v) { return !static_cast<__int128>(v); }
      |                                                          ^~~~~~~~
/home/tina.guest/tinylsm-perf-source-v2/tinylsm/build/benchmark/_deps/protobuf-src/third_party/abseil-cpp/absl/numeric/int128_have_intrinsic.inc: In function ‘constexpr absl::lts_20240116::int128 absl::lts_20240116::operator~(int128)’:
/home/tina.guest/tinylsm-perf-source-v2/tinylsm/build/benchmark/_deps/protobuf-src/third_party/abseil-cpp/absl/numeric/int128_have_intrinsic.inc:229:62: warning: ISO C++ does not support ‘__int128’ for ‘type name’ [-Wpedantic]
  229 | constexpr int128 operator~(int128 val) { return ~static_cast<__int128>(val); }
      |                                                              ^~~~~~~~
/home/tina.guest/tinylsm-perf-source-v2/tinylsm/build/benchmark/_deps/protobuf-src/third_party/abseil-cpp/absl/numeric/int128_have_intrinsic.inc: In function ‘constexpr absl::lts_20240116::int128 absl::lts_20240116::operator+(int128, int128)’:
/home/tina.guest/tinylsm-perf-source-v2/tinylsm/build/benchmark/_deps/protobuf-src/third_party/abseil-cpp/absl/numeric/int128_have_intrinsic.inc:234:22: warning: ISO C++ does not support ‘__int128’ for ‘type name’ [-Wpedantic]
  234 |   return static_cast<__int128>(lhs) + static_cast<__int128>(rhs);
      |                      ^~~~~~~~
/home/tina.guest/tinylsm-perf-source-v2/tinylsm/build/benchmark/_deps/protobuf-src/third_party/abseil-cpp/absl/numeric/int128_have_intrinsic.inc:234:51: warning: ISO C++ does not support ‘__int128’ for ‘type name’ [-Wpedantic]
  234 |   return static_cast<__int128>(lhs) + static_cast<__int128>(rhs);
      |                                                   ^~~~~~~~
/home/tina.guest/tinylsm-perf-source-v2/tinylsm/build/benchmark/_deps/protobuf-src/third_party/abseil-cpp/absl/numeric/int128_have_intrinsic.inc: In function ‘constexpr absl::lts_20240116::int128 absl::lts_20240116::operator-(int128, int128)’:
/home/tina.guest/tinylsm-perf-source-v2/tinylsm/build/benchmark/_deps/protobuf-src/third_party/abseil-cpp/absl/numeric/int128_have_intrinsic.inc:238:22: warning: ISO C++ does not support ‘__int128’ for ‘type name’ [-Wpedantic]
  238 |   return static_cast<__int128>(lhs) - static_cast<__int128>(rhs);
      |                      ^~~~~~~~
/home/tina.guest/tinylsm-perf-source-v2/tinylsm/build/benchmark/_deps/protobuf-src/third_party/abseil-cpp/absl/numeric/int128_have_intrinsic.inc:238:51: warning: ISO C++ does not support ‘__int128’ for ‘type name’ [-Wpedantic]
  238 |   return static_cast<__int128>(lhs) - static_cast<__int128>(rhs);
      |                                                   ^~~~~~~~
/home/tina.guest/tinylsm-perf-source-v2/tinylsm/build/benchmark/_deps/protobuf-src/third_party/abseil-cpp/absl/numeric/int128_have_intrinsic.inc: In function ‘absl::lts_20240116::int128 absl::lts_20240116::operator*(int128, int128)’:
/home/tina.guest/tinylsm-perf-source-v2/tinylsm/build/benchmark/_deps/protobuf-src/third_party/abseil-cpp/absl/numeric/int128_have_intrinsic.inc:242:22: warning: ISO C++ does not support ‘__int128’ for ‘type name’ [-Wpedantic]
  242 |   return static_cast<__int128>(lhs) * static_cast<__int128>(rhs);
      |                      ^~~~~~~~
/home/tina.guest/tinylsm-perf-source-v2/tinylsm/build/benchmark/_deps/protobuf-src/third_party/abseil-cpp/absl/numeric/int128_have_intrinsic.inc:242:51: warning: ISO C++ does not support ‘__int128’ for ‘type name’ [-Wpedantic]
  242 |   return static_cast<__int128>(lhs) * static_cast<__int128>(rhs);
      |                                                   ^~~~~~~~
/home/tina.guest/tinylsm-perf-source-v2/tinylsm/build/benchmark/_deps/protobuf-src/third_party/abseil-cpp/absl/numeric/int128_have_intrinsic.inc: In function ‘absl::lts_20240116::int128 absl::lts_20240116::operator/(int128, int128)’:
/home/tina.guest/tinylsm-perf-source-v2/tinylsm/build/benchmark/_deps/protobuf-src/third_party/abseil-cpp/absl/numeric/int128_have_intrinsic.inc:246:22: warning: ISO C++ does not support ‘__int128’ for ‘type name’ [-Wpedantic]
  246 |   return static_cast<__int128>(lhs) / static_cast<__int128>(rhs);
      |                      ^~~~~~~~
/home/tina.guest/tinylsm-perf-source-v2/tinylsm/build/benchmark/_deps/protobuf-src/third_party/abseil-cpp/absl/numeric/int128_have_intrinsic.inc:246:51: warning: ISO C++ does not support ‘__int128’ for ‘type name’ [-Wpedantic]
  246 |   return static_cast<__int128>(lhs) / static_cast<__int128>(rhs);
      |                                                   ^~~~~~~~
/home/tina.guest/tinylsm-perf-source-v2/tinylsm/build/benchmark/_deps/protobuf-src/third_party/abseil-cpp/absl/numeric/int128_have_intrinsic.inc: In function ‘absl::lts_20240116::int128 absl::lts_20240116::operator%(int128, int128)’:
/home/tina.guest/tinylsm-perf-source-v2/tinylsm/build/benchmark/_deps/protobuf-src/third_party/abseil-cpp/absl/numeric/int128_have_intrinsic.inc:250:22: warning: ISO C++ does not support ‘__int128’ for ‘type name’ [-Wpedantic]
  250 |   return static_cast<__int128>(lhs) % static_cast<__int128>(rhs);
      |                      ^~~~~~~~
/home/tina.guest/tinylsm-perf-source-v2/tinylsm/build/benchmark/_deps/protobuf-src/third_party/abseil-cpp/absl/numeric/int128_have_intrinsic.inc:250:51: warning: ISO C++ does not support ‘__int128’ for ‘type name’ [-Wpedantic]
  250 |   return static_cast<__int128>(lhs) % static_cast<__int128>(rhs);
      |                                                   ^~~~~~~~
/home/tina.guest/tinylsm-perf-source-v2/tinylsm/build/benchmark/_deps/protobuf-src/third_party/abseil-cpp/absl/numeric/int128_have_intrinsic.inc: In function ‘constexpr absl::lts_20240116::int128 absl::lts_20240116::operator|(int128, int128)’:
/home/tina.guest/tinylsm-perf-source-v2/tinylsm/build/benchmark/_deps/protobuf-src/third_party/abseil-cpp/absl/numeric/int128_have_intrinsic.inc:276:22: warning: ISO C++ does not support ‘__int128’ for ‘type name’ [-Wpedantic]
  276 |   return static_cast<__int128>(lhs) | static_cast<__int128>(rhs);
      |                      ^~~~~~~~
/home/tina.guest/tinylsm-perf-source-v2/tinylsm/build/benchmark/_deps/protobuf-src/third_party/abseil-cpp/absl/numeric/int128_have_intrinsic.inc:276:51: warning: ISO C++ does not support ‘__int128’ for ‘type name’ [-Wpedantic]
  276 |   return static_cast<__int128>(lhs) | static_cast<__int128>(rhs);
      |                                                   ^~~~~~~~
/home/tina.guest/tinylsm-perf-source-v2/tinylsm/build/benchmark/_deps/protobuf-src/third_party/abseil-cpp/absl/numeric/int128_have_intrinsic.inc: In function ‘constexpr absl::lts_20240116::int128 absl::lts_20240116::operator&(int128, int128)’:
/home/tina.guest/tinylsm-perf-source-v2/tinylsm/build/benchmark/_deps/protobuf-src/third_party/abseil-cpp/absl/numeric/int128_have_intrinsic.inc:280:22: warning: ISO C++ does not support ‘__int128’ for ‘type name’ [-Wpedantic]
  280 |   return static_cast<__int128>(lhs) & static_cast<__int128>(rhs);
      |                      ^~~~~~~~
/home/tina.guest/tinylsm-perf-source-v2/tinylsm/build/benchmark/_deps/protobuf-src/third_party/abseil-cpp/absl/numeric/int128_have_intrinsic.inc:280:51: warning: ISO C++ does not support ‘__int128’ for ‘type name’ [-Wpedantic]
  280 |   return static_cast<__int128>(lhs) & static_cast<__int128>(rhs);
      |                                                   ^~~~~~~~
/home/tina.guest/tinylsm-perf-source-v2/tinylsm/build/benchmark/_deps/protobuf-src/third_party/abseil-cpp/absl/numeric/int128_have_intrinsic.inc: In function ‘constexpr absl::lts_20240116::int128 absl::lts_20240116::operator^(int128, int128)’:
/home/tina.guest/tinylsm-perf-source-v2/tinylsm/build/benchmark/_deps/protobuf-src/third_party/abseil-cpp/absl/numeric/int128_have_intrinsic.inc:284:22: warning: ISO C++ does not support ‘__int128’ for ‘type name’ [-Wpedantic]
  284 |   return static_cast<__int128>(lhs) ^ static_cast<__int128>(rhs);
      |                      ^~~~~~~~
/home/tina.guest/tinylsm-perf-source-v2/tinylsm/build/benchmark/_deps/protobuf-src/third_party/abseil-cpp/absl/numeric/int128_have_intrinsic.inc:284:51: warning: ISO C++ does not support ‘__int128’ for ‘type name’ [-Wpedantic]
  284 |   return static_cast<__int128>(lhs) ^ static_cast<__int128>(rhs);
      |                                                   ^~~~~~~~
/home/tina.guest/tinylsm-perf-source-v2/tinylsm/build/benchmark/_deps/protobuf-src/third_party/abseil-cpp/absl/numeric/int128_have_intrinsic.inc: In function ‘constexpr absl::lts_20240116::int128 absl::lts_20240116::operator<<(int128, int)’:
/home/tina.guest/tinylsm-perf-source-v2/tinylsm/build/benchmark/_deps/protobuf-src/third_party/abseil-cpp/absl/numeric/int128_have_intrinsic.inc:288:22: warning: ISO C++ does not support ‘__int128’ for ‘type name’ [-Wpedantic]
  288 |   return static_cast<__int128>(lhs) << amount;
      |                      ^~~~~~~~
/home/tina.guest/tinylsm-perf-source-v2/tinylsm/build/benchmark/_deps/protobuf-src/third_party/abseil-cpp/absl/numeric/int128_have_intrinsic.inc: In function ‘constexpr absl::lts_20240116::int128 absl::lts_20240116::operator>>(int128, int)’:
/home/tina.guest/tinylsm-perf-source-v2/tinylsm/build/benchmark/_deps/protobuf-src/third_party/abseil-cpp/absl/numeric/int128_have_intrinsic.inc:292:22: warning: ISO C++ does not support ‘__int128’ for ‘type name’ [-Wpedantic]
  292 |   return static_cast<__int128>(lhs) >> amount;
      |                      ^~~~~~~~
In file included from /home/tina.guest/tinylsm-perf-source-v2/tinylsm/build/benchmark/_deps/protobuf-src/src/google/protobuf/arena.h:38,
                 from /home/tina.guest/tinylsm-perf-source-v2/tinylsm/build/benchmark/src/manifest.pb.h:21:
/home/tina.guest/tinylsm-perf-source-v2/tinylsm/build/benchmark/_deps/protobuf-src/src/google/protobuf/port.h: In function ‘void google::protobuf::internal::AssertDownCast(From*)’:
/home/tina.guest/tinylsm-perf-source-v2/tinylsm/build/benchmark/_deps/protobuf-src/src/google/protobuf/port.h:181:5: warning: testing if a concept-id is a valid expression; add ‘requires’ to check satisfaction [-Wmissing-requires]
  181 |     std::derived_from<std::remove_pointer_t<To>,
      |     ^
      |     requires 
[618/665] Building CXX object _deps/google_benchmark-build/src/CMakeFiles/benchmark.dir/statistics.cc.o
[619/665] Linking CXX static library src/libtinylsm.a
[620/665] Building CXX object _deps/google_benchmark-build/src/CMakeFiles/benchmark.dir/sysinfo.cc.o
[621/665] Linking CXX static library _deps/google_benchmark-build/src/libbenchmark.a
[622/665] Linking CXX static library _deps/google_benchmark-build/src/libbenchmark_main.a
[623/665] Building CXX object _deps/leveldb-build/CMakeFiles/leveldb.dir/db/builder.cc.o
[624/665] Building CXX object _deps/leveldb-build/CMakeFiles/leveldb.dir/db/c.cc.o
[625/665] Building CXX object _deps/leveldb-build/CMakeFiles/leveldb.dir/db/filename.cc.o
[626/665] Building CXX object _deps/leveldb-build/CMakeFiles/leveldb.dir/db/db_iter.cc.o
[627/665] Building CXX object _deps/leveldb-build/CMakeFiles/leveldb.dir/db/dbformat.cc.o
[628/665] Building CXX object _deps/leveldb-build/CMakeFiles/leveldb.dir/db/log_writer.cc.o
[629/665] Building CXX object _deps/leveldb-build/CMakeFiles/leveldb.dir/db/dumpfile.cc.o
[630/665] Building CXX object _deps/leveldb-build/CMakeFiles/leveldb.dir/db/log_reader.cc.o
[631/665] Building CXX object _deps/leveldb-build/CMakeFiles/leveldb.dir/db/table_cache.cc.o
[632/665] Building CXX object _deps/leveldb-build/CMakeFiles/leveldb.dir/db/memtable.cc.o
[633/665] Building CXX object _deps/leveldb-build/CMakeFiles/leveldb.dir/db/db_impl.cc.o
[634/665] Building CXX object _deps/leveldb-build/CMakeFiles/leveldb.dir/db/repair.cc.o
[635/665] Building CXX object _deps/leveldb-build/CMakeFiles/leveldb.dir/db/write_batch.cc.o
[636/665] Building CXX object _deps/leveldb-build/CMakeFiles/leveldb.dir/db/version_edit.cc.o
[637/665] Building CXX object _deps/leveldb-build/CMakeFiles/leveldb.dir/table/block_builder.cc.o
[638/665] Building CXX object _deps/leveldb-build/CMakeFiles/leveldb.dir/table/block.cc.o
[639/665] Building CXX object _deps/leveldb-build/CMakeFiles/leveldb.dir/table/filter_block.cc.o
[640/665] Building CXX object _deps/leveldb-build/CMakeFiles/leveldb.dir/table/iterator.cc.o
[641/665] Building CXX object _deps/leveldb-build/CMakeFiles/leveldb.dir/table/format.cc.o
[642/665] Building CXX object _deps/leveldb-build/CMakeFiles/leveldb.dir/table/table_builder.cc.o
[643/665] Building CXX object _deps/leveldb-build/CMakeFiles/leveldb.dir/table/table.cc.o
[644/665] Building CXX object benchmarks/CMakeFiles/tinylsm_bench.dir/db_benchmark.cpp.o
/home/tina.guest/tinylsm-perf-source-v2/tinylsm/benchmarks/db_benchmark.cpp: In lambda function:
/home/tina.guest/tinylsm-perf-source-v2/tinylsm/benchmarks/db_benchmark.cpp:1555:19: warning: loop variable ‘<structured bindings>’ creates a copy from type ‘const std::pair<{anonymous}::SstableKeyShape, const char*>’ [-Wrange-loop-construct]
 1555 |   for (const auto [shape, raw_label] :
      |                   ^~~~~~~~~~~~~~~~~~
/home/tina.guest/tinylsm-perf-source-v2/tinylsm/benchmarks/db_benchmark.cpp:1555:19: note: use reference type to prevent copying
 1555 |   for (const auto [shape, raw_label] :
      |                   ^~~~~~~~~~~~~~~~~~
      |                   &
[645/665] Building CXX object _deps/leveldb-build/CMakeFiles/leveldb.dir/table/merger.cc.o
[646/665] Building CXX object _deps/leveldb-build/CMakeFiles/leveldb.dir/util/arena.cc.o
[647/665] Building CXX object _deps/leveldb-build/CMakeFiles/leveldb.dir/util/bloom.cc.o
[648/665] Building CXX object _deps/leveldb-build/CMakeFiles/leveldb.dir/db/version_set.cc.o
[649/665] Building CXX object _deps/leveldb-build/CMakeFiles/leveldb.dir/table/two_level_iterator.cc.o
[650/665] Building CXX object _deps/leveldb-build/CMakeFiles/leveldb.dir/util/comparator.cc.o
[651/665] Building CXX object _deps/leveldb-build/CMakeFiles/leveldb.dir/util/crc32c.cc.o
[652/665] Building CXX object _deps/leveldb-build/CMakeFiles/leveldb.dir/util/filter_policy.cc.o
[653/665] Building CXX object _deps/leveldb-build/CMakeFiles/leveldb.dir/util/cache.cc.o
[654/665] Building CXX object _deps/leveldb-build/CMakeFiles/leveldb.dir/util/coding.cc.o
[655/665] Building CXX object _deps/leveldb-build/CMakeFiles/leveldb.dir/util/env.cc.o
[656/665] Building CXX object _deps/leveldb-build/CMakeFiles/leveldb.dir/util/options.cc.o
[657/665] Building CXX object _deps/leveldb-build/CMakeFiles/leveldb.dir/util/hash.cc.o
[658/665] Building CXX object _deps/leveldb-build/CMakeFiles/leveldb.dir/util/status.cc.o
[659/665] Building CXX object _deps/leveldb-build/CMakeFiles/leveldb.dir/util/logging.cc.o
[660/665] Building CXX object _deps/leveldb-build/CMakeFiles/leveldbutil.dir/db/leveldbutil.cc.o
[661/665] Building CXX object _deps/leveldb-build/CMakeFiles/leveldb.dir/helpers/memenv/memenv.cc.o
[662/665] Building CXX object _deps/leveldb-build/CMakeFiles/leveldb.dir/util/env_posix.cc.o
[663/665] Linking CXX static library _deps/leveldb-build/libleveldb.a
[664/665] Linking CXX executable _deps/leveldb-build/leveldbutil
[665/665] Linking CXX executable benchmarks/tinylsm_bench
+ /home/tina.guest/tinylsm-perf-source-v2/tinylsm/build/benchmark/benchmarks/tinylsm_bench --benchmark_filter=\^TinyLSM/\(Snapshot\(MaterializedScan\|Iterator\|RetentionHeld\|RetentionReleased\|WriterOverlap\)\|SstableDataBlock\(Encode\|Lookup\)\|GroupCommit\(On\|Off\)\) --benchmark_out=/home/tina.guest/tinylsm-perf-results/20260909-full-run-v2/run1/next-goals.json --benchmark_out_format=json --benchmark_report_aggregates_only=true --benchmark_display_aggregates_only=true --benchmark_enable_random_interleaving=true
2026-09-09T14:59:12+08:00
Running /home/tina.guest/tinylsm-perf-source-v2/tinylsm/build/benchmark/benchmarks/tinylsm_bench
Run on (4 X 48 MHz CPU s)
Load Average: 5.90, 4.55, 2.69
----------------------------------------------------------------------------------------------------------------------------------------------------
Benchmark                                                                                          Time             CPU   Iterations UserCounters...
----------------------------------------------------------------------------------------------------------------------------------------------------
TinyLSM/SstableDataBlockEncodeV2RandomRestart4/iterations:1/repeats:5/manual_time_mean      14045104 ns     13926933 ns            5 bytes_per_entry=136.104 bytes_per_second=146.868Mi/s encoded_bytes=2.22993M items_per_second=1.16668M/s operations=16.384k ops_per_second=1.16668M/s restart_interval=4
TinyLSM/SstableDataBlockEncodeV2RandomRestart4/iterations:1/repeats:5/manual_time_median    13969487 ns     13912749 ns            5 bytes_per_entry=136.104 bytes_per_second=147.643Mi/s encoded_bytes=2.22993M items_per_second=1.17284M/s operations=16.384k ops_per_second=1.17284M/s restart_interval=4
TinyLSM/SstableDataBlockEncodeV2RandomRestart4/iterations:1/repeats:5/manual_time_stddev      181568 ns        89817 ns            5 bytes_per_entry=1.13375u bytes_per_second=1.88152Mi/s encoded_bytes=0.0185753 items_per_second=14.9463k/s operations=136.479u ops_per_second=14.9463k/s restart_interval=33.32n
TinyLSM/SstableDataBlockEncodeV2RandomRestart4/iterations:1/repeats:5/manual_time_cv            1.29 %          0.64 %             5 bytes_per_entry=0.00% bytes_per_second=1.28% encoded_bytes=0.00% items_per_second=1.28% operations=0.00% ops_per_second=1.28% restart_interval=0.00%
TinyLSM/SstableDataBlockLookupV1Prefix/iterations:1/repeats:5/manual_time_mean             271047506 ns    268025358 ns            5 block_bytes=21.768k bytes_per_entry=170.062 bytes_per_second=951.246Ki/s items_per_second=7.37936k/s operations=2k ops_per_second=7.37936k/s restart_interval=0
TinyLSM/SstableDataBlockLookupV1Prefix/iterations:1/repeats:5/manual_time_median           269315955 ns    268288582 ns            5 block_bytes=21.768k bytes_per_entry=170.062 bytes_per_second=957.286Ki/s items_per_second=7.42622k/s operations=2k ops_per_second=7.42622k/s restart_interval=0
TinyLSM/SstableDataBlockLookupV1Prefix/iterations:1/repeats:5/manual_time_stddev             2692272 ns       595249 ns            5 block_bytes=181.327u bytes_per_entry=1.41662u bytes_per_second=9.40562Ki/s items_per_second=72.9648/s operations=16.66u ops_per_second=72.9648/s restart_interval=0
TinyLSM/SstableDataBlockLookupV1Prefix/iterations:1/repeats:5/manual_time_cv                    0.99 %          0.22 %             5 block_bytes=0.00% bytes_per_entry=0.00% bytes_per_second=0.99% items_per_second=0.99% operations=0.00% ops_per_second=0.99% restart_interval=0.00%
TinyLSM/SstableDataBlockEncodeV2PrefixRestart4/iterations:1/repeats:5/manual_time_mean      14302579 ns     14107259 ns            5 bytes_per_entry=135.051 bytes_per_second=144.314Mi/s encoded_bytes=2.21267M items_per_second=1.1464M/s operations=16.384k ops_per_second=1.1464M/s restart_interval=4
TinyLSM/SstableDataBlockEncodeV2PrefixRestart4/iterations:1/repeats:5/manual_time_median    14171380 ns     13959500 ns            5 bytes_per_entry=135.051 bytes_per_second=145.54Mi/s encoded_bytes=2.21267M items_per_second=1.15613M/s operations=16.384k ops_per_second=1.15613M/s restart_interval=4
TinyLSM/SstableDataBlockEncodeV2PrefixRestart4/iterations:1/repeats:5/manual_time_stddev      441513 ns       335114 ns            5 bytes_per_entry=1.12497u bytes_per_second=4.42573Mi/s encoded_bytes=0.0184316 items_per_second=35.157k/s operations=136.479u ops_per_second=35.157k/s restart_interval=33.32n
TinyLSM/SstableDataBlockEncodeV2PrefixRestart4/iterations:1/repeats:5/manual_time_cv            3.09 %          2.38 %             5 bytes_per_entry=0.00% bytes_per_second=3.07% encoded_bytes=0.00% items_per_second=3.07% operations=0.00% ops_per_second=3.07% restart_interval=0.00%
TinyLSM/GroupCommitOff1Writers/iterations:1/repeats:5/manual_time_mean                    4291554881 ns      1237658 ns            5 bytes_per_second=507.463Ki/s grouped_requests=8.192k items_per_second=1.91045k/s max_group_requests=1 max_writer_queue_depth=1 operations=8.192k ops_per_second=1.91045k/s physical_groups=8.192k put_p50_us=518.23 put_p95_us=827.696 put_p99_us=911.131 wal_syncs=8.192k wal_syncs_per_write=1 writer_count=1 writer_queue_wait_us=4.2796M
TinyLSM/GroupCommitOff1Writers/iterations:1/repeats:5/manual_time_median                  4240329466 ns      1201665 ns            5 bytes_per_second=513.168Ki/s grouped_requests=8.192k items_per_second=1.93193k/s max_group_requests=1 max_writer_queue_depth=1 operations=8.192k ops_per_second=1.93193k/s physical_groups=8.192k put_p50_us=515.504 put_p95_us=823.279 put_p99_us=893.218 wal_syncs=8.192k wal_syncs_per_write=1 writer_count=1 writer_queue_wait_us=4.23768M
TinyLSM/GroupCommitOff1Writers/iterations:1/repeats:5/manual_time_stddev                   140440961 ns       152116 ns            5 bytes_per_second=16.0835Ki/s grouped_requests=68.2394u items_per_second=60.5497/s max_group_requests=8.33n max_writer_queue_depth=8.33n operations=68.2394u ops_per_second=60.5497/s physical_groups=68.2394u put_p50_us=14.149 put_p95_us=12.3518 put_p99_us=51.7002 wal_syncs=68.2394u wal_syncs_per_write=8.33n writer_count=8.33n writer_queue_wait_us=121.736k
TinyLSM/GroupCommitOff1Writers/iterations:1/repeats:5/manual_time_cv                            3.27 %         12.29 %             5 bytes_per_second=3.17% grouped_requests=0.00% items_per_second=3.17% max_group_requests=0.00% max_writer_queue_depth=0.00% operations=0.00% ops_per_second=3.17% physical_groups=0.00% put_p50_us=2.73% put_p95_us=1.49% put_p99_us=5.67% wal_syncs=0.00% wal_syncs_per_write=0.00% writer_count=0.00% writer_queue_wait_us=2.84%
TinyLSM/SstableDataBlockLookupV2RandomRestart64/iterations:1/repeats:5/manual_time_mean    207738129 ns    205920424 ns            5 block_bytes=17.415k bytes_per_entry=136.055 bytes_per_second=1.21197Mi/s items_per_second=9.6276k/s operations=2k ops_per_second=9.6276k/s restart_interval=64
TinyLSM/SstableDataBlockLookupV2RandomRestart64/iterations:1/repeats:5/manual_time_median  208181422 ns    206002542 ns            5 block_bytes=17.415k bytes_per_entry=136.055 bytes_per_second=1.20938Mi/s items_per_second=9.60701k/s operations=2k ops_per_second=9.60701k/s restart_interval=64
TinyLSM/SstableDataBlockLookupV2RandomRestart64/iterations:1/repeats:5/manual_time_stddev     729097 ns       297634 ns            5 block_bytes=145.067u bytes_per_entry=1.13334u bytes_per_second=4.36315Ki/s items_per_second=33.8475/s operations=16.66u ops_per_second=33.8475/s restart_interval=533.12n
TinyLSM/SstableDataBlockLookupV2RandomRestart64/iterations:1/repeats:5/manual_time_cv           0.35 %          0.14 %             5 block_bytes=0.00% bytes_per_entry=0.00% bytes_per_second=0.35% items_per_second=0.35% operations=0.00% ops_per_second=0.35% restart_interval=0.00%
TinyLSM/SnapshotIterator100K/iterations:1/repeats:5/manual_time_mean                        99906212 ns    241613091 ns            5 bytes_per_second=1.08158Gi/s first_result_ns=3.34635M items_per_second=10.0115M/s operations=1M ops_per_second=10.0115M/s peak_rss_kb=933.61k snapshot_sequence=100k
TinyLSM/SnapshotIterator100K/iterations:1/repeats:5/manual_time_median                     100504684 ns    228408417 ns            5 bytes_per_second=1.07491Gi/s first_result_ns=3.32632M items_per_second=9.94979M/s operations=1M ops_per_second=9.94979M/s peak_rss_kb=1.01634M snapshot_sequence=100k
TinyLSM/SnapshotIterator100K/iterations:1/repeats:5/manual_time_stddev                       1628536 ns     29605271 ns            5 bytes_per_second=18.2378Mi/s first_result_ns=115.824k items_per_second=164.86k/s operations=8.33m ops_per_second=164.86k/s peak_rss_kb=189.38k snapshot_sequence=833u
TinyLSM/SnapshotIterator100K/iterations:1/repeats:5/manual_time_cv                              1.63 %         12.25 %             5 bytes_per_second=1.65% first_result_ns=3.46% items_per_second=1.65% operations=0.00% ops_per_second=1.65% peak_rss_kb=20.28% snapshot_sequence=0.00%
TinyLSM/SstableDataBlockLookupV2PrefixRestart4/iterations:1/repeats:5/manual_time_mean     204954018 ns    203975624 ns            5 block_bytes=17.298k bytes_per_entry=135.141 bytes_per_second=1.22845Mi/s items_per_second=9.75854k/s operations=2k ops_per_second=9.75854k/s restart_interval=4
TinyLSM/SstableDataBlockLookupV2PrefixRestart4/iterations:1/repeats:5/manual_time_median   204287936 ns    203622624 ns            5 block_bytes=17.298k bytes_per_entry=135.141 bytes_per_second=1.23243Mi/s items_per_second=9.7901k/s operations=2k ops_per_second=9.7901k/s restart_interval=4
TinyLSM/SstableDataBlockLookupV2PrefixRestart4/iterations:1/repeats:5/manual_time_stddev     1173954 ns       997824 ns            5 block_bytes=144.092u bytes_per_entry=1.12572u bytes_per_second=7.18597Ki/s items_per_second=55.7457/s operations=16.66u ops_per_second=55.7457/s restart_interval=33.32n
TinyLSM/SstableDataBlockLookupV2PrefixRestart4/iterations:1/repeats:5/manual_time_cv            0.57 %          0.49 %             5 block_bytes=0.00% bytes_per_entry=0.00% bytes_per_second=0.57% items_per_second=0.57% operations=0.00% ops_per_second=0.57% restart_interval=0.00%
TinyLSM/SnapshotWriterOverlapMaterializedScan/iterations:1/repeats:5/manual_time_mean     1.5498e+11 ns    165171608 ns            5 bytes_per_second=76.7533Ki/s items_per_second=677.546/s operations=105k ops_per_second=677.546/s write_lock_acquisitions=5k write_lock_wait_ns=17.0349M writer_p50_us=32.4302k writer_p95_us=41.9493k writer_p99_us=43.0532k
TinyLSM/SnapshotWriterOverlapMaterializedScan/iterations:1/repeats:5/manual_time_median   1.5545e+11 ns    163468959 ns            5 bytes_per_second=76.5162Ki/s items_per_second=675.453/s operations=105k ops_per_second=675.453/s write_lock_acquisitions=5k write_lock_wait_ns=7.85417M writer_p50_us=32.429k writer_p95_us=42.2924k writer_p99_us=43.2581k
TinyLSM/SnapshotWriterOverlapMaterializedScan/iterations:1/repeats:5/manual_time_stddev   1298236994 ns     20043531 ns            5 bytes_per_second=665.449/s items_per_second=5.73663/s operations=874.65u ops_per_second=5.73663/s write_lock_acquisitions=41.65u write_lock_wait_ns=21.5598M writer_p50_us=106.452 writer_p95_us=575.702 writer_p99_us=578.899
TinyLSM/SnapshotWriterOverlapMaterializedScan/iterations:1/repeats:5/manual_time_cv             0.84 %         12.13 %             5 bytes_per_second=0.85% items_per_second=0.85% operations=0.00% ops_per_second=0.85% write_lock_acquisitions=0.00% write_lock_wait_ns=126.56% writer_p50_us=0.33% writer_p95_us=1.37% writer_p99_us=1.34%
TinyLSM/SstableDataBlockEncodeV1Random/iterations:1/repeats:5/manual_time_mean              14279456 ns     14207516 ns            5 bytes_per_entry=138 bytes_per_second=144.525Mi/s encoded_bytes=2.261M items_per_second=1.14807M/s operations=16.384k ops_per_second=1.14807M/s restart_interval=0
TinyLSM/SstableDataBlockEncodeV1Random/iterations:1/repeats:5/manual_time_median            14141964 ns     14078417 ns            5 bytes_per_entry=138 bytes_per_second=145.843Mi/s encoded_bytes=2.261M items_per_second=1.15854M/s operations=16.384k ops_per_second=1.15854M/s restart_interval=0
TinyLSM/SstableDataBlockEncodeV1Random/iterations:1/repeats:5/manual_time_stddev              396980 ns       424039 ns            5 bytes_per_entry=1.14954u bytes_per_second=3.88782Mi/s encoded_bytes=0.0188341 items_per_second=30.8839k/s operations=136.479u ops_per_second=30.8839k/s restart_interval=0
TinyLSM/SstableDataBlockEncodeV1Random/iterations:1/repeats:5/manual_time_cv                    2.78 %          2.98 %             5 bytes_per_entry=0.00% bytes_per_second=2.69% encoded_bytes=0.00% items_per_second=2.69% operations=0.00% ops_per_second=2.69% restart_interval=0.00%
TinyLSM/GroupCommitOn1Writers/iterations:1/repeats:5/manual_time_mean                     4451688736 ns      1192917 ns            5 bytes_per_second=494.209Ki/s grouped_requests=8.192k items_per_second=1.86055k/s max_group_requests=8 max_writer_queue_depth=1 operations=8.192k ops_per_second=1.86055k/s physical_groups=8.192k put_p50_us=533.085 put_p95_us=918.377 put_p99_us=1.0525k wal_syncs=8.192k wal_syncs_per_write=1 writer_count=1 writer_queue_wait_us=4.4387M
TinyLSM/GroupCommitOn1Writers/iterations:1/repeats:5/manual_time_median                   4220840193 ns      1161500 ns            5 bytes_per_second=515.537Ki/s grouped_requests=8.192k items_per_second=1.94085k/s max_group_requests=8 max_writer_queue_depth=1 operations=8.192k ops_per_second=1.94085k/s physical_groups=8.192k put_p50_us=506.932 put_p95_us=823.657 put_p99_us=893.704 wal_syncs=8.192k wal_syncs_per_write=1 writer_count=1 writer_queue_wait_us=4.21799M
TinyLSM/GroupCommitOn1Writers/iterations:1/repeats:5/manual_time_stddev                    561791379 ns       131409 ns            5 bytes_per_second=53.5614Ki/s grouped_requests=68.2394u items_per_second=201.643/s max_group_requests=66.64n max_writer_queue_depth=8.33n operations=68.2394u ops_per_second=201.643/s physical_groups=68.2394u put_p50_us=60.2859 put_p95_us=212.07 put_p99_us=368.186 wal_syncs=68.2394u wal_syncs_per_write=8.33n writer_count=8.33n writer_queue_wait_us=539.62k
TinyLSM/GroupCommitOn1Writers/iterations:1/repeats:5/manual_time_cv                            12.62 %         11.02 %             5 bytes_per_second=10.84% grouped_requests=0.00% items_per_second=10.84% max_group_requests=0.00% max_writer_queue_depth=0.00% operations=0.00% ops_per_second=10.84% physical_groups=0.00% put_p50_us=11.31% put_p95_us=23.09% put_p99_us=34.98% wal_syncs=0.00% wal_syncs_per_write=0.00% writer_count=0.00% writer_queue_wait_us=12.16%
TinyLSM/SstableDataBlockEncodeV1Prefix/iterations:1/repeats:5/manual_time_mean              17364448 ns     17189141 ns            5 bytes_per_entry=170 bytes_per_second=118.8Mi/s encoded_bytes=2.78529M items_per_second=943.716k/s operations=16.384k ops_per_second=943.716k/s restart_interval=0
TinyLSM/SstableDataBlockEncodeV1Prefix/iterations:1/repeats:5/manual_time_median            17288641 ns     17118125 ns            5 bytes_per_entry=170 bytes_per_second=119.298Mi/s encoded_bytes=2.78529M items_per_second=947.674k/s operations=16.384k ops_per_second=947.674k/s restart_interval=0
TinyLSM/SstableDataBlockEncodeV1Prefix/iterations:1/repeats:5/manual_time_stddev              269755 ns       202466 ns            5 bytes_per_entry=1.4161u bytes_per_second=1.8156Mi/s encoded_bytes=0.0232015 items_per_second=14.4227k/s operations=136.479u ops_per_second=14.4227k/s restart_interval=0
TinyLSM/SstableDataBlockEncodeV1Prefix/iterations:1/repeats:5/manual_time_cv                    1.55 %          1.18 %             5 bytes_per_entry=0.00% bytes_per_second=1.53% encoded_bytes=0.00% items_per_second=1.53% operations=0.00% ops_per_second=1.53% restart_interval=0.00%
TinyLSM/SnapshotRetentionReleased60s/iterations:1/repeats:5/manual_time_mean                22302294 ns     34732523 ns            5 active_snapshots=0 bytes_per_second=69.4585Mi/s items_per_second=627.866k/s live_sstable_bytes=252.048k operations=14k ops_per_second=627.866k/s overwrite_generations=6 retained_bytes=232.05k retained_versions=2.005k
TinyLSM/SnapshotRetentionReleased60s/iterations:1/repeats:5/manual_time_median              22230918 ns     34684081 ns            5 active_snapshots=0 bytes_per_second=69.6673Mi/s items_per_second=629.754k/s live_sstable_bytes=252.048k operations=14k ops_per_second=629.754k/s overwrite_generations=6 retained_bytes=232.05k retained_versions=2.005k
TinyLSM/SnapshotRetentionReleased60s/iterations:1/repeats:5/manual_time_stddev                356940 ns       294241 ns            5 active_snapshots=0 bytes_per_second=1.10873Mi/s items_per_second=10.0223k/s live_sstable_bytes=2.09956m operations=116.62u ops_per_second=10.0223k/s overwrite_generations=49.98n retained_bytes=1.93298m retained_versions=16.7017u
TinyLSM/SnapshotRetentionReleased60s/iterations:1/repeats:5/manual_time_cv                      1.60 %          0.85 %             5 active_snapshots=0.00% bytes_per_second=1.60% items_per_second=1.60% live_sstable_bytes=0.00% operations=0.00% ops_per_second=1.60% overwrite_generations=0.00% retained_bytes=0.00% retained_versions=0.00%
TinyLSM/SnapshotIterator1000K/iterations:1/repeats:5/manual_time_mean                     1043567052 ns   2422589199 ns            5 bytes_per_second=1.0353Gi/s first_result_ns=37.1673M items_per_second=9.58314M/s operations=10M ops_per_second=9.58314M/s peak_rss_kb=1.03412M snapshot_sequence=1M
TinyLSM/SnapshotIterator1000K/iterations:1/repeats:5/manual_time_median                   1047109226 ns   2412063160 ns            5 bytes_per_second=1.03173Gi/s first_result_ns=37.0756M items_per_second=9.5501M/s operations=10M ops_per_second=9.5501M/s peak_rss_kb=1.02517M snapshot_sequence=1M
TinyLSM/SnapshotIterator1000K/iterations:1/repeats:5/manual_time_stddev                      9389384 ns     27686049 ns            5 bytes_per_second=9.59836Mi/s first_result_ns=321.457k items_per_second=86.7639k/s operations=0.0833 ops_per_second=86.7639k/s peak_rss_kb=12.2628k snapshot_sequence=8.33m
TinyLSM/SnapshotIterator1000K/iterations:1/repeats:5/manual_time_cv                             0.90 %          1.14 %             5 bytes_per_second=0.91% first_result_ns=0.86% items_per_second=0.91% operations=0.00% ops_per_second=0.91% peak_rss_kb=1.19% snapshot_sequence=0.00%
TinyLSM/GroupCommitOff2Writers/iterations:1/repeats:5/manual_time_mean                    4261386349 ns      1935325 ns            5 bytes_per_second=511.122Ki/s grouped_requests=8.192k items_per_second=1.92422k/s max_group_requests=1 max_writer_queue_depth=1 operations=8.192k ops_per_second=1.92422k/s physical_groups=8.192k put_p50_us=1.02453k put_p95_us=1.65711k put_p99_us=1.99293k wal_syncs=8.192k wal_syncs_per_write=1 writer_count=2 writer_queue_wait_us=8.49858M
TinyLSM/GroupCommitOff2Writers/iterations:1/repeats:5/manual_time_median                  4178472056 ns       882874 ns            5 bytes_per_second=520.765Ki/s grouped_requests=8.192k items_per_second=1.96053k/s max_group_requests=1 max_writer_queue_depth=1 operations=8.192k ops_per_second=1.96053k/s physical_groups=8.192k put_p50_us=1.01971k put_p95_us=1.65378k put_p99_us=1.77652k wal_syncs=8.192k wal_syncs_per_write=1 writer_count=2 writer_queue_wait_us=8.35282M
TinyLSM/GroupCommitOff2Writers/iterations:1/repeats:5/manual_time_stddev                   149308125 ns      2196983 ns            5 bytes_per_second=17.4723Ki/s grouped_requests=68.2394u items_per_second=65.778/s max_group_requests=8.33n max_writer_queue_depth=8.33n operations=68.2394u ops_per_second=65.778/s physical_groups=68.2394u put_p50_us=39.5912 put_p95_us=14.4645 put_p99_us=502.581 wal_syncs=68.2394u wal_syncs_per_write=8.33n writer_count=16.66n writer_queue_wait_us=290.597k
TinyLSM/GroupCommitOff2Writers/iterations:1/repeats:5/manual_time_cv                            3.50 %        113.52 %             5 bytes_per_second=3.42% grouped_requests=0.00% items_per_second=3.42% max_group_requests=0.00% max_writer_queue_depth=0.00% operations=0.00% ops_per_second=3.42% physical_groups=0.00% put_p50_us=3.86% put_p95_us=0.87% put_p99_us=25.22% wal_syncs=0.00% wal_syncs_per_write=0.00% writer_count=0.00% writer_queue_wait_us=3.42%
TinyLSM/SnapshotWriterOverlapIterator/iterations:1/repeats:5/manual_time_mean             1.5400e+11 ns    168921741 ns            5 bytes_per_second=77.239Ki/s items_per_second=681.834/s operations=105k ops_per_second=681.834/s write_lock_acquisitions=5k write_lock_wait_ns=26.6434M writer_p50_us=32.2836k writer_p95_us=42.0095k writer_p99_us=43.1661k
TinyLSM/SnapshotWriterOverlapIterator/iterations:1/repeats:5/manual_time_median           1.5447e+11 ns    169932457 ns            5 bytes_per_second=77.0034Ki/s items_per_second=679.754/s operations=105k ops_per_second=679.754/s write_lock_acquisitions=5k write_lock_wait_ns=16.7484M writer_p50_us=32.409k writer_p95_us=41.9009k writer_p99_us=43.1795k
TinyLSM/SnapshotWriterOverlapIterator/iterations:1/repeats:5/manual_time_stddev           1041311456 ns     13163977 ns            5 bytes_per_second=539.227/s items_per_second=4.64851/s operations=874.65u ops_per_second=4.64851/s write_lock_acquisitions=41.65u write_lock_wait_ns=23.6205M writer_p50_us=534.328 writer_p95_us=215.518 writer_p99_us=266.337
TinyLSM/SnapshotWriterOverlapIterator/iterations:1/repeats:5/manual_time_cv                     0.68 %          7.79 %             5 bytes_per_second=0.68% items_per_second=0.68% operations=0.00% ops_per_second=0.68% write_lock_acquisitions=0.00% write_lock_wait_ns=88.65% writer_p50_us=1.66% writer_p95_us=0.51% writer_p99_us=0.62%
TinyLSM/SstableDataBlockEncodeV2RandomRestart16/iterations:1/repeats:5/manual_time_mean     14040376 ns     13951450 ns            5 bytes_per_entry=134.627 bytes_per_second=146.956Mi/s encoded_bytes=2.20572M items_per_second=1.16738M/s operations=16.384k ops_per_second=1.16738M/s restart_interval=16
TinyLSM/SstableDataBlockEncodeV2RandomRestart16/iterations:1/repeats:5/manual_time_median   13891733 ns     13808167 ns            5 bytes_per_entry=134.627 bytes_per_second=148.47Mi/s encoded_bytes=2.20572M items_per_second=1.17941M/s operations=16.384k ops_per_second=1.17941M/s restart_interval=16
TinyLSM/SstableDataBlockEncodeV2RandomRestart16/iterations:1/repeats:5/manual_time_stddev     313758 ns       292767 ns            5 bytes_per_entry=1.12144u bytes_per_second=3.26528Mi/s encoded_bytes=0.0183737 items_per_second=25.9386k/s operations=136.479u ops_per_second=25.9386k/s restart_interval=133.28n
TinyLSM/SstableDataBlockEncodeV2RandomRestart16/iterations:1/repeats:5/manual_time_cv           2.23 %          2.10 %             5 bytes_per_entry=0.00% bytes_per_second=2.22% encoded_bytes=0.00% items_per_second=2.22% operations=0.00% ops_per_second=2.22% restart_interval=0.00%
TinyLSM/SstableDataBlockEncodeV2RandomRestart64/iterations:1/repeats:5/manual_time_mean     14275484 ns     14198300 ns            5 bytes_per_entry=134.259 bytes_per_second=144.766Mi/s encoded_bytes=2.1997M items_per_second=1.14999M/s operations=16.384k ops_per_second=1.14999M/s restart_interval=64
TinyLSM/SstableDataBlockEncodeV2RandomRestart64/iterations:1/repeats:5/manual_time_median   13831744 ns     13805709 ns            5 bytes_per_entry=134.259 bytes_per_second=149.114Mi/s encoded_bytes=2.1997M items_per_second=1.18452M/s operations=16.384k ops_per_second=1.18452M/s restart_interval=64
TinyLSM/SstableDataBlockEncodeV2RandomRestart64/iterations:1/repeats:5/manual_time_stddev     719922 ns       620421 ns            5 bytes_per_entry=1.11838u bytes_per_second=7.12916Mi/s encoded_bytes=0.0183235 items_per_second=56.6323k/s operations=136.479u ops_per_second=56.6323k/s restart_interval=533.12n
TinyLSM/SstableDataBlockEncodeV2RandomRestart64/iterations:1/repeats:5/manual_time_cv           5.04 %          4.37 %             5 bytes_per_entry=0.00% bytes_per_second=4.92% encoded_bytes=0.00% items_per_second=4.92% operations=0.00% ops_per_second=4.92% restart_interval=0.00%
TinyLSM/SstableDataBlockLookupV2RandomRestart16/iterations:1/repeats:5/manual_time_mean    206682658 ns    205575191 ns            5 block_bytes=17.452k bytes_per_entry=136.344 bytes_per_second=1.21816Mi/s items_per_second=9.67679k/s operations=2k ops_per_second=9.67679k/s restart_interval=16
TinyLSM/SstableDataBlockLookupV2RandomRestart16/iterations:1/repeats:5/manual_time_median  206514554 ns    205859291 ns            5 block_bytes=17.452k bytes_per_entry=136.344 bytes_per_second=1.21914Mi/s items_per_second=9.68455k/s operations=2k ops_per_second=9.68455k/s restart_interval=16
TinyLSM/SstableDataBlockLookupV2RandomRestart16/iterations:1/repeats:5/manual_time_stddev     809218 ns       642061 ns            5 block_bytes=145.375u bytes_per_entry=1.13574u bytes_per_second=4.87849Ki/s items_per_second=37.8453/s operations=16.66u ops_per_second=37.8453/s restart_interval=133.28n
TinyLSM/SstableDataBlockLookupV2RandomRestart16/iterations:1/repeats:5/manual_time_cv           0.39 %          0.31 %             5 block_bytes=0.00% bytes_per_entry=0.00% bytes_per_second=0.39% items_per_second=0.39% operations=0.00% ops_per_second=0.39% restart_interval=0.00%
TinyLSM/SstableDataBlockLookupV2RandomRestart4/iterations:1/repeats:5/manual_time_mean     208086549 ns    207128216 ns            5 block_bytes=17.6k bytes_per_entry=137.5 bytes_per_second=1.20995Mi/s items_per_second=9.61153k/s operations=2k ops_per_second=9.61153k/s restart_interval=4
TinyLSM/SstableDataBlockLookupV2RandomRestart4/iterations:1/repeats:5/manual_time_median   207634872 ns    207253000 ns            5 block_bytes=17.6k bytes_per_entry=137.5 bytes_per_second=1.21256Mi/s items_per_second=9.63229k/s operations=2k ops_per_second=9.63229k/s restart_interval=4
TinyLSM/SstableDataBlockLookupV2RandomRestart4/iterations:1/repeats:5/manual_time_stddev      905109 ns       287740 ns            5 block_bytes=146.608u bytes_per_entry=1.14538u bytes_per_second=5.36531Ki/s items_per_second=41.6218/s operations=16.66u ops_per_second=41.6218/s restart_interval=33.32n
TinyLSM/SstableDataBlockLookupV2RandomRestart4/iterations:1/repeats:5/manual_time_cv            0.43 %          0.14 %             5 block_bytes=0.00% bytes_per_entry=0.00% bytes_per_second=0.43% items_per_second=0.43% operations=0.00% ops_per_second=0.43% restart_interval=0.00%
TinyLSM/GroupCommitOn2Writers/iterations:1/repeats:5/manual_time_mean                     4349580700 ns      1091608 ns            5 bytes_per_second=500.669Ki/s grouped_requests=8.192k items_per_second=1.88487k/s max_group_requests=8 max_writer_queue_depth=1.2 operations=8.192k ops_per_second=1.88487k/s physical_groups=8.1918k put_p50_us=1.03715k put_p95_us=1.68561k put_p99_us=1.84921k wal_syncs=8.1918k wal_syncs_per_write=0.999976 writer_count=2 writer_queue_wait_us=8.67558M
TinyLSM/GroupCommitOn2Writers/iterations:1/repeats:5/manual_time_median                   4371150623 ns      1200459 ns            5 bytes_per_second=497.809Ki/s grouped_requests=8.192k items_per_second=1.87411k/s max_group_requests=8 max_writer_queue_depth=1 operations=8.192k ops_per_second=1.87411k/s physical_groups=8.192k put_p50_us=1.0097k put_p95_us=1.67933k put_p99_us=1.82704k wal_syncs=8.192k wal_syncs_per_write=1 writer_count=2 writer_queue_wait_us=8.73665M
TinyLSM/GroupCommitOn2Writers/iterations:1/repeats:5/manual_time_stddev                    135993169 ns       187511 ns            5 bytes_per_second=15.6308Ki/s grouped_requests=68.2394u items_per_second=58.8455/s max_group_requests=66.64n max_writer_queue_depth=0.447214 operations=68.2394u ops_per_second=58.8455/s physical_groups=0.447214 put_p50_us=45.1796 put_p95_us=34.5706 put_p99_us=71.3506 wal_syncs=0.447214 wal_syncs_per_write=54.5915u writer_count=16.66n writer_queue_wait_us=261.72k
TinyLSM/GroupCommitOn2Writers/iterations:1/repeats:5/manual_time_cv                             3.13 %         17.18 %             5 bytes_per_second=3.12% grouped_requests=0.00% items_per_second=3.12% max_group_requests=0.00% max_writer_queue_depth=37.27% operations=0.00% ops_per_second=3.12% physical_groups=0.01% put_p50_us=4.36% put_p95_us=2.05% put_p99_us=3.86% wal_syncs=0.01% wal_syncs_per_write=0.01% writer_count=0.00% writer_queue_wait_us=3.02%
TinyLSM/SnapshotMaterializedScan10K/iterations:1/repeats:5/manual_time_mean                 13433239 ns     26499041 ns            5 bytes_per_second=823.658Mi/s first_result_ns=1.17873M items_per_second=7.44542M/s operations=100k ops_per_second=7.44542M/s peak_rss_kb=884.547k snapshot_sequence=10k
TinyLSM/SnapshotMaterializedScan10K/iterations:1/repeats:5/manual_time_median               13399476 ns     26453957 ns            5 bytes_per_second=825.601Mi/s first_result_ns=1.17725M items_per_second=7.46298M/s operations=100k ops_per_second=7.46298M/s peak_rss_kb=1.03134M snapshot_sequence=10k
TinyLSM/SnapshotMaterializedScan10K/iterations:1/repeats:5/manual_time_stddev                 190700 ns       243822 ns            5 bytes_per_second=11.654Mi/s first_result_ns=20.4202k items_per_second=105.346k/s operations=833u ops_per_second=105.346k/s peak_rss_kb=326.597k snapshot_sequence=83.3u
TinyLSM/SnapshotMaterializedScan10K/iterations:1/repeats:5/manual_time_cv                       1.42 %          0.92 %             5 bytes_per_second=1.41% first_result_ns=1.73% items_per_second=1.41% operations=0.00% ops_per_second=1.41% peak_rss_kb=36.92% snapshot_sequence=0.00%
TinyLSM/SstableDataBlockEncodeV2PrefixRestart16/iterations:1/repeats:5/manual_time_mean     13210238 ns     13027217 ns            5 bytes_per_entry=125.346 bytes_per_second=156.133Mi/s encoded_bytes=2.05367M items_per_second=1.24029M/s operations=16.384k ops_per_second=1.24029M/s restart_interval=16
TinyLSM/SstableDataBlockEncodeV2PrefixRestart16/iterations:1/repeats:5/manual_time_median   13213711 ns     13031667 ns            5 bytes_per_entry=125.346 bytes_per_second=156.088Mi/s encoded_bytes=2.05367M items_per_second=1.23992M/s operations=16.384k ops_per_second=1.23992M/s restart_interval=16
TinyLSM/SstableDataBlockEncodeV2PrefixRestart16/iterations:1/repeats:5/manual_time_stddev      78875 ns        48266 ns            5 bytes_per_entry=1.04413u bytes_per_second=952.779Ki/s encoded_bytes=0.0171071 items_per_second=7.39125k/s operations=136.479u ops_per_second=7.39125k/s restart_interval=133.28n
TinyLSM/SstableDataBlockEncodeV2PrefixRestart16/iterations:1/repeats:5/manual_time_cv           0.60 %          0.37 %             5 bytes_per_entry=0.00% bytes_per_second=0.60% encoded_bytes=0.00% items_per_second=0.60% operations=0.00% ops_per_second=0.60% restart_interval=0.00%
TinyLSM/GroupCommitOff16Writers/iterations:1/repeats:5/manual_time_mean                   4372760780 ns      1621333 ns            5 bytes_per_second=498.007Ki/s grouped_requests=8.192k items_per_second=1.87485k/s max_group_requests=1 max_writer_queue_depth=15 operations=8.192k ops_per_second=1.87485k/s physical_groups=8.192k put_p50_us=7.27068k put_p95_us=12.0618k put_p99_us=12.6207k wal_syncs=8.192k wal_syncs_per_write=1 writer_count=16 writer_queue_wait_us=63.2842M
TinyLSM/GroupCommitOff16Writers/iterations:1/repeats:5/manual_time_median                 4325127109 ns      1868375 ns            5 bytes_per_second=503.107Ki/s grouped_requests=8.192k items_per_second=1.89405k/s max_group_requests=1 max_writer_queue_depth=15 operations=8.192k ops_per_second=1.89405k/s physical_groups=8.192k put_p50_us=7.22612k put_p95_us=11.9658k put_p99_us=12.406k wal_syncs=8.192k wal_syncs_per_write=1 writer_count=16 writer_queue_wait_us=62.627M
TinyLSM/GroupCommitOff16Writers/iterations:1/repeats:5/manual_time_stddev                  135658071 ns       455367 ns            5 bytes_per_second=15.3581Ki/s grouped_requests=68.2394u items_per_second=57.8188/s max_group_requests=8.33n max_writer_queue_depth=124.95n operations=68.2394u ops_per_second=57.8188/s physical_groups=68.2394u put_p50_us=186.362 put_p95_us=388.538 put_p99_us=383.242 wal_syncs=68.2394u wal_syncs_per_write=8.33n writer_count=133.28n writer_queue_wait_us=1.99355M
TinyLSM/GroupCommitOff16Writers/iterations:1/repeats:5/manual_time_cv                           3.10 %         28.09 %             5 bytes_per_second=3.08% grouped_requests=0.00% items_per_second=3.08% max_group_requests=0.00% max_writer_queue_depth=0.00% operations=0.00% ops_per_second=3.08% physical_groups=0.00% put_p50_us=2.56% put_p95_us=3.22% put_p99_us=3.04% wal_syncs=0.00% wal_syncs_per_write=0.00% writer_count=0.00% writer_queue_wait_us=3.15%
TinyLSM/SnapshotRetentionHeld0s/iterations:1/repeats:5/manual_time_mean                     11849652 ns      8144549 ns            5 active_snapshots=1 bytes_per_second=18.7481Mi/s items_per_second=169.473k/s live_sstable_bytes=251.927k operations=2k ops_per_second=169.473k/s overwrite_generations=0 retained_bytes=232k retained_versions=2k
TinyLSM/SnapshotRetentionHeld0s/iterations:1/repeats:5/manual_time_median                   11449809 ns      8175748 ns            5 active_snapshots=1 bytes_per_second=19.3237Mi/s items_per_second=174.675k/s live_sstable_bytes=251.927k operations=2k ops_per_second=174.675k/s overwrite_generations=0 retained_bytes=232k retained_versions=2k
TinyLSM/SnapshotRetentionHeld0s/iterations:1/repeats:5/manual_time_stddev                     873475 ns       166165 ns            5 active_snapshots=8.33n bytes_per_second=1.29799Mi/s items_per_second=11.7331k/s live_sstable_bytes=2.09855m operations=16.66u ops_per_second=11.7331k/s overwrite_generations=0 retained_bytes=1.93256m retained_versions=16.66u
TinyLSM/SnapshotRetentionHeld0s/iterations:1/repeats:5/manual_time_cv                           7.37 %          2.04 %             5 active_snapshots=0.00% bytes_per_second=6.92% items_per_second=6.92% live_sstable_bytes=0.00% operations=0.00% ops_per_second=6.92% overwrite_generations=0.00% retained_bytes=0.00% retained_versions=0.00%
TinyLSM/SstableDataBlockEncodeV2PrefixRestart64/iterations:1/repeats:5/manual_time_mean     13512600 ns     13345925 ns            5 bytes_per_entry=122.92 bytes_per_second=152.845Mi/s encoded_bytes=2.01393M items_per_second=1.21416M/s operations=16.384k ops_per_second=1.21416M/s restart_interval=64
TinyLSM/SstableDataBlockEncodeV2PrefixRestart64/iterations:1/repeats:5/manual_time_median   13457995 ns     13125959 ns            5 bytes_per_entry=122.92 bytes_per_second=153.255Mi/s encoded_bytes=2.01393M items_per_second=1.21742M/s operations=16.384k ops_per_second=1.21742M/s restart_interval=64
TinyLSM/SstableDataBlockEncodeV2PrefixRestart64/iterations:1/repeats:5/manual_time_stddev     568816 ns       575231 ns            5 bytes_per_entry=1.02393u bytes_per_second=6.22552Mi/s encoded_bytes=0.016776 items_per_second=49.4541k/s operations=136.479u ops_per_second=49.4541k/s restart_interval=533.12n
TinyLSM/SstableDataBlockEncodeV2PrefixRestart64/iterations:1/repeats:5/manual_time_cv           4.21 %          4.31 %             5 bytes_per_entry=0.00% bytes_per_second=4.07% encoded_bytes=0.00% items_per_second=4.07% operations=0.00% ops_per_second=4.07% restart_interval=0.00%
TinyLSM/SnapshotMaterializedScan1000K/iterations:1/repeats:5/manual_time_mean             1412193027 ns   3090901555 ns            5 bytes_per_second=783.496Mi/s first_result_ns=124.309M items_per_second=7.08237M/s operations=10M ops_per_second=7.08237M/s peak_rss_kb=1.03514M snapshot_sequence=1M
TinyLSM/SnapshotMaterializedScan1000K/iterations:1/repeats:5/manual_time_median           1403732809 ns   3052938278 ns            5 bytes_per_second=788.086Mi/s first_result_ns=123.432M items_per_second=7.12386M/s operations=10M ops_per_second=7.12386M/s peak_rss_kb=1.03995M snapshot_sequence=1M
TinyLSM/SnapshotMaterializedScan1000K/iterations:1/repeats:5/manual_time_stddev             20567888 ns    216976347 ns            5 bytes_per_second=11.2287Mi/s first_result_ns=2.00883M items_per_second=101.501k/s operations=0.0833 ops_per_second=101.501k/s peak_rss_kb=26.0171k snapshot_sequence=8.33m
TinyLSM/SnapshotMaterializedScan1000K/iterations:1/repeats:5/manual_time_cv                     1.46 %          7.02 %             5 bytes_per_second=1.43% first_result_ns=1.62% items_per_second=1.43% operations=0.00% ops_per_second=1.43% peak_rss_kb=2.51% snapshot_sequence=0.00%
TinyLSM/GroupCommitOn8Writers/iterations:1/repeats:5/manual_time_mean                     1925384028 ns      1262132 ns            5 bytes_per_second=1.11035Mi/s grouped_requests=8.192k items_per_second=4.28048k/s max_group_requests=8 max_writer_queue_depth=7 operations=8.192k ops_per_second=4.28048k/s physical_groups=3.055k put_p50_us=937.536 put_p95_us=1.81521k put_p99_us=2.15019k wal_syncs=3.055k wal_syncs_per_write=0.372925 writer_count=8 writer_queue_wait_us=9.44398M
TinyLSM/GroupCommitOn8Writers/iterations:1/repeats:5/manual_time_median                   1833693294 ns      1229039 ns            5 bytes_per_second=1.15886Mi/s grouped_requests=8.192k items_per_second=4.46749k/s max_group_requests=8 max_writer_queue_depth=7 operations=8.192k ops_per_second=4.46749k/s physical_groups=3.048k put_p50_us=900.476 put_p95_us=1.52245k put_p99_us=1.62324k wal_syncs=3.048k wal_syncs_per_write=0.37207 writer_count=8 writer_queue_wait_us=8.91491M
TinyLSM/GroupCommitOn8Writers/iterations:1/repeats:5/manual_time_stddev                    174989888 ns       196486 ns            5 bytes_per_second=94.1371Ki/s grouped_requests=68.2394u items_per_second=354.398/s max_group_requests=66.64n max_writer_queue_depth=58.31n operations=68.2394u ops_per_second=354.398/s physical_groups=12.4097 put_p50_us=77.043 put_p95_us=666.449 put_p99_us=1.16833k wal_syncs=12.4097 wal_syncs_per_write=1.51485m writer_count=66.64n writer_queue_wait_us=1.12643M
TinyLSM/GroupCommitOn8Writers/iterations:1/repeats:5/manual_time_cv                             9.09 %         15.57 %             5 bytes_per_second=8.28% grouped_requests=0.00% items_per_second=8.28% max_group_requests=0.00% max_writer_queue_depth=0.00% operations=0.00% ops_per_second=8.28% physical_groups=0.41% put_p50_us=8.22% put_p95_us=36.71% put_p99_us=54.34% wal_syncs=0.41% wal_syncs_per_write=0.41% writer_count=0.00% writer_queue_wait_us=11.93%
TinyLSM/SstableDataBlockLookupV2PrefixRestart64/iterations:1/repeats:5/manual_time_mean    189213938 ns    187689182 ns            5 block_bytes=15.745k bytes_per_entry=123.008 bytes_per_second=1.33071Mi/s items_per_second=10.5708k/s operations=2k ops_per_second=10.5708k/s restart_interval=64
TinyLSM/SstableDataBlockLookupV2PrefixRestart64/iterations:1/repeats:5/manual_time_median  189723095 ns    187456457 ns            5 block_bytes=15.745k bytes_per_entry=123.008 bytes_per_second=1.32704Mi/s items_per_second=10.5417k/s operations=2k ops_per_second=10.5417k/s restart_interval=64
TinyLSM/SstableDataBlockLookupV2PrefixRestart64/iterations:1/repeats:5/manual_time_stddev    1808232 ns       841147 ns            5 block_bytes=131.156u bytes_per_entry=1.02466u bytes_per_second=13.019Ki/s items_per_second=100.996/s operations=16.66u ops_per_second=100.996/s restart_interval=533.12n
TinyLSM/SstableDataBlockLookupV2PrefixRestart64/iterations:1/repeats:5/manual_time_cv           0.96 %          0.45 %             5 block_bytes=0.00% bytes_per_entry=0.00% bytes_per_second=0.96% items_per_second=0.96% operations=0.00% ops_per_second=0.96% restart_interval=0.00%
TinyLSM/SstableDataBlockLookupV2PrefixRestart16/iterations:1/repeats:5/manual_time_mean    191434822 ns    189743366 ns            5 block_bytes=16.056k bytes_per_entry=125.438 bytes_per_second=1.31522Mi/s items_per_second=10.4478k/s operations=2k ops_per_second=10.4478k/s restart_interval=16
TinyLSM/SstableDataBlockLookupV2PrefixRestart16/iterations:1/repeats:5/manual_time_median  191560348 ns    189607124 ns            5 block_bytes=16.056k bytes_per_entry=125.438 bytes_per_second=1.31431Mi/s items_per_second=10.4406k/s operations=2k ops_per_second=10.4406k/s restart_interval=16
TinyLSM/SstableDataBlockLookupV2PrefixRestart16/iterations:1/repeats:5/manual_time_stddev    1280211 ns       299183 ns            5 block_bytes=133.747u bytes_per_entry=1.04489u bytes_per_second=9.00897Ki/s items_per_second=69.8878/s operations=16.66u ops_per_second=69.8878/s restart_interval=133.28n
TinyLSM/SstableDataBlockLookupV2PrefixRestart16/iterations:1/repeats:5/manual_time_cv           0.67 %          0.16 %             5 block_bytes=0.00% bytes_per_entry=0.00% bytes_per_second=0.67% items_per_second=0.67% operations=0.00% ops_per_second=0.67% restart_interval=0.00%
TinyLSM/SnapshotRetentionHeld60s/iterations:1/repeats:5/manual_time_mean                    43581714 ns     56028714 ns            5 active_snapshots=1 bytes_per_second=35.5438Mi/s items_per_second=321.296k/s live_sstable_bytes=1.7499M operations=14k ops_per_second=321.296k/s overwrite_generations=6 retained_bytes=1.62405M retained_versions=14.005k
TinyLSM/SnapshotRetentionHeld60s/iterations:1/repeats:5/manual_time_median                  43758687 ns     55874543 ns            5 active_snapshots=1 bytes_per_second=35.3934Mi/s items_per_second=319.936k/s live_sstable_bytes=1.7499M operations=14k ops_per_second=319.936k/s overwrite_generations=6 retained_bytes=1.62405M retained_versions=14.005k
TinyLSM/SnapshotRetentionHeld60s/iterations:1/repeats:5/manual_time_stddev                    667327 ns      1038823 ns            5 active_snapshots=8.33n bytes_per_second=559.286Ki/s items_per_second=4.93715k/s live_sstable_bytes=0.0145767 operations=116.62u ops_per_second=4.93715k/s overwrite_generations=49.98n retained_bytes=0.0135283 retained_versions=116.662u
TinyLSM/SnapshotRetentionHeld60s/iterations:1/repeats:5/manual_time_cv                          1.53 %          1.85 %             5 active_snapshots=0.00% bytes_per_second=1.54% items_per_second=1.54% live_sstable_bytes=0.00% operations=0.00% ops_per_second=1.54% overwrite_generations=0.00% retained_bytes=0.00% retained_versions=0.00%
TinyLSM/GroupCommitOff8Writers/iterations:1/repeats:5/manual_time_mean                    4272343696 ns      1114926 ns            5 bytes_per_second=509.477Ki/s grouped_requests=8.192k items_per_second=1.91803k/s max_group_requests=1 max_writer_queue_depth=7 operations=8.192k ops_per_second=1.91803k/s physical_groups=8.192k put_p50_us=2.96534k put_p95_us=5.24636k put_p99_us=5.61405k wal_syncs=8.192k wal_syncs_per_write=1 writer_count=8 writer_queue_wait_us=28.3086M
TinyLSM/GroupCommitOff8Writers/iterations:1/repeats:5/manual_time_median                  4230021533 ns      1021377 ns            5 bytes_per_second=514.418Ki/s grouped_requests=8.192k items_per_second=1.93663k/s max_group_requests=1 max_writer_queue_depth=7 operations=8.192k ops_per_second=1.93663k/s physical_groups=8.192k put_p50_us=2.96598k put_p95_us=5.20041k put_p99_us=5.50716k wal_syncs=8.192k wal_syncs_per_write=1 writer_count=8 writer_queue_wait_us=28.0647M
TinyLSM/GroupCommitOff8Writers/iterations:1/repeats:5/manual_time_stddev                    83463280 ns       251015 ns            5 bytes_per_second=9.90652Ki/s grouped_requests=68.2394u items_per_second=37.2951/s max_group_requests=8.33n max_writer_queue_depth=58.31n operations=68.2394u ops_per_second=37.2951/s physical_groups=68.2394u put_p50_us=46.8207 put_p95_us=87.8996 put_p99_us=196.765 wal_syncs=68.2394u wal_syncs_per_write=8.33n writer_count=66.64n writer_queue_wait_us=597.619k
TinyLSM/GroupCommitOff8Writers/iterations:1/repeats:5/manual_time_cv                            1.95 %         22.51 %             5 bytes_per_second=1.94% grouped_requests=0.00% items_per_second=1.94% max_group_requests=0.00% max_writer_queue_depth=0.00% operations=0.00% ops_per_second=1.94% physical_groups=0.00% put_p50_us=1.58% put_p95_us=1.68% put_p99_us=3.50% wal_syncs=0.00% wal_syncs_per_write=0.00% writer_count=0.00% writer_queue_wait_us=2.11%
TinyLSM/SstableDataBlockLookupV1Random/iterations:1/repeats:5/manual_time_mean             223655915 ns    220467074 ns            5 block_bytes=17.672k bytes_per_entry=138.062 bytes_per_second=1.1257Mi/s items_per_second=8.94231k/s operations=2k ops_per_second=8.94231k/s restart_interval=0
TinyLSM/SstableDataBlockLookupV1Random/iterations:1/repeats:5/manual_time_median           223763674 ns    220730999 ns            5 block_bytes=17.672k bytes_per_entry=138.062 bytes_per_second=1.12516Mi/s items_per_second=8.938k/s operations=2k ops_per_second=8.938k/s restart_interval=0
TinyLSM/SstableDataBlockLookupV1Random/iterations:1/repeats:5/manual_time_stddev              213965 ns       891462 ns            5 block_bytes=147.208u bytes_per_entry=1.15006u bytes_per_second=1.10309Ki/s items_per_second=8.55734/s operations=16.66u ops_per_second=8.55734/s restart_interval=0
TinyLSM/SstableDataBlockLookupV1Random/iterations:1/repeats:5/manual_time_cv                    0.10 %          0.40 %             5 block_bytes=0.00% bytes_per_entry=0.00% bytes_per_second=0.10% items_per_second=0.10% operations=0.00% ops_per_second=0.10% restart_interval=0.00%
TinyLSM/GroupCommitOn4Writers/iterations:1/repeats:5/manual_time_mean                     3397903944 ns      1076717 ns            5 bytes_per_second=641.017Ki/s grouped_requests=8.192k items_per_second=2.41324k/s max_group_requests=8 max_writer_queue_depth=3 operations=8.192k ops_per_second=2.41324k/s physical_groups=5.9186k put_p50_us=840.999 put_p95_us=1.41573k put_p99_us=1.51848k wal_syncs=5.9186k wal_syncs_per_write=0.722485 writer_count=4 writer_queue_wait_us=9.21635M
TinyLSM/GroupCommitOn4Writers/iterations:1/repeats:5/manual_time_median                   3368048396 ns      1000124 ns            5 bytes_per_second=646.071Ki/s grouped_requests=8.192k items_per_second=2.43227k/s max_group_requests=8 max_writer_queue_depth=3 operations=8.192k ops_per_second=2.43227k/s physical_groups=6.003k put_p50_us=835.355 put_p95_us=1.40305k put_p99_us=1.52573k wal_syncs=6.003k wal_syncs_per_write=0.732788 writer_count=4 writer_queue_wait_us=9.36228M
TinyLSM/GroupCommitOn4Writers/iterations:1/repeats:5/manual_time_stddev                    117936773 ns       190762 ns            5 bytes_per_second=22.4307Ki/s grouped_requests=68.2394u items_per_second=84.4452/s max_group_requests=66.64n max_writer_queue_depth=24.99n operations=68.2394u ops_per_second=84.4452/s physical_groups=223.789 put_p50_us=25.1547 put_p95_us=56.5311 put_p99_us=59.5961 wal_syncs=223.789 wal_syncs_per_write=0.0273179 writer_count=33.32n writer_queue_wait_us=298.102k
TinyLSM/GroupCommitOn4Writers/iterations:1/repeats:5/manual_time_cv                             3.47 %         17.72 %             5 bytes_per_second=3.50% grouped_requests=0.00% items_per_second=3.50% max_group_requests=0.00% max_writer_queue_depth=0.00% operations=0.00% ops_per_second=3.50% physical_groups=3.78% put_p50_us=2.99% put_p95_us=3.99% put_p99_us=3.92% wal_syncs=3.78% wal_syncs_per_write=3.78% writer_count=0.00% writer_queue_wait_us=3.23%
TinyLSM/SnapshotMaterializedScan100K/iterations:1/repeats:5/manual_time_mean               137923872 ns    270563957 ns            5 bytes_per_second=802.278Mi/s first_result_ns=12.0844M items_per_second=7.25215M/s operations=1M ops_per_second=7.25215M/s peak_rss_kb=714.641k snapshot_sequence=100k
TinyLSM/SnapshotMaterializedScan100K/iterations:1/repeats:5/manual_time_median             137637587 ns    270868292 ns            5 bytes_per_second=803.75Mi/s first_result_ns=12.0285M items_per_second=7.26546M/s operations=1M ops_per_second=7.26546M/s peak_rss_kb=1.03284M snapshot_sequence=100k
TinyLSM/SnapshotMaterializedScan100K/iterations:1/repeats:5/manual_time_stddev               2420683 ns      6503828 ns            5 bytes_per_second=13.9662Mi/s first_result_ns=213.418k items_per_second=126.247k/s operations=8.33m ops_per_second=126.247k/s peak_rss_kb=465.945k snapshot_sequence=833u
TinyLSM/SnapshotMaterializedScan100K/iterations:1/repeats:5/manual_time_cv                      1.76 %          2.40 %             5 bytes_per_second=1.74% first_result_ns=1.77% items_per_second=1.74% operations=0.00% ops_per_second=1.74% peak_rss_kb=65.20% snapshot_sequence=0.00%
TinyLSM/GroupCommitOn16Writers/iterations:1/repeats:5/manual_time_mean                     972928523 ns      1290192 ns            5 bytes_per_second=2.18857Mi/s grouped_requests=8.192k items_per_second=8.43706k/s max_group_requests=8 max_writer_queue_depth=15 operations=8.192k ops_per_second=8.43706k/s physical_groups=1.534k put_p50_us=1.00477k put_p95_us=1.84413k put_p99_us=2.3616k wal_syncs=1.534k wal_syncs_per_write=0.187256 writer_count=16 writer_queue_wait_us=9.32365M
TinyLSM/GroupCommitOn16Writers/iterations:1/repeats:5/manual_time_median                   943430900 ns      1212794 ns            5 bytes_per_second=2.25242Mi/s grouped_requests=8.192k items_per_second=8.6832k/s max_group_requests=8 max_writer_queue_depth=15 operations=8.192k ops_per_second=8.6832k/s physical_groups=1.534k put_p50_us=1.01142k put_p95_us=1.55237k put_p99_us=1.76766k wal_syncs=1.534k wal_syncs_per_write=0.187256 writer_count=16 writer_queue_wait_us=8.91908M
TinyLSM/GroupCommitOn16Writers/iterations:1/repeats:5/manual_time_stddev                    49731093 ns       244050 ns            5 bytes_per_second=111.271Ki/s grouped_requests=68.2394u items_per_second=418.904/s max_group_requests=66.64n max_writer_queue_depth=124.95n operations=68.2394u ops_per_second=418.904/s physical_groups=1.22474 put_p50_us=27.1277 put_p95_us=584.376 put_p99_us=978.814 wal_syncs=1.22474 wal_syncs_per_write=149.505u writer_count=133.28n writer_queue_wait_us=647.922k
TinyLSM/GroupCommitOn16Writers/iterations:1/repeats:5/manual_time_cv                            5.11 %         18.92 %             5 bytes_per_second=4.97% grouped_requests=0.00% items_per_second=4.97% max_group_requests=0.00% max_writer_queue_depth=0.00% operations=0.00% ops_per_second=4.97% physical_groups=0.08% put_p50_us=2.70% put_p95_us=31.69% put_p99_us=41.45% wal_syncs=0.08% wal_syncs_per_write=0.08% writer_count=0.00% writer_queue_wait_us=6.95%
TinyLSM/GroupCommitOff4Writers/iterations:1/repeats:5/manual_time_mean                    4264909902 ns      1222384 ns            5 bytes_per_second=510.276Ki/s grouped_requests=8.192k items_per_second=1.92104k/s max_group_requests=1 max_writer_queue_depth=3 operations=8.192k ops_per_second=1.92104k/s physical_groups=8.192k put_p50_us=1.0074k put_p95_us=1.96316k put_p99_us=2.12652k wal_syncs=8.192k wal_syncs_per_write=1 writer_count=4 writer_queue_wait_us=12.2639M
TinyLSM/GroupCommitOff4Writers/iterations:1/repeats:5/manual_time_median                  4266549095 ns      1004542 ns            5 bytes_per_second=510.014Ki/s grouped_requests=8.192k items_per_second=1.92005k/s max_group_requests=1 max_writer_queue_depth=3 operations=8.192k ops_per_second=1.92005k/s physical_groups=8.192k put_p50_us=1.00438k put_p95_us=1.9586k put_p99_us=2.13529k wal_syncs=8.192k wal_syncs_per_write=1 writer_count=4 writer_queue_wait_us=12.2712M
TinyLSM/GroupCommitOff4Writers/iterations:1/repeats:5/manual_time_stddev                    54094545 ns       400010 ns            5 bytes_per_second=6.47954Ki/s grouped_requests=68.2394u items_per_second=24.3935/s max_group_requests=8.33n max_writer_queue_depth=24.99n operations=68.2394u ops_per_second=24.3935/s physical_groups=68.2394u put_p50_us=17.0287 put_p95_us=15.8686 put_p99_us=29.0483 wal_syncs=68.2394u wal_syncs_per_write=8.33n writer_count=33.32n writer_queue_wait_us=216.044k
TinyLSM/GroupCommitOff4Writers/iterations:1/repeats:5/manual_time_cv                            1.27 %         32.72 %             5 bytes_per_second=1.27% grouped_requests=0.00% items_per_second=1.27% max_group_requests=0.00% max_writer_queue_depth=0.00% operations=0.00% ops_per_second=1.27% physical_groups=0.00% put_p50_us=1.69% put_p95_us=0.81% put_p99_us=1.37% wal_syncs=0.00% wal_syncs_per_write=0.00% writer_count=0.00% writer_queue_wait_us=1.76%
TinyLSM/SnapshotIterator10K/iterations:1/repeats:5/manual_time_mean                          9671040 ns     23270383 ns            5 bytes_per_second=1.11783Gi/s first_result_ns=315.846k items_per_second=10.3471M/s operations=100k ops_per_second=10.3471M/s peak_rss_kb=947.811k snapshot_sequence=10k
TinyLSM/SnapshotIterator10K/iterations:1/repeats:5/manual_time_median                        9594910 ns     22858833 ns            5 bytes_per_second=1.12595Gi/s first_result_ns=309.814k items_per_second=10.4222M/s operations=100k ops_per_second=10.4222M/s peak_rss_kb=1.0388M snapshot_sequence=10k
TinyLSM/SnapshotIterator10K/iterations:1/repeats:5/manual_time_stddev                         282184 ns      1122515 ns            5 bytes_per_second=32.7304Mi/s first_result_ns=18.1003k items_per_second=295.865k/s operations=833u ops_per_second=295.865k/s peak_rss_kb=237.325k snapshot_sequence=83.3u
TinyLSM/SnapshotIterator10K/iterations:1/repeats:5/manual_time_cv                               2.92 %          4.82 %             5 bytes_per_second=2.86% first_result_ns=5.73% items_per_second=2.86% operations=0.00% ops_per_second=2.86% peak_rss_kb=25.04% snapshot_sequence=0.00%
TinyLSM/SnapshotRetentionHeld10s/iterations:1/repeats:5/manual_time_mean                    17638955 ns     16102526 ns            5 active_snapshots=1 bytes_per_second=25.3697Mi/s items_per_second=229.328k/s live_sstable_bytes=501.444k operations=4k ops_per_second=229.328k/s overwrite_generations=1 retained_bytes=464k retained_versions=4k
TinyLSM/SnapshotRetentionHeld10s/iterations:1/repeats:5/manual_time_median                  16728758 ns     16121291 ns            5 active_snapshots=1 bytes_per_second=26.4517Mi/s items_per_second=239.109k/s live_sstable_bytes=501.444k operations=4k ops_per_second=239.109k/s overwrite_generations=1 retained_bytes=464k retained_versions=4k
TinyLSM/SnapshotRetentionHeld10s/iterations:1/repeats:5/manual_time_stddev                   2249164 ns       292548 ns            5 active_snapshots=8.33n bytes_per_second=2.77492Mi/s items_per_second=25.0837k/s live_sstable_bytes=4.17703m operations=33.32u ops_per_second=25.0837k/s overwrite_generations=8.33n retained_bytes=3.86512m retained_versions=33.32u
TinyLSM/SnapshotRetentionHeld10s/iterations:1/repeats:5/manual_time_cv                         12.75 %          1.82 %             5 active_snapshots=0.00% bytes_per_second=10.94% items_per_second=10.94% live_sstable_bytes=0.00% operations=0.00% ops_per_second=10.94% overwrite_generations=0.00% retained_bytes=0.00% retained_versions=0.00%
	Command being timed: "./run benchmark -- --benchmark_filter=^TinyLSM/(Snapshot(MaterializedScan|Iterator|RetentionHeld|RetentionReleased|WriterOverlap)|SstableDataBlock(Encode|Lookup)|GroupCommit(On|Off)) --benchmark_out=/home/tina.guest/tinylsm-perf-results/20260909-full-run-v2/run1/next-goals.json --benchmark_out_format=json --benchmark_report_aggregates_only=true --benchmark_display_aggregates_only=true --benchmark_enable_random_interleaving=true"
	User time (seconds): 2525.75
	System time (seconds): 64.31
	Percent of CPU this job got: 129%
	Elapsed (wall clock) time (h:mm:ss or m:ss): 33:18.90
	Average shared text size (kbytes): 0
	Average unshared data size (kbytes): 0
	Average stack size (kbytes): 0
	Average total size (kbytes): 0
	Maximum resident set size (kbytes): 1130496
	Average resident set size (kbytes): 0
	Major (requiring I/O) page faults: 1
	Minor (reclaiming a frame) page faults: 36586436
	Voluntary context switches: 1051588
	Involuntary context switches: 190871
	Swaps: 0
	File system inputs: 288
	File system outputs: 7359984
	Socket messages sent: 0
	Socket messages received: 0
	Signals delivered: 0
	Page size (bytes): 4096
	Exit status: 0
