+ cmake --preset benchmark
Preset CMake variables:

  BUILD_TESTING:BOOL="FALSE"
  CMAKE_BUILD_TYPE="Release"
  CMAKE_EXPORT_COMPILE_COMMANDS:BOOL="TRUE"
  TINYLSM_BENCHMARK_LEVELDB:BOOL="TRUE"
  TINYLSM_BUILD_BENCHMARKS:BOOL="TRUE"
  TINYLSM_BUILD_TOOLS:BOOL="FALSE"

-- The C compiler identification is GNU 13.3.0
-- Detecting C compiler ABI info
-- Detecting C compiler ABI info - done
-- Check for working C compiler: /usr/bin/cc - skipped
-- Detecting C compile features
-- Detecting C compile features - done
-- 
-- 29.3.0
-- Performing Test protobuf_HAVE_LD_VERSION_SCRIPT
-- Performing Test protobuf_HAVE_LD_VERSION_SCRIPT - Success
-- Performing Test CMAKE_HAVE_LIBC_PTHREAD
-- Performing Test CMAKE_HAVE_LIBC_PTHREAD - Success
-- Found Threads: TRUE  
-- Found ZLIB: /usr/lib/aarch64-linux-gnu/libz.so (found version "1.3")  
-- Performing Test protobuf_HAVE_BUILTIN_ATOMICS
-- Performing Test protobuf_HAVE_BUILTIN_ATOMICS - Success
-- Performing Test ABSL_INTERNAL_AT_LEAST_CXX17
-- Performing Test ABSL_INTERNAL_AT_LEAST_CXX17 - Success
-- Performing Test ABSL_INTERNAL_AT_LEAST_CXX20
-- Performing Test ABSL_INTERNAL_AT_LEAST_CXX20 - Success
-- Found Git: /usr/bin/git (found version "2.43.0") 
-- Google Benchmark version: v1.9.5, normalized to 1.9.5
-- Looking for shm_open in rt
-- Looking for shm_open in rt - found
-- Performing Test HAVE_CXX_FLAG_WALL
-- Performing Test HAVE_CXX_FLAG_WALL - Success
-- Performing Test HAVE_CXX_FLAG_WEXTRA
-- Performing Test HAVE_CXX_FLAG_WEXTRA - Success
-- Performing Test HAVE_CXX_FLAG_WSHADOW
-- Performing Test HAVE_CXX_FLAG_WSHADOW - Success
-- Performing Test HAVE_CXX_FLAG_WFLOAT_EQUAL
-- Performing Test HAVE_CXX_FLAG_WFLOAT_EQUAL - Success
-- Performing Test HAVE_CXX_FLAG_WOLD_STYLE_CAST
-- Performing Test HAVE_CXX_FLAG_WOLD_STYLE_CAST - Success
-- Performing Test HAVE_CXX_FLAG_WCONVERSION
-- Performing Test HAVE_CXX_FLAG_WCONVERSION - Success
-- Performing Test HAVE_CXX_FLAG_WFORMAT_2
-- Performing Test HAVE_CXX_FLAG_WFORMAT_2 - Success
-- Performing Test HAVE_CXX_FLAG_WERROR
-- Performing Test HAVE_CXX_FLAG_WERROR - Success
-- Performing Test HAVE_CXX_FLAG_WSUGGEST_OVERRIDE
-- Performing Test HAVE_CXX_FLAG_WSUGGEST_OVERRIDE - Success
-- Performing Test HAVE_CXX_FLAG_PEDANTIC
-- Performing Test HAVE_CXX_FLAG_PEDANTIC - Success
-- Performing Test HAVE_CXX_FLAG_PEDANTIC_ERRORS
-- Performing Test HAVE_CXX_FLAG_PEDANTIC_ERRORS - Success
-- Performing Test HAVE_CXX_FLAG_WSHORTEN_64_TO_32
-- Performing Test HAVE_CXX_FLAG_WSHORTEN_64_TO_32 - Failed
-- Performing Test HAVE_CXX_FLAG_FSTRICT_ALIASING
-- Performing Test HAVE_CXX_FLAG_FSTRICT_ALIASING - Success
-- Performing Test HAVE_CXX_FLAG_WNO_DEPRECATED_DECLARATIONS
-- Performing Test HAVE_CXX_FLAG_WNO_DEPRECATED_DECLARATIONS - Success
-- Performing Test HAVE_CXX_FLAG_WNO_DEPRECATED
-- Performing Test HAVE_CXX_FLAG_WNO_DEPRECATED - Success
-- Performing Test HAVE_CXX_FLAG_WSTRICT_ALIASING
-- Performing Test HAVE_CXX_FLAG_WSTRICT_ALIASING - Success
-- Performing Test HAVE_CXX_FLAG_WTHREAD_SAFETY
-- Performing Test HAVE_CXX_FLAG_WTHREAD_SAFETY - Failed
-- Performing Test HAVE_CXX_FLAG_COVERAGE
-- Performing Test HAVE_CXX_FLAG_COVERAGE - Success
-- Performing Test STD_REGEX -- success
-- Performing Test STEADY_CLOCK -- success
-- Performing Test PTHREAD_AFFINITY -- success
-- Looking for unistd.h
-- Looking for unistd.h - found
-- Looking for crc32c_value in crc32c
-- Looking for crc32c_value in crc32c - not found
-- Looking for snappy_compress in snappy
-- Looking for snappy_compress in snappy - not found
-- Looking for malloc in tcmalloc
-- Looking for malloc in tcmalloc - not found
-- Looking for fdatasync
-- Looking for fdatasync - found
-- Looking for F_FULLFSYNC
-- Looking for F_FULLFSYNC - not found
-- Looking for O_CLOEXEC
-- Looking for O_CLOEXEC - found
-- Performing Test HAVE_CLANG_THREAD_SAFETY
-- Performing Test HAVE_CLANG_THREAD_SAFETY - Failed
-- Performing Test LEVELDB_HAVE_NO_MISSING_FIELD_INITIALIZERS
-- Performing Test LEVELDB_HAVE_NO_MISSING_FIELD_INITIALIZERS - Success
-- Performing Test HAVE_CXX17_HAS_INCLUDE
-- Performing Test HAVE_CXX17_HAS_INCLUDE - Success
-- Configuring done (22.9s)
-- Generating done (0.0s)
-- Build files have been written to: /home/tina.guest/tinylsm-post-opt-source/tinylsm/build/benchmark
+ cmake --build --preset benchmark
[1/665] Building CXX object _deps/protobuf-build/CMakeFiles/libprotobuf-lite.dir/src/google/protobuf/arenaz_sampler.cc.o
[2/665] Building CXX object _deps/protobuf-build/CMakeFiles/libprotobuf-lite.dir/src/google/protobuf/arena_align.cc.o
[3/665] Building CXX object _deps/protobuf-build/CMakeFiles/libprotobuf-lite.dir/src/google/protobuf/arena.cc.o
In file included from /home/tina.guest/tinylsm-post-opt-source/tinylsm/build/benchmark/_deps/protobuf-src/src/google/protobuf/arena.h:38,
                 from /home/tina.guest/tinylsm-post-opt-source/tinylsm/build/benchmark/_deps/protobuf-src/src/google/protobuf/arena.cc:8:
/home/tina.guest/tinylsm-post-opt-source/tinylsm/build/benchmark/_deps/protobuf-src/src/google/protobuf/port.h: In function ‘void google::protobuf::internal::AssertDownCast(From*)’:
/home/tina.guest/tinylsm-post-opt-source/tinylsm/build/benchmark/_deps/protobuf-src/src/google/protobuf/port.h:181:5: warning: testing if a concept-id is a valid expression; add ‘requires’ to check satisfaction [-Wmissing-requires]
  181 |     std::derived_from<std::remove_pointer_t<To>,
      |     ^
      |     requires 
[4/665] Building CXX object _deps/protobuf-build/CMakeFiles/libprotobuf-lite.dir/src/google/protobuf/any_lite.cc.o
In file included from /home/tina.guest/tinylsm-post-opt-source/tinylsm/build/benchmark/_deps/protobuf-src/src/google/protobuf/any.h:14,
                 from /home/tina.guest/tinylsm-post-opt-source/tinylsm/build/benchmark/_deps/protobuf-src/src/google/protobuf/any_lite.cc:15:
/home/tina.guest/tinylsm-post-opt-source/tinylsm/build/benchmark/_deps/protobuf-src/src/google/protobuf/port.h: In function ‘void google::protobuf::internal::AssertDownCast(From*)’:
/home/tina.guest/tinylsm-post-opt-source/tinylsm/build/benchmark/_deps/protobuf-src/src/google/protobuf/port.h:181:5: warning: testing if a concept-id is a valid expression; add ‘requires’ to check satisfaction [-Wmissing-requires]
  181 |     std::derived_from<std::remove_pointer_t<To>,
      |     ^
      |     requires 
[5/665] Building CXX object _deps/protobuf-build/CMakeFiles/libprotobuf-lite.dir/src/google/protobuf/arenastring.cc.o
In file included from /home/tina.guest/tinylsm-post-opt-source/tinylsm/build/benchmark/_deps/protobuf-src/src/google/protobuf/arena.h:38,
                 from /home/tina.guest/tinylsm-post-opt-source/tinylsm/build/benchmark/_deps/protobuf-src/src/google/protobuf/arenastring.h:19,
                 from /home/tina.guest/tinylsm-post-opt-source/tinylsm/build/benchmark/_deps/protobuf-src/src/google/protobuf/arenastring.cc:8:
/home/tina.guest/tinylsm-post-opt-source/tinylsm/build/benchmark/_deps/protobuf-src/src/google/protobuf/port.h: In function ‘void google::protobuf::internal::AssertDownCast(From*)’:
/home/tina.guest/tinylsm-post-opt-source/tinylsm/build/benchmark/_deps/protobuf-src/src/google/protobuf/port.h:181:5: warning: testing if a concept-id is a valid expression; add ‘requires’ to check satisfaction [-Wmissing-requires]
  181 |     std::derived_from<std::remove_pointer_t<To>,
      |     ^
      |     requires 
[6/665] Building CXX object _deps/protobuf-build/CMakeFiles/libprotobuf-lite.dir/src/google/protobuf/generated_enum_util.cc.o
In file included from /home/tina.guest/tinylsm-post-opt-source/tinylsm/build/benchmark/_deps/protobuf-src/src/google/protobuf/arena.h:38,
                 from /home/tina.guest/tinylsm-post-opt-source/tinylsm/build/benchmark/_deps/protobuf-src/src/google/protobuf/message_lite.h:34,
                 from /home/tina.guest/tinylsm-post-opt-source/tinylsm/build/benchmark/_deps/protobuf-src/src/google/protobuf/generated_enum_util.h:20,
                 from /home/tina.guest/tinylsm-post-opt-source/tinylsm/build/benchmark/_deps/protobuf-src/src/google/protobuf/generated_enum_util.cc:8:
/home/tina.guest/tinylsm-post-opt-source/tinylsm/build/benchmark/_deps/protobuf-src/src/google/protobuf/port.h: In function ‘void google::protobuf::internal::AssertDownCast(From*)’:
/home/tina.guest/tinylsm-post-opt-source/tinylsm/build/benchmark/_deps/protobuf-src/src/google/protobuf/port.h:181:5: warning: testing if a concept-id is a valid expression; add ‘requires’ to check satisfaction [-Wmissing-requires]
  181 |     std::derived_from<std::remove_pointer_t<To>,
      |     ^
      |     requires 
[7/665] Building CXX object _deps/protobuf-build/CMakeFiles/libprotobuf-lite.dir/src/google/protobuf/implicit_weak_message.cc.o
In file included from /home/tina.guest/tinylsm-post-opt-source/tinylsm/build/benchmark/_deps/protobuf-src/src/google/protobuf/arena.h:38,
                 from /home/tina.guest/tinylsm-post-opt-source/tinylsm/build/benchmark/_deps/protobuf-src/src/google/protobuf/implicit_weak_message.h:14,
                 from /home/tina.guest/tinylsm-post-opt-source/tinylsm/build/benchmark/_deps/protobuf-src/src/google/protobuf/implicit_weak_message.cc:8:
/home/tina.guest/tinylsm-post-opt-source/tinylsm/build/benchmark/_deps/protobuf-src/src/google/protobuf/port.h: In function ‘void google::protobuf::internal::AssertDownCast(From*)’:
/home/tina.guest/tinylsm-post-opt-source/tinylsm/build/benchmark/_deps/protobuf-src/src/google/protobuf/port.h:181:5: warning: testing if a concept-id is a valid expression; add ‘requires’ to check satisfaction [-Wmissing-requires]
  181 |     std::derived_from<std::remove_pointer_t<To>,
      |     ^
      |     requires 
[8/665] Building CXX object _deps/protobuf-build/CMakeFiles/libprotobuf-lite.dir/src/google/protobuf/io/io_win32.cc.o
[9/665] Building CXX object _deps/protobuf-build/CMakeFiles/libprotobuf-lite.dir/src/google/protobuf/generated_message_util.cc.o
In file included from /home/tina.guest/tinylsm-post-opt-source/tinylsm/build/benchmark/_deps/protobuf-src/src/google/protobuf/any.h:14,
                 from /home/tina.guest/tinylsm-post-opt-source/tinylsm/build/benchmark/_deps/protobuf-src/src/google/protobuf/generated_message_util.h:36,
                 from /home/tina.guest/tinylsm-post-opt-source/tinylsm/build/benchmark/_deps/protobuf-src/src/google/protobuf/generated_message_util.cc:12:
/home/tina.guest/tinylsm-post-opt-source/tinylsm/build/benchmark/_deps/protobuf-src/src/google/protobuf/port.h: In function ‘void google::protobuf::internal::AssertDownCast(From*)’:
/home/tina.guest/tinylsm-post-opt-source/tinylsm/build/benchmark/_deps/protobuf-src/src/google/protobuf/port.h:181:5: warning: testing if a concept-id is a valid expression; add ‘requires’ to check satisfaction [-Wmissing-requires]
  181 |     std::derived_from<std::remove_pointer_t<To>,
      |     ^
      |     requires 
[10/665] Building CXX object _deps/protobuf-build/CMakeFiles/libprotobuf-lite.dir/src/google/protobuf/inlined_string_field.cc.o
In file included from /home/tina.guest/tinylsm-post-opt-source/tinylsm/build/benchmark/_deps/protobuf-src/src/google/protobuf/arena.h:38,
                 from /home/tina.guest/tinylsm-post-opt-source/tinylsm/build/benchmark/_deps/protobuf-src/src/google/protobuf/arenastring.h:19,
                 from /home/tina.guest/tinylsm-post-opt-source/tinylsm/build/benchmark/_deps/protobuf-src/src/google/protobuf/inlined_string_field.h:16,
                 from /home/tina.guest/tinylsm-post-opt-source/tinylsm/build/benchmark/_deps/protobuf-src/src/google/protobuf/inlined_string_field.cc:8:
/home/tina.guest/tinylsm-post-opt-source/tinylsm/build/benchmark/_deps/protobuf-src/src/google/protobuf/port.h: In function ‘void google::protobuf::internal::AssertDownCast(From*)’:
/home/tina.guest/tinylsm-post-opt-source/tinylsm/build/benchmark/_deps/protobuf-src/src/google/protobuf/port.h:181:5: warning: testing if a concept-id is a valid expression; add ‘requires’ to check satisfaction [-Wmissing-requires]
  181 |     std::derived_from<std::remove_pointer_t<To>,
      |     ^
      |     requires 
[11/665] Building CXX object _deps/protobuf-build/CMakeFiles/libprotobuf-lite.dir/src/google/protobuf/io/zero_copy_stream.cc.o
In file included from /home/tina.guest/tinylsm-post-opt-source/tinylsm/build/benchmark/_deps/protobuf-src/src/google/protobuf/io/zero_copy_stream.h:89,
                 from /home/tina.guest/tinylsm-post-opt-source/tinylsm/build/benchmark/_deps/protobuf-src/src/google/protobuf/io/zero_copy_stream.cc:12:
/home/tina.guest/tinylsm-post-opt-source/tinylsm/build/benchmark/_deps/protobuf-src/src/google/protobuf/port.h: In function ‘void google::protobuf::internal::AssertDownCast(From*)’:
/home/tina.guest/tinylsm-post-opt-source/tinylsm/build/benchmark/_deps/protobuf-src/src/google/protobuf/port.h:181:5: warning: testing if a concept-id is a valid expression; add ‘requires’ to check satisfaction [-Wmissing-requires]
  181 |     std::derived_from<std::remove_pointer_t<To>,
      |     ^
      |     requires 
[12/665] Building CXX object _deps/protobuf-build/CMakeFiles/libprotobuf-lite.dir/src/google/protobuf/io/zero_copy_stream_impl.cc.o
In file included from /home/tina.guest/tinylsm-post-opt-source/tinylsm/build/benchmark/_deps/protobuf-src/src/google/protobuf/io/zero_copy_stream.h:89,
                 from /home/tina.guest/tinylsm-post-opt-source/tinylsm/build/benchmark/_deps/protobuf-src/src/google/protobuf/io/zero_copy_stream_impl.h:24,
                 from /home/tina.guest/tinylsm-post-opt-source/tinylsm/build/benchmark/_deps/protobuf-src/src/google/protobuf/io/zero_copy_stream_impl.cc:28:
/home/tina.guest/tinylsm-post-opt-source/tinylsm/build/benchmark/_deps/protobuf-src/src/google/protobuf/port.h: In function ‘void google::protobuf::internal::AssertDownCast(From*)’:
/home/tina.guest/tinylsm-post-opt-source/tinylsm/build/benchmark/_deps/protobuf-src/src/google/protobuf/port.h:181:5: warning: testing if a concept-id is a valid expression; add ‘requires’ to check satisfaction [-Wmissing-requires]
  181 |     std::derived_from<std::remove_pointer_t<To>,
      |     ^
      |     requires 
[13/665] Building CXX object _deps/protobuf-build/CMakeFiles/libprotobuf-lite.dir/src/google/protobuf/io/coded_stream.cc.o
In file included from /home/tina.guest/tinylsm-post-opt-source/tinylsm/build/benchmark/_deps/protobuf-src/src/google/protobuf/arena.h:38,
                 from /home/tina.guest/tinylsm-post-opt-source/tinylsm/build/benchmark/_deps/protobuf-src/src/google/protobuf/io/coded_stream.cc:37:
/home/tina.guest/tinylsm-post-opt-source/tinylsm/build/benchmark/_deps/protobuf-src/src/google/protobuf/port.h: In function ‘void google::protobuf::internal::AssertDownCast(From*)’:
/home/tina.guest/tinylsm-post-opt-source/tinylsm/build/benchmark/_deps/protobuf-src/src/google/protobuf/port.h:181:5: warning: testing if a concept-id is a valid expression; add ‘requires’ to check satisfaction [-Wmissing-requires]
  181 |     std::derived_from<std::remove_pointer_t<To>,
      |     ^
      |     requires 
[14/665] Building CXX object _deps/protobuf-build/CMakeFiles/libprotobuf-lite.dir/src/google/protobuf/io/zero_copy_stream_impl_lite.cc.o
In file included from /home/tina.guest/tinylsm-post-opt-source/tinylsm/build/benchmark/_deps/protobuf-src/src/google/protobuf/io/zero_copy_stream.h:89,
                 from /home/tina.guest/tinylsm-post-opt-source/tinylsm/build/benchmark/_deps/protobuf-src/src/google/protobuf/io/zero_copy_stream_impl_lite.h:35,
                 from /home/tina.guest/tinylsm-post-opt-source/tinylsm/build/benchmark/_deps/protobuf-src/src/google/protobuf/io/zero_copy_stream_impl_lite.cc:12:
/home/tina.guest/tinylsm-post-opt-source/tinylsm/build/benchmark/_deps/protobuf-src/src/google/protobuf/port.h: In function ‘void google::protobuf::internal::AssertDownCast(From*)’:
/home/tina.guest/tinylsm-post-opt-source/tinylsm/build/benchmark/_deps/protobuf-src/src/google/protobuf/port.h:181:5: warning: testing if a concept-id is a valid expression; add ‘requires’ to check satisfaction [-Wmissing-requires]
  181 |     std::derived_from<std::remove_pointer_t<To>,
      |     ^
      |     requires 
[15/665] Building CXX object _deps/protobuf-build/CMakeFiles/libprotobuf-lite.dir/src/google/protobuf/extension_set.cc.o
In file included from /home/tina.guest/tinylsm-post-opt-source/tinylsm/build/benchmark/_deps/protobuf-src/src/google/protobuf/extension_set.h:36,
                 from /home/tina.guest/tinylsm-post-opt-source/tinylsm/build/benchmark/_deps/protobuf-src/src/google/protobuf/extension_set.cc:12:
/home/tina.guest/tinylsm-post-opt-source/tinylsm/build/benchmark/_deps/protobuf-src/src/google/protobuf/port.h: In function ‘void google::protobuf::internal::AssertDownCast(From*)’:
/home/tina.guest/tinylsm-post-opt-source/tinylsm/build/benchmark/_deps/protobuf-src/src/google/protobuf/port.h:181:5: warning: testing if a concept-id is a valid expression; add ‘requires’ to check satisfaction [-Wmissing-requires]
  181 |     std::derived_from<std::remove_pointer_t<To>,
      |     ^
      |     requires 
[16/665] Building CXX object _deps/protobuf-build/CMakeFiles/libprotobuf-lite.dir/src/google/protobuf/port.cc.o
In file included from /home/tina.guest/tinylsm-post-opt-source/tinylsm/build/benchmark/_deps/protobuf-src/src/google/protobuf/port.cc:8:
/home/tina.guest/tinylsm-post-opt-source/tinylsm/build/benchmark/_deps/protobuf-src/src/google/protobuf/port.h: In function ‘void google::protobuf::internal::AssertDownCast(From*)’:
/home/tina.guest/tinylsm-post-opt-source/tinylsm/build/benchmark/_deps/protobuf-src/src/google/protobuf/port.h:181:5: warning: testing if a concept-id is a valid expression; add ‘requires’ to check satisfaction [-Wmissing-requires]
  181 |     std::derived_from<std::remove_pointer_t<To>,
      |     ^
      |     requires 
[17/665] Building CXX object _deps/protobuf-build/CMakeFiles/libprotobuf-lite.dir/src/google/protobuf/raw_ptr.cc.o
[18/665] Building CXX object _deps/protobuf-build/CMakeFiles/libprotobuf-lite.dir/src/google/protobuf/generated_message_tctable_lite.cc.o
In file included from /home/tina.guest/tinylsm-post-opt-source/tinylsm/build/benchmark/_deps/protobuf-src/src/google/protobuf/arena.h:38,
                 from /home/tina.guest/tinylsm-post-opt-source/tinylsm/build/benchmark/_deps/protobuf-src/src/google/protobuf/arenastring.h:19,
                 from /home/tina.guest/tinylsm-post-opt-source/tinylsm/build/benchmark/_deps/protobuf-src/src/google/protobuf/generated_message_tctable_lite.cc:24:
/home/tina.guest/tinylsm-post-opt-source/tinylsm/build/benchmark/_deps/protobuf-src/src/google/protobuf/port.h: In function ‘void google::protobuf::internal::AssertDownCast(From*)’:
/home/tina.guest/tinylsm-post-opt-source/tinylsm/build/benchmark/_deps/protobuf-src/src/google/protobuf/port.h:181:5: warning: testing if a concept-id is a valid expression; add ‘requires’ to check satisfaction [-Wmissing-requires]
  181 |     std::derived_from<std::remove_pointer_t<To>,
      |     ^
      |     requires 
[19/665] Building CXX object _deps/protobuf-build/CMakeFiles/libprotobuf-lite.dir/src/google/protobuf/map.cc.o
In file included from /home/tina.guest/tinylsm-post-opt-source/tinylsm/build/benchmark/_deps/protobuf-src/src/google/protobuf/arena.h:38,
                 from /home/tina.guest/tinylsm-post-opt-source/tinylsm/build/benchmark/_deps/protobuf-src/src/google/protobuf/map.h:39,
                 from /home/tina.guest/tinylsm-post-opt-source/tinylsm/build/benchmark/_deps/protobuf-src/src/google/protobuf/map.cc:8:
/home/tina.guest/tinylsm-post-opt-source/tinylsm/build/benchmark/_deps/protobuf-src/src/google/protobuf/port.h: In function ‘void google::protobuf::internal::AssertDownCast(From*)’:
/home/tina.guest/tinylsm-post-opt-source/tinylsm/build/benchmark/_deps/protobuf-src/src/google/protobuf/port.h:181:5: warning: testing if a concept-id is a valid expression; add ‘requires’ to check satisfaction [-Wmissing-requires]
  181 |     std::derived_from<std::remove_pointer_t<To>,
      |     ^
      |     requires 
/home/tina.guest/tinylsm-post-opt-source/tinylsm/build/benchmark/_deps/protobuf-src/src/google/protobuf/map.cc: In lambda function:
/home/tina.guest/tinylsm-post-opt-source/tinylsm/build/benchmark/_deps/protobuf-src/src/google/protobuf/map.cc:119:23: warning: implicit capture of ‘this’ via ‘[=]’ is deprecated in C++20 [-Wdeprecated]
  119 |     const auto loop = [=](auto destroy_node) {
      |                       ^
/home/tina.guest/tinylsm-post-opt-source/tinylsm/build/benchmark/_deps/protobuf-src/src/google/protobuf/map.cc:119:23: note: add explicit ‘this’ or ‘*this’ capture
[20/665] Building CXX object _deps/protobuf-build/CMakeFiles/libprotobuf-lite.dir/src/google/protobuf/parse_context.cc.o
In file included from /home/tina.guest/tinylsm-post-opt-source/tinylsm/build/benchmark/_deps/protobuf-src/src/google/protobuf/arena.h:38,
                 from /home/tina.guest/tinylsm-post-opt-source/tinylsm/build/benchmark/_deps/protobuf-src/src/google/protobuf/parse_context.h:24,
                 from /home/tina.guest/tinylsm-post-opt-source/tinylsm/build/benchmark/_deps/protobuf-src/src/google/protobuf/parse_context.cc:8:
/home/tina.guest/tinylsm-post-opt-source/tinylsm/build/benchmark/_deps/protobuf-src/src/google/protobuf/port.h: In function ‘void google::protobuf::internal::AssertDownCast(From*)’:
/home/tina.guest/tinylsm-post-opt-source/tinylsm/build/benchmark/_deps/protobuf-src/src/google/protobuf/port.h:181:5: warning: testing if a concept-id is a valid expression; add ‘requires’ to check satisfaction [-Wmissing-requires]
  181 |     std::derived_from<std::remove_pointer_t<To>,
      |     ^
      |     requires 
[21/665] Building CXX object _deps/protobuf-build/CMakeFiles/libprotobuf-lite.dir/src/google/protobuf/repeated_field.cc.o
In file included from /home/tina.guest/tinylsm-post-opt-source/tinylsm/build/benchmark/_deps/protobuf-src/src/google/protobuf/arena.h:38,
                 from /home/tina.guest/tinylsm-post-opt-source/tinylsm/build/benchmark/_deps/protobuf-src/src/google/protobuf/repeated_field.h:40,
                 from /home/tina.guest/tinylsm-post-opt-source/tinylsm/build/benchmark/_deps/protobuf-src/src/google/protobuf/repeated_field.cc:12:
/home/tina.guest/tinylsm-post-opt-source/tinylsm/build/benchmark/_deps/protobuf-src/src/google/protobuf/port.h: In function ‘void google::protobuf::internal::AssertDownCast(From*)’:
/home/tina.guest/tinylsm-post-opt-source/tinylsm/build/benchmark/_deps/protobuf-src/src/google/protobuf/port.h:181:5: warning: testing if a concept-id is a valid expression; add ‘requires’ to check satisfaction [-Wmissing-requires]
  181 |     std::derived_from<std::remove_pointer_t<To>,
      |     ^
      |     requires 
[22/665] Building CXX object _deps/protobuf-build/CMakeFiles/libprotobuf-lite.dir/src/google/protobuf/repeated_ptr_field.cc.o
In file included from /home/tina.guest/tinylsm-post-opt-source/tinylsm/build/benchmark/_deps/protobuf-src/src/google/protobuf/arena.h:38,
                 from /home/tina.guest/tinylsm-post-opt-source/tinylsm/build/benchmark/_deps/protobuf-src/src/google/protobuf/repeated_ptr_field.h:38,
                 from /home/tina.guest/tinylsm-post-opt-source/tinylsm/build/benchmark/_deps/protobuf-src/src/google/protobuf/repeated_ptr_field.cc:12:
/home/tina.guest/tinylsm-post-opt-source/tinylsm/build/benchmark/_deps/protobuf-src/src/google/protobuf/port.h: In function ‘void google::protobuf::internal::AssertDownCast(From*)’:
/home/tina.guest/tinylsm-post-opt-source/tinylsm/build/benchmark/_deps/protobuf-src/src/google/protobuf/port.h:181:5: warning: testing if a concept-id is a valid expression; add ‘requires’ to check satisfaction [-Wmissing-requires]
  181 |     std::derived_from<std::remove_pointer_t<To>,
      |     ^
      |     requires 
[23/665] Building CXX object _deps/protobuf-build/CMakeFiles/libprotobuf-lite.dir/src/google/protobuf/message_lite.cc.o
In file included from /home/tina.guest/tinylsm-post-opt-source/tinylsm/build/benchmark/_deps/protobuf-src/src/google/protobuf/arena.h:38,
                 from /home/tina.guest/tinylsm-post-opt-source/tinylsm/build/benchmark/_deps/protobuf-src/src/google/protobuf/message_lite.h:34,
                 from /home/tina.guest/tinylsm-post-opt-source/tinylsm/build/benchmark/_deps/protobuf-src/src/google/protobuf/message_lite.cc:13:
/home/tina.guest/tinylsm-post-opt-source/tinylsm/build/benchmark/_deps/protobuf-src/src/google/protobuf/port.h: In function ‘void google::protobuf::internal::AssertDownCast(From*)’:
/home/tina.guest/tinylsm-post-opt-source/tinylsm/build/benchmark/_deps/protobuf-src/src/google/protobuf/port.h:181:5: warning: testing if a concept-id is a valid expression; add ‘requires’ to check satisfaction [-Wmissing-requires]
  181 |     std::derived_from<std::remove_pointer_t<To>,
      |     ^
      |     requires 
[24/665] Building CXX object _deps/protobuf-build/CMakeFiles/libprotobuf-lite.dir/src/google/protobuf/stubs/common.cc.o
[25/665] Building CXX object _deps/protobuf-build/CMakeFiles/libprotobuf-lite.dir/src/google/protobuf/wire_format_lite.cc.o
In file included from /home/tina.guest/tinylsm-post-opt-source/tinylsm/build/benchmark/_deps/protobuf-src/src/google/protobuf/arena.h:38,
                 from /home/tina.guest/tinylsm-post-opt-source/tinylsm/build/benchmark/_deps/protobuf-src/src/google/protobuf/arenastring.h:19,
                 from /home/tina.guest/tinylsm-post-opt-source/tinylsm/build/benchmark/_deps/protobuf-src/src/google/protobuf/wire_format_lite.h:30,
                 from /home/tina.guest/tinylsm-post-opt-source/tinylsm/build/benchmark/_deps/protobuf-src/src/google/protobuf/wire_format_lite.cc:12:
/home/tina.guest/tinylsm-post-opt-source/tinylsm/build/benchmark/_deps/protobuf-src/src/google/protobuf/port.h: In function ‘void google::protobuf::internal::AssertDownCast(From*)’:
/home/tina.guest/tinylsm-post-opt-source/tinylsm/build/benchmark/_deps/protobuf-src/src/google/protobuf/port.h:181:5: warning: testing if a concept-id is a valid expression; add ‘requires’ to check satisfaction [-Wmissing-requires]
  181 |     std::derived_from<std::remove_pointer_t<To>,
      |     ^
      |     requires 
[26/665] Building CXX object _deps/protobuf-build/CMakeFiles/libprotobuf.dir/src/google/protobuf/any.pb.cc.o
In file included from /home/tina.guest/tinylsm-post-opt-source/tinylsm/build/benchmark/_deps/protobuf-src/src/google/protobuf/arena.h:38,
                 from /home/tina.guest/tinylsm-post-opt-source/tinylsm/build/benchmark/_deps/protobuf-src/src/google/protobuf/any.pb.h:21,
                 from /home/tina.guest/tinylsm-post-opt-source/tinylsm/build/benchmark/_deps/protobuf-src/src/google/protobuf/any.pb.cc:6:
/home/tina.guest/tinylsm-post-opt-source/tinylsm/build/benchmark/_deps/protobuf-src/src/google/protobuf/port.h: In function ‘void google::protobuf::internal::AssertDownCast(From*)’:
/home/tina.guest/tinylsm-post-opt-source/tinylsm/build/benchmark/_deps/protobuf-src/src/google/protobuf/port.h:181:5: warning: testing if a concept-id is a valid expression; add ‘requires’ to check satisfaction [-Wmissing-requires]
  181 |     std::derived_from<std::remove_pointer_t<To>,
      |     ^
      |     requires 
[27/665] Building CXX object _deps/protobuf-build/CMakeFiles/libprotobuf.dir/src/google/protobuf/api.pb.cc.o
In file included from /home/tina.guest/tinylsm-post-opt-source/tinylsm/build/benchmark/_deps/protobuf-src/src/google/protobuf/arena.h:38,
                 from /home/tina.guest/tinylsm-post-opt-source/tinylsm/build/benchmark/_deps/protobuf-src/src/google/protobuf/api.pb.h:21,
                 from /home/tina.guest/tinylsm-post-opt-source/tinylsm/build/benchmark/_deps/protobuf-src/src/google/protobuf/api.pb.cc:6:
/home/tina.guest/tinylsm-post-opt-source/tinylsm/build/benchmark/_deps/protobuf-src/src/google/protobuf/port.h: In function ‘void google::protobuf::internal::AssertDownCast(From*)’:
/home/tina.guest/tinylsm-post-opt-source/tinylsm/build/benchmark/_deps/protobuf-src/src/google/protobuf/port.h:181:5: warning: testing if a concept-id is a valid expression; add ‘requires’ to check satisfaction [-Wmissing-requires]
  181 |     std::derived_from<std::remove_pointer_t<To>,
      |     ^
      |     requires 
[28/665] Building CXX object _deps/protobuf-build/CMakeFiles/libprotobuf.dir/src/google/protobuf/field_mask.pb.cc.o
In file included from /home/tina.guest/tinylsm-post-opt-source/tinylsm/build/benchmark/_deps/protobuf-src/src/google/protobuf/arena.h:38,
                 from /home/tina.guest/tinylsm-post-opt-source/tinylsm/build/benchmark/_deps/protobuf-src/src/google/protobuf/field_mask.pb.h:21,
                 from /home/tina.guest/tinylsm-post-opt-source/tinylsm/build/benchmark/_deps/protobuf-src/src/google/protobuf/field_mask.pb.cc:6:
/home/tina.guest/tinylsm-post-opt-source/tinylsm/build/benchmark/_deps/protobuf-src/src/google/protobuf/port.h: In function ‘void google::protobuf::internal::AssertDownCast(From*)’:
/home/tina.guest/tinylsm-post-opt-source/tinylsm/build/benchmark/_deps/protobuf-src/src/google/protobuf/port.h:181:5: warning: testing if a concept-id is a valid expression; add ‘requires’ to check satisfaction [-Wmissing-requires]
  181 |     std::derived_from<std::remove_pointer_t<To>,
      |     ^
      |     requires 
[29/665] Building CXX object _deps/protobuf-build/CMakeFiles/libprotobuf.dir/src/google/protobuf/duration.pb.cc.o
In file included from /home/tina.guest/tinylsm-post-opt-source/tinylsm/build/benchmark/_deps/protobuf-src/src/google/protobuf/arena.h:38,
                 from /home/tina.guest/tinylsm-post-opt-source/tinylsm/build/benchmark/_deps/protobuf-src/src/google/protobuf/duration.pb.h:21,
                 from /home/tina.guest/tinylsm-post-opt-source/tinylsm/build/benchmark/_deps/protobuf-src/src/google/protobuf/duration.pb.cc:6:
/home/tina.guest/tinylsm-post-opt-source/tinylsm/build/benchmark/_deps/protobuf-src/src/google/protobuf/port.h: In function ‘void google::protobuf::internal::AssertDownCast(From*)’:
/home/tina.guest/tinylsm-post-opt-source/tinylsm/build/benchmark/_deps/protobuf-src/src/google/protobuf/port.h:181:5: warning: testing if a concept-id is a valid expression; add ‘requires’ to check satisfaction [-Wmissing-requires]
  181 |     std::derived_from<std::remove_pointer_t<To>,
      |     ^
      |     requires 
[30/665] Building CXX object _deps/protobuf-build/CMakeFiles/libprotobuf.dir/src/google/protobuf/empty.pb.cc.o
In file included from /home/tina.guest/tinylsm-post-opt-source/tinylsm/build/benchmark/_deps/protobuf-src/src/google/protobuf/arena.h:38,
                 from /home/tina.guest/tinylsm-post-opt-source/tinylsm/build/benchmark/_deps/protobuf-src/src/google/protobuf/empty.pb.h:21,
                 from /home/tina.guest/tinylsm-post-opt-source/tinylsm/build/benchmark/_deps/protobuf-src/src/google/protobuf/empty.pb.cc:6:
/home/tina.guest/tinylsm-post-opt-source/tinylsm/build/benchmark/_deps/protobuf-src/src/google/protobuf/port.h: In function ‘void google::protobuf::internal::AssertDownCast(From*)’:
/home/tina.guest/tinylsm-post-opt-source/tinylsm/build/benchmark/_deps/protobuf-src/src/google/protobuf/port.h:181:5: warning: testing if a concept-id is a valid expression; add ‘requires’ to check satisfaction [-Wmissing-requires]
  181 |     std::derived_from<std::remove_pointer_t<To>,
      |     ^
      |     requires 
[31/665] Building CXX object _deps/protobuf-build/CMakeFiles/libprotobuf.dir/src/google/protobuf/source_context.pb.cc.o
In file included from /home/tina.guest/tinylsm-post-opt-source/tinylsm/build/benchmark/_deps/protobuf-src/src/google/protobuf/arena.h:38,
                 from /home/tina.guest/tinylsm-post-opt-source/tinylsm/build/benchmark/_deps/protobuf-src/src/google/protobuf/source_context.pb.h:21,
                 from /home/tina.guest/tinylsm-post-opt-source/tinylsm/build/benchmark/_deps/protobuf-src/src/google/protobuf/source_context.pb.cc:6:
/home/tina.guest/tinylsm-post-opt-source/tinylsm/build/benchmark/_deps/protobuf-src/src/google/protobuf/port.h: In function ‘void google::protobuf::internal::AssertDownCast(From*)’:
/home/tina.guest/tinylsm-post-opt-source/tinylsm/build/benchmark/_deps/protobuf-src/src/google/protobuf/port.h:181:5: warning: testing if a concept-id is a valid expression; add ‘requires’ to check satisfaction [-Wmissing-requires]
  181 |     std::derived_from<std::remove_pointer_t<To>,
      |     ^
      |     requires 
[32/665] Building CXX object _deps/protobuf-build/CMakeFiles/libprotobuf.dir/src/google/protobuf/timestamp.pb.cc.o
In file included from /home/tina.guest/tinylsm-post-opt-source/tinylsm/build/benchmark/_deps/protobuf-src/src/google/protobuf/arena.h:38,
                 from /home/tina.guest/tinylsm-post-opt-source/tinylsm/build/benchmark/_deps/protobuf-src/src/google/protobuf/timestamp.pb.h:21,
                 from /home/tina.guest/tinylsm-post-opt-source/tinylsm/build/benchmark/_deps/protobuf-src/src/google/protobuf/timestamp.pb.cc:6:
/home/tina.guest/tinylsm-post-opt-source/tinylsm/build/benchmark/_deps/protobuf-src/src/google/protobuf/port.h: In function ‘void google::protobuf::internal::AssertDownCast(From*)’:
/home/tina.guest/tinylsm-post-opt-source/tinylsm/build/benchmark/_deps/protobuf-src/src/google/protobuf/port.h:181:5: warning: testing if a concept-id is a valid expression; add ‘requires’ to check satisfaction [-Wmissing-requires]
  181 |     std::derived_from<std::remove_pointer_t<To>,
      |     ^
      |     requires 
[33/665] Building CXX object _deps/protobuf-build/CMakeFiles/libprotobuf.dir/src/google/protobuf/wrappers.pb.cc.o
In file included from /home/tina.guest/tinylsm-post-opt-source/tinylsm/build/benchmark/_deps/protobuf-src/src/google/protobuf/arena.h:38,
                 from /home/tina.guest/tinylsm-post-opt-source/tinylsm/build/benchmark/_deps/protobuf-src/src/google/protobuf/wrappers.pb.h:21,
                 from /home/tina.guest/tinylsm-post-opt-source/tinylsm/build/benchmark/_deps/protobuf-src/src/google/protobuf/wrappers.pb.cc:6:
/home/tina.guest/tinylsm-post-opt-source/tinylsm/build/benchmark/_deps/protobuf-src/src/google/protobuf/port.h: In function ‘void google::protobuf::internal::AssertDownCast(From*)’:
/home/tina.guest/tinylsm-post-opt-source/tinylsm/build/benchmark/_deps/protobuf-src/src/google/protobuf/port.h:181:5: warning: testing if a concept-id is a valid expression; add ‘requires’ to check satisfaction [-Wmissing-requires]
  181 |     std::derived_from<std::remove_pointer_t<To>,
      |     ^
      |     requires 
[34/665] Building CXX object _deps/protobuf-build/CMakeFiles/libprotobuf.dir/src/google/protobuf/any.cc.o
In file included from /home/tina.guest/tinylsm-post-opt-source/tinylsm/build/benchmark/_deps/protobuf-src/src/google/protobuf/any.h:14,
                 from /home/tina.guest/tinylsm-post-opt-source/tinylsm/build/benchmark/_deps/protobuf-src/src/google/protobuf/any.cc:8:
/home/tina.guest/tinylsm-post-opt-source/tinylsm/build/benchmark/_deps/protobuf-src/src/google/protobuf/port.h: In function ‘void google::protobuf::internal::AssertDownCast(From*)’:
/home/tina.guest/tinylsm-post-opt-source/tinylsm/build/benchmark/_deps/protobuf-src/src/google/protobuf/port.h:181:5: warning: testing if a concept-id is a valid expression; add ‘requires’ to check satisfaction [-Wmissing-requires]
  181 |     std::derived_from<std::remove_pointer_t<To>,
      |     ^
      |     requires 
[35/665] Building CXX object _deps/protobuf-build/CMakeFiles/libprotobuf.dir/src/google/protobuf/struct.pb.cc.o
In file included from /home/tina.guest/tinylsm-post-opt-source/tinylsm/build/benchmark/_deps/protobuf-src/src/google/protobuf/arena.h:38,
                 from /home/tina.guest/tinylsm-post-opt-source/tinylsm/build/benchmark/_deps/protobuf-src/src/google/protobuf/struct.pb.h:21,
                 from /home/tina.guest/tinylsm-post-opt-source/tinylsm/build/benchmark/_deps/protobuf-src/src/google/protobuf/struct.pb.cc:6:
/home/tina.guest/tinylsm-post-opt-source/tinylsm/build/benchmark/_deps/protobuf-src/src/google/protobuf/port.h: In function ‘void google::protobuf::internal::AssertDownCast(From*)’:
/home/tina.guest/tinylsm-post-opt-source/tinylsm/build/benchmark/_deps/protobuf-src/src/google/protobuf/port.h:181:5: warning: testing if a concept-id is a valid expression; add ‘requires’ to check satisfaction [-Wmissing-requires]
  181 |     std::derived_from<std::remove_pointer_t<To>,
      |     ^
      |     requires 
[36/665] Building CXX object _deps/protobuf-build/CMakeFiles/libprotobuf.dir/src/google/protobuf/type.pb.cc.o
In file included from /home/tina.guest/tinylsm-post-opt-source/tinylsm/build/benchmark/_deps/protobuf-src/src/google/protobuf/arena.h:38,
                 from /home/tina.guest/tinylsm-post-opt-source/tinylsm/build/benchmark/_deps/protobuf-src/src/google/protobuf/type.pb.h:21,
                 from /home/tina.guest/tinylsm-post-opt-source/tinylsm/build/benchmark/_deps/protobuf-src/src/google/protobuf/type.pb.cc:6:
/home/tina.guest/tinylsm-post-opt-source/tinylsm/build/benchmark/_deps/protobuf-src/src/google/protobuf/port.h: In function ‘void google::protobuf::internal::AssertDownCast(From*)’:
/home/tina.guest/tinylsm-post-opt-source/tinylsm/build/benchmark/_deps/protobuf-src/src/google/protobuf/port.h:181:5: warning: testing if a concept-id is a valid expression; add ‘requires’ to check satisfaction [-Wmissing-requires]
  181 |     std::derived_from<std::remove_pointer_t<To>,
      |     ^
      |     requires 
[37/665] Building CXX object _deps/protobuf-build/CMakeFiles/libprotobuf.dir/src/google/protobuf/any_lite.cc.o
In file included from /home/tina.guest/tinylsm-post-opt-source/tinylsm/build/benchmark/_deps/protobuf-src/src/google/protobuf/any.h:14,
                 from /home/tina.guest/tinylsm-post-opt-source/tinylsm/build/benchmark/_deps/protobuf-src/src/google/protobuf/any_lite.cc:15:
/home/tina.guest/tinylsm-post-opt-source/tinylsm/build/benchmark/_deps/protobuf-src/src/google/protobuf/port.h: In function ‘void google::protobuf::internal::AssertDownCast(From*)’:
/home/tina.guest/tinylsm-post-opt-source/tinylsm/build/benchmark/_deps/protobuf-src/src/google/protobuf/port.h:181:5: warning: testing if a concept-id is a valid expression; add ‘requires’ to check satisfaction [-Wmissing-requires]
  181 |     std::derived_from<std::remove_pointer_t<To>,
      |     ^
      |     requires 
[38/665] Building CXX object _deps/protobuf-build/CMakeFiles/libprotobuf.dir/src/google/protobuf/arenaz_sampler.cc.o
[39/665] Building CXX object _deps/protobuf-build/CMakeFiles/libprotobuf.dir/src/google/protobuf/arena.cc.o
In file included from /home/tina.guest/tinylsm-post-opt-source/tinylsm/build/benchmark/_deps/protobuf-src/src/google/protobuf/arena.h:38,
                 from /home/tina.guest/tinylsm-post-opt-source/tinylsm/build/benchmark/_deps/protobuf-src/src/google/protobuf/arena.cc:8:
/home/tina.guest/tinylsm-post-opt-source/tinylsm/build/benchmark/_deps/protobuf-src/src/google/protobuf/port.h: In function ‘void google::protobuf::internal::AssertDownCast(From*)’:
/home/tina.guest/tinylsm-post-opt-source/tinylsm/build/benchmark/_deps/protobuf-src/src/google/protobuf/port.h:181:5: warning: testing if a concept-id is a valid expression; add ‘requires’ to check satisfaction [-Wmissing-requires]
  181 |     std::derived_from<std::remove_pointer_t<To>,
      |     ^
      |     requires 
[40/665] Building CXX object _deps/protobuf-build/CMakeFiles/libprotobuf.dir/src/google/protobuf/arena_align.cc.o
[41/665] Building CXX object _deps/protobuf-build/CMakeFiles/libprotobuf.dir/src/google/protobuf/arenastring.cc.o
In file included from /home/tina.guest/tinylsm-post-opt-source/tinylsm/build/benchmark/_deps/protobuf-src/src/google/protobuf/arena.h:38,
                 from /home/tina.guest/tinylsm-post-opt-source/tinylsm/build/benchmark/_deps/protobuf-src/src/google/protobuf/arenastring.h:19,
                 from /home/tina.guest/tinylsm-post-opt-source/tinylsm/build/benchmark/_deps/protobuf-src/src/google/protobuf/arenastring.cc:8:
/home/tina.guest/tinylsm-post-opt-source/tinylsm/build/benchmark/_deps/protobuf-src/src/google/protobuf/port.h: In function ‘void google::protobuf::internal::AssertDownCast(From*)’:
/home/tina.guest/tinylsm-post-opt-source/tinylsm/build/benchmark/_deps/protobuf-src/src/google/protobuf/port.h:181:5: warning: testing if a concept-id is a valid expression; add ‘requires’ to check satisfaction [-Wmissing-requires]
  181 |     std::derived_from<std::remove_pointer_t<To>,
      |     ^
      |     requires 
[42/665] Building CXX object _deps/protobuf-build/CMakeFiles/libprotobuf.dir/src/google/protobuf/cpp_features.pb.cc.o
In file included from /home/tina.guest/tinylsm-post-opt-source/tinylsm/build/benchmark/_deps/protobuf-src/src/google/protobuf/arena.h:38,
                 from /home/tina.guest/tinylsm-post-opt-source/tinylsm/build/benchmark/_deps/protobuf-src/src/google/protobuf/cpp_features.pb.h:21,
                 from /home/tina.guest/tinylsm-post-opt-source/tinylsm/build/benchmark/_deps/protobuf-src/src/google/protobuf/cpp_features.pb.cc:6:
/home/tina.guest/tinylsm-post-opt-source/tinylsm/build/benchmark/_deps/protobuf-src/src/google/protobuf/port.h: In function ‘void google::protobuf::internal::AssertDownCast(From*)’:
/home/tina.guest/tinylsm-post-opt-source/tinylsm/build/benchmark/_deps/protobuf-src/src/google/protobuf/port.h:181:5: warning: testing if a concept-id is a valid expression; add ‘requires’ to check satisfaction [-Wmissing-requires]
  181 |     std::derived_from<std::remove_pointer_t<To>,
      |     ^
      |     requires 
[43/665] Building CXX object _deps/protobuf-build/CMakeFiles/libprotobuf.dir/src/google/protobuf/compiler/importer.cc.o
In file included from /home/tina.guest/tinylsm-post-opt-source/tinylsm/build/benchmark/_deps/protobuf-src/src/google/protobuf/extension_set.h:36,
                 from /home/tina.guest/tinylsm-post-opt-source/tinylsm/build/benchmark/_deps/protobuf-src/src/google/protobuf/descriptor.h:56,
                 from /home/tina.guest/tinylsm-post-opt-source/tinylsm/build/benchmark/_deps/protobuf-src/src/google/protobuf/compiler/parser.h:24,
                 from /home/tina.guest/tinylsm-post-opt-source/tinylsm/build/benchmark/_deps/protobuf-src/src/google/protobuf/compiler/importer.h:22,
                 from /home/tina.guest/tinylsm-post-opt-source/tinylsm/build/benchmark/_deps/protobuf-src/src/google/protobuf/compiler/importer.cc:12:
/home/tina.guest/tinylsm-post-opt-source/tinylsm/build/benchmark/_deps/protobuf-src/src/google/protobuf/port.h: In function ‘void google::protobuf::internal::AssertDownCast(From*)’:
/home/tina.guest/tinylsm-post-opt-source/tinylsm/build/benchmark/_deps/protobuf-src/src/google/protobuf/port.h:181:5: warning: testing if a concept-id is a valid expression; add ‘requires’ to check satisfaction [-Wmissing-requires]
  181 |     std::derived_from<std::remove_pointer_t<To>,
      |     ^
      |     requires 
[44/665] Building CXX object _deps/protobuf-build/CMakeFiles/libprotobuf.dir/src/google/protobuf/compiler/parser.cc.o
In file included from /home/tina.guest/tinylsm-post-opt-source/tinylsm/build/benchmark/_deps/protobuf-src/src/google/protobuf/extension_set.h:36,
                 from /home/tina.guest/tinylsm-post-opt-source/tinylsm/build/benchmark/_deps/protobuf-src/src/google/protobuf/descriptor.h:56,
                 from /home/tina.guest/tinylsm-post-opt-source/tinylsm/build/benchmark/_deps/protobuf-src/src/google/protobuf/compiler/parser.h:24,
                 from /home/tina.guest/tinylsm-post-opt-source/tinylsm/build/benchmark/_deps/protobuf-src/src/google/protobuf/compiler/parser.cc:14:
/home/tina.guest/tinylsm-post-opt-source/tinylsm/build/benchmark/_deps/protobuf-src/src/google/protobuf/port.h: In function ‘void google::protobuf::internal::AssertDownCast(From*)’:
/home/tina.guest/tinylsm-post-opt-source/tinylsm/build/benchmark/_deps/protobuf-src/src/google/protobuf/port.h:181:5: warning: testing if a concept-id is a valid expression; add ‘requires’ to check satisfaction [-Wmissing-requires]
  181 |     std::derived_from<std::remove_pointer_t<To>,
      |     ^
      |     requires 
[45/665] Building CXX object _deps/protobuf-build/CMakeFiles/libprotobuf.dir/src/google/protobuf/dynamic_message.cc.o
In file included from /home/tina.guest/tinylsm-post-opt-source/tinylsm/build/benchmark/_deps/protobuf-src/src/google/protobuf/extension_set.h:36,
                 from /home/tina.guest/tinylsm-post-opt-source/tinylsm/build/benchmark/_deps/protobuf-src/src/google/protobuf/descriptor.h:56,
                 from /home/tina.guest/tinylsm-post-opt-source/tinylsm/build/benchmark/_deps/protobuf-src/src/google/protobuf/dynamic_message.h:27,
                 from /home/tina.guest/tinylsm-post-opt-source/tinylsm/build/benchmark/_deps/protobuf-src/src/google/protobuf/dynamic_message.cc:42:
/home/tina.guest/tinylsm-post-opt-source/tinylsm/build/benchmark/_deps/protobuf-src/src/google/protobuf/port.h: In function ‘void google::protobuf::internal::AssertDownCast(From*)’:
/home/tina.guest/tinylsm-post-opt-source/tinylsm/build/benchmark/_deps/protobuf-src/src/google/protobuf/port.h:181:5: warning: testing if a concept-id is a valid expression; add ‘requires’ to check satisfaction [-Wmissing-requires]
  181 |     std::derived_from<std::remove_pointer_t<To>,
      |     ^
      |     requires 
[46/665] Building CXX object _deps/protobuf-build/CMakeFiles/libprotobuf.dir/src/google/protobuf/descriptor_database.cc.o
In file included from /home/tina.guest/tinylsm-post-opt-source/tinylsm/build/benchmark/_deps/protobuf-src/src/google/protobuf/extension_set.h:36,
                 from /home/tina.guest/tinylsm-post-opt-source/tinylsm/build/benchmark/_deps/protobuf-src/src/google/protobuf/descriptor.h:56,
                 from /home/tina.guest/tinylsm-post-opt-source/tinylsm/build/benchmark/_deps/protobuf-src/src/google/protobuf/descriptor_database.h:22,
                 from /home/tina.guest/tinylsm-post-opt-source/tinylsm/build/benchmark/_deps/protobuf-src/src/google/protobuf/descriptor_database.cc:12:
/home/tina.guest/tinylsm-post-opt-source/tinylsm/build/benchmark/_deps/protobuf-src/src/google/protobuf/port.h: In function ‘void google::protobuf::internal::AssertDownCast(From*)’:
/home/tina.guest/tinylsm-post-opt-source/tinylsm/build/benchmark/_deps/protobuf-src/src/google/protobuf/port.h:181:5: warning: testing if a concept-id is a valid expression; add ‘requires’ to check satisfaction [-Wmissing-requires]
  181 |     std::derived_from<std::remove_pointer_t<To>,
      |     ^
      |     requires 
[47/665] Building CXX object _deps/protobuf-build/CMakeFiles/libprotobuf.dir/src/google/protobuf/extension_set_heavy.cc.o
In file included from /home/tina.guest/tinylsm-post-opt-source/tinylsm/build/benchmark/_deps/protobuf-src/src/google/protobuf/arena.h:38,
                 from /home/tina.guest/tinylsm-post-opt-source/tinylsm/build/benchmark/_deps/protobuf-src/src/google/protobuf/extension_set_heavy.cc:22:
/home/tina.guest/tinylsm-post-opt-source/tinylsm/build/benchmark/_deps/protobuf-src/src/google/protobuf/port.h: In function ‘void google::protobuf::internal::AssertDownCast(From*)’:
/home/tina.guest/tinylsm-post-opt-source/tinylsm/build/benchmark/_deps/protobuf-src/src/google/protobuf/port.h:181:5: warning: testing if a concept-id is a valid expression; add ‘requires’ to check satisfaction [-Wmissing-requires]
  181 |     std::derived_from<std::remove_pointer_t<To>,
      |     ^
      |     requires 
[48/665] Building CXX object _deps/protobuf-build/CMakeFiles/libprotobuf.dir/src/google/protobuf/descriptor.pb.cc.o
In file included from /home/tina.guest/tinylsm-post-opt-source/tinylsm/build/benchmark/_deps/protobuf-src/src/google/protobuf/arena.h:38,
                 from /home/tina.guest/tinylsm-post-opt-source/tinylsm/build/benchmark/_deps/protobuf-src/src/google/protobuf/descriptor.pb.h:21,
                 from /home/tina.guest/tinylsm-post-opt-source/tinylsm/build/benchmark/_deps/protobuf-src/src/google/protobuf/descriptor.pb.cc:6:
/home/tina.guest/tinylsm-post-opt-source/tinylsm/build/benchmark/_deps/protobuf-src/src/google/protobuf/port.h: In function ‘void google::protobuf::internal::AssertDownCast(From*)’:
/home/tina.guest/tinylsm-post-opt-source/tinylsm/build/benchmark/_deps/protobuf-src/src/google/protobuf/port.h:181:5: warning: testing if a concept-id is a valid expression; add ‘requires’ to check satisfaction [-Wmissing-requires]
  181 |     std::derived_from<std::remove_pointer_t<To>,
      |     ^
      |     requires 
[49/665] Building CXX object _deps/protobuf-build/CMakeFiles/libprotobuf.dir/src/google/protobuf/extension_set.cc.o
In file included from /home/tina.guest/tinylsm-post-opt-source/tinylsm/build/benchmark/_deps/protobuf-src/src/google/protobuf/extension_set.h:36,
                 from /home/tina.guest/tinylsm-post-opt-source/tinylsm/build/benchmark/_deps/protobuf-src/src/google/protobuf/extension_set.cc:12:
/home/tina.guest/tinylsm-post-opt-source/tinylsm/build/benchmark/_deps/protobuf-src/src/google/protobuf/port.h: In function ‘void google::protobuf::internal::AssertDownCast(From*)’:
/home/tina.guest/tinylsm-post-opt-source/tinylsm/build/benchmark/_deps/protobuf-src/src/google/protobuf/port.h:181:5: warning: testing if a concept-id is a valid expression; add ‘requires’ to check satisfaction [-Wmissing-requires]
  181 |     std::derived_from<std::remove_pointer_t<To>,
      |     ^
      |     requires 
[50/665] Building CXX object _deps/protobuf-build/CMakeFiles/libprotobuf.dir/src/google/protobuf/generated_enum_util.cc.o
In file included from /home/tina.guest/tinylsm-post-opt-source/tinylsm/build/benchmark/_deps/protobuf-src/src/google/protobuf/arena.h:38,
                 from /home/tina.guest/tinylsm-post-opt-source/tinylsm/build/benchmark/_deps/protobuf-src/src/google/protobuf/message_lite.h:34,
                 from /home/tina.guest/tinylsm-post-opt-source/tinylsm/build/benchmark/_deps/protobuf-src/src/google/protobuf/generated_enum_util.h:20,
                 from /home/tina.guest/tinylsm-post-opt-source/tinylsm/build/benchmark/_deps/protobuf-src/src/google/protobuf/generated_enum_util.cc:8:
/home/tina.guest/tinylsm-post-opt-source/tinylsm/build/benchmark/_deps/protobuf-src/src/google/protobuf/port.h: In function ‘void google::protobuf::internal::AssertDownCast(From*)’:
/home/tina.guest/tinylsm-post-opt-source/tinylsm/build/benchmark/_deps/protobuf-src/src/google/protobuf/port.h:181:5: warning: testing if a concept-id is a valid expression; add ‘requires’ to check satisfaction [-Wmissing-requires]
  181 |     std::derived_from<std::remove_pointer_t<To>,
      |     ^
      |     requires 
[51/665] Building CXX object _deps/protobuf-build/CMakeFiles/libprotobuf.dir/src/google/protobuf/feature_resolver.cc.o
In file included from /home/tina.guest/tinylsm-post-opt-source/tinylsm/build/benchmark/_deps/protobuf-src/src/google/protobuf/extension_set.h:36,
                 from /home/tina.guest/tinylsm-post-opt-source/tinylsm/build/benchmark/_deps/protobuf-src/src/google/protobuf/descriptor.h:56,
                 from /home/tina.guest/tinylsm-post-opt-source/tinylsm/build/benchmark/_deps/protobuf-src/src/google/protobuf/feature_resolver.h:21,
                 from /home/tina.guest/tinylsm-post-opt-source/tinylsm/build/benchmark/_deps/protobuf-src/src/google/protobuf/feature_resolver.cc:8:
/home/tina.guest/tinylsm-post-opt-source/tinylsm/build/benchmark/_deps/protobuf-src/src/google/protobuf/port.h: In function ‘void google::protobuf::internal::AssertDownCast(From*)’:
/home/tina.guest/tinylsm-post-opt-source/tinylsm/build/benchmark/_deps/protobuf-src/src/google/protobuf/port.h:181:5: warning: testing if a concept-id is a valid expression; add ‘requires’ to check satisfaction [-Wmissing-requires]
  181 |     std::derived_from<std::remove_pointer_t<To>,
      |     ^
      |     requires 
[52/665] Building CXX object _deps/protobuf-build/CMakeFiles/libprotobuf.dir/src/google/protobuf/generated_message_tctable_full.cc.o
In file included from /home/tina.guest/tinylsm-post-opt-source/tinylsm/build/benchmark/_deps/protobuf-src/src/google/protobuf/extension_set.h:36,
                 from /home/tina.guest/tinylsm-post-opt-source/tinylsm/build/benchmark/_deps/protobuf-src/src/google/protobuf/generated_message_tctable_full.cc:33:
/home/tina.guest/tinylsm-post-opt-source/tinylsm/build/benchmark/_deps/protobuf-src/src/google/protobuf/port.h: In function ‘void google::protobuf::internal::AssertDownCast(From*)’:
/home/tina.guest/tinylsm-post-opt-source/tinylsm/build/benchmark/_deps/protobuf-src/src/google/protobuf/port.h:181:5: warning: testing if a concept-id is a valid expression; add ‘requires’ to check satisfaction [-Wmissing-requires]
  181 |     std::derived_from<std::remove_pointer_t<To>,
      |     ^
      |     requires 
[53/665] Building CXX object _deps/protobuf-build/CMakeFiles/libprotobuf.dir/src/google/protobuf/generated_message_bases.cc.o
In file included from /home/tina.guest/tinylsm-post-opt-source/tinylsm/build/benchmark/_deps/protobuf-src/src/google/protobuf/arena.h:38,
                 from /home/tina.guest/tinylsm-post-opt-source/tinylsm/build/benchmark/_deps/protobuf-src/src/google/protobuf/generated_message_bases.h:15,
                 from /home/tina.guest/tinylsm-post-opt-source/tinylsm/build/benchmark/_deps/protobuf-src/src/google/protobuf/generated_message_bases.cc:8:
/home/tina.guest/tinylsm-post-opt-source/tinylsm/build/benchmark/_deps/protobuf-src/src/google/protobuf/port.h: In function ‘void google::protobuf::internal::AssertDownCast(From*)’:
/home/tina.guest/tinylsm-post-opt-source/tinylsm/build/benchmark/_deps/protobuf-src/src/google/protobuf/port.h:181:5: warning: testing if a concept-id is a valid expression; add ‘requires’ to check satisfaction [-Wmissing-requires]
  181 |     std::derived_from<std::remove_pointer_t<To>,
      |     ^
      |     requires 
[54/665] Building CXX object _deps/protobuf-build/CMakeFiles/libprotobuf.dir/src/google/protobuf/generated_message_tctable_gen.cc.o
In file included from /home/tina.guest/tinylsm-post-opt-source/tinylsm/build/benchmark/_deps/protobuf-src/src/google/protobuf/extension_set.h:36,
                 from /home/tina.guest/tinylsm-post-opt-source/tinylsm/build/benchmark/_deps/protobuf-src/src/google/protobuf/descriptor.h:56,
                 from /home/tina.guest/tinylsm-post-opt-source/tinylsm/build/benchmark/_deps/protobuf-src/src/google/protobuf/generated_message_tctable_gen.h:19,
                 from /home/tina.guest/tinylsm-post-opt-source/tinylsm/build/benchmark/_deps/protobuf-src/src/google/protobuf/generated_message_tctable_gen.cc:8:
/home/tina.guest/tinylsm-post-opt-source/tinylsm/build/benchmark/_deps/protobuf-src/src/google/protobuf/port.h: In function ‘void google::protobuf::internal::AssertDownCast(From*)’:
/home/tina.guest/tinylsm-post-opt-source/tinylsm/build/benchmark/_deps/protobuf-src/src/google/protobuf/port.h:181:5: warning: testing if a concept-id is a valid expression; add ‘requires’ to check satisfaction [-Wmissing-requires]
  181 |     std::derived_from<std::remove_pointer_t<To>,
      |     ^
      |     requires 
[55/665] Building CXX object _deps/protobuf-build/CMakeFiles/libprotobuf.dir/src/google/protobuf/generated_message_util.cc.o
In file included from /home/tina.guest/tinylsm-post-opt-source/tinylsm/build/benchmark/_deps/protobuf-src/src/google/protobuf/any.h:14,
                 from /home/tina.guest/tinylsm-post-opt-source/tinylsm/build/benchmark/_deps/protobuf-src/src/google/protobuf/generated_message_util.h:36,
                 from /home/tina.guest/tinylsm-post-opt-source/tinylsm/build/benchmark/_deps/protobuf-src/src/google/protobuf/generated_message_util.cc:12:
/home/tina.guest/tinylsm-post-opt-source/tinylsm/build/benchmark/_deps/protobuf-src/src/google/protobuf/port.h: In function ‘void google::protobuf::internal::AssertDownCast(From*)’:
/home/tina.guest/tinylsm-post-opt-source/tinylsm/build/benchmark/_deps/protobuf-src/src/google/protobuf/port.h:181:5: warning: testing if a concept-id is a valid expression; add ‘requires’ to check satisfaction [-Wmissing-requires]
  181 |     std::derived_from<std::remove_pointer_t<To>,
      |     ^
      |     requires 
[56/665] Building CXX object _deps/protobuf-build/CMakeFiles/libprotobuf.dir/src/google/protobuf/implicit_weak_message.cc.o
In file included from /home/tina.guest/tinylsm-post-opt-source/tinylsm/build/benchmark/_deps/protobuf-src/src/google/protobuf/arena.h:38,
                 from /home/tina.guest/tinylsm-post-opt-source/tinylsm/build/benchmark/_deps/protobuf-src/src/google/protobuf/implicit_weak_message.h:14,
                 from /home/tina.guest/tinylsm-post-opt-source/tinylsm/build/benchmark/_deps/protobuf-src/src/google/protobuf/implicit_weak_message.cc:8:
/home/tina.guest/tinylsm-post-opt-source/tinylsm/build/benchmark/_deps/protobuf-src/src/google/protobuf/port.h: In function ‘void google::protobuf::internal::AssertDownCast(From*)’:
/home/tina.guest/tinylsm-post-opt-source/tinylsm/build/benchmark/_deps/protobuf-src/src/google/protobuf/port.h:181:5: warning: testing if a concept-id is a valid expression; add ‘requires’ to check satisfaction [-Wmissing-requires]
  181 |     std::derived_from<std::remove_pointer_t<To>,
      |     ^
      |     requires 
[57/665] Building CXX object _deps/protobuf-build/CMakeFiles/libprotobuf.dir/src/google/protobuf/inlined_string_field.cc.o
In file included from /home/tina.guest/tinylsm-post-opt-source/tinylsm/build/benchmark/_deps/protobuf-src/src/google/protobuf/arena.h:38,
                 from /home/tina.guest/tinylsm-post-opt-source/tinylsm/build/benchmark/_deps/protobuf-src/src/google/protobuf/arenastring.h:19,
                 from /home/tina.guest/tinylsm-post-opt-source/tinylsm/build/benchmark/_deps/protobuf-src/src/google/protobuf/inlined_string_field.h:16,
                 from /home/tina.guest/tinylsm-post-opt-source/tinylsm/build/benchmark/_deps/protobuf-src/src/google/protobuf/inlined_string_field.cc:8:
/home/tina.guest/tinylsm-post-opt-source/tinylsm/build/benchmark/_deps/protobuf-src/src/google/protobuf/port.h: In function ‘void google::protobuf::internal::AssertDownCast(From*)’:
/home/tina.guest/tinylsm-post-opt-source/tinylsm/build/benchmark/_deps/protobuf-src/src/google/protobuf/port.h:181:5: warning: testing if a concept-id is a valid expression; add ‘requires’ to check satisfaction [-Wmissing-requires]
  181 |     std::derived_from<std::remove_pointer_t<To>,
      |     ^
      |     requires 
[58/665] Building CXX object _deps/protobuf-build/CMakeFiles/libprotobuf.dir/src/google/protobuf/io/io_win32.cc.o
[59/665] Building CXX object _deps/protobuf-build/CMakeFiles/libprotobuf.dir/src/google/protobuf/io/gzip_stream.cc.o
In file included from /home/tina.guest/tinylsm-post-opt-source/tinylsm/build/benchmark/_deps/protobuf-src/src/google/protobuf/io/zero_copy_stream.h:89,
                 from /home/tina.guest/tinylsm-post-opt-source/tinylsm/build/benchmark/_deps/protobuf-src/src/google/protobuf/io/gzip_stream.h:24,
                 from /home/tina.guest/tinylsm-post-opt-source/tinylsm/build/benchmark/_deps/protobuf-src/src/google/protobuf/io/gzip_stream.cc:15:
/home/tina.guest/tinylsm-post-opt-source/tinylsm/build/benchmark/_deps/protobuf-src/src/google/protobuf/port.h: In function ‘void google::protobuf::internal::AssertDownCast(From*)’:
/home/tina.guest/tinylsm-post-opt-source/tinylsm/build/benchmark/_deps/protobuf-src/src/google/protobuf/port.h:181:5: warning: testing if a concept-id is a valid expression; add ‘requires’ to check satisfaction [-Wmissing-requires]
  181 |     std::derived_from<std::remove_pointer_t<To>,
      |     ^
      |     requires 
[60/665] Building CXX object _deps/protobuf-build/CMakeFiles/libprotobuf.dir/src/google/protobuf/generated_message_reflection.cc.o
In file included from /home/tina.guest/tinylsm-post-opt-source/tinylsm/build/benchmark/_deps/protobuf-src/src/google/protobuf/extension_set.h:36,
                 from /home/tina.guest/tinylsm-post-opt-source/tinylsm/build/benchmark/_deps/protobuf-src/src/google/protobuf/descriptor.h:56,
                 from /home/tina.guest/tinylsm-post-opt-source/tinylsm/build/benchmark/_deps/protobuf-src/src/google/protobuf/generated_message_reflection.h:25,
                 from /home/tina.guest/tinylsm-post-opt-source/tinylsm/build/benchmark/_deps/protobuf-src/src/google/protobuf/generated_message_reflection.cc:12:
/home/tina.guest/tinylsm-post-opt-source/tinylsm/build/benchmark/_deps/protobuf-src/src/google/protobuf/port.h: In function ‘void google::protobuf::internal::AssertDownCast(From*)’:
/home/tina.guest/tinylsm-post-opt-source/tinylsm/build/benchmark/_deps/protobuf-src/src/google/protobuf/port.h:181:5: warning: testing if a concept-id is a valid expression; add ‘requires’ to check satisfaction [-Wmissing-requires]
  181 |     std::derived_from<std::remove_pointer_t<To>,
      |     ^
      |     requires 
[61/665] Building CXX object _deps/protobuf-build/CMakeFiles/libprotobuf.dir/src/google/protobuf/io/coded_stream.cc.o
In file included from /home/tina.guest/tinylsm-post-opt-source/tinylsm/build/benchmark/_deps/protobuf-src/src/google/protobuf/arena.h:38,
                 from /home/tina.guest/tinylsm-post-opt-source/tinylsm/build/benchmark/_deps/protobuf-src/src/google/protobuf/io/coded_stream.cc:37:
/home/tina.guest/tinylsm-post-opt-source/tinylsm/build/benchmark/_deps/protobuf-src/src/google/protobuf/port.h: In function ‘void google::protobuf::internal::AssertDownCast(From*)’:
/home/tina.guest/tinylsm-post-opt-source/tinylsm/build/benchmark/_deps/protobuf-src/src/google/protobuf/port.h:181:5: warning: testing if a concept-id is a valid expression; add ‘requires’ to check satisfaction [-Wmissing-requires]
  181 |     std::derived_from<std::remove_pointer_t<To>,
      |     ^
      |     requires 
[62/665] Building CXX object _deps/protobuf-build/CMakeFiles/libprotobuf.dir/src/google/protobuf/io/strtod.cc.o
[63/665] Building CXX object _deps/protobuf-build/CMakeFiles/libprotobuf.dir/src/google/protobuf/io/zero_copy_sink.cc.o
In file included from /home/tina.guest/tinylsm-post-opt-source/tinylsm/build/benchmark/_deps/protobuf-src/src/google/protobuf/io/zero_copy_stream.h:89,
                 from /home/tina.guest/tinylsm-post-opt-source/tinylsm/build/benchmark/_deps/protobuf-src/src/google/protobuf/io/zero_copy_sink.h:13,
                 from /home/tina.guest/tinylsm-post-opt-source/tinylsm/build/benchmark/_deps/protobuf-src/src/google/protobuf/io/zero_copy_sink.cc:8:
/home/tina.guest/tinylsm-post-opt-source/tinylsm/build/benchmark/_deps/protobuf-src/src/google/protobuf/port.h: In function ‘void google::protobuf::internal::AssertDownCast(From*)’:
/home/tina.guest/tinylsm-post-opt-source/tinylsm/build/benchmark/_deps/protobuf-src/src/google/protobuf/port.h:181:5: warning: testing if a concept-id is a valid expression; add ‘requires’ to check satisfaction [-Wmissing-requires]
  181 |     std::derived_from<std::remove_pointer_t<To>,
      |     ^
      |     requires 
[64/665] Building CXX object _deps/protobuf-build/CMakeFiles/libprotobuf.dir/src/google/protobuf/generated_message_tctable_lite.cc.o
In file included from /home/tina.guest/tinylsm-post-opt-source/tinylsm/build/benchmark/_deps/protobuf-src/src/google/protobuf/arena.h:38,
                 from /home/tina.guest/tinylsm-post-opt-source/tinylsm/build/benchmark/_deps/protobuf-src/src/google/protobuf/arenastring.h:19,
                 from /home/tina.guest/tinylsm-post-opt-source/tinylsm/build/benchmark/_deps/protobuf-src/src/google/protobuf/generated_message_tctable_lite.cc:24:
/home/tina.guest/tinylsm-post-opt-source/tinylsm/build/benchmark/_deps/protobuf-src/src/google/protobuf/port.h: In function ‘void google::protobuf::internal::AssertDownCast(From*)’:
/home/tina.guest/tinylsm-post-opt-source/tinylsm/build/benchmark/_deps/protobuf-src/src/google/protobuf/port.h:181:5: warning: testing if a concept-id is a valid expression; add ‘requires’ to check satisfaction [-Wmissing-requires]
  181 |     std::derived_from<std::remove_pointer_t<To>,
      |     ^
      |     requires 
[65/665] Building CXX object _deps/protobuf-build/CMakeFiles/libprotobuf.dir/src/google/protobuf/io/zero_copy_stream.cc.o
In file included from /home/tina.guest/tinylsm-post-opt-source/tinylsm/build/benchmark/_deps/protobuf-src/src/google/protobuf/io/zero_copy_stream.h:89,
                 from /home/tina.guest/tinylsm-post-opt-source/tinylsm/build/benchmark/_deps/protobuf-src/src/google/protobuf/io/zero_copy_stream.cc:12:
/home/tina.guest/tinylsm-post-opt-source/tinylsm/build/benchmark/_deps/protobuf-src/src/google/protobuf/port.h: In function ‘void google::protobuf::internal::AssertDownCast(From*)’:
/home/tina.guest/tinylsm-post-opt-source/tinylsm/build/benchmark/_deps/protobuf-src/src/google/protobuf/port.h:181:5: warning: testing if a concept-id is a valid expression; add ‘requires’ to check satisfaction [-Wmissing-requires]
  181 |     std::derived_from<std::remove_pointer_t<To>,
      |     ^
      |     requires 
[66/665] Building CXX object _deps/protobuf-build/CMakeFiles/libprotobuf.dir/src/google/protobuf/io/tokenizer.cc.o
In file included from /home/tina.guest/tinylsm-post-opt-source/tinylsm/build/benchmark/_deps/protobuf-src/src/google/protobuf/io/tokenizer.h:23,
                 from /home/tina.guest/tinylsm-post-opt-source/tinylsm/build/benchmark/_deps/protobuf-src/src/google/protobuf/io/tokenizer.cc:68:
/home/tina.guest/tinylsm-post-opt-source/tinylsm/build/benchmark/_deps/protobuf-src/src/google/protobuf/port.h: In function ‘void google::protobuf::internal::AssertDownCast(From*)’:
/home/tina.guest/tinylsm-post-opt-source/tinylsm/build/benchmark/_deps/protobuf-src/src/google/protobuf/port.h:181:5: warning: testing if a concept-id is a valid expression; add ‘requires’ to check satisfaction [-Wmissing-requires]
  181 |     std::derived_from<std::remove_pointer_t<To>,
      |     ^
      |     requires 
[67/665] Building CXX object _deps/protobuf-build/CMakeFiles/libprotobuf.dir/src/google/protobuf/io/zero_copy_stream_impl.cc.o
In file included from /home/tina.guest/tinylsm-post-opt-source/tinylsm/build/benchmark/_deps/protobuf-src/src/google/protobuf/io/zero_copy_stream.h:89,
                 from /home/tina.guest/tinylsm-post-opt-source/tinylsm/build/benchmark/_deps/protobuf-src/src/google/protobuf/io/zero_copy_stream_impl.h:24,
                 from /home/tina.guest/tinylsm-post-opt-source/tinylsm/build/benchmark/_deps/protobuf-src/src/google/protobuf/io/zero_copy_stream_impl.cc:28:
/home/tina.guest/tinylsm-post-opt-source/tinylsm/build/benchmark/_deps/protobuf-src/src/google/protobuf/port.h: In function ‘void google::protobuf::internal::AssertDownCast(From*)’:
/home/tina.guest/tinylsm-post-opt-source/tinylsm/build/benchmark/_deps/protobuf-src/src/google/protobuf/port.h:181:5: warning: testing if a concept-id is a valid expression; add ‘requires’ to check satisfaction [-Wmissing-requires]
  181 |     std::derived_from<std::remove_pointer_t<To>,
      |     ^
      |     requires 
[68/665] Building CXX object _deps/protobuf-build/CMakeFiles/libprotobuf.dir/src/google/protobuf/descriptor.cc.o
In file included from /home/tina.guest/tinylsm-post-opt-source/tinylsm/build/benchmark/_deps/protobuf-src/src/google/protobuf/extension_set.h:36,
                 from /home/tina.guest/tinylsm-post-opt-source/tinylsm/build/benchmark/_deps/protobuf-src/src/google/protobuf/descriptor.h:56,
                 from /home/tina.guest/tinylsm-post-opt-source/tinylsm/build/benchmark/_deps/protobuf-src/src/google/protobuf/descriptor.cc:12:
/home/tina.guest/tinylsm-post-opt-source/tinylsm/build/benchmark/_deps/protobuf-src/src/google/protobuf/port.h: In function ‘void google::protobuf::internal::AssertDownCast(From*)’:
/home/tina.guest/tinylsm-post-opt-source/tinylsm/build/benchmark/_deps/protobuf-src/src/google/protobuf/port.h:181:5: warning: testing if a concept-id is a valid expression; add ‘requires’ to check satisfaction [-Wmissing-requires]
  181 |     std::derived_from<std::remove_pointer_t<To>,
      |     ^
      |     requires 
[69/665] Building CXX object _deps/protobuf-build/CMakeFiles/libprotobuf.dir/src/google/protobuf/io/zero_copy_stream_impl_lite.cc.o
In file included from /home/tina.guest/tinylsm-post-opt-source/tinylsm/build/benchmark/_deps/protobuf-src/src/google/protobuf/io/zero_copy_stream.h:89,
                 from /home/tina.guest/tinylsm-post-opt-source/tinylsm/build/benchmark/_deps/protobuf-src/src/google/protobuf/io/zero_copy_stream_impl_lite.h:35,
                 from /home/tina.guest/tinylsm-post-opt-source/tinylsm/build/benchmark/_deps/protobuf-src/src/google/protobuf/io/zero_copy_stream_impl_lite.cc:12:
/home/tina.guest/tinylsm-post-opt-source/tinylsm/build/benchmark/_deps/protobuf-src/src/google/protobuf/port.h: In function ‘void google::protobuf::internal::AssertDownCast(From*)’:
/home/tina.guest/tinylsm-post-opt-source/tinylsm/build/benchmark/_deps/protobuf-src/src/google/protobuf/port.h:181:5: warning: testing if a concept-id is a valid expression; add ‘requires’ to check satisfaction [-Wmissing-requires]
  181 |     std::derived_from<std::remove_pointer_t<To>,
      |     ^
      |     requires 
[70/665] Building CXX object _deps/protobuf-build/CMakeFiles/libprotobuf.dir/src/google/protobuf/io/printer.cc.o
In file included from /home/tina.guest/tinylsm-post-opt-source/tinylsm/build/benchmark/_deps/protobuf-src/src/google/protobuf/io/zero_copy_stream.h:89,
                 from /home/tina.guest/tinylsm-post-opt-source/tinylsm/build/benchmark/_deps/protobuf-src/src/google/protobuf/io/zero_copy_sink.h:13,
                 from /home/tina.guest/tinylsm-post-opt-source/tinylsm/build/benchmark/_deps/protobuf-src/src/google/protobuf/io/printer.h:36,
                 from /home/tina.guest/tinylsm-post-opt-source/tinylsm/build/benchmark/_deps/protobuf-src/src/google/protobuf/io/printer.cc:12:
/home/tina.guest/tinylsm-post-opt-source/tinylsm/build/benchmark/_deps/protobuf-src/src/google/protobuf/port.h: In function ‘void google::protobuf::internal::AssertDownCast(From*)’:
/home/tina.guest/tinylsm-post-opt-source/tinylsm/build/benchmark/_deps/protobuf-src/src/google/protobuf/port.h:181:5: warning: testing if a concept-id is a valid expression; add ‘requires’ to check satisfaction [-Wmissing-requires]
  181 |     std::derived_from<std::remove_pointer_t<To>,
      |     ^
      |     requires 
[71/665] Building CXX object _deps/protobuf-build/CMakeFiles/libprotobuf.dir/src/google/protobuf/json/internal/message_path.cc.o
In file included from /home/tina.guest/tinylsm-post-opt-source/tinylsm/build/benchmark/_deps/protobuf-src/src/google/protobuf/extension_set.h:36,
                 from /home/tina.guest/tinylsm-post-opt-source/tinylsm/build/benchmark/_deps/protobuf-src/src/google/protobuf/descriptor.h:56,
                 from /home/tina.guest/tinylsm-post-opt-source/tinylsm/build/benchmark/_deps/protobuf-src/src/google/protobuf/json/internal/message_path.h:16,
                 from /home/tina.guest/tinylsm-post-opt-source/tinylsm/build/benchmark/_deps/protobuf-src/src/google/protobuf/json/internal/message_path.cc:8:
/home/tina.guest/tinylsm-post-opt-source/tinylsm/build/benchmark/_deps/protobuf-src/src/google/protobuf/port.h: In function ‘void google::protobuf::internal::AssertDownCast(From*)’:
/home/tina.guest/tinylsm-post-opt-source/tinylsm/build/benchmark/_deps/protobuf-src/src/google/protobuf/port.h:181:5: warning: testing if a concept-id is a valid expression; add ‘requires’ to check satisfaction [-Wmissing-requires]
  181 |     std::derived_from<std::remove_pointer_t<To>,
      |     ^
      |     requires 
[72/665] Building CXX object _deps/protobuf-build/CMakeFiles/libprotobuf.dir/src/google/protobuf/json/internal/writer.cc.o
In file included from /home/tina.guest/tinylsm-post-opt-source/tinylsm/build/benchmark/_deps/protobuf-src/src/google/protobuf/io/zero_copy_stream.h:89,
                 from /home/tina.guest/tinylsm-post-opt-source/tinylsm/build/benchmark/_deps/protobuf-src/src/google/protobuf/io/zero_copy_sink.h:13,
                 from /home/tina.guest/tinylsm-post-opt-source/tinylsm/build/benchmark/_deps/protobuf-src/src/google/protobuf/json/internal/writer.h:25,
                 from /home/tina.guest/tinylsm-post-opt-source/tinylsm/build/benchmark/_deps/protobuf-src/src/google/protobuf/json/internal/writer.cc:8:
/home/tina.guest/tinylsm-post-opt-source/tinylsm/build/benchmark/_deps/protobuf-src/src/google/protobuf/port.h: In function ‘void google::protobuf::internal::AssertDownCast(From*)’:
/home/tina.guest/tinylsm-post-opt-source/tinylsm/build/benchmark/_deps/protobuf-src/src/google/protobuf/port.h:181:5: warning: testing if a concept-id is a valid expression; add ‘requires’ to check satisfaction [-Wmissing-requires]
  181 |     std::derived_from<std::remove_pointer_t<To>,
      |     ^
      |     requires 
[73/665] Building CXX object _deps/protobuf-build/CMakeFiles/libprotobuf.dir/src/google/protobuf/json/internal/lexer.cc.o
In file included from /home/tina.guest/tinylsm-post-opt-source/tinylsm/build/benchmark/_deps/protobuf-src/src/google/protobuf/extension_set.h:36,
                 from /home/tina.guest/tinylsm-post-opt-source/tinylsm/build/benchmark/_deps/protobuf-src/src/google/protobuf/descriptor.h:56,
                 from /home/tina.guest/tinylsm-post-opt-source/tinylsm/build/benchmark/_deps/protobuf-src/src/google/protobuf/json/internal/lexer.h:27,
                 from /home/tina.guest/tinylsm-post-opt-source/tinylsm/build/benchmark/_deps/protobuf-src/src/google/protobuf/json/internal/lexer.cc:8:
/home/tina.guest/tinylsm-post-opt-source/tinylsm/build/benchmark/_deps/protobuf-src/src/google/protobuf/port.h: In function ‘void google::protobuf::internal::AssertDownCast(From*)’:
/home/tina.guest/tinylsm-post-opt-source/tinylsm/build/benchmark/_deps/protobuf-src/src/google/protobuf/port.h:181:5: warning: testing if a concept-id is a valid expression; add ‘requires’ to check satisfaction [-Wmissing-requires]
  181 |     std::derived_from<std::remove_pointer_t<To>,
      |     ^
      |     requires 
[74/665] Building CXX object _deps/protobuf-build/CMakeFiles/libprotobuf.dir/src/google/protobuf/json/internal/zero_copy_buffered_stream.cc.o
In file included from /home/tina.guest/tinylsm-post-opt-source/tinylsm/build/benchmark/_deps/protobuf-src/src/google/protobuf/io/zero_copy_stream.h:89,
                 from /home/tina.guest/tinylsm-post-opt-source/tinylsm/build/benchmark/_deps/protobuf-src/src/google/protobuf/json/internal/zero_copy_buffered_stream.h:24,
                 from /home/tina.guest/tinylsm-post-opt-source/tinylsm/build/benchmark/_deps/protobuf-src/src/google/protobuf/json/internal/zero_copy_buffered_stream.cc:8:
/home/tina.guest/tinylsm-post-opt-source/tinylsm/build/benchmark/_deps/protobuf-src/src/google/protobuf/port.h: In function ‘void google::protobuf::internal::AssertDownCast(From*)’:
/home/tina.guest/tinylsm-post-opt-source/tinylsm/build/benchmark/_deps/protobuf-src/src/google/protobuf/port.h:181:5: warning: testing if a concept-id is a valid expression; add ‘requires’ to check satisfaction [-Wmissing-requires]
  181 |     std::derived_from<std::remove_pointer_t<To>,
      |     ^
      |     requires 
[75/665] Building CXX object _deps/protobuf-build/CMakeFiles/libprotobuf.dir/src/google/protobuf/json/json.cc.o
In file included from /home/tina.guest/tinylsm-post-opt-source/tinylsm/build/benchmark/_deps/protobuf-src/src/google/protobuf/arena.h:38,
                 from /home/tina.guest/tinylsm-post-opt-source/tinylsm/build/benchmark/_deps/protobuf-src/src/google/protobuf/message.h:105,
                 from /home/tina.guest/tinylsm-post-opt-source/tinylsm/build/benchmark/_deps/protobuf-src/src/google/protobuf/json/json.h:17,
                 from /home/tina.guest/tinylsm-post-opt-source/tinylsm/build/benchmark/_deps/protobuf-src/src/google/protobuf/json/json.cc:8:
/home/tina.guest/tinylsm-post-opt-source/tinylsm/build/benchmark/_deps/protobuf-src/src/google/protobuf/port.h: In function ‘void google::protobuf::internal::AssertDownCast(From*)’:
/home/tina.guest/tinylsm-post-opt-source/tinylsm/build/benchmark/_deps/protobuf-src/src/google/protobuf/port.h:181:5: warning: testing if a concept-id is a valid expression; add ‘requires’ to check satisfaction [-Wmissing-requires]
  181 |     std::derived_from<std::remove_pointer_t<To>,
      |     ^
      |     requires 
[76/665] Building CXX object _deps/protobuf-build/CMakeFiles/libprotobuf.dir/src/google/protobuf/map.cc.o
In file included from /home/tina.guest/tinylsm-post-opt-source/tinylsm/build/benchmark/_deps/protobuf-src/src/google/protobuf/arena.h:38,
                 from /home/tina.guest/tinylsm-post-opt-source/tinylsm/build/benchmark/_deps/protobuf-src/src/google/protobuf/map.h:39,
                 from /home/tina.guest/tinylsm-post-opt-source/tinylsm/build/benchmark/_deps/protobuf-src/src/google/protobuf/map.cc:8:
/home/tina.guest/tinylsm-post-opt-source/tinylsm/build/benchmark/_deps/protobuf-src/src/google/protobuf/port.h: In function ‘void google::protobuf::internal::AssertDownCast(From*)’:
/home/tina.guest/tinylsm-post-opt-source/tinylsm/build/benchmark/_deps/protobuf-src/src/google/protobuf/port.h:181:5: warning: testing if a concept-id is a valid expression; add ‘requires’ to check satisfaction [-Wmissing-requires]
  181 |     std::derived_from<std::remove_pointer_t<To>,
      |     ^
      |     requires 
/home/tina.guest/tinylsm-post-opt-source/tinylsm/build/benchmark/_deps/protobuf-src/src/google/protobuf/map.cc: In lambda function:
/home/tina.guest/tinylsm-post-opt-source/tinylsm/build/benchmark/_deps/protobuf-src/src/google/protobuf/map.cc:119:23: warning: implicit capture of ‘this’ via ‘[=]’ is deprecated in C++20 [-Wdeprecated]
  119 |     const auto loop = [=](auto destroy_node) {
      |                       ^
/home/tina.guest/tinylsm-post-opt-source/tinylsm/build/benchmark/_deps/protobuf-src/src/google/protobuf/map.cc:119:23: note: add explicit ‘this’ or ‘*this’ capture
[77/665] Building CXX object _deps/protobuf-build/CMakeFiles/libprotobuf.dir/src/google/protobuf/json/internal/untyped_message.cc.o
In file included from /home/tina.guest/tinylsm-post-opt-source/tinylsm/build/benchmark/_deps/protobuf-src/src/google/protobuf/arena.h:38,
                 from /home/tina.guest/tinylsm-post-opt-source/tinylsm/build/benchmark/_deps/protobuf-src/src/google/protobuf/type.pb.h:21,
                 from /home/tina.guest/tinylsm-post-opt-source/tinylsm/build/benchmark/_deps/protobuf-src/src/google/protobuf/json/internal/untyped_message.h:19,
                 from /home/tina.guest/tinylsm-post-opt-source/tinylsm/build/benchmark/_deps/protobuf-src/src/google/protobuf/json/internal/untyped_message.cc:8:
/home/tina.guest/tinylsm-post-opt-source/tinylsm/build/benchmark/_deps/protobuf-src/src/google/protobuf/port.h: In function ‘void google::protobuf::internal::AssertDownCast(From*)’:
/home/tina.guest/tinylsm-post-opt-source/tinylsm/build/benchmark/_deps/protobuf-src/src/google/protobuf/port.h:181:5: warning: testing if a concept-id is a valid expression; add ‘requires’ to check satisfaction [-Wmissing-requires]
  181 |     std::derived_from<std::remove_pointer_t<To>,
      |     ^
      |     requires 
[78/665] Building CXX object _deps/protobuf-build/CMakeFiles/libprotobuf.dir/src/google/protobuf/map_field.cc.o
In file included from /home/tina.guest/tinylsm-post-opt-source/tinylsm/build/benchmark/_deps/protobuf-src/src/google/protobuf/arena.h:38,
                 from /home/tina.guest/tinylsm-post-opt-source/tinylsm/build/benchmark/_deps/protobuf-src/src/google/protobuf/map_field.h:23,
                 from /home/tina.guest/tinylsm-post-opt-source/tinylsm/build/benchmark/_deps/protobuf-src/src/google/protobuf/map_field.cc:8:
/home/tina.guest/tinylsm-post-opt-source/tinylsm/build/benchmark/_deps/protobuf-src/src/google/protobuf/port.h: In function ‘void google::protobuf::internal::AssertDownCast(From*)’:
/home/tina.guest/tinylsm-post-opt-source/tinylsm/build/benchmark/_deps/protobuf-src/src/google/protobuf/port.h:181:5: warning: testing if a concept-id is a valid expression; add ‘requires’ to check satisfaction [-Wmissing-requires]
  181 |     std::derived_from<std::remove_pointer_t<To>,
      |     ^
      |     requires 
[79/665] Building CXX object _deps/protobuf-build/CMakeFiles/libprotobuf.dir/src/google/protobuf/json/internal/parser.cc.o
In file included from /home/tina.guest/tinylsm-post-opt-source/tinylsm/build/benchmark/_deps/protobuf-src/src/google/protobuf/extension_set.h:36,
                 from /home/tina.guest/tinylsm-post-opt-source/tinylsm/build/benchmark/_deps/protobuf-src/src/google/protobuf/descriptor.h:56,
                 from /home/tina.guest/tinylsm-post-opt-source/tinylsm/build/benchmark/_deps/protobuf-src/src/google/protobuf/json/internal/lexer.h:27,
                 from /home/tina.guest/tinylsm-post-opt-source/tinylsm/build/benchmark/_deps/protobuf-src/src/google/protobuf/json/internal/parser.h:13,
                 from /home/tina.guest/tinylsm-post-opt-source/tinylsm/build/benchmark/_deps/protobuf-src/src/google/protobuf/json/internal/parser.cc:8:
/home/tina.guest/tinylsm-post-opt-source/tinylsm/build/benchmark/_deps/protobuf-src/src/google/protobuf/port.h: In function ‘void google::protobuf::internal::AssertDownCast(From*)’:
/home/tina.guest/tinylsm-post-opt-source/tinylsm/build/benchmark/_deps/protobuf-src/src/google/protobuf/port.h:181:5: warning: testing if a concept-id is a valid expression; add ‘requires’ to check satisfaction [-Wmissing-requires]
  181 |     std::derived_from<std::remove_pointer_t<To>,
      |     ^
      |     requires 
[80/665] Building CXX object _deps/protobuf-build/CMakeFiles/libprotobuf.dir/src/google/protobuf/raw_ptr.cc.o
[81/665] Building CXX object _deps/protobuf-build/CMakeFiles/libprotobuf.dir/src/google/protobuf/reflection_mode.cc.o
[82/665] Building CXX object _deps/protobuf-build/CMakeFiles/libprotobuf.dir/src/google/protobuf/json/internal/unparser.cc.o
In file included from /home/tina.guest/tinylsm-post-opt-source/tinylsm/build/benchmark/_deps/protobuf-src/src/google/protobuf/io/zero_copy_stream.h:89,
                 from /home/tina.guest/tinylsm-post-opt-source/tinylsm/build/benchmark/_deps/protobuf-src/src/google/protobuf/io/zero_copy_sink.h:13,
                 from /home/tina.guest/tinylsm-post-opt-source/tinylsm/build/benchmark/_deps/protobuf-src/src/google/protobuf/json/internal/writer.h:25,
                 from /home/tina.guest/tinylsm-post-opt-source/tinylsm/build/benchmark/_deps/protobuf-src/src/google/protobuf/json/internal/unparser.h:14,
                 from /home/tina.guest/tinylsm-post-opt-source/tinylsm/build/benchmark/_deps/protobuf-src/src/google/protobuf/json/internal/unparser.cc:8:
/home/tina.guest/tinylsm-post-opt-source/tinylsm/build/benchmark/_deps/protobuf-src/src/google/protobuf/port.h: In function ‘void google::protobuf::internal::AssertDownCast(From*)’:
/home/tina.guest/tinylsm-post-opt-source/tinylsm/build/benchmark/_deps/protobuf-src/src/google/protobuf/port.h:181:5: warning: testing if a concept-id is a valid expression; add ‘requires’ to check satisfaction [-Wmissing-requires]
  181 |     std::derived_from<std::remove_pointer_t<To>,
      |     ^
      |     requires 
[83/665] Building CXX object _deps/protobuf-build/CMakeFiles/libprotobuf.dir/src/google/protobuf/port.cc.o
In file included from /home/tina.guest/tinylsm-post-opt-source/tinylsm/build/benchmark/_deps/protobuf-src/src/google/protobuf/port.cc:8:
/home/tina.guest/tinylsm-post-opt-source/tinylsm/build/benchmark/_deps/protobuf-src/src/google/protobuf/port.h: In function ‘void google::protobuf::internal::AssertDownCast(From*)’:
/home/tina.guest/tinylsm-post-opt-source/tinylsm/build/benchmark/_deps/protobuf-src/src/google/protobuf/port.h:181:5: warning: testing if a concept-id is a valid expression; add ‘requires’ to check satisfaction [-Wmissing-requires]
  181 |     std::derived_from<std::remove_pointer_t<To>,
      |     ^
      |     requires 
[84/665] Building CXX object _deps/protobuf-build/CMakeFiles/libprotobuf.dir/src/google/protobuf/message.cc.o
In file included from /home/tina.guest/tinylsm-post-opt-source/tinylsm/build/benchmark/_deps/protobuf-src/src/google/protobuf/arena.h:38,
                 from /home/tina.guest/tinylsm-post-opt-source/tinylsm/build/benchmark/_deps/protobuf-src/src/google/protobuf/message.h:105,
                 from /home/tina.guest/tinylsm-post-opt-source/tinylsm/build/benchmark/_deps/protobuf-src/src/google/protobuf/message.cc:12:
/home/tina.guest/tinylsm-post-opt-source/tinylsm/build/benchmark/_deps/protobuf-src/src/google/protobuf/port.h: In function ‘void google::protobuf::internal::AssertDownCast(From*)’:
/home/tina.guest/tinylsm-post-opt-source/tinylsm/build/benchmark/_deps/protobuf-src/src/google/protobuf/port.h:181:5: warning: testing if a concept-id is a valid expression; add ‘requires’ to check satisfaction [-Wmissing-requires]
  181 |     std::derived_from<std::remove_pointer_t<To>,
      |     ^
      |     requires 
[85/665] Building CXX object _deps/protobuf-build/CMakeFiles/libprotobuf.dir/src/google/protobuf/repeated_field.cc.o
In file included from /home/tina.guest/tinylsm-post-opt-source/tinylsm/build/benchmark/_deps/protobuf-src/src/google/protobuf/arena.h:38,
                 from /home/tina.guest/tinylsm-post-opt-source/tinylsm/build/benchmark/_deps/protobuf-src/src/google/protobuf/repeated_field.h:40,
                 from /home/tina.guest/tinylsm-post-opt-source/tinylsm/build/benchmark/_deps/protobuf-src/src/google/protobuf/repeated_field.cc:12:
/home/tina.guest/tinylsm-post-opt-source/tinylsm/build/benchmark/_deps/protobuf-src/src/google/protobuf/port.h: In function ‘void google::protobuf::internal::AssertDownCast(From*)’:
/home/tina.guest/tinylsm-post-opt-source/tinylsm/build/benchmark/_deps/protobuf-src/src/google/protobuf/port.h:181:5: warning: testing if a concept-id is a valid expression; add ‘requires’ to check satisfaction [-Wmissing-requires]
  181 |     std::derived_from<std::remove_pointer_t<To>,
      |     ^
      |     requires 
[86/665] Building CXX object _deps/protobuf-build/CMakeFiles/libprotobuf.dir/src/google/protobuf/message_lite.cc.o
In file included from /home/tina.guest/tinylsm-post-opt-source/tinylsm/build/benchmark/_deps/protobuf-src/src/google/protobuf/arena.h:38,
                 from /home/tina.guest/tinylsm-post-opt-source/tinylsm/build/benchmark/_deps/protobuf-src/src/google/protobuf/message_lite.h:34,
                 from /home/tina.guest/tinylsm-post-opt-source/tinylsm/build/benchmark/_deps/protobuf-src/src/google/protobuf/message_lite.cc:13:
/home/tina.guest/tinylsm-post-opt-source/tinylsm/build/benchmark/_deps/protobuf-src/src/google/protobuf/port.h: In function ‘void google::protobuf::internal::AssertDownCast(From*)’:
/home/tina.guest/tinylsm-post-opt-source/tinylsm/build/benchmark/_deps/protobuf-src/src/google/protobuf/port.h:181:5: warning: testing if a concept-id is a valid expression; add ‘requires’ to check satisfaction [-Wmissing-requires]
  181 |     std::derived_from<std::remove_pointer_t<To>,
      |     ^
      |     requires 
[87/665] Building CXX object _deps/protobuf-build/CMakeFiles/libprotobuf.dir/src/google/protobuf/parse_context.cc.o
In file included from /home/tina.guest/tinylsm-post-opt-source/tinylsm/build/benchmark/_deps/protobuf-src/src/google/protobuf/arena.h:38,
                 from /home/tina.guest/tinylsm-post-opt-source/tinylsm/build/benchmark/_deps/protobuf-src/src/google/protobuf/parse_context.h:24,
                 from /home/tina.guest/tinylsm-post-opt-source/tinylsm/build/benchmark/_deps/protobuf-src/src/google/protobuf/parse_context.cc:8:
/home/tina.guest/tinylsm-post-opt-source/tinylsm/build/benchmark/_deps/protobuf-src/src/google/protobuf/port.h: In function ‘void google::protobuf::internal::AssertDownCast(From*)’:
/home/tina.guest/tinylsm-post-opt-source/tinylsm/build/benchmark/_deps/protobuf-src/src/google/protobuf/port.h:181:5: warning: testing if a concept-id is a valid expression; add ‘requires’ to check satisfaction [-Wmissing-requires]
  181 |     std::derived_from<std::remove_pointer_t<To>,
      |     ^
      |     requires 
[88/665] Building CXX object _deps/protobuf-build/CMakeFiles/libprotobuf.dir/src/google/protobuf/repeated_ptr_field.cc.o
In file included from /home/tina.guest/tinylsm-post-opt-source/tinylsm/build/benchmark/_deps/protobuf-src/src/google/protobuf/arena.h:38,
                 from /home/tina.guest/tinylsm-post-opt-source/tinylsm/build/benchmark/_deps/protobuf-src/src/google/protobuf/repeated_ptr_field.h:38,
                 from /home/tina.guest/tinylsm-post-opt-source/tinylsm/build/benchmark/_deps/protobuf-src/src/google/protobuf/repeated_ptr_field.cc:12:
/home/tina.guest/tinylsm-post-opt-source/tinylsm/build/benchmark/_deps/protobuf-src/src/google/protobuf/port.h: In function ‘void google::protobuf::internal::AssertDownCast(From*)’:
/home/tina.guest/tinylsm-post-opt-source/tinylsm/build/benchmark/_deps/protobuf-src/src/google/protobuf/port.h:181:5: warning: testing if a concept-id is a valid expression; add ‘requires’ to check satisfaction [-Wmissing-requires]
  181 |     std::derived_from<std::remove_pointer_t<To>,
      |     ^
      |     requires 
[89/665] Building CXX object _deps/protobuf-build/CMakeFiles/libprotobuf.dir/src/google/protobuf/service.cc.o
In file included from /home/tina.guest/tinylsm-post-opt-source/tinylsm/build/benchmark/_deps/protobuf-src/src/google/protobuf/service.h:84,
                 from /home/tina.guest/tinylsm-post-opt-source/tinylsm/build/benchmark/_deps/protobuf-src/src/google/protobuf/service.cc:12:
/home/tina.guest/tinylsm-post-opt-source/tinylsm/build/benchmark/_deps/protobuf-src/src/google/protobuf/port.h: In function ‘void google::protobuf::internal::AssertDownCast(From*)’:
/home/tina.guest/tinylsm-post-opt-source/tinylsm/build/benchmark/_deps/protobuf-src/src/google/protobuf/port.h:181:5: warning: testing if a concept-id is a valid expression; add ‘requires’ to check satisfaction [-Wmissing-requires]
  181 |     std::derived_from<std::remove_pointer_t<To>,
      |     ^
      |     requires 
[90/665] Building CXX object _deps/protobuf-build/CMakeFiles/libprotobuf.dir/src/google/protobuf/stubs/common.cc.o
[91/665] Building CXX object _deps/protobuf-build/CMakeFiles/libprotobuf.dir/src/google/protobuf/util/delimited_message_util.cc.o
In file included from /home/tina.guest/tinylsm-post-opt-source/tinylsm/build/benchmark/_deps/protobuf-src/src/google/protobuf/io/zero_copy_stream.h:89,
                 from /home/tina.guest/tinylsm-post-opt-source/tinylsm/build/benchmark/_deps/protobuf-src/src/google/protobuf/io/zero_copy_stream_impl.h:24,
                 from /home/tina.guest/tinylsm-post-opt-source/tinylsm/build/benchmark/_deps/protobuf-src/src/google/protobuf/util/delimited_message_util.h:17,
                 from /home/tina.guest/tinylsm-post-opt-source/tinylsm/build/benchmark/_deps/protobuf-src/src/google/protobuf/util/delimited_message_util.cc:11:
/home/tina.guest/tinylsm-post-opt-source/tinylsm/build/benchmark/_deps/protobuf-src/src/google/protobuf/port.h: In function ‘void google::protobuf::internal::AssertDownCast(From*)’:
/home/tina.guest/tinylsm-post-opt-source/tinylsm/build/benchmark/_deps/protobuf-src/src/google/protobuf/port.h:181:5: warning: testing if a concept-id is a valid expression; add ‘requires’ to check satisfaction [-Wmissing-requires]
  181 |     std::derived_from<std::remove_pointer_t<To>,
      |     ^
      |     requires 
[92/665] Building CXX object _deps/protobuf-build/CMakeFiles/libprotobuf.dir/src/google/protobuf/reflection_ops.cc.o
In file included from /home/tina.guest/tinylsm-post-opt-source/tinylsm/build/benchmark/_deps/protobuf-src/src/google/protobuf/arena.h:38,
                 from /home/tina.guest/tinylsm-post-opt-source/tinylsm/build/benchmark/_deps/protobuf-src/src/google/protobuf/message.h:105,
                 from /home/tina.guest/tinylsm-post-opt-source/tinylsm/build/benchmark/_deps/protobuf-src/src/google/protobuf/reflection_ops.h:18,
                 from /home/tina.guest/tinylsm-post-opt-source/tinylsm/build/benchmark/_deps/protobuf-src/src/google/protobuf/reflection_ops.cc:11:
/home/tina.guest/tinylsm-post-opt-source/tinylsm/build/benchmark/_deps/protobuf-src/src/google/protobuf/port.h: In function ‘void google::protobuf::internal::AssertDownCast(From*)’:
/home/tina.guest/tinylsm-post-opt-source/tinylsm/build/benchmark/_deps/protobuf-src/src/google/protobuf/port.h:181:5: warning: testing if a concept-id is a valid expression; add ‘requires’ to check satisfaction [-Wmissing-requires]
  181 |     std::derived_from<std::remove_pointer_t<To>,
      |     ^
      |     requires 
[93/665] Building CXX object _deps/protobuf-build/CMakeFiles/libprotobuf.dir/src/google/protobuf/unknown_field_set.cc.o
In file included from /home/tina.guest/tinylsm-post-opt-source/tinylsm/build/benchmark/_deps/protobuf-src/src/google/protobuf/arena.h:38,
                 from /home/tina.guest/tinylsm-post-opt-source/tinylsm/build/benchmark/_deps/protobuf-src/src/google/protobuf/unknown_field_set.h:27,
                 from /home/tina.guest/tinylsm-post-opt-source/tinylsm/build/benchmark/_deps/protobuf-src/src/google/protobuf/unknown_field_set.cc:12:
/home/tina.guest/tinylsm-post-opt-source/tinylsm/build/benchmark/_deps/protobuf-src/src/google/protobuf/port.h: In function ‘void google::protobuf::internal::AssertDownCast(From*)’:
/home/tina.guest/tinylsm-post-opt-source/tinylsm/build/benchmark/_deps/protobuf-src/src/google/protobuf/port.h:181:5: warning: testing if a concept-id is a valid expression; add ‘requires’ to check satisfaction [-Wmissing-requires]
  181 |     std::derived_from<std::remove_pointer_t<To>,
      |     ^
      |     requires 
[94/665] Building CXX object _deps/protobuf-build/CMakeFiles/libprotobuf.dir/src/google/protobuf/util/field_mask_util.cc.o
In file included from /home/tina.guest/tinylsm-post-opt-source/tinylsm/build/benchmark/_deps/protobuf-src/src/google/protobuf/arena.h:38,
                 from /home/tina.guest/tinylsm-post-opt-source/tinylsm/build/benchmark/_deps/protobuf-src/src/google/protobuf/field_mask.pb.h:21,
                 from /home/tina.guest/tinylsm-post-opt-source/tinylsm/build/benchmark/_deps/protobuf-src/src/google/protobuf/util/field_mask_util.h:17,
                 from /home/tina.guest/tinylsm-post-opt-source/tinylsm/build/benchmark/_deps/protobuf-src/src/google/protobuf/util/field_mask_util.cc:8:
/home/tina.guest/tinylsm-post-opt-source/tinylsm/build/benchmark/_deps/protobuf-src/src/google/protobuf/port.h: In function ‘void google::protobuf::internal::AssertDownCast(From*)’:
/home/tina.guest/tinylsm-post-opt-source/tinylsm/build/benchmark/_deps/protobuf-src/src/google/protobuf/port.h:181:5: warning: testing if a concept-id is a valid expression; add ‘requires’ to check satisfaction [-Wmissing-requires]
  181 |     std::derived_from<std::remove_pointer_t<To>,
      |     ^
      |     requires 
[95/665] Building CXX object _deps/protobuf-build/CMakeFiles/libprotobuf.dir/src/google/protobuf/util/field_comparator.cc.o
In file included from /home/tina.guest/tinylsm-post-opt-source/tinylsm/build/benchmark/_deps/protobuf-src/src/google/protobuf/util/field_comparator.h:19,
                 from /home/tina.guest/tinylsm-post-opt-source/tinylsm/build/benchmark/_deps/protobuf-src/src/google/protobuf/util/field_comparator.cc:10:
/home/tina.guest/tinylsm-post-opt-source/tinylsm/build/benchmark/_deps/protobuf-src/src/google/protobuf/port.h: In function ‘void google::protobuf::internal::AssertDownCast(From*)’:
/home/tina.guest/tinylsm-post-opt-source/tinylsm/build/benchmark/_deps/protobuf-src/src/google/protobuf/port.h:181:5: warning: testing if a concept-id is a valid expression; add ‘requires’ to check satisfaction [-Wmissing-requires]
  181 |     std::derived_from<std::remove_pointer_t<To>,
      |     ^
      |     requires 
[96/665] Building CXX object _deps/protobuf-build/CMakeFiles/libprotobuf.dir/src/google/protobuf/util/time_util.cc.o
In file included from /home/tina.guest/tinylsm-post-opt-source/tinylsm/build/benchmark/_deps/protobuf-src/src/google/protobuf/arena.h:38,
                 from /home/tina.guest/tinylsm-post-opt-source/tinylsm/build/benchmark/_deps/protobuf-src/src/google/protobuf/duration.pb.h:21,
                 from /home/tina.guest/tinylsm-post-opt-source/tinylsm/build/benchmark/_deps/protobuf-src/src/google/protobuf/util/time_util.h:30,
                 from /home/tina.guest/tinylsm-post-opt-source/tinylsm/build/benchmark/_deps/protobuf-src/src/google/protobuf/util/time_util.cc:8:
/home/tina.guest/tinylsm-post-opt-source/tinylsm/build/benchmark/_deps/protobuf-src/src/google/protobuf/port.h: In function ‘void google::protobuf::internal::AssertDownCast(From*)’:
/home/tina.guest/tinylsm-post-opt-source/tinylsm/build/benchmark/_deps/protobuf-src/src/google/protobuf/port.h:181:5: warning: testing if a concept-id is a valid expression; add ‘requires’ to check satisfaction [-Wmissing-requires]
  181 |     std::derived_from<std::remove_pointer_t<To>,
      |     ^
      |     requires 
[97/665] Building CXX object _deps/protobuf-build/CMakeFiles/libprotobuf.dir/src/google/protobuf/util/type_resolver_util.cc.o
In file included from /home/tina.guest/tinylsm-post-opt-source/tinylsm/build/benchmark/_deps/protobuf-src/src/google/protobuf/arena.h:38,
                 from /home/tina.guest/tinylsm-post-opt-source/tinylsm/build/benchmark/_deps/protobuf-src/src/google/protobuf/type.pb.h:21,
                 from /home/tina.guest/tinylsm-post-opt-source/tinylsm/build/benchmark/_deps/protobuf-src/src/google/protobuf/util/type_resolver_util.h:13,
                 from /home/tina.guest/tinylsm-post-opt-source/tinylsm/build/benchmark/_deps/protobuf-src/src/google/protobuf/util/type_resolver_util.cc:8:
/home/tina.guest/tinylsm-post-opt-source/tinylsm/build/benchmark/_deps/protobuf-src/src/google/protobuf/port.h: In function ‘void google::protobuf::internal::AssertDownCast(From*)’:
/home/tina.guest/tinylsm-post-opt-source/tinylsm/build/benchmark/_deps/protobuf-src/src/google/protobuf/port.h:181:5: warning: testing if a concept-id is a valid expression; add ‘requires’ to check satisfaction [-Wmissing-requires]
  181 |     std::derived_from<std::remove_pointer_t<To>,
      |     ^
      |     requires 
[98/665] Building CXX object _deps/protobuf-build/CMakeFiles/libprotoc.dir/src/google/protobuf/compiler/code_generator_lite.cc.o
[99/665] Building CXX object _deps/protobuf-build/CMakeFiles/libprotobuf.dir/src/google/protobuf/wire_format_lite.cc.o
In file included from /home/tina.guest/tinylsm-post-opt-source/tinylsm/build/benchmark/_deps/protobuf-src/src/google/protobuf/arena.h:38,
                 from /home/tina.guest/tinylsm-post-opt-source/tinylsm/build/benchmark/_deps/protobuf-src/src/google/protobuf/arenastring.h:19,
                 from /home/tina.guest/tinylsm-post-opt-source/tinylsm/build/benchmark/_deps/protobuf-src/src/google/protobuf/wire_format_lite.h:30,
                 from /home/tina.guest/tinylsm-post-opt-source/tinylsm/build/benchmark/_deps/protobuf-src/src/google/protobuf/wire_format_lite.cc:12:
/home/tina.guest/tinylsm-post-opt-source/tinylsm/build/benchmark/_deps/protobuf-src/src/google/protobuf/port.h: In function ‘void google::protobuf::internal::AssertDownCast(From*)’:
/home/tina.guest/tinylsm-post-opt-source/tinylsm/build/benchmark/_deps/protobuf-src/src/google/protobuf/port.h:181:5: warning: testing if a concept-id is a valid expression; add ‘requires’ to check satisfaction [-Wmissing-requires]
  181 |     std::derived_from<std::remove_pointer_t<To>,
      |     ^
      |     requires 
[100/665] Building CXX object _deps/protobuf-build/CMakeFiles/libprotobuf.dir/src/google/protobuf/util/message_differencer.cc.o
In file included from /home/tina.guest/tinylsm-post-opt-source/tinylsm/build/benchmark/_deps/protobuf-src/src/google/protobuf/extension_set.h:36,
                 from /home/tina.guest/tinylsm-post-opt-source/tinylsm/build/benchmark/_deps/protobuf-src/src/google/protobuf/descriptor.h:56,
                 from /home/tina.guest/tinylsm-post-opt-source/tinylsm/build/benchmark/_deps/protobuf-src/src/google/protobuf/util/message_differencer.h:33,
                 from /home/tina.guest/tinylsm-post-opt-source/tinylsm/build/benchmark/_deps/protobuf-src/src/google/protobuf/util/message_differencer.cc:12:
/home/tina.guest/tinylsm-post-opt-source/tinylsm/build/benchmark/_deps/protobuf-src/src/google/protobuf/port.h: In function ‘void google::protobuf::internal::AssertDownCast(From*)’:
/home/tina.guest/tinylsm-post-opt-source/tinylsm/build/benchmark/_deps/protobuf-src/src/google/protobuf/port.h:181:5: warning: testing if a concept-id is a valid expression; add ‘requires’ to check satisfaction [-Wmissing-requires]
  181 |     std::derived_from<std::remove_pointer_t<To>,
      |     ^
      |     requires 
[101/665] Building CXX object _deps/protobuf-build/CMakeFiles/libprotobuf.dir/src/google/protobuf/text_format.cc.o
In file included from /home/tina.guest/tinylsm-post-opt-source/tinylsm/build/benchmark/_deps/protobuf-src/src/google/protobuf/extension_set.h:36,
                 from /home/tina.guest/tinylsm-post-opt-source/tinylsm/build/benchmark/_deps/protobuf-src/src/google/protobuf/descriptor.h:56,
                 from /home/tina.guest/tinylsm-post-opt-source/tinylsm/build/benchmark/_deps/protobuf-src/src/google/protobuf/text_format.h:27,
                 from /home/tina.guest/tinylsm-post-opt-source/tinylsm/build/benchmark/_deps/protobuf-src/src/google/protobuf/text_format.cc:12:
/home/tina.guest/tinylsm-post-opt-source/tinylsm/build/benchmark/_deps/protobuf-src/src/google/protobuf/port.h: In function ‘void google::protobuf::internal::AssertDownCast(From*)’:
/home/tina.guest/tinylsm-post-opt-source/tinylsm/build/benchmark/_deps/protobuf-src/src/google/protobuf/port.h:181:5: warning: testing if a concept-id is a valid expression; add ‘requires’ to check satisfaction [-Wmissing-requires]
  181 |     std::derived_from<std::remove_pointer_t<To>,
      |     ^
      |     requires 
[102/665] Building CXX object _deps/protobuf-build/CMakeFiles/libprotoc.dir/src/google/protobuf/compiler/code_generator.cc.o
In file included from /home/tina.guest/tinylsm-post-opt-source/tinylsm/build/benchmark/_deps/protobuf-src/src/google/protobuf/extension_set.h:36,
                 from /home/tina.guest/tinylsm-post-opt-source/tinylsm/build/benchmark/_deps/protobuf-src/src/google/protobuf/descriptor.h:56,
                 from /home/tina.guest/tinylsm-post-opt-source/tinylsm/build/benchmark/_deps/protobuf-src/src/google/protobuf/compiler/code_generator.h:26,
                 from /home/tina.guest/tinylsm-post-opt-source/tinylsm/build/benchmark/_deps/protobuf-src/src/google/protobuf/compiler/code_generator.cc:12:
/home/tina.guest/tinylsm-post-opt-source/tinylsm/build/benchmark/_deps/protobuf-src/src/google/protobuf/port.h: In function ‘void google::protobuf::internal::AssertDownCast(From*)’:
/home/tina.guest/tinylsm-post-opt-source/tinylsm/build/benchmark/_deps/protobuf-src/src/google/protobuf/port.h:181:5: warning: testing if a concept-id is a valid expression; add ‘requires’ to check satisfaction [-Wmissing-requires]
  181 |     std::derived_from<std::remove_pointer_t<To>,
      |     ^
      |     requires 
[103/665] Building CXX object _deps/protobuf-build/CMakeFiles/libprotobuf.dir/src/google/protobuf/wire_format.cc.o
In file included from /home/tina.guest/tinylsm-post-opt-source/tinylsm/build/benchmark/_deps/protobuf-src/src/google/protobuf/extension_set.h:36,
                 from /home/tina.guest/tinylsm-post-opt-source/tinylsm/build/benchmark/_deps/protobuf-src/src/google/protobuf/descriptor.h:56,
                 from /home/tina.guest/tinylsm-post-opt-source/tinylsm/build/benchmark/_deps/protobuf-src/src/google/protobuf/wire_format.h:26,
                 from /home/tina.guest/tinylsm-post-opt-source/tinylsm/build/benchmark/_deps/protobuf-src/src/google/protobuf/wire_format.cc:12:
/home/tina.guest/tinylsm-post-opt-source/tinylsm/build/benchmark/_deps/protobuf-src/src/google/protobuf/port.h: In function ‘void google::protobuf::internal::AssertDownCast(From*)’:
/home/tina.guest/tinylsm-post-opt-source/tinylsm/build/benchmark/_deps/protobuf-src/src/google/protobuf/port.h:181:5: warning: testing if a concept-id is a valid expression; add ‘requires’ to check satisfaction [-Wmissing-requires]
  181 |     std::derived_from<std::remove_pointer_t<To>,
      |     ^
      |     requires 
[104/665] Building CXX object _deps/protobuf-build/CMakeFiles/libprotoc.dir/src/google/protobuf/compiler/cpp/enum.cc.o
In file included from /home/tina.guest/tinylsm-post-opt-source/tinylsm/build/benchmark/_deps/protobuf-src/src/google/protobuf/extension_set.h:36,
                 from /home/tina.guest/tinylsm-post-opt-source/tinylsm/build/benchmark/_deps/protobuf-src/src/google/protobuf/descriptor.h:56,
                 from /home/tina.guest/tinylsm-post-opt-source/tinylsm/build/benchmark/_deps/protobuf-src/src/google/protobuf/compiler/cpp/enum.h:18,
                 from /home/tina.guest/tinylsm-post-opt-source/tinylsm/build/benchmark/_deps/protobuf-src/src/google/protobuf/compiler/cpp/enum.cc:12:
/home/tina.guest/tinylsm-post-opt-source/tinylsm/build/benchmark/_deps/protobuf-src/src/google/protobuf/port.h: In function ‘void google::protobuf::internal::AssertDownCast(From*)’:
/home/tina.guest/tinylsm-post-opt-source/tinylsm/build/benchmark/_deps/protobuf-src/src/google/protobuf/port.h:181:5: warning: testing if a concept-id is a valid expression; add ‘requires’ to check satisfaction [-Wmissing-requires]
  181 |     std::derived_from<std::remove_pointer_t<To>,
      |     ^
      |     requires 
[105/665] Building CXX object _deps/protobuf-build/CMakeFiles/libprotoc.dir/src/google/protobuf/compiler/cpp/extension.cc.o
In file included from /home/tina.guest/tinylsm-post-opt-source/tinylsm/build/benchmark/_deps/protobuf-src/src/google/protobuf/extension_set.h:36,
                 from /home/tina.guest/tinylsm-post-opt-source/tinylsm/build/benchmark/_deps/protobuf-src/src/google/protobuf/descriptor.h:56,
                 from /home/tina.guest/tinylsm-post-opt-source/tinylsm/build/benchmark/_deps/protobuf-src/src/google/protobuf/compiler/code_generator.h:26,
                 from /home/tina.guest/tinylsm-post-opt-source/tinylsm/build/benchmark/_deps/protobuf-src/src/google/protobuf/compiler/cpp/helpers.h:28,
                 from /home/tina.guest/tinylsm-post-opt-source/tinylsm/build/benchmark/_deps/protobuf-src/src/google/protobuf/compiler/cpp/extension.h:19,
                 from /home/tina.guest/tinylsm-post-opt-source/tinylsm/build/benchmark/_deps/protobuf-src/src/google/protobuf/compiler/cpp/extension.cc:12:
/home/tina.guest/tinylsm-post-opt-source/tinylsm/build/benchmark/_deps/protobuf-src/src/google/protobuf/port.h: In function ‘void google::protobuf::internal::AssertDownCast(From*)’:
/home/tina.guest/tinylsm-post-opt-source/tinylsm/build/benchmark/_deps/protobuf-src/src/google/protobuf/port.h:181:5: warning: testing if a concept-id is a valid expression; add ‘requires’ to check satisfaction [-Wmissing-requires]
  181 |     std::derived_from<std::remove_pointer_t<To>,
      |     ^
      |     requires 
[106/665] Building CXX object _deps/protobuf-build/CMakeFiles/libprotoc.dir/src/google/protobuf/compiler/cpp/field_generators/cord_field.cc.o
In file included from /home/tina.guest/tinylsm-post-opt-source/tinylsm/build/benchmark/_deps/protobuf-src/src/google/protobuf/extension_set.h:36,
                 from /home/tina.guest/tinylsm-post-opt-source/tinylsm/build/benchmark/_deps/protobuf-src/src/google/protobuf/descriptor.h:56,
                 from /home/tina.guest/tinylsm-post-opt-source/tinylsm/build/benchmark/_deps/protobuf-src/src/google/protobuf/compiler/code_generator.h:26,
                 from /home/tina.guest/tinylsm-post-opt-source/tinylsm/build/benchmark/_deps/protobuf-src/src/google/protobuf/compiler/cpp/helpers.h:28,
                 from /home/tina.guest/tinylsm-post-opt-source/tinylsm/build/benchmark/_deps/protobuf-src/src/google/protobuf/compiler/cpp/field.h:26,
                 from /home/tina.guest/tinylsm-post-opt-source/tinylsm/build/benchmark/_deps/protobuf-src/src/google/protobuf/compiler/cpp/field_generators/cord_field.cc:23:
/home/tina.guest/tinylsm-post-opt-source/tinylsm/build/benchmark/_deps/protobuf-src/src/google/protobuf/port.h: In function ‘void google::protobuf::internal::AssertDownCast(From*)’:
/home/tina.guest/tinylsm-post-opt-source/tinylsm/build/benchmark/_deps/protobuf-src/src/google/protobuf/port.h:181:5: warning: testing if a concept-id is a valid expression; add ‘requires’ to check satisfaction [-Wmissing-requires]
  181 |     std::derived_from<std::remove_pointer_t<To>,
      |     ^
      |     requires 
[107/665] Building CXX object _deps/protobuf-build/CMakeFiles/libprotoc.dir/src/google/protobuf/compiler/cpp/field_generators/enum_field.cc.o
In file included from /home/tina.guest/tinylsm-post-opt-source/tinylsm/build/benchmark/_deps/protobuf-src/src/google/protobuf/extension_set.h:36,
                 from /home/tina.guest/tinylsm-post-opt-source/tinylsm/build/benchmark/_deps/protobuf-src/src/google/protobuf/descriptor.h:56,
                 from /home/tina.guest/tinylsm-post-opt-source/tinylsm/build/benchmark/_deps/protobuf-src/src/google/protobuf/compiler/code_generator.h:26,
                 from /home/tina.guest/tinylsm-post-opt-source/tinylsm/build/benchmark/_deps/protobuf-src/src/google/protobuf/compiler/cpp/helpers.h:28,
                 from /home/tina.guest/tinylsm-post-opt-source/tinylsm/build/benchmark/_deps/protobuf-src/src/google/protobuf/compiler/cpp/field.h:26,
                 from /home/tina.guest/tinylsm-post-opt-source/tinylsm/build/benchmark/_deps/protobuf-src/src/google/protobuf/compiler/cpp/field_generators/enum_field.cc:20:
/home/tina.guest/tinylsm-post-opt-source/tinylsm/build/benchmark/_deps/protobuf-src/src/google/protobuf/port.h: In function ‘void google::protobuf::internal::AssertDownCast(From*)’:
/home/tina.guest/tinylsm-post-opt-source/tinylsm/build/benchmark/_deps/protobuf-src/src/google/protobuf/port.h:181:5: warning: testing if a concept-id is a valid expression; add ‘requires’ to check satisfaction [-Wmissing-requires]
  181 |     std::derived_from<std::remove_pointer_t<To>,
      |     ^
      |     requires 
[108/665] Building CXX object _deps/protobuf-build/CMakeFiles/libprotoc.dir/src/google/protobuf/compiler/cpp/field.cc.o
In file included from /home/tina.guest/tinylsm-post-opt-source/tinylsm/build/benchmark/_deps/protobuf-src/src/google/protobuf/extension_set.h:36,
                 from /home/tina.guest/tinylsm-post-opt-source/tinylsm/build/benchmark/_deps/protobuf-src/src/google/protobuf/descriptor.h:56,
                 from /home/tina.guest/tinylsm-post-opt-source/tinylsm/build/benchmark/_deps/protobuf-src/src/google/protobuf/compiler/code_generator.h:26,
                 from /home/tina.guest/tinylsm-post-opt-source/tinylsm/build/benchmark/_deps/protobuf-src/src/google/protobuf/compiler/cpp/helpers.h:28,
                 from /home/tina.guest/tinylsm-post-opt-source/tinylsm/build/benchmark/_deps/protobuf-src/src/google/protobuf/compiler/cpp/field.h:26,
                 from /home/tina.guest/tinylsm-post-opt-source/tinylsm/build/benchmark/_deps/protobuf-src/src/google/protobuf/compiler/cpp/field.cc:12:
/home/tina.guest/tinylsm-post-opt-source/tinylsm/build/benchmark/_deps/protobuf-src/src/google/protobuf/port.h: In function ‘void google::protobuf::internal::AssertDownCast(From*)’:
/home/tina.guest/tinylsm-post-opt-source/tinylsm/build/benchmark/_deps/protobuf-src/src/google/protobuf/port.h:181:5: warning: testing if a concept-id is a valid expression; add ‘requires’ to check satisfaction [-Wmissing-requires]
  181 |     std::derived_from<std::remove_pointer_t<To>,
      |     ^
      |     requires 
[109/665] Building CXX object _deps/protobuf-build/CMakeFiles/libprotoc.dir/src/google/protobuf/compiler/command_line_interface.cc.o
In file included from /home/tina.guest/tinylsm-post-opt-source/tinylsm/build/benchmark/_deps/protobuf-src/src/google/protobuf/arena.h:38,
                 from /home/tina.guest/tinylsm-post-opt-source/tinylsm/build/benchmark/_deps/protobuf-src/src/google/protobuf/descriptor.pb.h:21,
                 from /home/tina.guest/tinylsm-post-opt-source/tinylsm/build/benchmark/_deps/protobuf-src/src/google/protobuf/compiler/command_line_interface.h:29,
                 from /home/tina.guest/tinylsm-post-opt-source/tinylsm/build/benchmark/_deps/protobuf-src/src/google/protobuf/compiler/command_line_interface.cc:12:
/home/tina.guest/tinylsm-post-opt-source/tinylsm/build/benchmark/_deps/protobuf-src/src/google/protobuf/port.h: In function ‘void google::protobuf::internal::AssertDownCast(From*)’:
/home/tina.guest/tinylsm-post-opt-source/tinylsm/build/benchmark/_deps/protobuf-src/src/google/protobuf/port.h:181:5: warning: testing if a concept-id is a valid expression; add ‘requires’ to check satisfaction [-Wmissing-requires]
  181 |     std::derived_from<std::remove_pointer_t<To>,
      |     ^
      |     requires 
[110/665] Building CXX object _deps/protobuf-build/CMakeFiles/libprotoc.dir/src/google/protobuf/compiler/cpp/field_generators/primitive_field.cc.o
In file included from /home/tina.guest/tinylsm-post-opt-source/tinylsm/build/benchmark/_deps/protobuf-src/src/google/protobuf/extension_set.h:36,
                 from /home/tina.guest/tinylsm-post-opt-source/tinylsm/build/benchmark/_deps/protobuf-src/src/google/protobuf/descriptor.h:56,
                 from /home/tina.guest/tinylsm-post-opt-source/tinylsm/build/benchmark/_deps/protobuf-src/src/google/protobuf/compiler/code_generator.h:26,
                 from /home/tina.guest/tinylsm-post-opt-source/tinylsm/build/benchmark/_deps/protobuf-src/src/google/protobuf/compiler/cpp/helpers.h:28,
                 from /home/tina.guest/tinylsm-post-opt-source/tinylsm/build/benchmark/_deps/protobuf-src/src/google/protobuf/compiler/cpp/field.h:26,
                 from /home/tina.guest/tinylsm-post-opt-source/tinylsm/build/benchmark/_deps/protobuf-src/src/google/protobuf/compiler/cpp/field_generators/primitive_field.cc:21:
/home/tina.guest/tinylsm-post-opt-source/tinylsm/build/benchmark/_deps/protobuf-src/src/google/protobuf/port.h: In function ‘void google::protobuf::internal::AssertDownCast(From*)’:
/home/tina.guest/tinylsm-post-opt-source/tinylsm/build/benchmark/_deps/protobuf-src/src/google/protobuf/port.h:181:5: warning: testing if a concept-id is a valid expression; add ‘requires’ to check satisfaction [-Wmissing-requires]
  181 |     std::derived_from<std::remove_pointer_t<To>,
      |     ^
      |     requires 
[111/665] Building CXX object _deps/protobuf-build/CMakeFiles/libprotoc.dir/src/google/protobuf/compiler/cpp/field_generators/map_field.cc.o
In file included from /home/tina.guest/tinylsm-post-opt-source/tinylsm/build/benchmark/_deps/protobuf-src/src/google/protobuf/extension_set.h:36,
                 from /home/tina.guest/tinylsm-post-opt-source/tinylsm/build/benchmark/_deps/protobuf-src/src/google/protobuf/descriptor.h:56,
                 from /home/tina.guest/tinylsm-post-opt-source/tinylsm/build/benchmark/_deps/protobuf-src/src/google/protobuf/compiler/code_generator.h:26,
                 from /home/tina.guest/tinylsm-post-opt-source/tinylsm/build/benchmark/_deps/protobuf-src/src/google/protobuf/compiler/cpp/helpers.h:28,
                 from /home/tina.guest/tinylsm-post-opt-source/tinylsm/build/benchmark/_deps/protobuf-src/src/google/protobuf/compiler/cpp/field.h:26,
                 from /home/tina.guest/tinylsm-post-opt-source/tinylsm/build/benchmark/_deps/protobuf-src/src/google/protobuf/compiler/cpp/field_generators/map_field.cc:16:
/home/tina.guest/tinylsm-post-opt-source/tinylsm/build/benchmark/_deps/protobuf-src/src/google/protobuf/port.h: In function ‘void google::protobuf::internal::AssertDownCast(From*)’:
/home/tina.guest/tinylsm-post-opt-source/tinylsm/build/benchmark/_deps/protobuf-src/src/google/protobuf/port.h:181:5: warning: testing if a concept-id is a valid expression; add ‘requires’ to check satisfaction [-Wmissing-requires]
  181 |     std::derived_from<std::remove_pointer_t<To>,
      |     ^
      |     requires 
[112/665] Building CXX object _deps/protobuf-build/CMakeFiles/libprotoc.dir/src/google/protobuf/compiler/cpp/field_generators/string_field.cc.o
In file included from /home/tina.guest/tinylsm-post-opt-source/tinylsm/build/benchmark/_deps/protobuf-src/src/google/protobuf/extension_set.h:36,
                 from /home/tina.guest/tinylsm-post-opt-source/tinylsm/build/benchmark/_deps/protobuf-src/src/google/protobuf/descriptor.h:56,
                 from /home/tina.guest/tinylsm-post-opt-source/tinylsm/build/benchmark/_deps/protobuf-src/src/google/protobuf/compiler/code_generator.h:26,
                 from /home/tina.guest/tinylsm-post-opt-source/tinylsm/build/benchmark/_deps/protobuf-src/src/google/protobuf/compiler/cpp/helpers.h:28,
                 from /home/tina.guest/tinylsm-post-opt-source/tinylsm/build/benchmark/_deps/protobuf-src/src/google/protobuf/compiler/cpp/field.h:26,
                 from /home/tina.guest/tinylsm-post-opt-source/tinylsm/build/benchmark/_deps/protobuf-src/src/google/protobuf/compiler/cpp/field_generators/string_field.cc:19:
/home/tina.guest/tinylsm-post-opt-source/tinylsm/build/benchmark/_deps/protobuf-src/src/google/protobuf/port.h: In function ‘void google::protobuf::internal::AssertDownCast(From*)’:
/home/tina.guest/tinylsm-post-opt-source/tinylsm/build/benchmark/_deps/protobuf-src/src/google/protobuf/port.h:181:5: warning: testing if a concept-id is a valid expression; add ‘requires’ to check satisfaction [-Wmissing-requires]
  181 |     std::derived_from<std::remove_pointer_t<To>,
      |     ^
      |     requires 
[113/665] Building CXX object _deps/protobuf-build/CMakeFiles/libprotoc.dir/src/google/protobuf/compiler/cpp/field_generators/message_field.cc.o
In file included from /home/tina.guest/tinylsm-post-opt-source/tinylsm/build/benchmark/_deps/protobuf-src/src/google/protobuf/extension_set.h:36,
                 from /home/tina.guest/tinylsm-post-opt-source/tinylsm/build/benchmark/_deps/protobuf-src/src/google/protobuf/descriptor.h:56,
                 from /home/tina.guest/tinylsm-post-opt-source/tinylsm/build/benchmark/_deps/protobuf-src/src/google/protobuf/compiler/code_generator.h:26,
                 from /home/tina.guest/tinylsm-post-opt-source/tinylsm/build/benchmark/_deps/protobuf-src/src/google/protobuf/compiler/cpp/helpers.h:28,
                 from /home/tina.guest/tinylsm-post-opt-source/tinylsm/build/benchmark/_deps/protobuf-src/src/google/protobuf/compiler/cpp/field.h:26,
                 from /home/tina.guest/tinylsm-post-opt-source/tinylsm/build/benchmark/_deps/protobuf-src/src/google/protobuf/compiler/cpp/field_generators/message_field.cc:21:
/home/tina.guest/tinylsm-post-opt-source/tinylsm/build/benchmark/_deps/protobuf-src/src/google/protobuf/port.h: In function ‘void google::protobuf::internal::AssertDownCast(From*)’:
/home/tina.guest/tinylsm-post-opt-source/tinylsm/build/benchmark/_deps/protobuf-src/src/google/protobuf/port.h:181:5: warning: testing if a concept-id is a valid expression; add ‘requires’ to check satisfaction [-Wmissing-requires]
  181 |     std::derived_from<std::remove_pointer_t<To>,
      |     ^
      |     requires 
[114/665] Building CXX object _deps/protobuf-build/CMakeFiles/libprotoc.dir/src/google/protobuf/compiler/cpp/field_generators/string_view_field.cc.o
In file included from /home/tina.guest/tinylsm-post-opt-source/tinylsm/build/benchmark/_deps/protobuf-src/src/google/protobuf/extension_set.h:36,
                 from /home/tina.guest/tinylsm-post-opt-source/tinylsm/build/benchmark/_deps/protobuf-src/src/google/protobuf/descriptor.h:56,
                 from /home/tina.guest/tinylsm-post-opt-source/tinylsm/build/benchmark/_deps/protobuf-src/src/google/protobuf/compiler/code_generator.h:26,
                 from /home/tina.guest/tinylsm-post-opt-source/tinylsm/build/benchmark/_deps/protobuf-src/src/google/protobuf/compiler/cpp/helpers.h:28,
                 from /home/tina.guest/tinylsm-post-opt-source/tinylsm/build/benchmark/_deps/protobuf-src/src/google/protobuf/compiler/cpp/field.h:26,
                 from /home/tina.guest/tinylsm-post-opt-source/tinylsm/build/benchmark/_deps/protobuf-src/src/google/protobuf/compiler/cpp/field_generators/string_view_field.cc:19:
/home/tina.guest/tinylsm-post-opt-source/tinylsm/build/benchmark/_deps/protobuf-src/src/google/protobuf/port.h: In function ‘void google::protobuf::internal::AssertDownCast(From*)’:
/home/tina.guest/tinylsm-post-opt-source/tinylsm/build/benchmark/_deps/protobuf-src/src/google/protobuf/port.h:181:5: warning: testing if a concept-id is a valid expression; add ‘requires’ to check satisfaction [-Wmissing-requires]
  181 |     std::derived_from<std::remove_pointer_t<To>,
      |     ^
      |     requires 
[115/665] Building CXX object _deps/protobuf-build/CMakeFiles/libprotoc.dir/src/google/protobuf/compiler/cpp/ifndef_guard.cc.o
In file included from /home/tina.guest/tinylsm-post-opt-source/tinylsm/build/benchmark/_deps/protobuf-src/src/google/protobuf/io/zero_copy_stream.h:89,
                 from /home/tina.guest/tinylsm-post-opt-source/tinylsm/build/benchmark/_deps/protobuf-src/src/google/protobuf/io/zero_copy_sink.h:13,
                 from /home/tina.guest/tinylsm-post-opt-source/tinylsm/build/benchmark/_deps/protobuf-src/src/google/protobuf/io/printer.h:36,
                 from /home/tina.guest/tinylsm-post-opt-source/tinylsm/build/benchmark/_deps/protobuf-src/src/google/protobuf/compiler/cpp/ifndef_guard.h:33,
                 from /home/tina.guest/tinylsm-post-opt-source/tinylsm/build/benchmark/_deps/protobuf-src/src/google/protobuf/compiler/cpp/ifndef_guard.cc:8:
/home/tina.guest/tinylsm-post-opt-source/tinylsm/build/benchmark/_deps/protobuf-src/src/google/protobuf/port.h: In function ‘void google::protobuf::internal::AssertDownCast(From*)’:
/home/tina.guest/tinylsm-post-opt-source/tinylsm/build/benchmark/_deps/protobuf-src/src/google/protobuf/port.h:181:5: warning: testing if a concept-id is a valid expression; add ‘requires’ to check satisfaction [-Wmissing-requires]
  181 |     std::derived_from<std::remove_pointer_t<To>,
      |     ^
      |     requires 
[116/665] Building CXX object _deps/protobuf-build/CMakeFiles/libprotoc.dir/src/google/protobuf/compiler/cpp/generator.cc.o
In file included from /home/tina.guest/tinylsm-post-opt-source/tinylsm/build/benchmark/_deps/protobuf-src/src/google/protobuf/extension_set.h:36,
                 from /home/tina.guest/tinylsm-post-opt-source/tinylsm/build/benchmark/_deps/protobuf-src/src/google/protobuf/descriptor.h:56,
                 from /home/tina.guest/tinylsm-post-opt-source/tinylsm/build/benchmark/_deps/protobuf-src/src/google/protobuf/compiler/code_generator.h:26,
                 from /home/tina.guest/tinylsm-post-opt-source/tinylsm/build/benchmark/_deps/protobuf-src/src/google/protobuf/compiler/cpp/generator.h:24,
                 from /home/tina.guest/tinylsm-post-opt-source/tinylsm/build/benchmark/_deps/protobuf-src/src/google/protobuf/compiler/cpp/generator.cc:12:
/home/tina.guest/tinylsm-post-opt-source/tinylsm/build/benchmark/_deps/protobuf-src/src/google/protobuf/port.h: In function ‘void google::protobuf::internal::AssertDownCast(From*)’:
/home/tina.guest/tinylsm-post-opt-source/tinylsm/build/benchmark/_deps/protobuf-src/src/google/protobuf/port.h:181:5: warning: testing if a concept-id is a valid expression; add ‘requires’ to check satisfaction [-Wmissing-requires]
  181 |     std::derived_from<std::remove_pointer_t<To>,
      |     ^
      |     requires 
[117/665] Building CXX object _deps/protobuf-build/CMakeFiles/libprotoc.dir/src/google/protobuf/compiler/cpp/namespace_printer.cc.o
In file included from /home/tina.guest/tinylsm-post-opt-source/tinylsm/build/benchmark/_deps/protobuf-src/src/google/protobuf/io/zero_copy_stream.h:89,
                 from /home/tina.guest/tinylsm-post-opt-source/tinylsm/build/benchmark/_deps/protobuf-src/src/google/protobuf/io/zero_copy_sink.h:13,
                 from /home/tina.guest/tinylsm-post-opt-source/tinylsm/build/benchmark/_deps/protobuf-src/src/google/protobuf/io/printer.h:36,
                 from /home/tina.guest/tinylsm-post-opt-source/tinylsm/build/benchmark/_deps/protobuf-src/src/google/protobuf/compiler/cpp/namespace_printer.h:29,
                 from /home/tina.guest/tinylsm-post-opt-source/tinylsm/build/benchmark/_deps/protobuf-src/src/google/protobuf/compiler/cpp/namespace_printer.cc:1:
/home/tina.guest/tinylsm-post-opt-source/tinylsm/build/benchmark/_deps/protobuf-src/src/google/protobuf/port.h: In function ‘void google::protobuf::internal::AssertDownCast(From*)’:
/home/tina.guest/tinylsm-post-opt-source/tinylsm/build/benchmark/_deps/protobuf-src/src/google/protobuf/port.h:181:5: warning: testing if a concept-id is a valid expression; add ‘requires’ to check satisfaction [-Wmissing-requires]
  181 |     std::derived_from<std::remove_pointer_t<To>,
      |     ^
      |     requires 
[118/665] Building CXX object _deps/protobuf-build/CMakeFiles/libprotoc.dir/src/google/protobuf/compiler/cpp/padding_optimizer.cc.o
In file included from /home/tina.guest/tinylsm-post-opt-source/tinylsm/build/benchmark/_deps/protobuf-src/src/google/protobuf/extension_set.h:36,
                 from /home/tina.guest/tinylsm-post-opt-source/tinylsm/build/benchmark/_deps/protobuf-src/src/google/protobuf/descriptor.h:56,
                 from /home/tina.guest/tinylsm-post-opt-source/tinylsm/build/benchmark/_deps/protobuf-src/src/google/protobuf/compiler/cpp/message_layout_helper.h:16,
                 from /home/tina.guest/tinylsm-post-opt-source/tinylsm/build/benchmark/_deps/protobuf-src/src/google/protobuf/compiler/cpp/padding_optimizer.h:15,
                 from /home/tina.guest/tinylsm-post-opt-source/tinylsm/build/benchmark/_deps/protobuf-src/src/google/protobuf/compiler/cpp/padding_optimizer.cc:8:
/home/tina.guest/tinylsm-post-opt-source/tinylsm/build/benchmark/_deps/protobuf-src/src/google/protobuf/port.h: In function ‘void google::protobuf::internal::AssertDownCast(From*)’:
/home/tina.guest/tinylsm-post-opt-source/tinylsm/build/benchmark/_deps/protobuf-src/src/google/protobuf/port.h:181:5: warning: testing if a concept-id is a valid expression; add ‘requires’ to check satisfaction [-Wmissing-requires]
  181 |     std::derived_from<std::remove_pointer_t<To>,
      |     ^
      |     requires 
[119/665] Building CXX object _deps/protobuf-build/CMakeFiles/libprotoc.dir/src/google/protobuf/compiler/cpp/file.cc.o
In file included from /home/tina.guest/tinylsm-post-opt-source/tinylsm/build/benchmark/_deps/protobuf-src/src/google/protobuf/extension_set.h:36,
                 from /home/tina.guest/tinylsm-post-opt-source/tinylsm/build/benchmark/_deps/protobuf-src/src/google/protobuf/descriptor.h:56,
                 from /home/tina.guest/tinylsm-post-opt-source/tinylsm/build/benchmark/_deps/protobuf-src/src/google/protobuf/compiler/cpp/enum.h:18,
                 from /home/tina.guest/tinylsm-post-opt-source/tinylsm/build/benchmark/_deps/protobuf-src/src/google/protobuf/compiler/cpp/file.h:25,
                 from /home/tina.guest/tinylsm-post-opt-source/tinylsm/build/benchmark/_deps/protobuf-src/src/google/protobuf/compiler/cpp/file.cc:12:
/home/tina.guest/tinylsm-post-opt-source/tinylsm/build/benchmark/_deps/protobuf-src/src/google/protobuf/port.h: In function ‘void google::protobuf::internal::AssertDownCast(From*)’:
/home/tina.guest/tinylsm-post-opt-source/tinylsm/build/benchmark/_deps/protobuf-src/src/google/protobuf/port.h:181:5: warning: testing if a concept-id is a valid expression; add ‘requires’ to check satisfaction [-Wmissing-requires]
  181 |     std::derived_from<std::remove_pointer_t<To>,
      |     ^
      |     requires 
[120/665] Building CXX object _deps/protobuf-build/CMakeFiles/libprotoc.dir/src/google/protobuf/compiler/cpp/helpers.cc.o
In file included from /home/tina.guest/tinylsm-post-opt-source/tinylsm/build/benchmark/_deps/protobuf-src/src/google/protobuf/extension_set.h:36,
                 from /home/tina.guest/tinylsm-post-opt-source/tinylsm/build/benchmark/_deps/protobuf-src/src/google/protobuf/descriptor.h:56,
                 from /home/tina.guest/tinylsm-post-opt-source/tinylsm/build/benchmark/_deps/protobuf-src/src/google/protobuf/compiler/code_generator.h:26,
                 from /home/tina.guest/tinylsm-post-opt-source/tinylsm/build/benchmark/_deps/protobuf-src/src/google/protobuf/compiler/cpp/helpers.h:28,
                 from /home/tina.guest/tinylsm-post-opt-source/tinylsm/build/benchmark/_deps/protobuf-src/src/google/protobuf/compiler/cpp/helpers.cc:12:
/home/tina.guest/tinylsm-post-opt-source/tinylsm/build/benchmark/_deps/protobuf-src/src/google/protobuf/port.h: In function ‘void google::protobuf::internal::AssertDownCast(From*)’:
/home/tina.guest/tinylsm-post-opt-source/tinylsm/build/benchmark/_deps/protobuf-src/src/google/protobuf/port.h:181:5: warning: testing if a concept-id is a valid expression; add ‘requires’ to check satisfaction [-Wmissing-requires]
  181 |     std::derived_from<std::remove_pointer_t<To>,
      |     ^
      |     requires 
[121/665] Building CXX object _deps/protobuf-build/CMakeFiles/libprotoc.dir/src/google/protobuf/compiler/cpp/service.cc.o
In file included from /home/tina.guest/tinylsm-post-opt-source/tinylsm/build/benchmark/_deps/protobuf-src/src/google/protobuf/extension_set.h:36,
                 from /home/tina.guest/tinylsm-post-opt-source/tinylsm/build/benchmark/_deps/protobuf-src/src/google/protobuf/descriptor.h:56,
                 from /home/tina.guest/tinylsm-post-opt-source/tinylsm/build/benchmark/_deps/protobuf-src/src/google/protobuf/compiler/cpp/service.h:20,
                 from /home/tina.guest/tinylsm-post-opt-source/tinylsm/build/benchmark/_deps/protobuf-src/src/google/protobuf/compiler/cpp/service.cc:12:
/home/tina.guest/tinylsm-post-opt-source/tinylsm/build/benchmark/_deps/protobuf-src/src/google/protobuf/port.h: In function ‘void google::protobuf::internal::AssertDownCast(From*)’:
/home/tina.guest/tinylsm-post-opt-source/tinylsm/build/benchmark/_deps/protobuf-src/src/google/protobuf/port.h:181:5: warning: testing if a concept-id is a valid expression; add ‘requires’ to check satisfaction [-Wmissing-requires]
  181 |     std::derived_from<std::remove_pointer_t<To>,
      |     ^
      |     requires 
[122/665] Building CXX object _deps/protobuf-build/CMakeFiles/libprotoc.dir/src/google/protobuf/compiler/cpp/parse_function_generator.cc.o
In file included from /home/tina.guest/tinylsm-post-opt-source/tinylsm/build/benchmark/_deps/protobuf-src/src/google/protobuf/extension_set.h:36,
                 from /home/tina.guest/tinylsm-post-opt-source/tinylsm/build/benchmark/_deps/protobuf-src/src/google/protobuf/descriptor.h:56,
                 from /home/tina.guest/tinylsm-post-opt-source/tinylsm/build/benchmark/_deps/protobuf-src/src/google/protobuf/compiler/code_generator.h:26,
                 from /home/tina.guest/tinylsm-post-opt-source/tinylsm/build/benchmark/_deps/protobuf-src/src/google/protobuf/compiler/cpp/helpers.h:28,
                 from /home/tina.guest/tinylsm-post-opt-source/tinylsm/build/benchmark/_deps/protobuf-src/src/google/protobuf/compiler/cpp/parse_function_generator.h:17,
                 from /home/tina.guest/tinylsm-post-opt-source/tinylsm/build/benchmark/_deps/protobuf-src/src/google/protobuf/compiler/cpp/parse_function_generator.cc:8:
/home/tina.guest/tinylsm-post-opt-source/tinylsm/build/benchmark/_deps/protobuf-src/src/google/protobuf/port.h: In function ‘void google::protobuf::internal::AssertDownCast(From*)’:
/home/tina.guest/tinylsm-post-opt-source/tinylsm/build/benchmark/_deps/protobuf-src/src/google/protobuf/port.h:181:5: warning: testing if a concept-id is a valid expression; add ‘requires’ to check satisfaction [-Wmissing-requires]
  181 |     std::derived_from<std::remove_pointer_t<To>,
      |     ^
      |     requires 
[123/665] Building CXX object _deps/protobuf-build/CMakeFiles/libprotoc.dir/src/google/protobuf/compiler/csharp/csharp_enum.cc.o
In file included from /home/tina.guest/tinylsm-post-opt-source/tinylsm/build/benchmark/_deps/protobuf-src/src/google/protobuf/extension_set.h:36,
                 from /home/tina.guest/tinylsm-post-opt-source/tinylsm/build/benchmark/_deps/protobuf-src/src/google/protobuf/descriptor.h:56,
                 from /home/tina.guest/tinylsm-post-opt-source/tinylsm/build/benchmark/_deps/protobuf-src/src/google/protobuf/compiler/code_generator.h:26,
                 from /home/tina.guest/tinylsm-post-opt-source/tinylsm/build/benchmark/_deps/protobuf-src/src/google/protobuf/compiler/csharp/csharp_enum.h:13,
                 from /home/tina.guest/tinylsm-post-opt-source/tinylsm/build/benchmark/_deps/protobuf-src/src/google/protobuf/compiler/csharp/csharp_enum.cc:8:
/home/tina.guest/tinylsm-post-opt-source/tinylsm/build/benchmark/_deps/protobuf-src/src/google/protobuf/port.h: In function ‘void google::protobuf::internal::AssertDownCast(From*)’:
/home/tina.guest/tinylsm-post-opt-source/tinylsm/build/benchmark/_deps/protobuf-src/src/google/protobuf/port.h:181:5: warning: testing if a concept-id is a valid expression; add ‘requires’ to check satisfaction [-Wmissing-requires]
  181 |     std::derived_from<std::remove_pointer_t<To>,
      |     ^
      |     requires 
[124/665] Building CXX object _deps/protobuf-build/CMakeFiles/libprotoc.dir/src/google/protobuf/compiler/csharp/csharp_doc_comment.cc.o
In file included from /home/tina.guest/tinylsm-post-opt-source/tinylsm/build/benchmark/_deps/protobuf-src/src/google/protobuf/extension_set.h:36,
                 from /home/tina.guest/tinylsm-post-opt-source/tinylsm/build/benchmark/_deps/protobuf-src/src/google/protobuf/descriptor.h:56,
                 from /home/tina.guest/tinylsm-post-opt-source/tinylsm/build/benchmark/_deps/protobuf-src/src/google/protobuf/compiler/csharp/csharp_doc_comment.h:13,
                 from /home/tina.guest/tinylsm-post-opt-source/tinylsm/build/benchmark/_deps/protobuf-src/src/google/protobuf/compiler/csharp/csharp_doc_comment.cc:11:
/home/tina.guest/tinylsm-post-opt-source/tinylsm/build/benchmark/_deps/protobuf-src/src/google/protobuf/port.h: In function ‘void google::protobuf::internal::AssertDownCast(From*)’:
/home/tina.guest/tinylsm-post-opt-source/tinylsm/build/benchmark/_deps/protobuf-src/src/google/protobuf/port.h:181:5: warning: testing if a concept-id is a valid expression; add ‘requires’ to check satisfaction [-Wmissing-requires]
  181 |     std::derived_from<std::remove_pointer_t<To>,
      |     ^
      |     requires 
[125/665] Building CXX object _deps/protobuf-build/CMakeFiles/libprotoc.dir/src/google/protobuf/compiler/csharp/csharp_enum_field.cc.o
In file included from /home/tina.guest/tinylsm-post-opt-source/tinylsm/build/benchmark/_deps/protobuf-src/src/google/protobuf/extension_set.h:36,
                 from /home/tina.guest/tinylsm-post-opt-source/tinylsm/build/benchmark/_deps/protobuf-src/src/google/protobuf/descriptor.h:56,
                 from /home/tina.guest/tinylsm-post-opt-source/tinylsm/build/benchmark/_deps/protobuf-src/src/google/protobuf/compiler/code_generator.h:26,
                 from /home/tina.guest/tinylsm-post-opt-source/tinylsm/build/benchmark/_deps/protobuf-src/src/google/protobuf/compiler/csharp/csharp_enum_field.h:11,
                 from /home/tina.guest/tinylsm-post-opt-source/tinylsm/build/benchmark/_deps/protobuf-src/src/google/protobuf/compiler/csharp/csharp_enum_field.cc:8:
/home/tina.guest/tinylsm-post-opt-source/tinylsm/build/benchmark/_deps/protobuf-src/src/google/protobuf/port.h: In function ‘void google::protobuf::internal::AssertDownCast(From*)’:
/home/tina.guest/tinylsm-post-opt-source/tinylsm/build/benchmark/_deps/protobuf-src/src/google/protobuf/port.h:181:5: warning: testing if a concept-id is a valid expression; add ‘requires’ to check satisfaction [-Wmissing-requires]
  181 |     std::derived_from<std::remove_pointer_t<To>,
      |     ^
      |     requires 
[126/665] Building CXX object _deps/protobuf-build/CMakeFiles/libprotoc.dir/src/google/protobuf/compiler/cpp/tracker.cc.o
In file included from /home/tina.guest/tinylsm-post-opt-source/tinylsm/build/benchmark/_deps/protobuf-src/src/google/protobuf/extension_set.h:36,
                 from /home/tina.guest/tinylsm-post-opt-source/tinylsm/build/benchmark/_deps/protobuf-src/src/google/protobuf/descriptor.h:56,
                 from /home/tina.guest/tinylsm-post-opt-source/tinylsm/build/benchmark/_deps/protobuf-src/src/google/protobuf/compiler/cpp/tracker.h:14,
                 from /home/tina.guest/tinylsm-post-opt-source/tinylsm/build/benchmark/_deps/protobuf-src/src/google/protobuf/compiler/cpp/tracker.cc:8:
/home/tina.guest/tinylsm-post-opt-source/tinylsm/build/benchmark/_deps/protobuf-src/src/google/protobuf/port.h: In function ‘void google::protobuf::internal::AssertDownCast(From*)’:
/home/tina.guest/tinylsm-post-opt-source/tinylsm/build/benchmark/_deps/protobuf-src/src/google/protobuf/port.h:181:5: warning: testing if a concept-id is a valid expression; add ‘requires’ to check satisfaction [-Wmissing-requires]
  181 |     std::derived_from<std::remove_pointer_t<To>,
      |     ^
      |     requires 
[127/665] Building CXX object _deps/protobuf-build/CMakeFiles/libprotoc.dir/src/google/protobuf/compiler/csharp/csharp_field_base.cc.o
In file included from /home/tina.guest/tinylsm-post-opt-source/tinylsm/build/benchmark/_deps/protobuf-src/src/google/protobuf/extension_set.h:36,
                 from /home/tina.guest/tinylsm-post-opt-source/tinylsm/build/benchmark/_deps/protobuf-src/src/google/protobuf/descriptor.h:56,
                 from /home/tina.guest/tinylsm-post-opt-source/tinylsm/build/benchmark/_deps/protobuf-src/src/google/protobuf/compiler/code_generator.h:26,
                 from /home/tina.guest/tinylsm-post-opt-source/tinylsm/build/benchmark/_deps/protobuf-src/src/google/protobuf/compiler/csharp/csharp_field_base.h:13,
                 from /home/tina.guest/tinylsm-post-opt-source/tinylsm/build/benchmark/_deps/protobuf-src/src/google/protobuf/compiler/csharp/csharp_field_base.cc:8:
/home/tina.guest/tinylsm-post-opt-source/tinylsm/build/benchmark/_deps/protobuf-src/src/google/protobuf/port.h: In function ‘void google::protobuf::internal::AssertDownCast(From*)’:
/home/tina.guest/tinylsm-post-opt-source/tinylsm/build/benchmark/_deps/protobuf-src/src/google/protobuf/port.h:181:5: warning: testing if a concept-id is a valid expression; add ‘requires’ to check satisfaction [-Wmissing-requires]
  181 |     std::derived_from<std::remove_pointer_t<To>,
      |     ^
      |     requires 
[128/665] Building CXX object _deps/protobuf-build/CMakeFiles/libprotoc.dir/src/google/protobuf/compiler/csharp/csharp_map_field.cc.o
In file included from /home/tina.guest/tinylsm-post-opt-source/tinylsm/build/benchmark/_deps/protobuf-src/src/google/protobuf/extension_set.h:36,
                 from /home/tina.guest/tinylsm-post-opt-source/tinylsm/build/benchmark/_deps/protobuf-src/src/google/protobuf/descriptor.h:56,
                 from /home/tina.guest/tinylsm-post-opt-source/tinylsm/build/benchmark/_deps/protobuf-src/src/google/protobuf/compiler/code_generator.h:26,
                 from /home/tina.guest/tinylsm-post-opt-source/tinylsm/build/benchmark/_deps/protobuf-src/src/google/protobuf/compiler/csharp/csharp_map_field.h:11,
                 from /home/tina.guest/tinylsm-post-opt-source/tinylsm/build/benchmark/_deps/protobuf-src/src/google/protobuf/compiler/csharp/csharp_map_field.cc:8:
/home/tina.guest/tinylsm-post-opt-source/tinylsm/build/benchmark/_deps/protobuf-src/src/google/protobuf/port.h: In function ‘void google::protobuf::internal::AssertDownCast(From*)’:
/home/tina.guest/tinylsm-post-opt-source/tinylsm/build/benchmark/_deps/protobuf-src/src/google/protobuf/port.h:181:5: warning: testing if a concept-id is a valid expression; add ‘requires’ to check satisfaction [-Wmissing-requires]
  181 |     std::derived_from<std::remove_pointer_t<To>,
      |     ^
      |     requires 
[129/665] Building CXX object _deps/protobuf-build/CMakeFiles/libprotoc.dir/src/google/protobuf/compiler/csharp/csharp_generator.cc.o
In file included from /home/tina.guest/tinylsm-post-opt-source/tinylsm/build/benchmark/_deps/protobuf-src/src/google/protobuf/extension_set.h:36,
                 from /home/tina.guest/tinylsm-post-opt-source/tinylsm/build/benchmark/_deps/protobuf-src/src/google/protobuf/descriptor.h:56,
                 from /home/tina.guest/tinylsm-post-opt-source/tinylsm/build/benchmark/_deps/protobuf-src/src/google/protobuf/compiler/code_generator.h:26,
                 from /home/tina.guest/tinylsm-post-opt-source/tinylsm/build/benchmark/_deps/protobuf-src/src/google/protobuf/compiler/csharp/csharp_generator.h:15,
                 from /home/tina.guest/tinylsm-post-opt-source/tinylsm/build/benchmark/_deps/protobuf-src/src/google/protobuf/compiler/csharp/csharp_generator.cc:8:
/home/tina.guest/tinylsm-post-opt-source/tinylsm/build/benchmark/_deps/protobuf-src/src/google/protobuf/port.h: In function ‘void google::protobuf::internal::AssertDownCast(From*)’:
/home/tina.guest/tinylsm-post-opt-source/tinylsm/build/benchmark/_deps/protobuf-src/src/google/protobuf/port.h:181:5: warning: testing if a concept-id is a valid expression; add ‘requires’ to check satisfaction [-Wmissing-requires]
  181 |     std::derived_from<std::remove_pointer_t<To>,
      |     ^
      |     requires 
[130/665] Building CXX object _deps/protobuf-build/CMakeFiles/libprotoc.dir/src/google/protobuf/compiler/csharp/csharp_helpers.cc.o
In file included from /home/tina.guest/tinylsm-post-opt-source/tinylsm/build/benchmark/_deps/protobuf-src/src/google/protobuf/extension_set.h:36,
                 from /home/tina.guest/tinylsm-post-opt-source/tinylsm/build/benchmark/_deps/protobuf-src/src/google/protobuf/descriptor.h:56,
                 from /home/tina.guest/tinylsm-post-opt-source/tinylsm/build/benchmark/_deps/protobuf-src/src/google/protobuf/compiler/code_generator.h:26,
                 from /home/tina.guest/tinylsm-post-opt-source/tinylsm/build/benchmark/_deps/protobuf-src/src/google/protobuf/compiler/csharp/csharp_helpers.h:17,
                 from /home/tina.guest/tinylsm-post-opt-source/tinylsm/build/benchmark/_deps/protobuf-src/src/google/protobuf/compiler/csharp/csharp_helpers.cc:12:
/home/tina.guest/tinylsm-post-opt-source/tinylsm/build/benchmark/_deps/protobuf-src/src/google/protobuf/port.h: In function ‘void google::protobuf::internal::AssertDownCast(From*)’:
/home/tina.guest/tinylsm-post-opt-source/tinylsm/build/benchmark/_deps/protobuf-src/src/google/protobuf/port.h:181:5: warning: testing if a concept-id is a valid expression; add ‘requires’ to check satisfaction [-Wmissing-requires]
  181 |     std::derived_from<std::remove_pointer_t<To>,
      |     ^
      |     requires 
[131/665] Building CXX object _deps/protobuf-build/CMakeFiles/libprotoc.dir/src/google/protobuf/compiler/cpp/message.cc.o
In file included from /home/tina.guest/tinylsm-post-opt-source/tinylsm/build/benchmark/_deps/protobuf-src/src/google/protobuf/extension_set.h:36,
                 from /home/tina.guest/tinylsm-post-opt-source/tinylsm/build/benchmark/_deps/protobuf-src/src/google/protobuf/descriptor.h:56,
                 from /home/tina.guest/tinylsm-post-opt-source/tinylsm/build/benchmark/_deps/protobuf-src/src/google/protobuf/compiler/cpp/enum.h:18,
                 from /home/tina.guest/tinylsm-post-opt-source/tinylsm/build/benchmark/_deps/protobuf-src/src/google/protobuf/compiler/cpp/message.h:24,
                 from /home/tina.guest/tinylsm-post-opt-source/tinylsm/build/benchmark/_deps/protobuf-src/src/google/protobuf/compiler/cpp/message.cc:12:
/home/tina.guest/tinylsm-post-opt-source/tinylsm/build/benchmark/_deps/protobuf-src/src/google/protobuf/port.h: In function ‘void google::protobuf::internal::AssertDownCast(From*)’:
/home/tina.guest/tinylsm-post-opt-source/tinylsm/build/benchmark/_deps/protobuf-src/src/google/protobuf/port.h:181:5: warning: testing if a concept-id is a valid expression; add ‘requires’ to check satisfaction [-Wmissing-requires]
  181 |     std::derived_from<std::remove_pointer_t<To>,
      |     ^
      |     requires 
[132/665] Building CXX object _deps/protobuf-build/CMakeFiles/libprotoc.dir/src/google/protobuf/compiler/csharp/csharp_message.cc.o
In file included from /home/tina.guest/tinylsm-post-opt-source/tinylsm/build/benchmark/_deps/protobuf-src/src/google/protobuf/extension_set.h:36,
                 from /home/tina.guest/tinylsm-post-opt-source/tinylsm/build/benchmark/_deps/protobuf-src/src/google/protobuf/descriptor.h:56,
                 from /home/tina.guest/tinylsm-post-opt-source/tinylsm/build/benchmark/_deps/protobuf-src/src/google/protobuf/compiler/code_generator.h:26,
                 from /home/tina.guest/tinylsm-post-opt-source/tinylsm/build/benchmark/_deps/protobuf-src/src/google/protobuf/compiler/csharp/csharp_message.h:14,
                 from /home/tina.guest/tinylsm-post-opt-source/tinylsm/build/benchmark/_deps/protobuf-src/src/google/protobuf/compiler/csharp/csharp_message.cc:8:
/home/tina.guest/tinylsm-post-opt-source/tinylsm/build/benchmark/_deps/protobuf-src/src/google/protobuf/port.h: In function ‘void google::protobuf::internal::AssertDownCast(From*)’:
/home/tina.guest/tinylsm-post-opt-source/tinylsm/build/benchmark/_deps/protobuf-src/src/google/protobuf/port.h:181:5: warning: testing if a concept-id is a valid expression; add ‘requires’ to check satisfaction [-Wmissing-requires]
  181 |     std::derived_from<std::remove_pointer_t<To>,
      |     ^
      |     requires 
[133/665] Building CXX object _deps/protobuf-build/CMakeFiles/libprotoc.dir/src/google/protobuf/compiler/csharp/csharp_primitive_field.cc.o
In file included from /home/tina.guest/tinylsm-post-opt-source/tinylsm/build/benchmark/_deps/protobuf-src/src/google/protobuf/extension_set.h:36,
                 from /home/tina.guest/tinylsm-post-opt-source/tinylsm/build/benchmark/_deps/protobuf-src/src/google/protobuf/descriptor.h:56,
                 from /home/tina.guest/tinylsm-post-opt-source/tinylsm/build/benchmark/_deps/protobuf-src/src/google/protobuf/compiler/code_generator.h:26,
                 from /home/tina.guest/tinylsm-post-opt-source/tinylsm/build/benchmark/_deps/protobuf-src/src/google/protobuf/compiler/csharp/csharp_primitive_field.h:11,
                 from /home/tina.guest/tinylsm-post-opt-source/tinylsm/build/benchmark/_deps/protobuf-src/src/google/protobuf/compiler/csharp/csharp_primitive_field.cc:8:
/home/tina.guest/tinylsm-post-opt-source/tinylsm/build/benchmark/_deps/protobuf-src/src/google/protobuf/port.h: In function ‘void google::protobuf::internal::AssertDownCast(From*)’:
/home/tina.guest/tinylsm-post-opt-source/tinylsm/build/benchmark/_deps/protobuf-src/src/google/protobuf/port.h:181:5: warning: testing if a concept-id is a valid expression; add ‘requires’ to check satisfaction [-Wmissing-requires]
  181 |     std::derived_from<std::remove_pointer_t<To>,
      |     ^
      |     requires 
[134/665] Building CXX object _deps/protobuf-build/CMakeFiles/libprotoc.dir/src/google/protobuf/compiler/csharp/csharp_message_field.cc.o
In file included from /home/tina.guest/tinylsm-post-opt-source/tinylsm/build/benchmark/_deps/protobuf-src/src/google/protobuf/extension_set.h:36,
                 from /home/tina.guest/tinylsm-post-opt-source/tinylsm/build/benchmark/_deps/protobuf-src/src/google/protobuf/descriptor.h:56,
                 from /home/tina.guest/tinylsm-post-opt-source/tinylsm/build/benchmark/_deps/protobuf-src/src/google/protobuf/compiler/code_generator.h:26,
                 from /home/tina.guest/tinylsm-post-opt-source/tinylsm/build/benchmark/_deps/protobuf-src/src/google/protobuf/compiler/csharp/csharp_message_field.h:11,
                 from /home/tina.guest/tinylsm-post-opt-source/tinylsm/build/benchmark/_deps/protobuf-src/src/google/protobuf/compiler/csharp/csharp_message_field.cc:8:
/home/tina.guest/tinylsm-post-opt-source/tinylsm/build/benchmark/_deps/protobuf-src/src/google/protobuf/port.h: In function ‘void google::protobuf::internal::AssertDownCast(From*)’:
/home/tina.guest/tinylsm-post-opt-source/tinylsm/build/benchmark/_deps/protobuf-src/src/google/protobuf/port.h:181:5: warning: testing if a concept-id is a valid expression; add ‘requires’ to check satisfaction [-Wmissing-requires]
  181 |     std::derived_from<std::remove_pointer_t<To>,
      |     ^
      |     requires 
[135/665] Building CXX object _deps/protobuf-build/CMakeFiles/libprotoc.dir/src/google/protobuf/compiler/csharp/csharp_reflection_class.cc.o
In file included from /home/tina.guest/tinylsm-post-opt-source/tinylsm/build/benchmark/_deps/protobuf-src/src/google/protobuf/extension_set.h:36,
                 from /home/tina.guest/tinylsm-post-opt-source/tinylsm/build/benchmark/_deps/protobuf-src/src/google/protobuf/descriptor.h:56,
                 from /home/tina.guest/tinylsm-post-opt-source/tinylsm/build/benchmark/_deps/protobuf-src/src/google/protobuf/compiler/code_generator.h:26,
                 from /home/tina.guest/tinylsm-post-opt-source/tinylsm/build/benchmark/_deps/protobuf-src/src/google/protobuf/compiler/csharp/csharp_reflection_class.h:13,
                 from /home/tina.guest/tinylsm-post-opt-source/tinylsm/build/benchmark/_deps/protobuf-src/src/google/protobuf/compiler/csharp/csharp_reflection_class.cc:8:
/home/tina.guest/tinylsm-post-opt-source/tinylsm/build/benchmark/_deps/protobuf-src/src/google/protobuf/port.h: In function ‘void google::protobuf::internal::AssertDownCast(From*)’:
/home/tina.guest/tinylsm-post-opt-source/tinylsm/build/benchmark/_deps/protobuf-src/src/google/protobuf/port.h:181:5: warning: testing if a concept-id is a valid expression; add ‘requires’ to check satisfaction [-Wmissing-requires]
  181 |     std::derived_from<std::remove_pointer_t<To>,
      |     ^
      |     requires 
[136/665] Building CXX object _deps/protobuf-build/CMakeFiles/libprotoc.dir/src/google/protobuf/compiler/csharp/csharp_repeated_enum_field.cc.o
In file included from /home/tina.guest/tinylsm-post-opt-source/tinylsm/build/benchmark/_deps/protobuf-src/src/google/protobuf/extension_set.h:36,
                 from /home/tina.guest/tinylsm-post-opt-source/tinylsm/build/benchmark/_deps/protobuf-src/src/google/protobuf/descriptor.h:56,
                 from /home/tina.guest/tinylsm-post-opt-source/tinylsm/build/benchmark/_deps/protobuf-src/src/google/protobuf/compiler/code_generator.h:26,
                 from /home/tina.guest/tinylsm-post-opt-source/tinylsm/build/benchmark/_deps/protobuf-src/src/google/protobuf/compiler/csharp/csharp_repeated_enum_field.h:11,
                 from /home/tina.guest/tinylsm-post-opt-source/tinylsm/build/benchmark/_deps/protobuf-src/src/google/protobuf/compiler/csharp/csharp_repeated_enum_field.cc:8:
/home/tina.guest/tinylsm-post-opt-source/tinylsm/build/benchmark/_deps/protobuf-src/src/google/protobuf/port.h: In function ‘void google::protobuf::internal::AssertDownCast(From*)’:
/home/tina.guest/tinylsm-post-opt-source/tinylsm/build/benchmark/_deps/protobuf-src/src/google/protobuf/port.h:181:5: warning: testing if a concept-id is a valid expression; add ‘requires’ to check satisfaction [-Wmissing-requires]
  181 |     std::derived_from<std::remove_pointer_t<To>,
      |     ^
      |     requires 
[137/665] Building CXX object _deps/protobuf-build/CMakeFiles/libprotoc.dir/src/google/protobuf/compiler/csharp/csharp_repeated_primitive_field.cc.o
In file included from /home/tina.guest/tinylsm-post-opt-source/tinylsm/build/benchmark/_deps/protobuf-src/src/google/protobuf/extension_set.h:36,
                 from /home/tina.guest/tinylsm-post-opt-source/tinylsm/build/benchmark/_deps/protobuf-src/src/google/protobuf/descriptor.h:56,
                 from /home/tina.guest/tinylsm-post-opt-source/tinylsm/build/benchmark/_deps/protobuf-src/src/google/protobuf/compiler/code_generator.h:26,
                 from /home/tina.guest/tinylsm-post-opt-source/tinylsm/build/benchmark/_deps/protobuf-src/src/google/protobuf/compiler/csharp/csharp_repeated_primitive_field.h:11,
                 from /home/tina.guest/tinylsm-post-opt-source/tinylsm/build/benchmark/_deps/protobuf-src/src/google/protobuf/compiler/csharp/csharp_repeated_primitive_field.cc:8:
/home/tina.guest/tinylsm-post-opt-source/tinylsm/build/benchmark/_deps/protobuf-src/src/google/protobuf/port.h: In function ‘void google::protobuf::internal::AssertDownCast(From*)’:
/home/tina.guest/tinylsm-post-opt-source/tinylsm/build/benchmark/_deps/protobuf-src/src/google/protobuf/port.h:181:5: warning: testing if a concept-id is a valid expression; add ‘requires’ to check satisfaction [-Wmissing-requires]
  181 |     std::derived_from<std::remove_pointer_t<To>,
      |     ^
      |     requires 
[138/665] Building CXX object _deps/protobuf-build/CMakeFiles/libprotoc.dir/src/google/protobuf/compiler/csharp/csharp_repeated_message_field.cc.o
In file included from /home/tina.guest/tinylsm-post-opt-source/tinylsm/build/benchmark/_deps/protobuf-src/src/google/protobuf/extension_set.h:36,
                 from /home/tina.guest/tinylsm-post-opt-source/tinylsm/build/benchmark/_deps/protobuf-src/src/google/protobuf/descriptor.h:56,
                 from /home/tina.guest/tinylsm-post-opt-source/tinylsm/build/benchmark/_deps/protobuf-src/src/google/protobuf/compiler/code_generator.h:26,
                 from /home/tina.guest/tinylsm-post-opt-source/tinylsm/build/benchmark/_deps/protobuf-src/src/google/protobuf/compiler/csharp/csharp_repeated_message_field.h:11,
                 from /home/tina.guest/tinylsm-post-opt-source/tinylsm/build/benchmark/_deps/protobuf-src/src/google/protobuf/compiler/csharp/csharp_repeated_message_field.cc:8:
/home/tina.guest/tinylsm-post-opt-source/tinylsm/build/benchmark/_deps/protobuf-src/src/google/protobuf/port.h: In function ‘void google::protobuf::internal::AssertDownCast(From*)’:
/home/tina.guest/tinylsm-post-opt-source/tinylsm/build/benchmark/_deps/protobuf-src/src/google/protobuf/port.h:181:5: warning: testing if a concept-id is a valid expression; add ‘requires’ to check satisfaction [-Wmissing-requires]
  181 |     std::derived_from<std::remove_pointer_t<To>,
      |     ^
      |     requires 
[139/665] Building CXX object _deps/protobuf-build/CMakeFiles/libprotoc.dir/src/google/protobuf/compiler/csharp/csharp_source_generator_base.cc.o
In file included from /home/tina.guest/tinylsm-post-opt-source/tinylsm/build/benchmark/_deps/protobuf-src/src/google/protobuf/extension_set.h:36,
                 from /home/tina.guest/tinylsm-post-opt-source/tinylsm/build/benchmark/_deps/protobuf-src/src/google/protobuf/descriptor.h:56,
                 from /home/tina.guest/tinylsm-post-opt-source/tinylsm/build/benchmark/_deps/protobuf-src/src/google/protobuf/compiler/code_generator.h:26,
                 from /home/tina.guest/tinylsm-post-opt-source/tinylsm/build/benchmark/_deps/protobuf-src/src/google/protobuf/compiler/csharp/csharp_source_generator_base.h:13,
                 from /home/tina.guest/tinylsm-post-opt-source/tinylsm/build/benchmark/_deps/protobuf-src/src/google/protobuf/compiler/csharp/csharp_source_generator_base.cc:8:
/home/tina.guest/tinylsm-post-opt-source/tinylsm/build/benchmark/_deps/protobuf-src/src/google/protobuf/port.h: In function ‘void google::protobuf::internal::AssertDownCast(From*)’:
/home/tina.guest/tinylsm-post-opt-source/tinylsm/build/benchmark/_deps/protobuf-src/src/google/protobuf/port.h:181:5: warning: testing if a concept-id is a valid expression; add ‘requires’ to check satisfaction [-Wmissing-requires]
  181 |     std::derived_from<std::remove_pointer_t<To>,
      |     ^
      |     requires 
[140/665] Building CXX object _deps/protobuf-build/CMakeFiles/libprotoc.dir/src/google/protobuf/compiler/csharp/csharp_wrapper_field.cc.o
In file included from /home/tina.guest/tinylsm-post-opt-source/tinylsm/build/benchmark/_deps/protobuf-src/src/google/protobuf/extension_set.h:36,
                 from /home/tina.guest/tinylsm-post-opt-source/tinylsm/build/benchmark/_deps/protobuf-src/src/google/protobuf/descriptor.h:56,
                 from /home/tina.guest/tinylsm-post-opt-source/tinylsm/build/benchmark/_deps/protobuf-src/src/google/protobuf/compiler/code_generator.h:26,
                 from /home/tina.guest/tinylsm-post-opt-source/tinylsm/build/benchmark/_deps/protobuf-src/src/google/protobuf/compiler/csharp/csharp_wrapper_field.h:11,
                 from /home/tina.guest/tinylsm-post-opt-source/tinylsm/build/benchmark/_deps/protobuf-src/src/google/protobuf/compiler/csharp/csharp_wrapper_field.cc:8:
/home/tina.guest/tinylsm-post-opt-source/tinylsm/build/benchmark/_deps/protobuf-src/src/google/protobuf/port.h: In function ‘void google::protobuf::internal::AssertDownCast(From*)’:
/home/tina.guest/tinylsm-post-opt-source/tinylsm/build/benchmark/_deps/protobuf-src/src/google/protobuf/port.h:181:5: warning: testing if a concept-id is a valid expression; add ‘requires’ to check satisfaction [-Wmissing-requires]
  181 |     std::derived_from<std::remove_pointer_t<To>,
      |     ^
      |     requires 
[141/665] Building CXX object _deps/protobuf-build/CMakeFiles/libprotoc.dir/src/google/protobuf/compiler/csharp/names.cc.o
In file included from /home/tina.guest/tinylsm-post-opt-source/tinylsm/build/benchmark/_deps/protobuf-src/src/google/protobuf/arena.h:38,
                 from /home/tina.guest/tinylsm-post-opt-source/tinylsm/build/benchmark/_deps/protobuf-src/src/google/protobuf/descriptor.pb.h:21,
                 from /home/tina.guest/tinylsm-post-opt-source/tinylsm/build/benchmark/_deps/protobuf-src/src/google/protobuf/compiler/csharp/names.cc:21:
/home/tina.guest/tinylsm-post-opt-source/tinylsm/build/benchmark/_deps/protobuf-src/src/google/protobuf/port.h: In function ‘void google::protobuf::internal::AssertDownCast(From*)’:
/home/tina.guest/tinylsm-post-opt-source/tinylsm/build/benchmark/_deps/protobuf-src/src/google/protobuf/port.h:181:5: warning: testing if a concept-id is a valid expression; add ‘requires’ to check satisfaction [-Wmissing-requires]
  181 |     std::derived_from<std::remove_pointer_t<To>,
      |     ^
      |     requires 
[142/665] Building CXX object _deps/protobuf-build/CMakeFiles/libprotoc.dir/src/google/protobuf/compiler/java/context.cc.o
In file included from /home/tina.guest/tinylsm-post-opt-source/tinylsm/build/benchmark/_deps/protobuf-src/src/google/protobuf/compiler/java/options.h:13,
                 from /home/tina.guest/tinylsm-post-opt-source/tinylsm/build/benchmark/_deps/protobuf-src/src/google/protobuf/compiler/java/names.h:21,
                 from /home/tina.guest/tinylsm-post-opt-source/tinylsm/build/benchmark/_deps/protobuf-src/src/google/protobuf/compiler/java/helpers.h:19,
                 from /home/tina.guest/tinylsm-post-opt-source/tinylsm/build/benchmark/_deps/protobuf-src/src/google/protobuf/compiler/java/context.h:15,
                 from /home/tina.guest/tinylsm-post-opt-source/tinylsm/build/benchmark/_deps/protobuf-src/src/google/protobuf/compiler/java/context.cc:8:
/home/tina.guest/tinylsm-post-opt-source/tinylsm/build/benchmark/_deps/protobuf-src/src/google/protobuf/port.h: In function ‘void google::protobuf::internal::AssertDownCast(From*)’:
/home/tina.guest/tinylsm-post-opt-source/tinylsm/build/benchmark/_deps/protobuf-src/src/google/protobuf/port.h:181:5: warning: testing if a concept-id is a valid expression; add ‘requires’ to check satisfaction [-Wmissing-requires]
  181 |     std::derived_from<std::remove_pointer_t<To>,
      |     ^
      |     requires 
[143/665] Building CXX object _deps/protobuf-build/CMakeFiles/libprotoc.dir/src/google/protobuf/compiler/java/field_common.cc.o
In file included from /home/tina.guest/tinylsm-post-opt-source/tinylsm/build/benchmark/_deps/protobuf-src/src/google/protobuf/compiler/java/options.h:13,
                 from /home/tina.guest/tinylsm-post-opt-source/tinylsm/build/benchmark/_deps/protobuf-src/src/google/protobuf/compiler/java/field_common.h:6,
                 from /home/tina.guest/tinylsm-post-opt-source/tinylsm/build/benchmark/_deps/protobuf-src/src/google/protobuf/compiler/java/field_common.cc:1:
/home/tina.guest/tinylsm-post-opt-source/tinylsm/build/benchmark/_deps/protobuf-src/src/google/protobuf/port.h: In function ‘void google::protobuf::internal::AssertDownCast(From*)’:
/home/tina.guest/tinylsm-post-opt-source/tinylsm/build/benchmark/_deps/protobuf-src/src/google/protobuf/port.h:181:5: warning: testing if a concept-id is a valid expression; add ‘requires’ to check satisfaction [-Wmissing-requires]
  181 |     std::derived_from<std::remove_pointer_t<To>,
      |     ^
      |     requires 
[144/665] Building CXX object _deps/protobuf-build/CMakeFiles/libprotoc.dir/src/google/protobuf/compiler/java/doc_comment.cc.o
In file included from /home/tina.guest/tinylsm-post-opt-source/tinylsm/build/benchmark/_deps/protobuf-src/src/google/protobuf/compiler/java/options.h:13,
                 from /home/tina.guest/tinylsm-post-opt-source/tinylsm/build/benchmark/_deps/protobuf-src/src/google/protobuf/compiler/java/doc_comment.h:16,
                 from /home/tina.guest/tinylsm-post-opt-source/tinylsm/build/benchmark/_deps/protobuf-src/src/google/protobuf/compiler/java/doc_comment.cc:12:
/home/tina.guest/tinylsm-post-opt-source/tinylsm/build/benchmark/_deps/protobuf-src/src/google/protobuf/port.h: In function ‘void google::protobuf::internal::AssertDownCast(From*)’:
/home/tina.guest/tinylsm-post-opt-source/tinylsm/build/benchmark/_deps/protobuf-src/src/google/protobuf/port.h:181:5: warning: testing if a concept-id is a valid expression; add ‘requires’ to check satisfaction [-Wmissing-requires]
  181 |     std::derived_from<std::remove_pointer_t<To>,
      |     ^
      |     requires 
[145/665] Building CXX object _deps/protobuf-build/CMakeFiles/libprotoc.dir/src/google/protobuf/compiler/java/full/enum.cc.o
In file included from /home/tina.guest/tinylsm-post-opt-source/tinylsm/build/benchmark/_deps/protobuf-src/src/google/protobuf/compiler/java/options.h:13,
                 from /home/tina.guest/tinylsm-post-opt-source/tinylsm/build/benchmark/_deps/protobuf-src/src/google/protobuf/compiler/java/names.h:21,
                 from /home/tina.guest/tinylsm-post-opt-source/tinylsm/build/benchmark/_deps/protobuf-src/src/google/protobuf/compiler/java/helpers.h:19,
                 from /home/tina.guest/tinylsm-post-opt-source/tinylsm/build/benchmark/_deps/protobuf-src/src/google/protobuf/compiler/java/context.h:15,
                 from /home/tina.guest/tinylsm-post-opt-source/tinylsm/build/benchmark/_deps/protobuf-src/src/google/protobuf/compiler/java/generator_factory.h:19,
                 from /home/tina.guest/tinylsm-post-opt-source/tinylsm/build/benchmark/_deps/protobuf-src/src/google/protobuf/compiler/java/full/enum.h:18,
                 from /home/tina.guest/tinylsm-post-opt-source/tinylsm/build/benchmark/_deps/protobuf-src/src/google/protobuf/compiler/java/full/enum.cc:12:
/home/tina.guest/tinylsm-post-opt-source/tinylsm/build/benchmark/_deps/protobuf-src/src/google/protobuf/port.h: In function ‘void google::protobuf::internal::AssertDownCast(From*)’:
/home/tina.guest/tinylsm-post-opt-source/tinylsm/build/benchmark/_deps/protobuf-src/src/google/protobuf/port.h:181:5: warning: testing if a concept-id is a valid expression; add ‘requires’ to check satisfaction [-Wmissing-requires]
  181 |     std::derived_from<std::remove_pointer_t<To>,
      |     ^
      |     requires 
[146/665] Building CXX object _deps/protobuf-build/CMakeFiles/libprotoc.dir/src/google/protobuf/compiler/java/full/generator_factory.cc.o
In file included from /home/tina.guest/tinylsm-post-opt-source/tinylsm/build/benchmark/_deps/protobuf-src/src/google/protobuf/compiler/java/options.h:13,
                 from /home/tina.guest/tinylsm-post-opt-source/tinylsm/build/benchmark/_deps/protobuf-src/src/google/protobuf/compiler/java/names.h:21,
                 from /home/tina.guest/tinylsm-post-opt-source/tinylsm/build/benchmark/_deps/protobuf-src/src/google/protobuf/compiler/java/helpers.h:19,
                 from /home/tina.guest/tinylsm-post-opt-source/tinylsm/build/benchmark/_deps/protobuf-src/src/google/protobuf/compiler/java/context.h:15,
                 from /home/tina.guest/tinylsm-post-opt-source/tinylsm/build/benchmark/_deps/protobuf-src/src/google/protobuf/compiler/java/generator_factory.h:19,
                 from /home/tina.guest/tinylsm-post-opt-source/tinylsm/build/benchmark/_deps/protobuf-src/src/google/protobuf/compiler/java/full/generator_factory.cc:10:
/home/tina.guest/tinylsm-post-opt-source/tinylsm/build/benchmark/_deps/protobuf-src/src/google/protobuf/port.h: In function ‘void google::protobuf::internal::AssertDownCast(From*)’:
/home/tina.guest/tinylsm-post-opt-source/tinylsm/build/benchmark/_deps/protobuf-src/src/google/protobuf/port.h:181:5: warning: testing if a concept-id is a valid expression; add ‘requires’ to check satisfaction [-Wmissing-requires]
  181 |     std::derived_from<std::remove_pointer_t<To>,
      |     ^
      |     requires 
[147/665] Building CXX object _deps/protobuf-build/CMakeFiles/libprotoc.dir/src/google/protobuf/compiler/java/file.cc.o
In file included from /home/tina.guest/tinylsm-post-opt-source/tinylsm/build/benchmark/_deps/protobuf-src/src/google/protobuf/compiler/java/options.h:13,
                 from /home/tina.guest/tinylsm-post-opt-source/tinylsm/build/benchmark/_deps/protobuf-src/src/google/protobuf/compiler/java/file.h:19,
                 from /home/tina.guest/tinylsm-post-opt-source/tinylsm/build/benchmark/_deps/protobuf-src/src/google/protobuf/compiler/java/file.cc:12:
/home/tina.guest/tinylsm-post-opt-source/tinylsm/build/benchmark/_deps/protobuf-src/src/google/protobuf/port.h: In function ‘void google::protobuf::internal::AssertDownCast(From*)’:
/home/tina.guest/tinylsm-post-opt-source/tinylsm/build/benchmark/_deps/protobuf-src/src/google/protobuf/port.h:181:5: warning: testing if a concept-id is a valid expression; add ‘requires’ to check satisfaction [-Wmissing-requires]
  181 |     std::derived_from<std::remove_pointer_t<To>,
      |     ^
      |     requires 
[148/665] Building CXX object _deps/protobuf-build/CMakeFiles/libprotoc.dir/src/google/protobuf/compiler/java/full/enum_field.cc.o
In file included from /home/tina.guest/tinylsm-post-opt-source/tinylsm/build/benchmark/_deps/protobuf-src/src/google/protobuf/compiler/java/options.h:13,
                 from /home/tina.guest/tinylsm-post-opt-source/tinylsm/build/benchmark/_deps/protobuf-src/src/google/protobuf/compiler/java/names.h:21,
                 from /home/tina.guest/tinylsm-post-opt-source/tinylsm/build/benchmark/_deps/protobuf-src/src/google/protobuf/compiler/java/helpers.h:19,
                 from /home/tina.guest/tinylsm-post-opt-source/tinylsm/build/benchmark/_deps/protobuf-src/src/google/protobuf/compiler/java/context.h:15,
                 from /home/tina.guest/tinylsm-post-opt-source/tinylsm/build/benchmark/_deps/protobuf-src/src/google/protobuf/compiler/java/generator_common.h:10,
                 from /home/tina.guest/tinylsm-post-opt-source/tinylsm/build/benchmark/_deps/protobuf-src/src/google/protobuf/compiler/java/full/field_generator.h:6,
                 from /home/tina.guest/tinylsm-post-opt-source/tinylsm/build/benchmark/_deps/protobuf-src/src/google/protobuf/compiler/java/full/enum_field.h:18,
                 from /home/tina.guest/tinylsm-post-opt-source/tinylsm/build/benchmark/_deps/protobuf-src/src/google/protobuf/compiler/java/full/enum_field.cc:12:
/home/tina.guest/tinylsm-post-opt-source/tinylsm/build/benchmark/_deps/protobuf-src/src/google/protobuf/port.h: In function ‘void google::protobuf::internal::AssertDownCast(From*)’:
/home/tina.guest/tinylsm-post-opt-source/tinylsm/build/benchmark/_deps/protobuf-src/src/google/protobuf/port.h:181:5: warning: testing if a concept-id is a valid expression; add ‘requires’ to check satisfaction [-Wmissing-requires]
  181 |     std::derived_from<std::remove_pointer_t<To>,
      |     ^
      |     requires 
[149/665] Building CXX object _deps/protobuf-build/CMakeFiles/libprotoc.dir/src/google/protobuf/compiler/java/full/extension.cc.o
In file included from /home/tina.guest/tinylsm-post-opt-source/tinylsm/build/benchmark/_deps/protobuf-src/src/google/protobuf/compiler/java/options.h:13,
                 from /home/tina.guest/tinylsm-post-opt-source/tinylsm/build/benchmark/_deps/protobuf-src/src/google/protobuf/compiler/java/names.h:21,
                 from /home/tina.guest/tinylsm-post-opt-source/tinylsm/build/benchmark/_deps/protobuf-src/src/google/protobuf/compiler/java/helpers.h:19,
                 from /home/tina.guest/tinylsm-post-opt-source/tinylsm/build/benchmark/_deps/protobuf-src/src/google/protobuf/compiler/java/context.h:15,
                 from /home/tina.guest/tinylsm-post-opt-source/tinylsm/build/benchmark/_deps/protobuf-src/src/google/protobuf/compiler/java/generator_factory.h:19,
                 from /home/tina.guest/tinylsm-post-opt-source/tinylsm/build/benchmark/_deps/protobuf-src/src/google/protobuf/compiler/java/full/extension.h:18,
                 from /home/tina.guest/tinylsm-post-opt-source/tinylsm/build/benchmark/_deps/protobuf-src/src/google/protobuf/compiler/java/full/extension.cc:12:
/home/tina.guest/tinylsm-post-opt-source/tinylsm/build/benchmark/_deps/protobuf-src/src/google/protobuf/port.h: In function ‘void google::protobuf::internal::AssertDownCast(From*)’:
/home/tina.guest/tinylsm-post-opt-source/tinylsm/build/benchmark/_deps/protobuf-src/src/google/protobuf/port.h:181:5: warning: testing if a concept-id is a valid expression; add ‘requires’ to check satisfaction [-Wmissing-requires]
  181 |     std::derived_from<std::remove_pointer_t<To>,
      |     ^
      |     requires 
[150/665] Building CXX object _deps/protobuf-build/CMakeFiles/libprotoc.dir/src/google/protobuf/compiler/java/full/make_field_gens.cc.o
In file included from /home/tina.guest/tinylsm-post-opt-source/tinylsm/build/benchmark/_deps/protobuf-src/src/google/protobuf/compiler/java/options.h:13,
                 from /home/tina.guest/tinylsm-post-opt-source/tinylsm/build/benchmark/_deps/protobuf-src/src/google/protobuf/compiler/java/names.h:21,
                 from /home/tina.guest/tinylsm-post-opt-source/tinylsm/build/benchmark/_deps/protobuf-src/src/google/protobuf/compiler/java/helpers.h:19,
                 from /home/tina.guest/tinylsm-post-opt-source/tinylsm/build/benchmark/_deps/protobuf-src/src/google/protobuf/compiler/java/context.h:15,
                 from /home/tina.guest/tinylsm-post-opt-source/tinylsm/build/benchmark/_deps/protobuf-src/src/google/protobuf/compiler/java/full/make_field_gens.cc:15:
/home/tina.guest/tinylsm-post-opt-source/tinylsm/build/benchmark/_deps/protobuf-src/src/google/protobuf/port.h: In function ‘void google::protobuf::internal::AssertDownCast(From*)’:
/home/tina.guest/tinylsm-post-opt-source/tinylsm/build/benchmark/_deps/protobuf-src/src/google/protobuf/port.h:181:5: warning: testing if a concept-id is a valid expression; add ‘requires’ to check satisfaction [-Wmissing-requires]
  181 |     std::derived_from<std::remove_pointer_t<To>,
      |     ^
      |     requires 
[151/665] Building CXX object _deps/protobuf-build/CMakeFiles/libprotoc.dir/src/google/protobuf/compiler/java/full/map_field.cc.o
In file included from /home/tina.guest/tinylsm-post-opt-source/tinylsm/build/benchmark/_deps/protobuf-src/src/google/protobuf/compiler/java/options.h:13,
                 from /home/tina.guest/tinylsm-post-opt-source/tinylsm/build/benchmark/_deps/protobuf-src/src/google/protobuf/compiler/java/names.h:21,
                 from /home/tina.guest/tinylsm-post-opt-source/tinylsm/build/benchmark/_deps/protobuf-src/src/google/protobuf/compiler/java/helpers.h:19,
                 from /home/tina.guest/tinylsm-post-opt-source/tinylsm/build/benchmark/_deps/protobuf-src/src/google/protobuf/compiler/java/context.h:15,
                 from /home/tina.guest/tinylsm-post-opt-source/tinylsm/build/benchmark/_deps/protobuf-src/src/google/protobuf/compiler/java/full/map_field.h:11,
                 from /home/tina.guest/tinylsm-post-opt-source/tinylsm/build/benchmark/_deps/protobuf-src/src/google/protobuf/compiler/java/full/map_field.cc:8:
/home/tina.guest/tinylsm-post-opt-source/tinylsm/build/benchmark/_deps/protobuf-src/src/google/protobuf/port.h: In function ‘void google::protobuf::internal::AssertDownCast(From*)’:
/home/tina.guest/tinylsm-post-opt-source/tinylsm/build/benchmark/_deps/protobuf-src/src/google/protobuf/port.h:181:5: warning: testing if a concept-id is a valid expression; add ‘requires’ to check satisfaction [-Wmissing-requires]
  181 |     std::derived_from<std::remove_pointer_t<To>,
      |     ^
      |     requires 
[152/665] Building CXX object _deps/protobuf-build/CMakeFiles/libprotoc.dir/src/google/protobuf/compiler/java/full/message_builder.cc.o
In file included from /home/tina.guest/tinylsm-post-opt-source/tinylsm/build/benchmark/_deps/protobuf-src/src/google/protobuf/compiler/java/options.h:13,
                 from /home/tina.guest/tinylsm-post-opt-source/tinylsm/build/benchmark/_deps/protobuf-src/src/google/protobuf/compiler/java/names.h:21,
                 from /home/tina.guest/tinylsm-post-opt-source/tinylsm/build/benchmark/_deps/protobuf-src/src/google/protobuf/compiler/java/helpers.h:19,
                 from /home/tina.guest/tinylsm-post-opt-source/tinylsm/build/benchmark/_deps/protobuf-src/src/google/protobuf/compiler/java/context.h:15,
                 from /home/tina.guest/tinylsm-post-opt-source/tinylsm/build/benchmark/_deps/protobuf-src/src/google/protobuf/compiler/java/generator_common.h:10,
                 from /home/tina.guest/tinylsm-post-opt-source/tinylsm/build/benchmark/_deps/protobuf-src/src/google/protobuf/compiler/java/full/field_generator.h:6,
                 from /home/tina.guest/tinylsm-post-opt-source/tinylsm/build/benchmark/_deps/protobuf-src/src/google/protobuf/compiler/java/full/message_builder.h:20,
                 from /home/tina.guest/tinylsm-post-opt-source/tinylsm/build/benchmark/_deps/protobuf-src/src/google/protobuf/compiler/java/full/message_builder.cc:12:
/home/tina.guest/tinylsm-post-opt-source/tinylsm/build/benchmark/_deps/protobuf-src/src/google/protobuf/port.h: In function ‘void google::protobuf::internal::AssertDownCast(From*)’:
/home/tina.guest/tinylsm-post-opt-source/tinylsm/build/benchmark/_deps/protobuf-src/src/google/protobuf/port.h:181:5: warning: testing if a concept-id is a valid expression; add ‘requires’ to check satisfaction [-Wmissing-requires]
  181 |     std::derived_from<std::remove_pointer_t<To>,
      |     ^
      |     requires 
[153/665] Building CXX object _deps/protobuf-build/CMakeFiles/libprotoc.dir/src/google/protobuf/compiler/java/full/service.cc.o
In file included from /home/tina.guest/tinylsm-post-opt-source/tinylsm/build/benchmark/_deps/protobuf-src/src/google/protobuf/compiler/java/options.h:13,
                 from /home/tina.guest/tinylsm-post-opt-source/tinylsm/build/benchmark/_deps/protobuf-src/src/google/protobuf/compiler/java/names.h:21,
                 from /home/tina.guest/tinylsm-post-opt-source/tinylsm/build/benchmark/_deps/protobuf-src/src/google/protobuf/compiler/java/helpers.h:19,
                 from /home/tina.guest/tinylsm-post-opt-source/tinylsm/build/benchmark/_deps/protobuf-src/src/google/protobuf/compiler/java/context.h:15,
                 from /home/tina.guest/tinylsm-post-opt-source/tinylsm/build/benchmark/_deps/protobuf-src/src/google/protobuf/compiler/java/generator_factory.h:19,
                 from /home/tina.guest/tinylsm-post-opt-source/tinylsm/build/benchmark/_deps/protobuf-src/src/google/protobuf/compiler/java/full/service.h:15,
                 from /home/tina.guest/tinylsm-post-opt-source/tinylsm/build/benchmark/_deps/protobuf-src/src/google/protobuf/compiler/java/full/service.cc:12:
/home/tina.guest/tinylsm-post-opt-source/tinylsm/build/benchmark/_deps/protobuf-src/src/google/protobuf/port.h: In function ‘void google::protobuf::internal::AssertDownCast(From*)’:
/home/tina.guest/tinylsm-post-opt-source/tinylsm/build/benchmark/_deps/protobuf-src/src/google/protobuf/port.h:181:5: warning: testing if a concept-id is a valid expression; add ‘requires’ to check satisfaction [-Wmissing-requires]
  181 |     std::derived_from<std::remove_pointer_t<To>,
      |     ^
      |     requires 
[154/665] Building CXX object _deps/protobuf-build/CMakeFiles/libprotoc.dir/src/google/protobuf/compiler/java/full/message_field.cc.o
In file included from /home/tina.guest/tinylsm-post-opt-source/tinylsm/build/benchmark/_deps/protobuf-src/src/google/protobuf/compiler/java/options.h:13,
                 from /home/tina.guest/tinylsm-post-opt-source/tinylsm/build/benchmark/_deps/protobuf-src/src/google/protobuf/compiler/java/names.h:21,
                 from /home/tina.guest/tinylsm-post-opt-source/tinylsm/build/benchmark/_deps/protobuf-src/src/google/protobuf/compiler/java/helpers.h:19,
                 from /home/tina.guest/tinylsm-post-opt-source/tinylsm/build/benchmark/_deps/protobuf-src/src/google/protobuf/compiler/java/context.h:15,
                 from /home/tina.guest/tinylsm-post-opt-source/tinylsm/build/benchmark/_deps/protobuf-src/src/google/protobuf/compiler/java/generator_common.h:10,
                 from /home/tina.guest/tinylsm-post-opt-source/tinylsm/build/benchmark/_deps/protobuf-src/src/google/protobuf/compiler/java/full/field_generator.h:6,
                 from /home/tina.guest/tinylsm-post-opt-source/tinylsm/build/benchmark/_deps/protobuf-src/src/google/protobuf/compiler/java/full/message_field.h:17,
                 from /home/tina.guest/tinylsm-post-opt-source/tinylsm/build/benchmark/_deps/protobuf-src/src/google/protobuf/compiler/java/full/message_field.cc:12:
/home/tina.guest/tinylsm-post-opt-source/tinylsm/build/benchmark/_deps/protobuf-src/src/google/protobuf/port.h: In function ‘void google::protobuf::internal::AssertDownCast(From*)’:
/home/tina.guest/tinylsm-post-opt-source/tinylsm/build/benchmark/_deps/protobuf-src/src/google/protobuf/port.h:181:5: warning: testing if a concept-id is a valid expression; add ‘requires’ to check satisfaction [-Wmissing-requires]
  181 |     std::derived_from<std::remove_pointer_t<To>,
      |     ^
      |     requires 
[155/665] Building CXX object _deps/protobuf-build/CMakeFiles/libprotoc.dir/src/google/protobuf/compiler/java/full/message.cc.o
In file included from /home/tina.guest/tinylsm-post-opt-source/tinylsm/build/benchmark/_deps/protobuf-src/src/google/protobuf/compiler/java/options.h:13,
                 from /home/tina.guest/tinylsm-post-opt-source/tinylsm/build/benchmark/_deps/protobuf-src/src/google/protobuf/compiler/java/names.h:21,
                 from /home/tina.guest/tinylsm-post-opt-source/tinylsm/build/benchmark/_deps/protobuf-src/src/google/protobuf/compiler/java/helpers.h:19,
                 from /home/tina.guest/tinylsm-post-opt-source/tinylsm/build/benchmark/_deps/protobuf-src/src/google/protobuf/compiler/java/context.h:15,
                 from /home/tina.guest/tinylsm-post-opt-source/tinylsm/build/benchmark/_deps/protobuf-src/src/google/protobuf/compiler/java/generator_factory.h:19,
                 from /home/tina.guest/tinylsm-post-opt-source/tinylsm/build/benchmark/_deps/protobuf-src/src/google/protobuf/compiler/java/full/message.h:19,
                 from /home/tina.guest/tinylsm-post-opt-source/tinylsm/build/benchmark/_deps/protobuf-src/src/google/protobuf/compiler/java/full/message.cc:12:
/home/tina.guest/tinylsm-post-opt-source/tinylsm/build/benchmark/_deps/protobuf-src/src/google/protobuf/port.h: In function ‘void google::protobuf::internal::AssertDownCast(From*)’:
/home/tina.guest/tinylsm-post-opt-source/tinylsm/build/benchmark/_deps/protobuf-src/src/google/protobuf/port.h:181:5: warning: testing if a concept-id is a valid expression; add ‘requires’ to check satisfaction [-Wmissing-requires]
  181 |     std::derived_from<std::remove_pointer_t<To>,
      |     ^
      |     requires 
[156/665] Building CXX object _deps/protobuf-build/CMakeFiles/libprotoc.dir/src/google/protobuf/compiler/java/full/primitive_field.cc.o
In file included from /home/tina.guest/tinylsm-post-opt-source/tinylsm/build/benchmark/_deps/protobuf-src/src/google/protobuf/compiler/java/options.h:13,
                 from /home/tina.guest/tinylsm-post-opt-source/tinylsm/build/benchmark/_deps/protobuf-src/src/google/protobuf/compiler/java/names.h:21,
                 from /home/tina.guest/tinylsm-post-opt-source/tinylsm/build/benchmark/_deps/protobuf-src/src/google/protobuf/compiler/java/helpers.h:19,
                 from /home/tina.guest/tinylsm-post-opt-source/tinylsm/build/benchmark/_deps/protobuf-src/src/google/protobuf/compiler/java/context.h:15,
                 from /home/tina.guest/tinylsm-post-opt-source/tinylsm/build/benchmark/_deps/protobuf-src/src/google/protobuf/compiler/java/generator_common.h:10,
                 from /home/tina.guest/tinylsm-post-opt-source/tinylsm/build/benchmark/_deps/protobuf-src/src/google/protobuf/compiler/java/full/field_generator.h:6,
                 from /home/tina.guest/tinylsm-post-opt-source/tinylsm/build/benchmark/_deps/protobuf-src/src/google/protobuf/compiler/java/full/primitive_field.h:17,
                 from /home/tina.guest/tinylsm-post-opt-source/tinylsm/build/benchmark/_deps/protobuf-src/src/google/protobuf/compiler/java/full/primitive_field.cc:12:
/home/tina.guest/tinylsm-post-opt-source/tinylsm/build/benchmark/_deps/protobuf-src/src/google/protobuf/port.h: In function ‘void google::protobuf::internal::AssertDownCast(From*)’:
/home/tina.guest/tinylsm-post-opt-source/tinylsm/build/benchmark/_deps/protobuf-src/src/google/protobuf/port.h:181:5: warning: testing if a concept-id is a valid expression; add ‘requires’ to check satisfaction [-Wmissing-requires]
  181 |     std::derived_from<std::remove_pointer_t<To>,
      |     ^
      |     requires 
[157/665] Building CXX object _deps/protobuf-build/CMakeFiles/libprotoc.dir/src/google/protobuf/compiler/java/full/string_field.cc.o
In file included from /home/tina.guest/tinylsm-post-opt-source/tinylsm/build/benchmark/_deps/protobuf-src/src/google/protobuf/compiler/java/options.h:13,
                 from /home/tina.guest/tinylsm-post-opt-source/tinylsm/build/benchmark/_deps/protobuf-src/src/google/protobuf/compiler/java/names.h:21,
                 from /home/tina.guest/tinylsm-post-opt-source/tinylsm/build/benchmark/_deps/protobuf-src/src/google/protobuf/compiler/java/helpers.h:19,
                 from /home/tina.guest/tinylsm-post-opt-source/tinylsm/build/benchmark/_deps/protobuf-src/src/google/protobuf/compiler/java/context.h:15,
                 from /home/tina.guest/tinylsm-post-opt-source/tinylsm/build/benchmark/_deps/protobuf-src/src/google/protobuf/compiler/java/generator_common.h:10,
                 from /home/tina.guest/tinylsm-post-opt-source/tinylsm/build/benchmark/_deps/protobuf-src/src/google/protobuf/compiler/java/full/field_generator.h:6,
                 from /home/tina.guest/tinylsm-post-opt-source/tinylsm/build/benchmark/_deps/protobuf-src/src/google/protobuf/compiler/java/full/string_field.h:18,
                 from /home/tina.guest/tinylsm-post-opt-source/tinylsm/build/benchmark/_deps/protobuf-src/src/google/protobuf/compiler/java/full/string_field.cc:13:
/home/tina.guest/tinylsm-post-opt-source/tinylsm/build/benchmark/_deps/protobuf-src/src/google/protobuf/port.h: In function ‘void google::protobuf::internal::AssertDownCast(From*)’:
/home/tina.guest/tinylsm-post-opt-source/tinylsm/build/benchmark/_deps/protobuf-src/src/google/protobuf/port.h:181:5: warning: testing if a concept-id is a valid expression; add ‘requires’ to check satisfaction [-Wmissing-requires]
  181 |     std::derived_from<std::remove_pointer_t<To>,
      |     ^
      |     requires 
[158/665] Building CXX object _deps/protobuf-build/CMakeFiles/libprotoc.dir/src/google/protobuf/compiler/java/java_features.pb.cc.o
In file included from /home/tina.guest/tinylsm-post-opt-source/tinylsm/build/benchmark/_deps/protobuf-src/src/google/protobuf/arena.h:38,
                 from /home/tina.guest/tinylsm-post-opt-source/tinylsm/build/benchmark/_deps/protobuf-src/src/google/protobuf/compiler/java/java_features.pb.h:21,
                 from /home/tina.guest/tinylsm-post-opt-source/tinylsm/build/benchmark/_deps/protobuf-src/src/google/protobuf/compiler/java/java_features.pb.cc:6:
/home/tina.guest/tinylsm-post-opt-source/tinylsm/build/benchmark/_deps/protobuf-src/src/google/protobuf/port.h: In function ‘void google::protobuf::internal::AssertDownCast(From*)’:
/home/tina.guest/tinylsm-post-opt-source/tinylsm/build/benchmark/_deps/protobuf-src/src/google/protobuf/port.h:181:5: warning: testing if a concept-id is a valid expression; add ‘requires’ to check satisfaction [-Wmissing-requires]
  181 |     std::derived_from<std::remove_pointer_t<To>,
      |     ^
      |     requires 
[159/665] Building CXX object _deps/protobuf-build/CMakeFiles/libprotoc.dir/src/google/protobuf/compiler/java/helpers.cc.o
In file included from /home/tina.guest/tinylsm-post-opt-source/tinylsm/build/benchmark/_deps/protobuf-src/src/google/protobuf/compiler/java/options.h:13,
                 from /home/tina.guest/tinylsm-post-opt-source/tinylsm/build/benchmark/_deps/protobuf-src/src/google/protobuf/compiler/java/names.h:21,
                 from /home/tina.guest/tinylsm-post-opt-source/tinylsm/build/benchmark/_deps/protobuf-src/src/google/protobuf/compiler/java/helpers.h:19,
                 from /home/tina.guest/tinylsm-post-opt-source/tinylsm/build/benchmark/_deps/protobuf-src/src/google/protobuf/compiler/java/helpers.cc:12:
/home/tina.guest/tinylsm-post-opt-source/tinylsm/build/benchmark/_deps/protobuf-src/src/google/protobuf/port.h: In function ‘void google::protobuf::internal::AssertDownCast(From*)’:
/home/tina.guest/tinylsm-post-opt-source/tinylsm/build/benchmark/_deps/protobuf-src/src/google/protobuf/port.h:181:5: warning: testing if a concept-id is a valid expression; add ‘requires’ to check satisfaction [-Wmissing-requires]
  181 |     std::derived_from<std::remove_pointer_t<To>,
      |     ^
      |     requires 
[160/665] Building CXX object _deps/protobuf-build/CMakeFiles/libprotoc.dir/src/google/protobuf/compiler/java/generator.cc.o
In file included from /home/tina.guest/tinylsm-post-opt-source/tinylsm/build/benchmark/_deps/protobuf-src/src/google/protobuf/arena.h:38,
                 from /home/tina.guest/tinylsm-post-opt-source/tinylsm/build/benchmark/_deps/protobuf-src/src/google/protobuf/compiler/java/java_features.pb.h:21,
                 from /home/tina.guest/tinylsm-post-opt-source/tinylsm/build/benchmark/_deps/protobuf-src/src/google/protobuf/compiler/java/generator.h:21,
                 from /home/tina.guest/tinylsm-post-opt-source/tinylsm/build/benchmark/_deps/protobuf-src/src/google/protobuf/compiler/java/generator.cc:12:
/home/tina.guest/tinylsm-post-opt-source/tinylsm/build/benchmark/_deps/protobuf-src/src/google/protobuf/port.h: In function ‘void google::protobuf::internal::AssertDownCast(From*)’:
/home/tina.guest/tinylsm-post-opt-source/tinylsm/build/benchmark/_deps/protobuf-src/src/google/protobuf/port.h:181:5: warning: testing if a concept-id is a valid expression; add ‘requires’ to check satisfaction [-Wmissing-requires]
  181 |     std::derived_from<std::remove_pointer_t<To>,
      |     ^
      |     requires 
[161/665] Building CXX object _deps/protobuf-build/CMakeFiles/libprotoc.dir/src/google/protobuf/compiler/java/internal_helpers.cc.o
In file included from /home/tina.guest/tinylsm-post-opt-source/tinylsm/build/benchmark/_deps/protobuf-src/src/google/protobuf/arena.h:38,
                 from /home/tina.guest/tinylsm-post-opt-source/tinylsm/build/benchmark/_deps/protobuf-src/src/google/protobuf/compiler/java/java_features.pb.h:21,
                 from /home/tina.guest/tinylsm-post-opt-source/tinylsm/build/benchmark/_deps/protobuf-src/src/google/protobuf/compiler/java/internal_helpers.h:15,
                 from /home/tina.guest/tinylsm-post-opt-source/tinylsm/build/benchmark/_deps/protobuf-src/src/google/protobuf/compiler/java/internal_helpers.cc:12:
/home/tina.guest/tinylsm-post-opt-source/tinylsm/build/benchmark/_deps/protobuf-src/src/google/protobuf/port.h: In function ‘void google::protobuf::internal::AssertDownCast(From*)’:
/home/tina.guest/tinylsm-post-opt-source/tinylsm/build/benchmark/_deps/protobuf-src/src/google/protobuf/port.h:181:5: warning: testing if a concept-id is a valid expression; add ‘requires’ to check satisfaction [-Wmissing-requires]
  181 |     std::derived_from<std::remove_pointer_t<To>,
      |     ^
      |     requires 
[162/665] Building CXX object _deps/protobuf-build/CMakeFiles/libprotoc.dir/src/google/protobuf/compiler/java/lite/enum.cc.o
In file included from /home/tina.guest/tinylsm-post-opt-source/tinylsm/build/benchmark/_deps/protobuf-src/src/google/protobuf/compiler/java/options.h:13,
                 from /home/tina.guest/tinylsm-post-opt-source/tinylsm/build/benchmark/_deps/protobuf-src/src/google/protobuf/compiler/java/names.h:21,
                 from /home/tina.guest/tinylsm-post-opt-source/tinylsm/build/benchmark/_deps/protobuf-src/src/google/protobuf/compiler/java/helpers.h:19,
                 from /home/tina.guest/tinylsm-post-opt-source/tinylsm/build/benchmark/_deps/protobuf-src/src/google/protobuf/compiler/java/context.h:15,
                 from /home/tina.guest/tinylsm-post-opt-source/tinylsm/build/benchmark/_deps/protobuf-src/src/google/protobuf/compiler/java/generator_factory.h:19,
                 from /home/tina.guest/tinylsm-post-opt-source/tinylsm/build/benchmark/_deps/protobuf-src/src/google/protobuf/compiler/java/lite/enum.h:18,
                 from /home/tina.guest/tinylsm-post-opt-source/tinylsm/build/benchmark/_deps/protobuf-src/src/google/protobuf/compiler/java/lite/enum.cc:12:
/home/tina.guest/tinylsm-post-opt-source/tinylsm/build/benchmark/_deps/protobuf-src/src/google/protobuf/port.h: In function ‘void google::protobuf::internal::AssertDownCast(From*)’:
/home/tina.guest/tinylsm-post-opt-source/tinylsm/build/benchmark/_deps/protobuf-src/src/google/protobuf/port.h:181:5: warning: testing if a concept-id is a valid expression; add ‘requires’ to check satisfaction [-Wmissing-requires]
  181 |     std::derived_from<std::remove_pointer_t<To>,
      |     ^
      |     requires 
[163/665] Building CXX object _deps/protobuf-build/CMakeFiles/libprotoc.dir/src/google/protobuf/compiler/java/lite/extension.cc.o
In file included from /home/tina.guest/tinylsm-post-opt-source/tinylsm/build/benchmark/_deps/protobuf-src/src/google/protobuf/compiler/java/options.h:13,
                 from /home/tina.guest/tinylsm-post-opt-source/tinylsm/build/benchmark/_deps/protobuf-src/src/google/protobuf/compiler/java/names.h:21,
                 from /home/tina.guest/tinylsm-post-opt-source/tinylsm/build/benchmark/_deps/protobuf-src/src/google/protobuf/compiler/java/helpers.h:19,
                 from /home/tina.guest/tinylsm-post-opt-source/tinylsm/build/benchmark/_deps/protobuf-src/src/google/protobuf/compiler/java/context.h:15,
                 from /home/tina.guest/tinylsm-post-opt-source/tinylsm/build/benchmark/_deps/protobuf-src/src/google/protobuf/compiler/java/generator_factory.h:19,
                 from /home/tina.guest/tinylsm-post-opt-source/tinylsm/build/benchmark/_deps/protobuf-src/src/google/protobuf/compiler/java/lite/extension.h:13,
                 from /home/tina.guest/tinylsm-post-opt-source/tinylsm/build/benchmark/_deps/protobuf-src/src/google/protobuf/compiler/java/lite/extension.cc:8:
/home/tina.guest/tinylsm-post-opt-source/tinylsm/build/benchmark/_deps/protobuf-src/src/google/protobuf/port.h: In function ‘void google::protobuf::internal::AssertDownCast(From*)’:
/home/tina.guest/tinylsm-post-opt-source/tinylsm/build/benchmark/_deps/protobuf-src/src/google/protobuf/port.h:181:5: warning: testing if a concept-id is a valid expression; add ‘requires’ to check satisfaction [-Wmissing-requires]
  181 |     std::derived_from<std::remove_pointer_t<To>,
      |     ^
      |     requires 
[164/665] Building CXX object _deps/protobuf-build/CMakeFiles/libprotoc.dir/src/google/protobuf/compiler/java/lite/generator_factory.cc.o
In file included from /home/tina.guest/tinylsm-post-opt-source/tinylsm/build/benchmark/_deps/protobuf-src/src/google/protobuf/compiler/java/options.h:13,
                 from /home/tina.guest/tinylsm-post-opt-source/tinylsm/build/benchmark/_deps/protobuf-src/src/google/protobuf/compiler/java/names.h:21,
                 from /home/tina.guest/tinylsm-post-opt-source/tinylsm/build/benchmark/_deps/protobuf-src/src/google/protobuf/compiler/java/helpers.h:19,
                 from /home/tina.guest/tinylsm-post-opt-source/tinylsm/build/benchmark/_deps/protobuf-src/src/google/protobuf/compiler/java/context.h:15,
                 from /home/tina.guest/tinylsm-post-opt-source/tinylsm/build/benchmark/_deps/protobuf-src/src/google/protobuf/compiler/java/generator_factory.h:19,
                 from /home/tina.guest/tinylsm-post-opt-source/tinylsm/build/benchmark/_deps/protobuf-src/src/google/protobuf/compiler/java/lite/generator_factory.cc:10:
/home/tina.guest/tinylsm-post-opt-source/tinylsm/build/benchmark/_deps/protobuf-src/src/google/protobuf/port.h: In function ‘void google::protobuf::internal::AssertDownCast(From*)’:
/home/tina.guest/tinylsm-post-opt-source/tinylsm/build/benchmark/_deps/protobuf-src/src/google/protobuf/port.h:181:5: warning: testing if a concept-id is a valid expression; add ‘requires’ to check satisfaction [-Wmissing-requires]
  181 |     std::derived_from<std::remove_pointer_t<To>,
      |     ^
      |     requires 
[165/665] Building CXX object _deps/protobuf-build/CMakeFiles/libprotoc.dir/src/google/protobuf/compiler/java/lite/make_field_gens.cc.o
In file included from /home/tina.guest/tinylsm-post-opt-source/tinylsm/build/benchmark/_deps/protobuf-src/src/google/protobuf/compiler/java/options.h:13,
                 from /home/tina.guest/tinylsm-post-opt-source/tinylsm/build/benchmark/_deps/protobuf-src/src/google/protobuf/compiler/java/names.h:21,
                 from /home/tina.guest/tinylsm-post-opt-source/tinylsm/build/benchmark/_deps/protobuf-src/src/google/protobuf/compiler/java/helpers.h:19,
                 from /home/tina.guest/tinylsm-post-opt-source/tinylsm/build/benchmark/_deps/protobuf-src/src/google/protobuf/compiler/java/context.h:15,
                 from /home/tina.guest/tinylsm-post-opt-source/tinylsm/build/benchmark/_deps/protobuf-src/src/google/protobuf/compiler/java/lite/make_field_gens.h:14,
                 from /home/tina.guest/tinylsm-post-opt-source/tinylsm/build/benchmark/_deps/protobuf-src/src/google/protobuf/compiler/java/lite/make_field_gens.cc:12:
/home/tina.guest/tinylsm-post-opt-source/tinylsm/build/benchmark/_deps/protobuf-src/src/google/protobuf/port.h: In function ‘void google::protobuf::internal::AssertDownCast(From*)’:
/home/tina.guest/tinylsm-post-opt-source/tinylsm/build/benchmark/_deps/protobuf-src/src/google/protobuf/port.h:181:5: warning: testing if a concept-id is a valid expression; add ‘requires’ to check satisfaction [-Wmissing-requires]
  181 |     std::derived_from<std::remove_pointer_t<To>,
      |     ^
      |     requires 
[166/665] Building CXX object _deps/protobuf-build/CMakeFiles/libprotoc.dir/src/google/protobuf/compiler/java/lite/enum_field.cc.o
In file included from /home/tina.guest/tinylsm-post-opt-source/tinylsm/build/benchmark/_deps/protobuf-src/src/google/protobuf/compiler/java/options.h:13,
                 from /home/tina.guest/tinylsm-post-opt-source/tinylsm/build/benchmark/_deps/protobuf-src/src/google/protobuf/compiler/java/names.h:21,
                 from /home/tina.guest/tinylsm-post-opt-source/tinylsm/build/benchmark/_deps/protobuf-src/src/google/protobuf/compiler/java/helpers.h:19,
                 from /home/tina.guest/tinylsm-post-opt-source/tinylsm/build/benchmark/_deps/protobuf-src/src/google/protobuf/compiler/java/context.h:15,
                 from /home/tina.guest/tinylsm-post-opt-source/tinylsm/build/benchmark/_deps/protobuf-src/src/google/protobuf/compiler/java/generator_common.h:10,
                 from /home/tina.guest/tinylsm-post-opt-source/tinylsm/build/benchmark/_deps/protobuf-src/src/google/protobuf/compiler/java/lite/field_generator.h:7,
                 from /home/tina.guest/tinylsm-post-opt-source/tinylsm/build/benchmark/_deps/protobuf-src/src/google/protobuf/compiler/java/lite/enum_field.h:19,
                 from /home/tina.guest/tinylsm-post-opt-source/tinylsm/build/benchmark/_deps/protobuf-src/src/google/protobuf/compiler/java/lite/enum_field.cc:12:
/home/tina.guest/tinylsm-post-opt-source/tinylsm/build/benchmark/_deps/protobuf-src/src/google/protobuf/port.h: In function ‘void google::protobuf::internal::AssertDownCast(From*)’:
/home/tina.guest/tinylsm-post-opt-source/tinylsm/build/benchmark/_deps/protobuf-src/src/google/protobuf/port.h:181:5: warning: testing if a concept-id is a valid expression; add ‘requires’ to check satisfaction [-Wmissing-requires]
  181 |     std::derived_from<std::remove_pointer_t<To>,
      |     ^
      |     requires 
[167/665] Building CXX object _deps/protobuf-build/CMakeFiles/libprotoc.dir/src/google/protobuf/compiler/java/lite/message.cc.o
In file included from /home/tina.guest/tinylsm-post-opt-source/tinylsm/build/benchmark/_deps/protobuf-src/src/google/protobuf/compiler/java/options.h:13,
                 from /home/tina.guest/tinylsm-post-opt-source/tinylsm/build/benchmark/_deps/protobuf-src/src/google/protobuf/compiler/java/names.h:21,
                 from /home/tina.guest/tinylsm-post-opt-source/tinylsm/build/benchmark/_deps/protobuf-src/src/google/protobuf/compiler/java/helpers.h:19,
                 from /home/tina.guest/tinylsm-post-opt-source/tinylsm/build/benchmark/_deps/protobuf-src/src/google/protobuf/compiler/java/context.h:15,
                 from /home/tina.guest/tinylsm-post-opt-source/tinylsm/build/benchmark/_deps/protobuf-src/src/google/protobuf/compiler/java/lite/message.h:18,
                 from /home/tina.guest/tinylsm-post-opt-source/tinylsm/build/benchmark/_deps/protobuf-src/src/google/protobuf/compiler/java/lite/message.cc:12:
/home/tina.guest/tinylsm-post-opt-source/tinylsm/build/benchmark/_deps/protobuf-src/src/google/protobuf/port.h: In function ‘void google::protobuf::internal::AssertDownCast(From*)’:
/home/tina.guest/tinylsm-post-opt-source/tinylsm/build/benchmark/_deps/protobuf-src/src/google/protobuf/port.h:181:5: warning: testing if a concept-id is a valid expression; add ‘requires’ to check satisfaction [-Wmissing-requires]
  181 |     std::derived_from<std::remove_pointer_t<To>,
      |     ^
      |     requires 
[168/665] Building CXX object _deps/protobuf-build/CMakeFiles/libprotoc.dir/src/google/protobuf/compiler/java/lite/map_field.cc.o
In file included from /home/tina.guest/tinylsm-post-opt-source/tinylsm/build/benchmark/_deps/protobuf-src/src/google/protobuf/compiler/java/options.h:13,
                 from /home/tina.guest/tinylsm-post-opt-source/tinylsm/build/benchmark/_deps/protobuf-src/src/google/protobuf/compiler/java/names.h:21,
                 from /home/tina.guest/tinylsm-post-opt-source/tinylsm/build/benchmark/_deps/protobuf-src/src/google/protobuf/compiler/java/helpers.h:19,
                 from /home/tina.guest/tinylsm-post-opt-source/tinylsm/build/benchmark/_deps/protobuf-src/src/google/protobuf/compiler/java/context.h:15,
                 from /home/tina.guest/tinylsm-post-opt-source/tinylsm/build/benchmark/_deps/protobuf-src/src/google/protobuf/compiler/java/lite/map_field.h:17,
                 from /home/tina.guest/tinylsm-post-opt-source/tinylsm/build/benchmark/_deps/protobuf-src/src/google/protobuf/compiler/java/lite/map_field.cc:8:
/home/tina.guest/tinylsm-post-opt-source/tinylsm/build/benchmark/_deps/protobuf-src/src/google/protobuf/port.h: In function ‘void google::protobuf::internal::AssertDownCast(From*)’:
/home/tina.guest/tinylsm-post-opt-source/tinylsm/build/benchmark/_deps/protobuf-src/src/google/protobuf/port.h:181:5: warning: testing if a concept-id is a valid expression; add ‘requires’ to check satisfaction [-Wmissing-requires]
  181 |     std::derived_from<std::remove_pointer_t<To>,
      |     ^
      |     requires 
[169/665] Building CXX object _deps/protobuf-build/CMakeFiles/libprotoc.dir/src/google/protobuf/compiler/java/lite/message_builder.cc.o
In file included from /home/tina.guest/tinylsm-post-opt-source/tinylsm/build/benchmark/_deps/protobuf-src/src/google/protobuf/compiler/java/options.h:13,
                 from /home/tina.guest/tinylsm-post-opt-source/tinylsm/build/benchmark/_deps/protobuf-src/src/google/protobuf/compiler/java/names.h:21,
                 from /home/tina.guest/tinylsm-post-opt-source/tinylsm/build/benchmark/_deps/protobuf-src/src/google/protobuf/compiler/java/helpers.h:19,
                 from /home/tina.guest/tinylsm-post-opt-source/tinylsm/build/benchmark/_deps/protobuf-src/src/google/protobuf/compiler/java/context.h:15,
                 from /home/tina.guest/tinylsm-post-opt-source/tinylsm/build/benchmark/_deps/protobuf-src/src/google/protobuf/compiler/java/generator_common.h:10,
                 from /home/tina.guest/tinylsm-post-opt-source/tinylsm/build/benchmark/_deps/protobuf-src/src/google/protobuf/compiler/java/lite/message_builder.h:18,
                 from /home/tina.guest/tinylsm-post-opt-source/tinylsm/build/benchmark/_deps/protobuf-src/src/google/protobuf/compiler/java/lite/message_builder.cc:12:
/home/tina.guest/tinylsm-post-opt-source/tinylsm/build/benchmark/_deps/protobuf-src/src/google/protobuf/port.h: In function ‘void google::protobuf::internal::AssertDownCast(From*)’:
/home/tina.guest/tinylsm-post-opt-source/tinylsm/build/benchmark/_deps/protobuf-src/src/google/protobuf/port.h:181:5: warning: testing if a concept-id is a valid expression; add ‘requires’ to check satisfaction [-Wmissing-requires]
  181 |     std::derived_from<std::remove_pointer_t<To>,
      |     ^
      |     requires 
[170/665] Building CXX object _deps/protobuf-build/CMakeFiles/libprotoc.dir/src/google/protobuf/compiler/java/lite/message_field.cc.o
In file included from /home/tina.guest/tinylsm-post-opt-source/tinylsm/build/benchmark/_deps/protobuf-src/src/google/protobuf/compiler/java/options.h:13,
                 from /home/tina.guest/tinylsm-post-opt-source/tinylsm/build/benchmark/_deps/protobuf-src/src/google/protobuf/compiler/java/names.h:21,
                 from /home/tina.guest/tinylsm-post-opt-source/tinylsm/build/benchmark/_deps/protobuf-src/src/google/protobuf/compiler/java/helpers.h:19,
                 from /home/tina.guest/tinylsm-post-opt-source/tinylsm/build/benchmark/_deps/protobuf-src/src/google/protobuf/compiler/java/context.h:15,
                 from /home/tina.guest/tinylsm-post-opt-source/tinylsm/build/benchmark/_deps/protobuf-src/src/google/protobuf/compiler/java/generator_common.h:10,
                 from /home/tina.guest/tinylsm-post-opt-source/tinylsm/build/benchmark/_deps/protobuf-src/src/google/protobuf/compiler/java/lite/field_generator.h:7,
                 from /home/tina.guest/tinylsm-post-opt-source/tinylsm/build/benchmark/_deps/protobuf-src/src/google/protobuf/compiler/java/lite/message_field.h:21,
                 from /home/tina.guest/tinylsm-post-opt-source/tinylsm/build/benchmark/_deps/protobuf-src/src/google/protobuf/compiler/java/lite/message_field.cc:12:
/home/tina.guest/tinylsm-post-opt-source/tinylsm/build/benchmark/_deps/protobuf-src/src/google/protobuf/port.h: In function ‘void google::protobuf::internal::AssertDownCast(From*)’:
/home/tina.guest/tinylsm-post-opt-source/tinylsm/build/benchmark/_deps/protobuf-src/src/google/protobuf/port.h:181:5: warning: testing if a concept-id is a valid expression; add ‘requires’ to check satisfaction [-Wmissing-requires]
  181 |     std::derived_from<std::remove_pointer_t<To>,
      |     ^
      |     requires 
[171/665] Building CXX object _deps/protobuf-build/CMakeFiles/libprotoc.dir/src/google/protobuf/compiler/java/lite/primitive_field.cc.o
In file included from /home/tina.guest/tinylsm-post-opt-source/tinylsm/build/benchmark/_deps/protobuf-src/src/google/protobuf/compiler/java/options.h:13,
                 from /home/tina.guest/tinylsm-post-opt-source/tinylsm/build/benchmark/_deps/protobuf-src/src/google/protobuf/compiler/java/names.h:21,
                 from /home/tina.guest/tinylsm-post-opt-source/tinylsm/build/benchmark/_deps/protobuf-src/src/google/protobuf/compiler/java/helpers.h:19,
                 from /home/tina.guest/tinylsm-post-opt-source/tinylsm/build/benchmark/_deps/protobuf-src/src/google/protobuf/compiler/java/context.h:15,
                 from /home/tina.guest/tinylsm-post-opt-source/tinylsm/build/benchmark/_deps/protobuf-src/src/google/protobuf/compiler/java/generator_common.h:10,
                 from /home/tina.guest/tinylsm-post-opt-source/tinylsm/build/benchmark/_deps/protobuf-src/src/google/protobuf/compiler/java/lite/field_generator.h:7,
                 from /home/tina.guest/tinylsm-post-opt-source/tinylsm/build/benchmark/_deps/protobuf-src/src/google/protobuf/compiler/java/lite/primitive_field.h:21,
                 from /home/tina.guest/tinylsm-post-opt-source/tinylsm/build/benchmark/_deps/protobuf-src/src/google/protobuf/compiler/java/lite/primitive_field.cc:12:
/home/tina.guest/tinylsm-post-opt-source/tinylsm/build/benchmark/_deps/protobuf-src/src/google/protobuf/port.h: In function ‘void google::protobuf::internal::AssertDownCast(From*)’:
/home/tina.guest/tinylsm-post-opt-source/tinylsm/build/benchmark/_deps/protobuf-src/src/google/protobuf/port.h:181:5: warning: testing if a concept-id is a valid expression; add ‘requires’ to check satisfaction [-Wmissing-requires]
  181 |     std::derived_from<std::remove_pointer_t<To>,
      |     ^
      |     requires 
[172/665] Building CXX object _deps/protobuf-build/CMakeFiles/libprotoc.dir/src/google/protobuf/compiler/java/message_serialization.cc.o
In file included from /home/tina.guest/tinylsm-post-opt-source/tinylsm/build/benchmark/_deps/protobuf-src/src/google/protobuf/compiler/java/options.h:13,
                 from /home/tina.guest/tinylsm-post-opt-source/tinylsm/build/benchmark/_deps/protobuf-src/src/google/protobuf/compiler/java/names.h:21,
                 from /home/tina.guest/tinylsm-post-opt-source/tinylsm/build/benchmark/_deps/protobuf-src/src/google/protobuf/compiler/java/helpers.h:19,
                 from /home/tina.guest/tinylsm-post-opt-source/tinylsm/build/benchmark/_deps/protobuf-src/src/google/protobuf/compiler/java/context.h:15,
                 from /home/tina.guest/tinylsm-post-opt-source/tinylsm/build/benchmark/_deps/protobuf-src/src/google/protobuf/compiler/java/generator_common.h:10,
                 from /home/tina.guest/tinylsm-post-opt-source/tinylsm/build/benchmark/_deps/protobuf-src/src/google/protobuf/compiler/java/message_serialization.h:16,
                 from /home/tina.guest/tinylsm-post-opt-source/tinylsm/build/benchmark/_deps/protobuf-src/src/google/protobuf/compiler/java/message_serialization.cc:8:
/home/tina.guest/tinylsm-post-opt-source/tinylsm/build/benchmark/_deps/protobuf-src/src/google/protobuf/port.h: In function ‘void google::protobuf::internal::AssertDownCast(From*)’:
/home/tina.guest/tinylsm-post-opt-source/tinylsm/build/benchmark/_deps/protobuf-src/src/google/protobuf/port.h:181:5: warning: testing if a concept-id is a valid expression; add ‘requires’ to check satisfaction [-Wmissing-requires]
  181 |     std::derived_from<std::remove_pointer_t<To>,
      |     ^
      |     requires 
[173/665] Building CXX object _deps/protobuf-build/CMakeFiles/libprotoc.dir/src/google/protobuf/compiler/java/lite/string_field.cc.o
In file included from /home/tina.guest/tinylsm-post-opt-source/tinylsm/build/benchmark/_deps/protobuf-src/src/google/protobuf/compiler/java/options.h:13,
                 from /home/tina.guest/tinylsm-post-opt-source/tinylsm/build/benchmark/_deps/protobuf-src/src/google/protobuf/compiler/java/names.h:21,
                 from /home/tina.guest/tinylsm-post-opt-source/tinylsm/build/benchmark/_deps/protobuf-src/src/google/protobuf/compiler/java/helpers.h:19,
                 from /home/tina.guest/tinylsm-post-opt-source/tinylsm/build/benchmark/_deps/protobuf-src/src/google/protobuf/compiler/java/context.h:15,
                 from /home/tina.guest/tinylsm-post-opt-source/tinylsm/build/benchmark/_deps/protobuf-src/src/google/protobuf/compiler/java/generator_common.h:10,
                 from /home/tina.guest/tinylsm-post-opt-source/tinylsm/build/benchmark/_deps/protobuf-src/src/google/protobuf/compiler/java/lite/field_generator.h:7,
                 from /home/tina.guest/tinylsm-post-opt-source/tinylsm/build/benchmark/_deps/protobuf-src/src/google/protobuf/compiler/java/lite/string_field.h:22,
                 from /home/tina.guest/tinylsm-post-opt-source/tinylsm/build/benchmark/_deps/protobuf-src/src/google/protobuf/compiler/java/lite/string_field.cc:13:
/home/tina.guest/tinylsm-post-opt-source/tinylsm/build/benchmark/_deps/protobuf-src/src/google/protobuf/port.h: In function ‘void google::protobuf::internal::AssertDownCast(From*)’:
/home/tina.guest/tinylsm-post-opt-source/tinylsm/build/benchmark/_deps/protobuf-src/src/google/protobuf/port.h:181:5: warning: testing if a concept-id is a valid expression; add ‘requires’ to check satisfaction [-Wmissing-requires]
  181 |     std::derived_from<std::remove_pointer_t<To>,
      |     ^
      |     requires 
[174/665] Building CXX object _deps/protobuf-build/CMakeFiles/libprotoc.dir/src/google/protobuf/compiler/java/name_resolver.cc.o
In file included from /home/tina.guest/tinylsm-post-opt-source/tinylsm/build/benchmark/_deps/protobuf-src/src/google/protobuf/compiler/java/options.h:13,
                 from /home/tina.guest/tinylsm-post-opt-source/tinylsm/build/benchmark/_deps/protobuf-src/src/google/protobuf/compiler/java/name_resolver.h:14,
                 from /home/tina.guest/tinylsm-post-opt-source/tinylsm/build/benchmark/_deps/protobuf-src/src/google/protobuf/compiler/java/name_resolver.cc:8:
/home/tina.guest/tinylsm-post-opt-source/tinylsm/build/benchmark/_deps/protobuf-src/src/google/protobuf/port.h: In function ‘void google::protobuf::internal::AssertDownCast(From*)’:
/home/tina.guest/tinylsm-post-opt-source/tinylsm/build/benchmark/_deps/protobuf-src/src/google/protobuf/port.h:181:5: warning: testing if a concept-id is a valid expression; add ‘requires’ to check satisfaction [-Wmissing-requires]
  181 |     std::derived_from<std::remove_pointer_t<To>,
      |     ^
      |     requires 
[175/665] Building CXX object _deps/protobuf-build/CMakeFiles/libprotoc.dir/src/google/protobuf/compiler/java/names.cc.o
In file included from /home/tina.guest/tinylsm-post-opt-source/tinylsm/build/benchmark/_deps/protobuf-src/src/google/protobuf/compiler/java/options.h:13,
                 from /home/tina.guest/tinylsm-post-opt-source/tinylsm/build/benchmark/_deps/protobuf-src/src/google/protobuf/compiler/java/names.h:21,
                 from /home/tina.guest/tinylsm-post-opt-source/tinylsm/build/benchmark/_deps/protobuf-src/src/google/protobuf/compiler/java/names.cc:12:
/home/tina.guest/tinylsm-post-opt-source/tinylsm/build/benchmark/_deps/protobuf-src/src/google/protobuf/port.h: In function ‘void google::protobuf::internal::AssertDownCast(From*)’:
/home/tina.guest/tinylsm-post-opt-source/tinylsm/build/benchmark/_deps/protobuf-src/src/google/protobuf/port.h:181:5: warning: testing if a concept-id is a valid expression; add ‘requires’ to check satisfaction [-Wmissing-requires]
  181 |     std::derived_from<std::remove_pointer_t<To>,
      |     ^
      |     requires 
[176/665] Building CXX object _deps/protobuf-build/CMakeFiles/libprotoc.dir/src/google/protobuf/compiler/java/shared_code_generator.cc.o
In file included from /home/tina.guest/tinylsm-post-opt-source/tinylsm/build/benchmark/_deps/protobuf-src/src/google/protobuf/compiler/java/options.h:13,
                 from /home/tina.guest/tinylsm-post-opt-source/tinylsm/build/benchmark/_deps/protobuf-src/src/google/protobuf/compiler/java/shared_code_generator.h:19,
                 from /home/tina.guest/tinylsm-post-opt-source/tinylsm/build/benchmark/_deps/protobuf-src/src/google/protobuf/compiler/java/shared_code_generator.cc:10:
/home/tina.guest/tinylsm-post-opt-source/tinylsm/build/benchmark/_deps/protobuf-src/src/google/protobuf/port.h: In function ‘void google::protobuf::internal::AssertDownCast(From*)’:
/home/tina.guest/tinylsm-post-opt-source/tinylsm/build/benchmark/_deps/protobuf-src/src/google/protobuf/port.h:181:5: warning: testing if a concept-id is a valid expression; add ‘requires’ to check satisfaction [-Wmissing-requires]
  181 |     std::derived_from<std::remove_pointer_t<To>,
      |     ^
      |     requires 
[177/665] Building CXX object _deps/protobuf-build/CMakeFiles/libprotoc.dir/src/google/protobuf/compiler/kotlin/file.cc.o
In file included from /home/tina.guest/tinylsm-post-opt-source/tinylsm/build/benchmark/_deps/protobuf-src/src/google/protobuf/compiler/java/options.h:13,
                 from /home/tina.guest/tinylsm-post-opt-source/tinylsm/build/benchmark/_deps/protobuf-src/src/google/protobuf/compiler/kotlin/file.h:17,
                 from /home/tina.guest/tinylsm-post-opt-source/tinylsm/build/benchmark/_deps/protobuf-src/src/google/protobuf/compiler/kotlin/file.cc:8:
/home/tina.guest/tinylsm-post-opt-source/tinylsm/build/benchmark/_deps/protobuf-src/src/google/protobuf/port.h: In function ‘void google::protobuf::internal::AssertDownCast(From*)’:
/home/tina.guest/tinylsm-post-opt-source/tinylsm/build/benchmark/_deps/protobuf-src/src/google/protobuf/port.h:181:5: warning: testing if a concept-id is a valid expression; add ‘requires’ to check satisfaction [-Wmissing-requires]
  181 |     std::derived_from<std::remove_pointer_t<To>,
      |     ^
      |     requires 
[178/665] Building CXX object _deps/protobuf-build/CMakeFiles/libprotoc.dir/src/google/protobuf/compiler/kotlin/generator.cc.o
In file included from /home/tina.guest/tinylsm-post-opt-source/tinylsm/build/benchmark/_deps/protobuf-src/src/google/protobuf/arena.h:38,
                 from /home/tina.guest/tinylsm-post-opt-source/tinylsm/build/benchmark/_deps/protobuf-src/src/google/protobuf/compiler/java/java_features.pb.h:21,
                 from /home/tina.guest/tinylsm-post-opt-source/tinylsm/build/benchmark/_deps/protobuf-src/src/google/protobuf/compiler/kotlin/generator.h:17,
                 from /home/tina.guest/tinylsm-post-opt-source/tinylsm/build/benchmark/_deps/protobuf-src/src/google/protobuf/compiler/kotlin/generator.cc:8:
/home/tina.guest/tinylsm-post-opt-source/tinylsm/build/benchmark/_deps/protobuf-src/src/google/protobuf/port.h: In function ‘void google::protobuf::internal::AssertDownCast(From*)’:
/home/tina.guest/tinylsm-post-opt-source/tinylsm/build/benchmark/_deps/protobuf-src/src/google/protobuf/port.h:181:5: warning: testing if a concept-id is a valid expression; add ‘requires’ to check satisfaction [-Wmissing-requires]
  181 |     std::derived_from<std::remove_pointer_t<To>,
      |     ^
      |     requires 
[179/665] Building CXX object _deps/protobuf-build/CMakeFiles/libprotoc.dir/src/google/protobuf/compiler/objectivec/enum.cc.o
In file included from /home/tina.guest/tinylsm-post-opt-source/tinylsm/build/benchmark/_deps/protobuf-src/src/google/protobuf/extension_set.h:36,
                 from /home/tina.guest/tinylsm-post-opt-source/tinylsm/build/benchmark/_deps/protobuf-src/src/google/protobuf/descriptor.h:56,
                 from /home/tina.guest/tinylsm-post-opt-source/tinylsm/build/benchmark/_deps/protobuf-src/src/google/protobuf/compiler/objectivec/enum.h:16,
                 from /home/tina.guest/tinylsm-post-opt-source/tinylsm/build/benchmark/_deps/protobuf-src/src/google/protobuf/compiler/objectivec/enum.cc:8:
/home/tina.guest/tinylsm-post-opt-source/tinylsm/build/benchmark/_deps/protobuf-src/src/google/protobuf/port.h: In function ‘void google::protobuf::internal::AssertDownCast(From*)’:
/home/tina.guest/tinylsm-post-opt-source/tinylsm/build/benchmark/_deps/protobuf-src/src/google/protobuf/port.h:181:5: warning: testing if a concept-id is a valid expression; add ‘requires’ to check satisfaction [-Wmissing-requires]
  181 |     std::derived_from<std::remove_pointer_t<To>,
      |     ^
      |     requires 
[180/665] Building CXX object _deps/protobuf-build/CMakeFiles/libprotoc.dir/src/google/protobuf/compiler/kotlin/message.cc.o
In file included from /home/tina.guest/tinylsm-post-opt-source/tinylsm/build/benchmark/_deps/protobuf-src/src/google/protobuf/compiler/java/options.h:13,
                 from /home/tina.guest/tinylsm-post-opt-source/tinylsm/build/benchmark/_deps/protobuf-src/src/google/protobuf/compiler/java/names.h:21,
                 from /home/tina.guest/tinylsm-post-opt-source/tinylsm/build/benchmark/_deps/protobuf-src/src/google/protobuf/compiler/java/helpers.h:19,
                 from /home/tina.guest/tinylsm-post-opt-source/tinylsm/build/benchmark/_deps/protobuf-src/src/google/protobuf/compiler/java/context.h:15,
                 from /home/tina.guest/tinylsm-post-opt-source/tinylsm/build/benchmark/_deps/protobuf-src/src/google/protobuf/compiler/kotlin/message.h:12,
                 from /home/tina.guest/tinylsm-post-opt-source/tinylsm/build/benchmark/_deps/protobuf-src/src/google/protobuf/compiler/kotlin/message.cc:8:
/home/tina.guest/tinylsm-post-opt-source/tinylsm/build/benchmark/_deps/protobuf-src/src/google/protobuf/port.h: In function ‘void google::protobuf::internal::AssertDownCast(From*)’:
/home/tina.guest/tinylsm-post-opt-source/tinylsm/build/benchmark/_deps/protobuf-src/src/google/protobuf/port.h:181:5: warning: testing if a concept-id is a valid expression; add ‘requires’ to check satisfaction [-Wmissing-requires]
  181 |     std::derived_from<std::remove_pointer_t<To>,
      |     ^
      |     requires 
[181/665] Building CXX object _deps/protobuf-build/CMakeFiles/libprotoc.dir/src/google/protobuf/compiler/objectivec/enum_field.cc.o
In file included from /home/tina.guest/tinylsm-post-opt-source/tinylsm/build/benchmark/_deps/protobuf-src/src/google/protobuf/extension_set.h:36,
                 from /home/tina.guest/tinylsm-post-opt-source/tinylsm/build/benchmark/_deps/protobuf-src/src/google/protobuf/descriptor.h:56,
                 from /home/tina.guest/tinylsm-post-opt-source/tinylsm/build/benchmark/_deps/protobuf-src/src/google/protobuf/compiler/objectivec/field.h:21,
                 from /home/tina.guest/tinylsm-post-opt-source/tinylsm/build/benchmark/_deps/protobuf-src/src/google/protobuf/compiler/objectivec/enum_field.h:15,
                 from /home/tina.guest/tinylsm-post-opt-source/tinylsm/build/benchmark/_deps/protobuf-src/src/google/protobuf/compiler/objectivec/enum_field.cc:8:
/home/tina.guest/tinylsm-post-opt-source/tinylsm/build/benchmark/_deps/protobuf-src/src/google/protobuf/port.h: In function ‘void google::protobuf::internal::AssertDownCast(From*)’:
/home/tina.guest/tinylsm-post-opt-source/tinylsm/build/benchmark/_deps/protobuf-src/src/google/protobuf/port.h:181:5: warning: testing if a concept-id is a valid expression; add ‘requires’ to check satisfaction [-Wmissing-requires]
  181 |     std::derived_from<std::remove_pointer_t<To>,
      |     ^
      |     requires 
[182/665] Building CXX object _deps/protobuf-build/CMakeFiles/libprotoc.dir/src/google/protobuf/compiler/objectivec/field.cc.o
In file included from /home/tina.guest/tinylsm-post-opt-source/tinylsm/build/benchmark/_deps/protobuf-src/src/google/protobuf/extension_set.h:36,
                 from /home/tina.guest/tinylsm-post-opt-source/tinylsm/build/benchmark/_deps/protobuf-src/src/google/protobuf/descriptor.h:56,
                 from /home/tina.guest/tinylsm-post-opt-source/tinylsm/build/benchmark/_deps/protobuf-src/src/google/protobuf/compiler/objectivec/field.h:21,
                 from /home/tina.guest/tinylsm-post-opt-source/tinylsm/build/benchmark/_deps/protobuf-src/src/google/protobuf/compiler/objectivec/field.cc:8:
/home/tina.guest/tinylsm-post-opt-source/tinylsm/build/benchmark/_deps/protobuf-src/src/google/protobuf/port.h: In function ‘void google::protobuf::internal::AssertDownCast(From*)’:
/home/tina.guest/tinylsm-post-opt-source/tinylsm/build/benchmark/_deps/protobuf-src/src/google/protobuf/port.h:181:5: warning: testing if a concept-id is a valid expression; add ‘requires’ to check satisfaction [-Wmissing-requires]
  181 |     std::derived_from<std::remove_pointer_t<To>,
      |     ^
      |     requires 
[183/665] Building CXX object _deps/protobuf-build/CMakeFiles/libprotoc.dir/src/google/protobuf/compiler/objectivec/extension.cc.o
In file included from /home/tina.guest/tinylsm-post-opt-source/tinylsm/build/benchmark/_deps/protobuf-src/src/google/protobuf/extension_set.h:36,
                 from /home/tina.guest/tinylsm-post-opt-source/tinylsm/build/benchmark/_deps/protobuf-src/src/google/protobuf/descriptor.h:56,
                 from /home/tina.guest/tinylsm-post-opt-source/tinylsm/build/benchmark/_deps/protobuf-src/src/google/protobuf/compiler/objectivec/extension.h:17,
                 from /home/tina.guest/tinylsm-post-opt-source/tinylsm/build/benchmark/_deps/protobuf-src/src/google/protobuf/compiler/objectivec/extension.cc:8:
/home/tina.guest/tinylsm-post-opt-source/tinylsm/build/benchmark/_deps/protobuf-src/src/google/protobuf/port.h: In function ‘void google::protobuf::internal::AssertDownCast(From*)’:
/home/tina.guest/tinylsm-post-opt-source/tinylsm/build/benchmark/_deps/protobuf-src/src/google/protobuf/port.h:181:5: warning: testing if a concept-id is a valid expression; add ‘requires’ to check satisfaction [-Wmissing-requires]
  181 |     std::derived_from<std::remove_pointer_t<To>,
      |     ^
      |     requires 
[184/665] Building CXX object _deps/protobuf-build/CMakeFiles/libprotoc.dir/src/google/protobuf/compiler/objectivec/generator.cc.o
In file included from /home/tina.guest/tinylsm-post-opt-source/tinylsm/build/benchmark/_deps/protobuf-src/src/google/protobuf/extension_set.h:36,
                 from /home/tina.guest/tinylsm-post-opt-source/tinylsm/build/benchmark/_deps/protobuf-src/src/google/protobuf/descriptor.h:56,
                 from /home/tina.guest/tinylsm-post-opt-source/tinylsm/build/benchmark/_deps/protobuf-src/src/google/protobuf/compiler/code_generator.h:26,
                 from /home/tina.guest/tinylsm-post-opt-source/tinylsm/build/benchmark/_deps/protobuf-src/src/google/protobuf/compiler/objectivec/generator.h:17,
                 from /home/tina.guest/tinylsm-post-opt-source/tinylsm/build/benchmark/_deps/protobuf-src/src/google/protobuf/compiler/objectivec/generator.cc:8:
/home/tina.guest/tinylsm-post-opt-source/tinylsm/build/benchmark/_deps/protobuf-src/src/google/protobuf/port.h: In function ‘void google::protobuf::internal::AssertDownCast(From*)’:
/home/tina.guest/tinylsm-post-opt-source/tinylsm/build/benchmark/_deps/protobuf-src/src/google/protobuf/port.h:181:5: warning: testing if a concept-id is a valid expression; add ‘requires’ to check satisfaction [-Wmissing-requires]
  181 |     std::derived_from<std::remove_pointer_t<To>,
      |     ^
      |     requires 
[185/665] Building CXX object _deps/protobuf-build/CMakeFiles/libprotoc.dir/src/google/protobuf/compiler/objectivec/helpers.cc.o
In file included from /home/tina.guest/tinylsm-post-opt-source/tinylsm/build/benchmark/_deps/protobuf-src/src/google/protobuf/extension_set.h:36,
                 from /home/tina.guest/tinylsm-post-opt-source/tinylsm/build/benchmark/_deps/protobuf-src/src/google/protobuf/descriptor.h:56,
                 from /home/tina.guest/tinylsm-post-opt-source/tinylsm/build/benchmark/_deps/protobuf-src/src/google/protobuf/compiler/objectivec/helpers.h:19,
                 from /home/tina.guest/tinylsm-post-opt-source/tinylsm/build/benchmark/_deps/protobuf-src/src/google/protobuf/compiler/objectivec/helpers.cc:8:
/home/tina.guest/tinylsm-post-opt-source/tinylsm/build/benchmark/_deps/protobuf-src/src/google/protobuf/port.h: In function ‘void google::protobuf::internal::AssertDownCast(From*)’:
/home/tina.guest/tinylsm-post-opt-source/tinylsm/build/benchmark/_deps/protobuf-src/src/google/protobuf/port.h:181:5: warning: testing if a concept-id is a valid expression; add ‘requires’ to check satisfaction [-Wmissing-requires]
  181 |     std::derived_from<std::remove_pointer_t<To>,
      |     ^
      |     requires 
[186/665] Building CXX object _deps/protobuf-build/CMakeFiles/libprotoc.dir/src/google/protobuf/compiler/objectivec/import_writer.cc.o
In file included from /home/tina.guest/tinylsm-post-opt-source/tinylsm/build/benchmark/_deps/protobuf-src/src/google/protobuf/extension_set.h:36,
                 from /home/tina.guest/tinylsm-post-opt-source/tinylsm/build/benchmark/_deps/protobuf-src/src/google/protobuf/descriptor.h:56,
                 from /home/tina.guest/tinylsm-post-opt-source/tinylsm/build/benchmark/_deps/protobuf-src/src/google/protobuf/compiler/objectivec/import_writer.h:15,
                 from /home/tina.guest/tinylsm-post-opt-source/tinylsm/build/benchmark/_deps/protobuf-src/src/google/protobuf/compiler/objectivec/import_writer.cc:8:
/home/tina.guest/tinylsm-post-opt-source/tinylsm/build/benchmark/_deps/protobuf-src/src/google/protobuf/port.h: In function ‘void google::protobuf::internal::AssertDownCast(From*)’:
/home/tina.guest/tinylsm-post-opt-source/tinylsm/build/benchmark/_deps/protobuf-src/src/google/protobuf/port.h:181:5: warning: testing if a concept-id is a valid expression; add ‘requires’ to check satisfaction [-Wmissing-requires]
  181 |     std::derived_from<std::remove_pointer_t<To>,
      |     ^
      |     requires 
[187/665] Building CXX object _deps/protobuf-build/CMakeFiles/libprotoc.dir/src/google/protobuf/compiler/objectivec/line_consumer.cc.o
In file included from /home/tina.guest/tinylsm-post-opt-source/tinylsm/build/benchmark/_deps/protobuf-src/src/google/protobuf/io/zero_copy_stream.h:89,
                 from /home/tina.guest/tinylsm-post-opt-source/tinylsm/build/benchmark/_deps/protobuf-src/src/google/protobuf/compiler/objectivec/line_consumer.h:14,
                 from /home/tina.guest/tinylsm-post-opt-source/tinylsm/build/benchmark/_deps/protobuf-src/src/google/protobuf/compiler/objectivec/line_consumer.cc:20:
/home/tina.guest/tinylsm-post-opt-source/tinylsm/build/benchmark/_deps/protobuf-src/src/google/protobuf/port.h: In function ‘void google::protobuf::internal::AssertDownCast(From*)’:
/home/tina.guest/tinylsm-post-opt-source/tinylsm/build/benchmark/_deps/protobuf-src/src/google/protobuf/port.h:181:5: warning: testing if a concept-id is a valid expression; add ‘requires’ to check satisfaction [-Wmissing-requires]
  181 |     std::derived_from<std::remove_pointer_t<To>,
      |     ^
      |     requires 
[188/665] Building CXX object _deps/protobuf-build/CMakeFiles/libprotoc.dir/src/google/protobuf/compiler/objectivec/map_field.cc.o
In file included from /home/tina.guest/tinylsm-post-opt-source/tinylsm/build/benchmark/_deps/protobuf-src/src/google/protobuf/extension_set.h:36,
                 from /home/tina.guest/tinylsm-post-opt-source/tinylsm/build/benchmark/_deps/protobuf-src/src/google/protobuf/descriptor.h:56,
                 from /home/tina.guest/tinylsm-post-opt-source/tinylsm/build/benchmark/_deps/protobuf-src/src/google/protobuf/compiler/objectivec/field.h:21,
                 from /home/tina.guest/tinylsm-post-opt-source/tinylsm/build/benchmark/_deps/protobuf-src/src/google/protobuf/compiler/objectivec/map_field.h:16,
                 from /home/tina.guest/tinylsm-post-opt-source/tinylsm/build/benchmark/_deps/protobuf-src/src/google/protobuf/compiler/objectivec/map_field.cc:8:
/home/tina.guest/tinylsm-post-opt-source/tinylsm/build/benchmark/_deps/protobuf-src/src/google/protobuf/port.h: In function ‘void google::protobuf::internal::AssertDownCast(From*)’:
/home/tina.guest/tinylsm-post-opt-source/tinylsm/build/benchmark/_deps/protobuf-src/src/google/protobuf/port.h:181:5: warning: testing if a concept-id is a valid expression; add ‘requires’ to check satisfaction [-Wmissing-requires]
  181 |     std::derived_from<std::remove_pointer_t<To>,
      |     ^
      |     requires 
[189/665] Building CXX object _deps/protobuf-build/CMakeFiles/libprotoc.dir/src/google/protobuf/compiler/objectivec/file.cc.o
In file included from /home/tina.guest/tinylsm-post-opt-source/tinylsm/build/benchmark/_deps/protobuf-src/src/google/protobuf/extension_set.h:36,
                 from /home/tina.guest/tinylsm-post-opt-source/tinylsm/build/benchmark/_deps/protobuf-src/src/google/protobuf/descriptor.h:56,
                 from /home/tina.guest/tinylsm-post-opt-source/tinylsm/build/benchmark/_deps/protobuf-src/src/google/protobuf/compiler/objectivec/enum.h:16,
                 from /home/tina.guest/tinylsm-post-opt-source/tinylsm/build/benchmark/_deps/protobuf-src/src/google/protobuf/compiler/objectivec/file.h:19,
                 from /home/tina.guest/tinylsm-post-opt-source/tinylsm/build/benchmark/_deps/protobuf-src/src/google/protobuf/compiler/objectivec/file.cc:8:
/home/tina.guest/tinylsm-post-opt-source/tinylsm/build/benchmark/_deps/protobuf-src/src/google/protobuf/port.h: In function ‘void google::protobuf::internal::AssertDownCast(From*)’:
/home/tina.guest/tinylsm-post-opt-source/tinylsm/build/benchmark/_deps/protobuf-src/src/google/protobuf/port.h:181:5: warning: testing if a concept-id is a valid expression; add ‘requires’ to check satisfaction [-Wmissing-requires]
  181 |     std::derived_from<std::remove_pointer_t<To>,
      |     ^
      |     requires 
[190/665] Building CXX object _deps/protobuf-build/CMakeFiles/libprotoc.dir/src/google/protobuf/compiler/objectivec/message_field.cc.o
In file included from /home/tina.guest/tinylsm-post-opt-source/tinylsm/build/benchmark/_deps/protobuf-src/src/google/protobuf/extension_set.h:36,
                 from /home/tina.guest/tinylsm-post-opt-source/tinylsm/build/benchmark/_deps/protobuf-src/src/google/protobuf/descriptor.h:56,
                 from /home/tina.guest/tinylsm-post-opt-source/tinylsm/build/benchmark/_deps/protobuf-src/src/google/protobuf/compiler/objectivec/field.h:21,
                 from /home/tina.guest/tinylsm-post-opt-source/tinylsm/build/benchmark/_deps/protobuf-src/src/google/protobuf/compiler/objectivec/message_field.h:15,
                 from /home/tina.guest/tinylsm-post-opt-source/tinylsm/build/benchmark/_deps/protobuf-src/src/google/protobuf/compiler/objectivec/message_field.cc:8:
/home/tina.guest/tinylsm-post-opt-source/tinylsm/build/benchmark/_deps/protobuf-src/src/google/protobuf/port.h: In function ‘void google::protobuf::internal::AssertDownCast(From*)’:
/home/tina.guest/tinylsm-post-opt-source/tinylsm/build/benchmark/_deps/protobuf-src/src/google/protobuf/port.h:181:5: warning: testing if a concept-id is a valid expression; add ‘requires’ to check satisfaction [-Wmissing-requires]
  181 |     std::derived_from<std::remove_pointer_t<To>,
      |     ^
      |     requires 
[191/665] Building CXX object _deps/protobuf-build/CMakeFiles/libprotoc.dir/src/google/protobuf/compiler/objectivec/oneof.cc.o
In file included from /home/tina.guest/tinylsm-post-opt-source/tinylsm/build/benchmark/_deps/protobuf-src/src/google/protobuf/extension_set.h:36,
                 from /home/tina.guest/tinylsm-post-opt-source/tinylsm/build/benchmark/_deps/protobuf-src/src/google/protobuf/descriptor.h:56,
                 from /home/tina.guest/tinylsm-post-opt-source/tinylsm/build/benchmark/_deps/protobuf-src/src/google/protobuf/compiler/objectivec/oneof.h:16,
                 from /home/tina.guest/tinylsm-post-opt-source/tinylsm/build/benchmark/_deps/protobuf-src/src/google/protobuf/compiler/objectivec/oneof.cc:8:
/home/tina.guest/tinylsm-post-opt-source/tinylsm/build/benchmark/_deps/protobuf-src/src/google/protobuf/port.h: In function ‘void google::protobuf::internal::AssertDownCast(From*)’:
/home/tina.guest/tinylsm-post-opt-source/tinylsm/build/benchmark/_deps/protobuf-src/src/google/protobuf/port.h:181:5: warning: testing if a concept-id is a valid expression; add ‘requires’ to check satisfaction [-Wmissing-requires]
  181 |     std::derived_from<std::remove_pointer_t<To>,
      |     ^
      |     requires 
[192/665] Building CXX object _deps/protobuf-build/CMakeFiles/libprotoc.dir/src/google/protobuf/compiler/objectivec/tf_decode_data.cc.o
In file included from /home/tina.guest/tinylsm-post-opt-source/tinylsm/build/benchmark/_deps/protobuf-src/src/google/protobuf/io/zero_copy_stream.h:89,
                 from /home/tina.guest/tinylsm-post-opt-source/tinylsm/build/benchmark/_deps/protobuf-src/src/google/protobuf/io/zero_copy_stream_impl.h:24,
                 from /home/tina.guest/tinylsm-post-opt-source/tinylsm/build/benchmark/_deps/protobuf-src/src/google/protobuf/compiler/objectivec/tf_decode_data.cc:20:
/home/tina.guest/tinylsm-post-opt-source/tinylsm/build/benchmark/_deps/protobuf-src/src/google/protobuf/port.h: In function ‘void google::protobuf::internal::AssertDownCast(From*)’:
/home/tina.guest/tinylsm-post-opt-source/tinylsm/build/benchmark/_deps/protobuf-src/src/google/protobuf/port.h:181:5: warning: testing if a concept-id is a valid expression; add ‘requires’ to check satisfaction [-Wmissing-requires]
  181 |     std::derived_from<std::remove_pointer_t<To>,
      |     ^
      |     requires 
[193/665] Building CXX object _deps/protobuf-build/CMakeFiles/libprotoc.dir/src/google/protobuf/compiler/objectivec/primitive_field.cc.o
In file included from /home/tina.guest/tinylsm-post-opt-source/tinylsm/build/benchmark/_deps/protobuf-src/src/google/protobuf/extension_set.h:36,
                 from /home/tina.guest/tinylsm-post-opt-source/tinylsm/build/benchmark/_deps/protobuf-src/src/google/protobuf/descriptor.h:56,
                 from /home/tina.guest/tinylsm-post-opt-source/tinylsm/build/benchmark/_deps/protobuf-src/src/google/protobuf/compiler/objectivec/field.h:21,
                 from /home/tina.guest/tinylsm-post-opt-source/tinylsm/build/benchmark/_deps/protobuf-src/src/google/protobuf/compiler/objectivec/primitive_field.h:11,
                 from /home/tina.guest/tinylsm-post-opt-source/tinylsm/build/benchmark/_deps/protobuf-src/src/google/protobuf/compiler/objectivec/primitive_field.cc:8:
/home/tina.guest/tinylsm-post-opt-source/tinylsm/build/benchmark/_deps/protobuf-src/src/google/protobuf/port.h: In function ‘void google::protobuf::internal::AssertDownCast(From*)’:
/home/tina.guest/tinylsm-post-opt-source/tinylsm/build/benchmark/_deps/protobuf-src/src/google/protobuf/port.h:181:5: warning: testing if a concept-id is a valid expression; add ‘requires’ to check satisfaction [-Wmissing-requires]
  181 |     std::derived_from<std::remove_pointer_t<To>,
      |     ^
      |     requires 
[194/665] Building CXX object _deps/protobuf-build/CMakeFiles/libprotoc.dir/src/google/protobuf/compiler/objectivec/names.cc.o
In file included from /home/tina.guest/tinylsm-post-opt-source/tinylsm/build/benchmark/_deps/protobuf-src/src/google/protobuf/extension_set.h:36,
                 from /home/tina.guest/tinylsm-post-opt-source/tinylsm/build/benchmark/_deps/protobuf-src/src/google/protobuf/descriptor.h:56,
                 from /home/tina.guest/tinylsm-post-opt-source/tinylsm/build/benchmark/_deps/protobuf-src/src/google/protobuf/compiler/objectivec/names.h:17,
                 from /home/tina.guest/tinylsm-post-opt-source/tinylsm/build/benchmark/_deps/protobuf-src/src/google/protobuf/compiler/objectivec/names.cc:8:
/home/tina.guest/tinylsm-post-opt-source/tinylsm/build/benchmark/_deps/protobuf-src/src/google/protobuf/port.h: In function ‘void google::protobuf::internal::AssertDownCast(From*)’:
/home/tina.guest/tinylsm-post-opt-source/tinylsm/build/benchmark/_deps/protobuf-src/src/google/protobuf/port.h:181:5: warning: testing if a concept-id is a valid expression; add ‘requires’ to check satisfaction [-Wmissing-requires]
  181 |     std::derived_from<std::remove_pointer_t<To>,
      |     ^
      |     requires 
[195/665] Building CXX object _deps/protobuf-build/CMakeFiles/libprotoc.dir/src/google/protobuf/compiler/objectivec/message.cc.o
In file included from /home/tina.guest/tinylsm-post-opt-source/tinylsm/build/benchmark/_deps/protobuf-src/src/google/protobuf/extension_set.h:36,
                 from /home/tina.guest/tinylsm-post-opt-source/tinylsm/build/benchmark/_deps/protobuf-src/src/google/protobuf/descriptor.h:56,
                 from /home/tina.guest/tinylsm-post-opt-source/tinylsm/build/benchmark/_deps/protobuf-src/src/google/protobuf/compiler/objectivec/field.h:21,
                 from /home/tina.guest/tinylsm-post-opt-source/tinylsm/build/benchmark/_deps/protobuf-src/src/google/protobuf/compiler/objectivec/message.h:18,
                 from /home/tina.guest/tinylsm-post-opt-source/tinylsm/build/benchmark/_deps/protobuf-src/src/google/protobuf/compiler/objectivec/message.cc:8:
/home/tina.guest/tinylsm-post-opt-source/tinylsm/build/benchmark/_deps/protobuf-src/src/google/protobuf/port.h: In function ‘void google::protobuf::internal::AssertDownCast(From*)’:
/home/tina.guest/tinylsm-post-opt-source/tinylsm/build/benchmark/_deps/protobuf-src/src/google/protobuf/port.h:181:5: warning: testing if a concept-id is a valid expression; add ‘requires’ to check satisfaction [-Wmissing-requires]
  181 |     std::derived_from<std::remove_pointer_t<To>,
      |     ^
      |     requires 
[196/665] Building CXX object _deps/protobuf-build/CMakeFiles/libprotoc.dir/src/google/protobuf/compiler/php/names.cc.o
In file included from /home/tina.guest/tinylsm-post-opt-source/tinylsm/build/benchmark/_deps/protobuf-src/src/google/protobuf/extension_set.h:36,
                 from /home/tina.guest/tinylsm-post-opt-source/tinylsm/build/benchmark/_deps/protobuf-src/src/google/protobuf/descriptor.h:56,
                 from /home/tina.guest/tinylsm-post-opt-source/tinylsm/build/benchmark/_deps/protobuf-src/src/google/protobuf/compiler/php/names.h:11,
                 from /home/tina.guest/tinylsm-post-opt-source/tinylsm/build/benchmark/_deps/protobuf-src/src/google/protobuf/compiler/php/names.cc:8:
/home/tina.guest/tinylsm-post-opt-source/tinylsm/build/benchmark/_deps/protobuf-src/src/google/protobuf/port.h: In function ‘void google::protobuf::internal::AssertDownCast(From*)’:
/home/tina.guest/tinylsm-post-opt-source/tinylsm/build/benchmark/_deps/protobuf-src/src/google/protobuf/port.h:181:5: warning: testing if a concept-id is a valid expression; add ‘requires’ to check satisfaction [-Wmissing-requires]
  181 |     std::derived_from<std::remove_pointer_t<To>,
      |     ^
      |     requires 
[197/665] Building CXX object _deps/protobuf-build/CMakeFiles/libprotoc.dir/src/google/protobuf/compiler/plugin.cc.o
In file included from /home/tina.guest/tinylsm-post-opt-source/tinylsm/build/benchmark/_deps/protobuf-src/src/google/protobuf/extension_set.h:36,
                 from /home/tina.guest/tinylsm-post-opt-source/tinylsm/build/benchmark/_deps/protobuf-src/src/google/protobuf/descriptor.h:56,
                 from /home/tina.guest/tinylsm-post-opt-source/tinylsm/build/benchmark/_deps/protobuf-src/src/google/protobuf/compiler/code_generator.h:26,
                 from /home/tina.guest/tinylsm-post-opt-source/tinylsm/build/benchmark/_deps/protobuf-src/src/google/protobuf/compiler/plugin.cc:26:
/home/tina.guest/tinylsm-post-opt-source/tinylsm/build/benchmark/_deps/protobuf-src/src/google/protobuf/port.h: In function ‘void google::protobuf::internal::AssertDownCast(From*)’:
/home/tina.guest/tinylsm-post-opt-source/tinylsm/build/benchmark/_deps/protobuf-src/src/google/protobuf/port.h:181:5: warning: testing if a concept-id is a valid expression; add ‘requires’ to check satisfaction [-Wmissing-requires]
  181 |     std::derived_from<std::remove_pointer_t<To>,
      |     ^
      |     requires 
[198/665] Building CXX object _deps/protobuf-build/CMakeFiles/libprotoc.dir/src/google/protobuf/compiler/plugin.pb.cc.o
In file included from /home/tina.guest/tinylsm-post-opt-source/tinylsm/build/benchmark/_deps/protobuf-src/src/google/protobuf/arena.h:38,
                 from /home/tina.guest/tinylsm-post-opt-source/tinylsm/build/benchmark/_deps/protobuf-src/src/google/protobuf/compiler/plugin.pb.h:21,
                 from /home/tina.guest/tinylsm-post-opt-source/tinylsm/build/benchmark/_deps/protobuf-src/src/google/protobuf/compiler/plugin.pb.cc:6:
/home/tina.guest/tinylsm-post-opt-source/tinylsm/build/benchmark/_deps/protobuf-src/src/google/protobuf/port.h: In function ‘void google::protobuf::internal::AssertDownCast(From*)’:
/home/tina.guest/tinylsm-post-opt-source/tinylsm/build/benchmark/_deps/protobuf-src/src/google/protobuf/port.h:181:5: warning: testing if a concept-id is a valid expression; add ‘requires’ to check satisfaction [-Wmissing-requires]
  181 |     std::derived_from<std::remove_pointer_t<To>,
      |     ^
      |     requires 
[199/665] Building CXX object _deps/protobuf-build/CMakeFiles/libprotoc.dir/src/google/protobuf/compiler/python/helpers.cc.o
In file included from /home/tina.guest/tinylsm-post-opt-source/tinylsm/build/benchmark/_deps/protobuf-src/src/google/protobuf/extension_set.h:36,
                 from /home/tina.guest/tinylsm-post-opt-source/tinylsm/build/benchmark/_deps/protobuf-src/src/google/protobuf/descriptor.h:56,
                 from /home/tina.guest/tinylsm-post-opt-source/tinylsm/build/benchmark/_deps/protobuf-src/src/google/protobuf/compiler/python/helpers.h:15,
                 from /home/tina.guest/tinylsm-post-opt-source/tinylsm/build/benchmark/_deps/protobuf-src/src/google/protobuf/compiler/python/helpers.cc:8:
/home/tina.guest/tinylsm-post-opt-source/tinylsm/build/benchmark/_deps/protobuf-src/src/google/protobuf/port.h: In function ‘void google::protobuf::internal::AssertDownCast(From*)’:
/home/tina.guest/tinylsm-post-opt-source/tinylsm/build/benchmark/_deps/protobuf-src/src/google/protobuf/port.h:181:5: warning: testing if a concept-id is a valid expression; add ‘requires’ to check satisfaction [-Wmissing-requires]
  181 |     std::derived_from<std::remove_pointer_t<To>,
      |     ^
      |     requires 
[200/665] Building CXX object _deps/protobuf-build/CMakeFiles/libprotoc.dir/src/google/protobuf/compiler/retention.cc.o
In file included from /home/tina.guest/tinylsm-post-opt-source/tinylsm/build/benchmark/_deps/protobuf-src/src/google/protobuf/extension_set.h:36,
                 from /home/tina.guest/tinylsm-post-opt-source/tinylsm/build/benchmark/_deps/protobuf-src/src/google/protobuf/descriptor.h:56,
                 from /home/tina.guest/tinylsm-post-opt-source/tinylsm/build/benchmark/_deps/protobuf-src/src/google/protobuf/compiler/retention.h:11,
                 from /home/tina.guest/tinylsm-post-opt-source/tinylsm/build/benchmark/_deps/protobuf-src/src/google/protobuf/compiler/retention.cc:8:
/home/tina.guest/tinylsm-post-opt-source/tinylsm/build/benchmark/_deps/protobuf-src/src/google/protobuf/port.h: In function ‘void google::protobuf::internal::AssertDownCast(From*)’:
/home/tina.guest/tinylsm-post-opt-source/tinylsm/build/benchmark/_deps/protobuf-src/src/google/protobuf/port.h:181:5: warning: testing if a concept-id is a valid expression; add ‘requires’ to check satisfaction [-Wmissing-requires]
  181 |     std::derived_from<std::remove_pointer_t<To>,
      |     ^
      |     requires 
[201/665] Building CXX object _deps/protobuf-build/CMakeFiles/libprotoc.dir/src/google/protobuf/compiler/rust/accessors/accessor_case.cc.o
[202/665] Building CXX object _deps/protobuf-build/CMakeFiles/libprotoc.dir/src/google/protobuf/compiler/python/pyi_generator.cc.o
In file included from /home/tina.guest/tinylsm-post-opt-source/tinylsm/build/benchmark/_deps/protobuf-src/src/google/protobuf/extension_set.h:36,
                 from /home/tina.guest/tinylsm-post-opt-source/tinylsm/build/benchmark/_deps/protobuf-src/src/google/protobuf/descriptor.h:56,
                 from /home/tina.guest/tinylsm-post-opt-source/tinylsm/build/benchmark/_deps/protobuf-src/src/google/protobuf/compiler/code_generator.h:26,
                 from /home/tina.guest/tinylsm-post-opt-source/tinylsm/build/benchmark/_deps/protobuf-src/src/google/protobuf/compiler/python/pyi_generator.h:21,
                 from /home/tina.guest/tinylsm-post-opt-source/tinylsm/build/benchmark/_deps/protobuf-src/src/google/protobuf/compiler/python/pyi_generator.cc:8:
/home/tina.guest/tinylsm-post-opt-source/tinylsm/build/benchmark/_deps/protobuf-src/src/google/protobuf/port.h: In function ‘void google::protobuf::internal::AssertDownCast(From*)’:
/home/tina.guest/tinylsm-post-opt-source/tinylsm/build/benchmark/_deps/protobuf-src/src/google/protobuf/port.h:181:5: warning: testing if a concept-id is a valid expression; add ‘requires’ to check satisfaction [-Wmissing-requires]
  181 |     std::derived_from<std::remove_pointer_t<To>,
      |     ^
      |     requires 
[203/665] Building CXX object _deps/protobuf-build/CMakeFiles/libprotoc.dir/src/google/protobuf/compiler/php/php_generator.cc.o
In file included from /home/tina.guest/tinylsm-post-opt-source/tinylsm/build/benchmark/_deps/protobuf-src/src/google/protobuf/extension_set.h:36,
                 from /home/tina.guest/tinylsm-post-opt-source/tinylsm/build/benchmark/_deps/protobuf-src/src/google/protobuf/descriptor.h:56,
                 from /home/tina.guest/tinylsm-post-opt-source/tinylsm/build/benchmark/_deps/protobuf-src/src/google/protobuf/compiler/code_generator.h:26,
                 from /home/tina.guest/tinylsm-post-opt-source/tinylsm/build/benchmark/_deps/protobuf-src/src/google/protobuf/compiler/php/php_generator.h:14,
                 from /home/tina.guest/tinylsm-post-opt-source/tinylsm/build/benchmark/_deps/protobuf-src/src/google/protobuf/compiler/php/php_generator.cc:8:
/home/tina.guest/tinylsm-post-opt-source/tinylsm/build/benchmark/_deps/protobuf-src/src/google/protobuf/port.h: In function ‘void google::protobuf::internal::AssertDownCast(From*)’:
/home/tina.guest/tinylsm-post-opt-source/tinylsm/build/benchmark/_deps/protobuf-src/src/google/protobuf/port.h:181:5: warning: testing if a concept-id is a valid expression; add ‘requires’ to check satisfaction [-Wmissing-requires]
  181 |     std::derived_from<std::remove_pointer_t<To>,
      |     ^
      |     requires 
[204/665] Building CXX object _deps/protobuf-build/CMakeFiles/libprotoc.dir/src/google/protobuf/compiler/ruby/ruby_generator.cc.o
In file included from /home/tina.guest/tinylsm-post-opt-source/tinylsm/build/benchmark/_deps/protobuf-src/src/google/protobuf/extension_set.h:36,
                 from /home/tina.guest/tinylsm-post-opt-source/tinylsm/build/benchmark/_deps/protobuf-src/src/google/protobuf/descriptor.h:56,
                 from /home/tina.guest/tinylsm-post-opt-source/tinylsm/build/benchmark/_deps/protobuf-src/src/google/protobuf/compiler/code_generator.h:26,
                 from /home/tina.guest/tinylsm-post-opt-source/tinylsm/build/benchmark/_deps/protobuf-src/src/google/protobuf/compiler/ruby/ruby_generator.h:15,
                 from /home/tina.guest/tinylsm-post-opt-source/tinylsm/build/benchmark/_deps/protobuf-src/src/google/protobuf/compiler/ruby/ruby_generator.cc:8:
/home/tina.guest/tinylsm-post-opt-source/tinylsm/build/benchmark/_deps/protobuf-src/src/google/protobuf/port.h: In function ‘void google::protobuf::internal::AssertDownCast(From*)’:
/home/tina.guest/tinylsm-post-opt-source/tinylsm/build/benchmark/_deps/protobuf-src/src/google/protobuf/port.h:181:5: warning: testing if a concept-id is a valid expression; add ‘requires’ to check satisfaction [-Wmissing-requires]
  181 |     std::derived_from<std::remove_pointer_t<To>,
      |     ^
      |     requires 
[205/665] Building CXX object _deps/protobuf-build/CMakeFiles/libprotoc.dir/src/google/protobuf/compiler/python/generator.cc.o
In file included from /home/tina.guest/tinylsm-post-opt-source/tinylsm/build/benchmark/_deps/protobuf-src/src/google/protobuf/extension_set.h:36,
                 from /home/tina.guest/tinylsm-post-opt-source/tinylsm/build/benchmark/_deps/protobuf-src/src/google/protobuf/descriptor.h:56,
                 from /home/tina.guest/tinylsm-post-opt-source/tinylsm/build/benchmark/_deps/protobuf-src/src/google/protobuf/compiler/code_generator.h:26,
                 from /home/tina.guest/tinylsm-post-opt-source/tinylsm/build/benchmark/_deps/protobuf-src/src/google/protobuf/compiler/python/generator.h:21,
                 from /home/tina.guest/tinylsm-post-opt-source/tinylsm/build/benchmark/_deps/protobuf-src/src/google/protobuf/compiler/python/generator.cc:22:
/home/tina.guest/tinylsm-post-opt-source/tinylsm/build/benchmark/_deps/protobuf-src/src/google/protobuf/port.h: In function ‘void google::protobuf::internal::AssertDownCast(From*)’:
/home/tina.guest/tinylsm-post-opt-source/tinylsm/build/benchmark/_deps/protobuf-src/src/google/protobuf/port.h:181:5: warning: testing if a concept-id is a valid expression; add ‘requires’ to check satisfaction [-Wmissing-requires]
  181 |     std::derived_from<std::remove_pointer_t<To>,
      |     ^
      |     requires 
[206/665] Building CXX object _deps/protobuf-build/CMakeFiles/libprotoc.dir/src/google/protobuf/compiler/rust/accessors/accessors.cc.o
In file included from /home/tina.guest/tinylsm-post-opt-source/tinylsm/build/benchmark/_deps/protobuf-src/src/google/protobuf/extension_set.h:36,
                 from /home/tina.guest/tinylsm-post-opt-source/tinylsm/build/benchmark/_deps/protobuf-src/src/google/protobuf/descriptor.h:56,
                 from /home/tina.guest/tinylsm-post-opt-source/tinylsm/build/benchmark/_deps/protobuf-src/src/google/protobuf/compiler/rust/context.h:20,
                 from /home/tina.guest/tinylsm-post-opt-source/tinylsm/build/benchmark/_deps/protobuf-src/src/google/protobuf/compiler/rust/accessors/accessors.h:12,
                 from /home/tina.guest/tinylsm-post-opt-source/tinylsm/build/benchmark/_deps/protobuf-src/src/google/protobuf/compiler/rust/accessors/accessors.cc:8:
/home/tina.guest/tinylsm-post-opt-source/tinylsm/build/benchmark/_deps/protobuf-src/src/google/protobuf/port.h: In function ‘void google::protobuf::internal::AssertDownCast(From*)’:
/home/tina.guest/tinylsm-post-opt-source/tinylsm/build/benchmark/_deps/protobuf-src/src/google/protobuf/port.h:181:5: warning: testing if a concept-id is a valid expression; add ‘requires’ to check satisfaction [-Wmissing-requires]
  181 |     std::derived_from<std::remove_pointer_t<To>,
      |     ^
      |     requires 
[207/665] Building CXX object _deps/protobuf-build/CMakeFiles/libprotoc.dir/src/google/protobuf/compiler/rust/accessors/default_value.cc.o
In file included from /home/tina.guest/tinylsm-post-opt-source/tinylsm/build/benchmark/_deps/protobuf-src/src/google/protobuf/extension_set.h:36,
                 from /home/tina.guest/tinylsm-post-opt-source/tinylsm/build/benchmark/_deps/protobuf-src/src/google/protobuf/descriptor.h:56,
                 from /home/tina.guest/tinylsm-post-opt-source/tinylsm/build/benchmark/_deps/protobuf-src/src/google/protobuf/compiler/rust/context.h:20,
                 from /home/tina.guest/tinylsm-post-opt-source/tinylsm/build/benchmark/_deps/protobuf-src/src/google/protobuf/compiler/rust/accessors/default_value.h:13,
                 from /home/tina.guest/tinylsm-post-opt-source/tinylsm/build/benchmark/_deps/protobuf-src/src/google/protobuf/compiler/rust/accessors/default_value.cc:8:
/home/tina.guest/tinylsm-post-opt-source/tinylsm/build/benchmark/_deps/protobuf-src/src/google/protobuf/port.h: In function ‘void google::protobuf::internal::AssertDownCast(From*)’:
/home/tina.guest/tinylsm-post-opt-source/tinylsm/build/benchmark/_deps/protobuf-src/src/google/protobuf/port.h:181:5: warning: testing if a concept-id is a valid expression; add ‘requires’ to check satisfaction [-Wmissing-requires]
  181 |     std::derived_from<std::remove_pointer_t<To>,
      |     ^
      |     requires 
[208/665] Building CXX object _deps/protobuf-build/CMakeFiles/libprotoc.dir/src/google/protobuf/compiler/rust/accessors/singular_cord.cc.o
In file included from /home/tina.guest/tinylsm-post-opt-source/tinylsm/build/benchmark/_deps/protobuf-src/src/google/protobuf/extension_set.h:36,
                 from /home/tina.guest/tinylsm-post-opt-source/tinylsm/build/benchmark/_deps/protobuf-src/src/google/protobuf/descriptor.h:56,
                 from /home/tina.guest/tinylsm-post-opt-source/tinylsm/build/benchmark/_deps/protobuf-src/src/google/protobuf/compiler/code_generator.h:26,
                 from /home/tina.guest/tinylsm-post-opt-source/tinylsm/build/benchmark/_deps/protobuf-src/src/google/protobuf/compiler/cpp/helpers.h:28,
                 from /home/tina.guest/tinylsm-post-opt-source/tinylsm/build/benchmark/_deps/protobuf-src/src/google/protobuf/compiler/rust/accessors/singular_cord.cc:12:
/home/tina.guest/tinylsm-post-opt-source/tinylsm/build/benchmark/_deps/protobuf-src/src/google/protobuf/port.h: In function ‘void google::protobuf::internal::AssertDownCast(From*)’:
/home/tina.guest/tinylsm-post-opt-source/tinylsm/build/benchmark/_deps/protobuf-src/src/google/protobuf/port.h:181:5: warning: testing if a concept-id is a valid expression; add ‘requires’ to check satisfaction [-Wmissing-requires]
  181 |     std::derived_from<std::remove_pointer_t<To>,
      |     ^
      |     requires 
[209/665] Building CXX object _deps/protobuf-build/CMakeFiles/libprotoc.dir/src/google/protobuf/compiler/rust/accessors/repeated_field.cc.o
In file included from /home/tina.guest/tinylsm-post-opt-source/tinylsm/build/benchmark/_deps/protobuf-src/src/google/protobuf/extension_set.h:36,
                 from /home/tina.guest/tinylsm-post-opt-source/tinylsm/build/benchmark/_deps/protobuf-src/src/google/protobuf/descriptor.h:56,
                 from /home/tina.guest/tinylsm-post-opt-source/tinylsm/build/benchmark/_deps/protobuf-src/src/google/protobuf/compiler/code_generator.h:26,
                 from /home/tina.guest/tinylsm-post-opt-source/tinylsm/build/benchmark/_deps/protobuf-src/src/google/protobuf/compiler/cpp/helpers.h:28,
                 from /home/tina.guest/tinylsm-post-opt-source/tinylsm/build/benchmark/_deps/protobuf-src/src/google/protobuf/compiler/rust/accessors/repeated_field.cc:12:
/home/tina.guest/tinylsm-post-opt-source/tinylsm/build/benchmark/_deps/protobuf-src/src/google/protobuf/port.h: In function ‘void google::protobuf::internal::AssertDownCast(From*)’:
/home/tina.guest/tinylsm-post-opt-source/tinylsm/build/benchmark/_deps/protobuf-src/src/google/protobuf/port.h:181:5: warning: testing if a concept-id is a valid expression; add ‘requires’ to check satisfaction [-Wmissing-requires]
  181 |     std::derived_from<std::remove_pointer_t<To>,
      |     ^
      |     requires 
[210/665] Building CXX object _deps/protobuf-build/CMakeFiles/libprotoc.dir/src/google/protobuf/compiler/rust/accessors/map.cc.o
In file included from /home/tina.guest/tinylsm-post-opt-source/tinylsm/build/benchmark/_deps/protobuf-src/src/google/protobuf/extension_set.h:36,
                 from /home/tina.guest/tinylsm-post-opt-source/tinylsm/build/benchmark/_deps/protobuf-src/src/google/protobuf/descriptor.h:56,
                 from /home/tina.guest/tinylsm-post-opt-source/tinylsm/build/benchmark/_deps/protobuf-src/src/google/protobuf/compiler/code_generator.h:26,
                 from /home/tina.guest/tinylsm-post-opt-source/tinylsm/build/benchmark/_deps/protobuf-src/src/google/protobuf/compiler/cpp/helpers.h:28,
                 from /home/tina.guest/tinylsm-post-opt-source/tinylsm/build/benchmark/_deps/protobuf-src/src/google/protobuf/compiler/rust/accessors/map.cc:11:
/home/tina.guest/tinylsm-post-opt-source/tinylsm/build/benchmark/_deps/protobuf-src/src/google/protobuf/port.h: In function ‘void google::protobuf::internal::AssertDownCast(From*)’:
/home/tina.guest/tinylsm-post-opt-source/tinylsm/build/benchmark/_deps/protobuf-src/src/google/protobuf/port.h:181:5: warning: testing if a concept-id is a valid expression; add ‘requires’ to check satisfaction [-Wmissing-requires]
  181 |     std::derived_from<std::remove_pointer_t<To>,
      |     ^
      |     requires 
[211/665] Building CXX object _deps/protobuf-build/CMakeFiles/libprotoc.dir/src/google/protobuf/compiler/rust/accessors/singular_message.cc.o
In file included from /home/tina.guest/tinylsm-post-opt-source/tinylsm/build/benchmark/_deps/protobuf-src/src/google/protobuf/extension_set.h:36,
                 from /home/tina.guest/tinylsm-post-opt-source/tinylsm/build/benchmark/_deps/protobuf-src/src/google/protobuf/descriptor.h:56,
                 from /home/tina.guest/tinylsm-post-opt-source/tinylsm/build/benchmark/_deps/protobuf-src/src/google/protobuf/compiler/code_generator.h:26,
                 from /home/tina.guest/tinylsm-post-opt-source/tinylsm/build/benchmark/_deps/protobuf-src/src/google/protobuf/compiler/cpp/helpers.h:28,
                 from /home/tina.guest/tinylsm-post-opt-source/tinylsm/build/benchmark/_deps/protobuf-src/src/google/protobuf/compiler/rust/accessors/singular_message.cc:12:
/home/tina.guest/tinylsm-post-opt-source/tinylsm/build/benchmark/_deps/protobuf-src/src/google/protobuf/port.h: In function ‘void google::protobuf::internal::AssertDownCast(From*)’:
/home/tina.guest/tinylsm-post-opt-source/tinylsm/build/benchmark/_deps/protobuf-src/src/google/protobuf/port.h:181:5: warning: testing if a concept-id is a valid expression; add ‘requires’ to check satisfaction [-Wmissing-requires]
  181 |     std::derived_from<std::remove_pointer_t<To>,
      |     ^
      |     requires 
[212/665] Building CXX object _deps/protobuf-build/CMakeFiles/libprotoc.dir/src/google/protobuf/compiler/rust/accessors/singular_string.cc.o
In file included from /home/tina.guest/tinylsm-post-opt-source/tinylsm/build/benchmark/_deps/protobuf-src/src/google/protobuf/extension_set.h:36,
                 from /home/tina.guest/tinylsm-post-opt-source/tinylsm/build/benchmark/_deps/protobuf-src/src/google/protobuf/descriptor.h:56,
                 from /home/tina.guest/tinylsm-post-opt-source/tinylsm/build/benchmark/_deps/protobuf-src/src/google/protobuf/compiler/code_generator.h:26,
                 from /home/tina.guest/tinylsm-post-opt-source/tinylsm/build/benchmark/_deps/protobuf-src/src/google/protobuf/compiler/cpp/helpers.h:28,
                 from /home/tina.guest/tinylsm-post-opt-source/tinylsm/build/benchmark/_deps/protobuf-src/src/google/protobuf/compiler/rust/accessors/singular_string.cc:12:
/home/tina.guest/tinylsm-post-opt-source/tinylsm/build/benchmark/_deps/protobuf-src/src/google/protobuf/port.h: In function ‘void google::protobuf::internal::AssertDownCast(From*)’:
/home/tina.guest/tinylsm-post-opt-source/tinylsm/build/benchmark/_deps/protobuf-src/src/google/protobuf/port.h:181:5: warning: testing if a concept-id is a valid expression; add ‘requires’ to check satisfaction [-Wmissing-requires]
  181 |     std::derived_from<std::remove_pointer_t<To>,
      |     ^
      |     requires 
[213/665] Building CXX object _deps/protobuf-build/CMakeFiles/libprotoc.dir/src/google/protobuf/compiler/rust/accessors/unsupported_field.cc.o
In file included from /home/tina.guest/tinylsm-post-opt-source/tinylsm/build/benchmark/_deps/protobuf-src/src/google/protobuf/extension_set.h:36,
                 from /home/tina.guest/tinylsm-post-opt-source/tinylsm/build/benchmark/_deps/protobuf-src/src/google/protobuf/descriptor.h:56,
                 from /home/tina.guest/tinylsm-post-opt-source/tinylsm/build/benchmark/_deps/protobuf-src/src/google/protobuf/compiler/rust/context.h:20,
                 from /home/tina.guest/tinylsm-post-opt-source/tinylsm/build/benchmark/_deps/protobuf-src/src/google/protobuf/compiler/rust/accessors/generator.h:17,
                 from /home/tina.guest/tinylsm-post-opt-source/tinylsm/build/benchmark/_deps/protobuf-src/src/google/protobuf/compiler/rust/accessors/unsupported_field.cc:10:
/home/tina.guest/tinylsm-post-opt-source/tinylsm/build/benchmark/_deps/protobuf-src/src/google/protobuf/port.h: In function ‘void google::protobuf::internal::AssertDownCast(From*)’:
/home/tina.guest/tinylsm-post-opt-source/tinylsm/build/benchmark/_deps/protobuf-src/src/google/protobuf/port.h:181:5: warning: testing if a concept-id is a valid expression; add ‘requires’ to check satisfaction [-Wmissing-requires]
  181 |     std::derived_from<std::remove_pointer_t<To>,
      |     ^
      |     requires 
[214/665] Building CXX object _deps/protobuf-build/CMakeFiles/libprotoc.dir/src/google/protobuf/compiler/rust/accessors/singular_scalar.cc.o
In file included from /home/tina.guest/tinylsm-post-opt-source/tinylsm/build/benchmark/_deps/protobuf-src/src/google/protobuf/extension_set.h:36,
                 from /home/tina.guest/tinylsm-post-opt-source/tinylsm/build/benchmark/_deps/protobuf-src/src/google/protobuf/descriptor.h:56,
                 from /home/tina.guest/tinylsm-post-opt-source/tinylsm/build/benchmark/_deps/protobuf-src/src/google/protobuf/compiler/code_generator.h:26,
                 from /home/tina.guest/tinylsm-post-opt-source/tinylsm/build/benchmark/_deps/protobuf-src/src/google/protobuf/compiler/cpp/helpers.h:28,
                 from /home/tina.guest/tinylsm-post-opt-source/tinylsm/build/benchmark/_deps/protobuf-src/src/google/protobuf/compiler/rust/accessors/singular_scalar.cc:12:
/home/tina.guest/tinylsm-post-opt-source/tinylsm/build/benchmark/_deps/protobuf-src/src/google/protobuf/port.h: In function ‘void google::protobuf::internal::AssertDownCast(From*)’:
/home/tina.guest/tinylsm-post-opt-source/tinylsm/build/benchmark/_deps/protobuf-src/src/google/protobuf/port.h:181:5: warning: testing if a concept-id is a valid expression; add ‘requires’ to check satisfaction [-Wmissing-requires]
  181 |     std::derived_from<std::remove_pointer_t<To>,
      |     ^
      |     requires 
[215/665] Building CXX object _deps/protobuf-build/CMakeFiles/libprotoc.dir/src/google/protobuf/compiler/rust/accessors/with_presence.cc.o
In file included from /home/tina.guest/tinylsm-post-opt-source/tinylsm/build/benchmark/_deps/protobuf-src/src/google/protobuf/extension_set.h:36,
                 from /home/tina.guest/tinylsm-post-opt-source/tinylsm/build/benchmark/_deps/protobuf-src/src/google/protobuf/descriptor.h:56,
                 from /home/tina.guest/tinylsm-post-opt-source/tinylsm/build/benchmark/_deps/protobuf-src/src/google/protobuf/compiler/rust/context.h:20,
                 from /home/tina.guest/tinylsm-post-opt-source/tinylsm/build/benchmark/_deps/protobuf-src/src/google/protobuf/compiler/rust/accessors/with_presence.h:12,
                 from /home/tina.guest/tinylsm-post-opt-source/tinylsm/build/benchmark/_deps/protobuf-src/src/google/protobuf/compiler/rust/accessors/with_presence.cc:8:
/home/tina.guest/tinylsm-post-opt-source/tinylsm/build/benchmark/_deps/protobuf-src/src/google/protobuf/port.h: In function ‘void google::protobuf::internal::AssertDownCast(From*)’:
/home/tina.guest/tinylsm-post-opt-source/tinylsm/build/benchmark/_deps/protobuf-src/src/google/protobuf/port.h:181:5: warning: testing if a concept-id is a valid expression; add ‘requires’ to check satisfaction [-Wmissing-requires]
  181 |     std::derived_from<std::remove_pointer_t<To>,
      |     ^
      |     requires 
[216/665] Building CXX object _deps/protobuf-build/CMakeFiles/libprotoc.dir/src/google/protobuf/compiler/rust/context.cc.o
In file included from /home/tina.guest/tinylsm-post-opt-source/tinylsm/build/benchmark/_deps/protobuf-src/src/google/protobuf/extension_set.h:36,
                 from /home/tina.guest/tinylsm-post-opt-source/tinylsm/build/benchmark/_deps/protobuf-src/src/google/protobuf/descriptor.h:56,
                 from /home/tina.guest/tinylsm-post-opt-source/tinylsm/build/benchmark/_deps/protobuf-src/src/google/protobuf/compiler/rust/context.h:20,
                 from /home/tina.guest/tinylsm-post-opt-source/tinylsm/build/benchmark/_deps/protobuf-src/src/google/protobuf/compiler/rust/context.cc:8:
/home/tina.guest/tinylsm-post-opt-source/tinylsm/build/benchmark/_deps/protobuf-src/src/google/protobuf/port.h: In function ‘void google::protobuf::internal::AssertDownCast(From*)’:
/home/tina.guest/tinylsm-post-opt-source/tinylsm/build/benchmark/_deps/protobuf-src/src/google/protobuf/port.h:181:5: warning: testing if a concept-id is a valid expression; add ‘requires’ to check satisfaction [-Wmissing-requires]
  181 |     std::derived_from<std::remove_pointer_t<To>,
      |     ^
      |     requires 
[217/665] Building CXX object _deps/protobuf-build/CMakeFiles/libprotoc.dir/src/google/protobuf/compiler/rust/crate_mapping.cc.o
In file included from /home/tina.guest/tinylsm-post-opt-source/tinylsm/build/benchmark/_deps/protobuf-src/src/google/protobuf/extension_set.h:36,
                 from /home/tina.guest/tinylsm-post-opt-source/tinylsm/build/benchmark/_deps/protobuf-src/src/google/protobuf/descriptor.h:56,
                 from /home/tina.guest/tinylsm-post-opt-source/tinylsm/build/benchmark/_deps/protobuf-src/src/google/protobuf/compiler/rust/context.h:20,
                 from /home/tina.guest/tinylsm-post-opt-source/tinylsm/build/benchmark/_deps/protobuf-src/src/google/protobuf/compiler/rust/crate_mapping.h:8,
                 from /home/tina.guest/tinylsm-post-opt-source/tinylsm/build/benchmark/_deps/protobuf-src/src/google/protobuf/compiler/rust/crate_mapping.cc:1:
/home/tina.guest/tinylsm-post-opt-source/tinylsm/build/benchmark/_deps/protobuf-src/src/google/protobuf/port.h: In function ‘void google::protobuf::internal::AssertDownCast(From*)’:
/home/tina.guest/tinylsm-post-opt-source/tinylsm/build/benchmark/_deps/protobuf-src/src/google/protobuf/port.h:181:5: warning: testing if a concept-id is a valid expression; add ‘requires’ to check satisfaction [-Wmissing-requires]
  181 |     std::derived_from<std::remove_pointer_t<To>,
      |     ^
      |     requires 
[218/665] Building CXX object _deps/protobuf-build/CMakeFiles/libprotoc.dir/src/google/protobuf/compiler/rust/generator.cc.o
In file included from /home/tina.guest/tinylsm-post-opt-source/tinylsm/build/benchmark/_deps/protobuf-src/src/google/protobuf/extension_set.h:36,
                 from /home/tina.guest/tinylsm-post-opt-source/tinylsm/build/benchmark/_deps/protobuf-src/src/google/protobuf/descriptor.h:56,
                 from /home/tina.guest/tinylsm-post-opt-source/tinylsm/build/benchmark/_deps/protobuf-src/src/google/protobuf/compiler/code_generator.h:26,
                 from /home/tina.guest/tinylsm-post-opt-source/tinylsm/build/benchmark/_deps/protobuf-src/src/google/protobuf/compiler/rust/generator.h:14,
                 from /home/tina.guest/tinylsm-post-opt-source/tinylsm/build/benchmark/_deps/protobuf-src/src/google/protobuf/compiler/rust/generator.cc:8:
/home/tina.guest/tinylsm-post-opt-source/tinylsm/build/benchmark/_deps/protobuf-src/src/google/protobuf/port.h: In function ‘void google::protobuf::internal::AssertDownCast(From*)’:
/home/tina.guest/tinylsm-post-opt-source/tinylsm/build/benchmark/_deps/protobuf-src/src/google/protobuf/port.h:181:5: warning: testing if a concept-id is a valid expression; add ‘requires’ to check satisfaction [-Wmissing-requires]
  181 |     std::derived_from<std::remove_pointer_t<To>,
      |     ^
      |     requires 
[219/665] Building CXX object _deps/protobuf-build/CMakeFiles/libprotoc.dir/src/google/protobuf/compiler/rust/relative_path.cc.o
[220/665] Building CXX object _deps/protobuf-build/CMakeFiles/libprotoc.dir/src/google/protobuf/compiler/rust/naming.cc.o
In file included from /home/tina.guest/tinylsm-post-opt-source/tinylsm/build/benchmark/_deps/protobuf-src/src/google/protobuf/extension_set.h:36,
                 from /home/tina.guest/tinylsm-post-opt-source/tinylsm/build/benchmark/_deps/protobuf-src/src/google/protobuf/descriptor.h:56,
                 from /home/tina.guest/tinylsm-post-opt-source/tinylsm/build/benchmark/_deps/protobuf-src/src/google/protobuf/compiler/rust/context.h:20,
                 from /home/tina.guest/tinylsm-post-opt-source/tinylsm/build/benchmark/_deps/protobuf-src/src/google/protobuf/compiler/rust/naming.h:15,
                 from /home/tina.guest/tinylsm-post-opt-source/tinylsm/build/benchmark/_deps/protobuf-src/src/google/protobuf/compiler/rust/naming.cc:8:
/home/tina.guest/tinylsm-post-opt-source/tinylsm/build/benchmark/_deps/protobuf-src/src/google/protobuf/port.h: In function ‘void google::protobuf::internal::AssertDownCast(From*)’:
/home/tina.guest/tinylsm-post-opt-source/tinylsm/build/benchmark/_deps/protobuf-src/src/google/protobuf/port.h:181:5: warning: testing if a concept-id is a valid expression; add ‘requires’ to check satisfaction [-Wmissing-requires]
  181 |     std::derived_from<std::remove_pointer_t<To>,
      |     ^
      |     requires 
[221/665] Building CXX object _deps/protobuf-build/CMakeFiles/libprotoc.dir/src/google/protobuf/compiler/rust/oneof.cc.o
In file included from /home/tina.guest/tinylsm-post-opt-source/tinylsm/build/benchmark/_deps/protobuf-src/src/google/protobuf/extension_set.h:36,
                 from /home/tina.guest/tinylsm-post-opt-source/tinylsm/build/benchmark/_deps/protobuf-src/src/google/protobuf/descriptor.h:56,
                 from /home/tina.guest/tinylsm-post-opt-source/tinylsm/build/benchmark/_deps/protobuf-src/src/google/protobuf/compiler/rust/context.h:20,
                 from /home/tina.guest/tinylsm-post-opt-source/tinylsm/build/benchmark/_deps/protobuf-src/src/google/protobuf/compiler/rust/oneof.h:12,
                 from /home/tina.guest/tinylsm-post-opt-source/tinylsm/build/benchmark/_deps/protobuf-src/src/google/protobuf/compiler/rust/oneof.cc:8:
/home/tina.guest/tinylsm-post-opt-source/tinylsm/build/benchmark/_deps/protobuf-src/src/google/protobuf/port.h: In function ‘void google::protobuf::internal::AssertDownCast(From*)’:
/home/tina.guest/tinylsm-post-opt-source/tinylsm/build/benchmark/_deps/protobuf-src/src/google/protobuf/port.h:181:5: warning: testing if a concept-id is a valid expression; add ‘requires’ to check satisfaction [-Wmissing-requires]
  181 |     std::derived_from<std::remove_pointer_t<To>,
      |     ^
      |     requires 
[222/665] Building CXX object _deps/protobuf-build/CMakeFiles/libprotoc.dir/src/google/protobuf/compiler/rust/enum.cc.o
In file included from /home/tina.guest/tinylsm-post-opt-source/tinylsm/build/benchmark/_deps/protobuf-src/src/google/protobuf/extension_set.h:36,
                 from /home/tina.guest/tinylsm-post-opt-source/tinylsm/build/benchmark/_deps/protobuf-src/src/google/protobuf/descriptor.h:56,
                 from /home/tina.guest/tinylsm-post-opt-source/tinylsm/build/benchmark/_deps/protobuf-src/src/google/protobuf/compiler/rust/context.h:20,
                 from /home/tina.guest/tinylsm-post-opt-source/tinylsm/build/benchmark/_deps/protobuf-src/src/google/protobuf/compiler/rust/enum.h:18,
                 from /home/tina.guest/tinylsm-post-opt-source/tinylsm/build/benchmark/_deps/protobuf-src/src/google/protobuf/compiler/rust/enum.cc:8:
/home/tina.guest/tinylsm-post-opt-source/tinylsm/build/benchmark/_deps/protobuf-src/src/google/protobuf/port.h: In function ‘void google::protobuf::internal::AssertDownCast(From*)’:
/home/tina.guest/tinylsm-post-opt-source/tinylsm/build/benchmark/_deps/protobuf-src/src/google/protobuf/port.h:181:5: warning: testing if a concept-id is a valid expression; add ‘requires’ to check satisfaction [-Wmissing-requires]
  181 |     std::derived_from<std::remove_pointer_t<To>,
      |     ^
      |     requires 
[223/665] Building CXX object _deps/protobuf-build/CMakeFiles/libprotoc.dir/src/google/protobuf/compiler/rust/rust_keywords.cc.o
[224/665] Building CXX object _deps/protobuf-build/CMakeFiles/libprotoc.dir/src/google/protobuf/compiler/rust/message.cc.o
In file included from /home/tina.guest/tinylsm-post-opt-source/tinylsm/build/benchmark/_deps/protobuf-src/src/google/protobuf/extension_set.h:36,
                 from /home/tina.guest/tinylsm-post-opt-source/tinylsm/build/benchmark/_deps/protobuf-src/src/google/protobuf/descriptor.h:56,
                 from /home/tina.guest/tinylsm-post-opt-source/tinylsm/build/benchmark/_deps/protobuf-src/src/google/protobuf/compiler/rust/context.h:20,
                 from /home/tina.guest/tinylsm-post-opt-source/tinylsm/build/benchmark/_deps/protobuf-src/src/google/protobuf/compiler/rust/accessors/accessors.h:12,
                 from /home/tina.guest/tinylsm-post-opt-source/tinylsm/build/benchmark/_deps/protobuf-src/src/google/protobuf/compiler/rust/message.h:14,
                 from /home/tina.guest/tinylsm-post-opt-source/tinylsm/build/benchmark/_deps/protobuf-src/src/google/protobuf/compiler/rust/message.cc:8:
/home/tina.guest/tinylsm-post-opt-source/tinylsm/build/benchmark/_deps/protobuf-src/src/google/protobuf/port.h: In function ‘void google::protobuf::internal::AssertDownCast(From*)’:
/home/tina.guest/tinylsm-post-opt-source/tinylsm/build/benchmark/_deps/protobuf-src/src/google/protobuf/port.h:181:5: warning: testing if a concept-id is a valid expression; add ‘requires’ to check satisfaction [-Wmissing-requires]
  181 |     std::derived_from<std::remove_pointer_t<To>,
      |     ^
      |     requires 
[225/665] Building CXX object _deps/protobuf-build/CMakeFiles/libprotoc.dir/src/google/protobuf/compiler/rust/rust_field_type.cc.o
In file included from /home/tina.guest/tinylsm-post-opt-source/tinylsm/build/benchmark/_deps/protobuf-src/src/google/protobuf/extension_set.h:36,
                 from /home/tina.guest/tinylsm-post-opt-source/tinylsm/build/benchmark/_deps/protobuf-src/src/google/protobuf/descriptor.h:56,
                 from /home/tina.guest/tinylsm-post-opt-source/tinylsm/build/benchmark/_deps/protobuf-src/src/google/protobuf/compiler/rust/rust_field_type.h:4,
                 from /home/tina.guest/tinylsm-post-opt-source/tinylsm/build/benchmark/_deps/protobuf-src/src/google/protobuf/compiler/rust/rust_field_type.cc:1:
/home/tina.guest/tinylsm-post-opt-source/tinylsm/build/benchmark/_deps/protobuf-src/src/google/protobuf/port.h: In function ‘void google::protobuf::internal::AssertDownCast(From*)’:
/home/tina.guest/tinylsm-post-opt-source/tinylsm/build/benchmark/_deps/protobuf-src/src/google/protobuf/port.h:181:5: warning: testing if a concept-id is a valid expression; add ‘requires’ to check satisfaction [-Wmissing-requires]
  181 |     std::derived_from<std::remove_pointer_t<To>,
      |     ^
      |     requires 
[226/665] Building CXX object _deps/protobuf-build/CMakeFiles/libprotoc.dir/src/google/protobuf/compiler/rust/upb_helpers.cc.o
In file included from /home/tina.guest/tinylsm-post-opt-source/tinylsm/build/benchmark/_deps/protobuf-src/src/google/protobuf/extension_set.h:36,
                 from /home/tina.guest/tinylsm-post-opt-source/tinylsm/build/benchmark/_deps/protobuf-src/src/google/protobuf/descriptor.h:56,
                 from /home/tina.guest/tinylsm-post-opt-source/tinylsm/build/benchmark/_deps/protobuf-src/src/google/protobuf/compiler/rust/upb_helpers.h:14,
                 from /home/tina.guest/tinylsm-post-opt-source/tinylsm/build/benchmark/_deps/protobuf-src/src/google/protobuf/compiler/rust/upb_helpers.cc:1:
/home/tina.guest/tinylsm-post-opt-source/tinylsm/build/benchmark/_deps/protobuf-src/src/google/protobuf/port.h: In function ‘void google::protobuf::internal::AssertDownCast(From*)’:
/home/tina.guest/tinylsm-post-opt-source/tinylsm/build/benchmark/_deps/protobuf-src/src/google/protobuf/port.h:181:5: warning: testing if a concept-id is a valid expression; add ‘requires’ to check satisfaction [-Wmissing-requires]
  181 |     std::derived_from<std::remove_pointer_t<To>,
      |     ^
      |     requires 
[227/665] Building CXX object _deps/protobuf-build/CMakeFiles/libprotoc.dir/upb_generator/common/names.cc.o
[228/665] Building CXX object _deps/protobuf-build/CMakeFiles/libprotoc.dir/src/google/protobuf/compiler/zip_writer.cc.o
In file included from /home/tina.guest/tinylsm-post-opt-source/tinylsm/build/benchmark/_deps/protobuf-src/src/google/protobuf/io/zero_copy_stream.h:89,
                 from /home/tina.guest/tinylsm-post-opt-source/tinylsm/build/benchmark/_deps/protobuf-src/src/google/protobuf/compiler/zip_writer.h:16,
                 from /home/tina.guest/tinylsm-post-opt-source/tinylsm/build/benchmark/_deps/protobuf-src/src/google/protobuf/compiler/zip_writer.cc:13:
/home/tina.guest/tinylsm-post-opt-source/tinylsm/build/benchmark/_deps/protobuf-src/src/google/protobuf/port.h: In function ‘void google::protobuf::internal::AssertDownCast(From*)’:
/home/tina.guest/tinylsm-post-opt-source/tinylsm/build/benchmark/_deps/protobuf-src/src/google/protobuf/port.h:181:5: warning: testing if a concept-id is a valid expression; add ‘requires’ to check satisfaction [-Wmissing-requires]
  181 |     std::derived_from<std::remove_pointer_t<To>,
      |     ^
      |     requires 
[229/665] Building C object _deps/protobuf-build/CMakeFiles/libupb.dir/upb/base/status.c.o
[230/665] Building CXX object _deps/protobuf-build/CMakeFiles/libprotoc.dir/upb_generator/minitable/names.cc.o
[231/665] Building C object _deps/protobuf-build/CMakeFiles/libupb.dir/upb/hash/common.c.o
[232/665] Building C object _deps/protobuf-build/CMakeFiles/libupb.dir/upb/json/encode.c.o
[233/665] Building C object _deps/protobuf-build/CMakeFiles/libupb.dir/upb/lex/atoi.c.o
[234/665] Building CXX object _deps/protobuf-build/CMakeFiles/libprotoc.dir/src/google/protobuf/compiler/subprocess.cc.o
In file included from /home/tina.guest/tinylsm-post-opt-source/tinylsm/build/benchmark/_deps/protobuf-src/src/google/protobuf/compiler/subprocess.h:24,
                 from /home/tina.guest/tinylsm-post-opt-source/tinylsm/build/benchmark/_deps/protobuf-src/src/google/protobuf/compiler/subprocess.cc:10:
/home/tina.guest/tinylsm-post-opt-source/tinylsm/build/benchmark/_deps/protobuf-src/src/google/protobuf/port.h: In function ‘void google::protobuf::internal::AssertDownCast(From*)’:
/home/tina.guest/tinylsm-post-opt-source/tinylsm/build/benchmark/_deps/protobuf-src/src/google/protobuf/port.h:181:5: warning: testing if a concept-id is a valid expression; add ‘requires’ to check satisfaction [-Wmissing-requires]
  181 |     std::derived_from<std::remove_pointer_t<To>,
      |     ^
      |     requires 
[235/665] Building C object _deps/protobuf-build/CMakeFiles/libupb.dir/upb/json/decode.c.o
[236/665] Building C object _deps/protobuf-build/CMakeFiles/libupb.dir/upb/lex/strtod.c.o
[237/665] Building C object _deps/protobuf-build/CMakeFiles/libupb.dir/upb/lex/round_trip.c.o
[238/665] Building C object _deps/protobuf-build/CMakeFiles/libupb.dir/upb/mem/alloc.c.o
[239/665] Building C object _deps/protobuf-build/CMakeFiles/libupb.dir/upb/lex/unicode.c.o
[240/665] Building CXX object _deps/protobuf-build/CMakeFiles/libprotoc.dir/upb_generator/minitable/names_internal.cc.o
[241/665] Building C object _deps/protobuf-build/CMakeFiles/libupb.dir/upb/message/accessors.c.o
[242/665] Building C object _deps/protobuf-build/CMakeFiles/libupb.dir/upb/mem/arena.c.o
[243/665] Building C object _deps/protobuf-build/CMakeFiles/libupb.dir/upb/message/compat.c.o
[244/665] Building C object _deps/protobuf-build/CMakeFiles/libupb.dir/upb/message/array.c.o
[245/665] Building C object _deps/protobuf-build/CMakeFiles/libupb.dir/upb/message/internal/compare_unknown.c.o
[246/665] Building C object _deps/protobuf-build/CMakeFiles/libupb.dir/upb/message/copy.c.o
[247/665] Building C object _deps/protobuf-build/CMakeFiles/libupb.dir/upb/message/compare.c.o
[248/665] Building C object _deps/protobuf-build/CMakeFiles/libupb.dir/upb/message/internal/extension.c.o
[249/665] Building C object _deps/protobuf-build/CMakeFiles/libupb.dir/upb/message/internal/iterator.c.o
[250/665] Building C object _deps/protobuf-build/CMakeFiles/libupb.dir/upb/message/map.c.o
[251/665] Building C object _deps/protobuf-build/CMakeFiles/libupb.dir/upb/message/merge.c.o
[252/665] Building C object _deps/protobuf-build/CMakeFiles/libupb.dir/upb/message/internal/message.c.o
[253/665] Building C object _deps/protobuf-build/CMakeFiles/libupb.dir/upb/message/map_sorter.c.o
[254/665] Building CXX object _deps/protobuf-build/CMakeFiles/libprotoc.dir/src/google/protobuf/testing/file.cc.o
[255/665] Building C object _deps/protobuf-build/CMakeFiles/libupb.dir/upb/mini_descriptor/internal/base92.c.o
[256/665] Building C object _deps/protobuf-build/CMakeFiles/libupb.dir/upb/mini_descriptor/link.c.o
[257/665] Building C object _deps/protobuf-build/CMakeFiles/libupb.dir/upb/message/message.c.o
[258/665] Building C object _deps/protobuf-build/CMakeFiles/libupb.dir/upb/mini_table/extension_registry.c.o
[259/665] Building C object _deps/protobuf-build/CMakeFiles/libupb.dir/upb/mini_descriptor/build_enum.c.o
[260/665] Building C object _deps/protobuf-build/CMakeFiles/libupb.dir/upb/mini_table/internal/message.c.o
[261/665] Building C object _deps/protobuf-build/CMakeFiles/libupb.dir/upb/mini_descriptor/internal/encode.c.o
[262/665] Building C object _deps/protobuf-build/CMakeFiles/libupb.dir/upb/mini_table/message.c.o
[263/665] Building C object _deps/protobuf-build/CMakeFiles/libupb.dir/upb/reflection/def_type.c.o
[264/665] Building C object _deps/protobuf-build/CMakeFiles/libupb.dir/upb/reflection/desc_state.c.o
[265/665] Building CXX object _deps/protobuf-build/CMakeFiles/libprotoc.dir/src/google/protobuf/compiler/versions.cc.o
In file included from /home/tina.guest/tinylsm-post-opt-source/tinylsm/build/benchmark/_deps/protobuf-src/src/google/protobuf/arena.h:38,
                 from /home/tina.guest/tinylsm-post-opt-source/tinylsm/build/benchmark/_deps/protobuf-src/src/google/protobuf/compiler/plugin.pb.h:21,
                 from /home/tina.guest/tinylsm-post-opt-source/tinylsm/build/benchmark/_deps/protobuf-src/src/google/protobuf/compiler/versions.h:35,
                 from /home/tina.guest/tinylsm-post-opt-source/tinylsm/build/benchmark/_deps/protobuf-src/src/google/protobuf/compiler/versions.cc:8:
/home/tina.guest/tinylsm-post-opt-source/tinylsm/build/benchmark/_deps/protobuf-src/src/google/protobuf/port.h: In function ‘void google::protobuf::internal::AssertDownCast(From*)’:
/home/tina.guest/tinylsm-post-opt-source/tinylsm/build/benchmark/_deps/protobuf-src/src/google/protobuf/port.h:181:5: warning: testing if a concept-id is a valid expression; add ‘requires’ to check satisfaction [-Wmissing-requires]
  181 |     std::derived_from<std::remove_pointer_t<To>,
      |     ^
      |     requires 
[266/665] Building C object _deps/protobuf-build/CMakeFiles/libupb.dir/upb/mini_descriptor/decode.c.o
[267/665] Building C object _deps/protobuf-build/CMakeFiles/libupb.dir/upb/reflection/def_pool.c.o
[268/665] Building C object _deps/protobuf-build/CMakeFiles/libupb.dir/upb/reflection/enum_reserved_range.c.o
[269/665] Building C object _deps/protobuf-build/CMakeFiles/libupb.dir/upb/reflection/enum_def.c.o
[270/665] Building C object _deps/protobuf-build/CMakeFiles/libupb.dir/upb/reflection/extension_range.c.o
[271/665] Building C object _deps/protobuf-build/CMakeFiles/libupb.dir/upb/reflection/enum_value_def.c.o
[272/665] Building C object _deps/protobuf-build/CMakeFiles/libupb.dir/upb/reflection/internal/strdup2.c.o
[273/665] Building C object _deps/protobuf-build/CMakeFiles/libupb.dir/upb/reflection/internal/def_builder.c.o
[274/665] Building C object _deps/protobuf-build/CMakeFiles/libupb.dir/upb/reflection/message_reserved_range.c.o
[275/665] Building C object _deps/protobuf-build/CMakeFiles/libupb.dir/upb/reflection/file_def.c.o
[276/665] Building C object _deps/protobuf-build/CMakeFiles/libupb.dir/upb/reflection/method_def.c.o
[277/665] Building C object _deps/protobuf-build/CMakeFiles/libupb.dir/upb/reflection/message.c.o
[278/665] Building C object _deps/protobuf-build/CMakeFiles/libupb.dir/upb/reflection/service_def.c.o
[279/665] Building C object _deps/protobuf-build/CMakeFiles/libupb.dir/upb/reflection/message_def.c.o
[280/665] Building C object _deps/protobuf-build/CMakeFiles/libupb.dir/upb/reflection/oneof_def.c.o
[281/665] Building C object _deps/protobuf-build/CMakeFiles/libupb.dir/upb/wire/byte_size.c.o
[282/665] Building C object _deps/protobuf-build/CMakeFiles/libupb.dir/upb/reflection/field_def.c.o
[283/665] Building C object _deps/protobuf-build/CMakeFiles/libupb.dir/upb/text/encode.c.o
[284/665] Building C object _deps/protobuf-build/CMakeFiles/libupb.dir/upb/wire/eps_copy_input_stream.c.o
[285/665] Building C object _deps/protobuf-build/CMakeFiles/libupb.dir/upb/util/required_fields.c.o
[286/665] Building C object _deps/protobuf-build/CMakeFiles/libupb.dir/upb/wire/internal/decode_fast.c.o
[287/665] Building C object _deps/protobuf-build/CMakeFiles/libupb.dir/upb/text/internal/encode.c.o
[288/665] Building C object _deps/protobuf-build/CMakeFiles/libupb.dir/upb/reflection/cmake/google/protobuf/descriptor.upb_minitable.c.o
[289/665] Building C object _deps/protobuf-build/CMakeFiles/libupb.dir/upb/wire/reader.c.o
[290/665] Building C object _deps/protobuf-build/CMakeFiles/libupb.dir/upb/wire/encode.c.o
[291/665] Building C object _deps/protobuf-build/CMakeFiles/libupb.dir/upb/wire/decode.c.o
[292/665] Building C object _deps/protobuf-build/CMakeFiles/libupb.dir/upb/util/def_to_proto.c.o
[293/665] Building CXX object _deps/protobuf-build/CMakeFiles/protoc-gen-upb.dir/src/google/protobuf/port.cc.o
In file included from /home/tina.guest/tinylsm-post-opt-source/tinylsm/build/benchmark/_deps/protobuf-src/src/google/protobuf/port.cc:8:
/home/tina.guest/tinylsm-post-opt-source/tinylsm/build/benchmark/_deps/protobuf-src/src/google/protobuf/port.h: In function ‘void google::protobuf::internal::AssertDownCast(From*)’:
/home/tina.guest/tinylsm-post-opt-source/tinylsm/build/benchmark/_deps/protobuf-src/src/google/protobuf/port.h:181:5: warning: testing if a concept-id is a valid expression; add ‘requires’ to check satisfaction [-Wmissing-requires]
  181 |     std::derived_from<std::remove_pointer_t<To>,
      |     ^
      |     requires 
[294/665] Building CXX object _deps/protobuf-build/CMakeFiles/protoc-gen-upb.dir/src/google/protobuf/compiler/code_generator_lite.cc.o
[295/665] Building CXX object _deps/protobuf-build/CMakeFiles/protoc-gen-upb.dir/upb_generator/c/names_internal.cc.o
[296/665] Building CXX object _deps/protobuf-build/CMakeFiles/protoc-gen-upb.dir/upb_generator/minitable/names.cc.o
[297/665] Building CXX object _deps/protobuf-build/CMakeFiles/protoc-gen-upb.dir/upb_generator/common.cc.o
[298/665] Building C object _deps/protobuf-build/CMakeFiles/protoc-gen-upb.dir/upb_generator/cmake/google/protobuf/compiler/plugin.upb_minitable.c.o
[299/665] Building CXX object _deps/protobuf-build/CMakeFiles/protoc-gen-upb.dir/upb_generator/common/names.cc.o
[300/665] Building CXX object _deps/protobuf-build/CMakeFiles/protoc-gen-upb.dir/upb_generator/minitable/names_internal.cc.o
[301/665] Building CXX object _deps/protobuf-build/CMakeFiles/protoc-gen-upb.dir/upb_generator/c/names.cc.o
[302/665] Building CXX object _deps/protobuf-build/CMakeFiles/protoc-gen-upbdefs.dir/src/google/protobuf/port.cc.o
In file included from /home/tina.guest/tinylsm-post-opt-source/tinylsm/build/benchmark/_deps/protobuf-src/src/google/protobuf/port.cc:8:
/home/tina.guest/tinylsm-post-opt-source/tinylsm/build/benchmark/_deps/protobuf-src/src/google/protobuf/port.h: In function ‘void google::protobuf::internal::AssertDownCast(From*)’:
/home/tina.guest/tinylsm-post-opt-source/tinylsm/build/benchmark/_deps/protobuf-src/src/google/protobuf/port.h:181:5: warning: testing if a concept-id is a valid expression; add ‘requires’ to check satisfaction [-Wmissing-requires]
  181 |     std::derived_from<std::remove_pointer_t<To>,
      |     ^
      |     requires 
[303/665] Building CXX object _deps/protobuf-build/CMakeFiles/protoc-gen-upbdefs.dir/src/google/protobuf/compiler/code_generator_lite.cc.o
[304/665] Building CXX object _deps/protobuf-build/CMakeFiles/protoc-gen-upbdefs.dir/upb_generator/common/names.cc.o
[305/665] Building CXX object _deps/protobuf-build/CMakeFiles/protoc-gen-upbdefs.dir/upb_generator/common.cc.o
[306/665] Building CXX object _deps/protobuf-build/CMakeFiles/protoc-gen-upbdefs.dir/upb_generator/minitable/names_internal.cc.o
[307/665] Building CXX object _deps/protobuf-build/CMakeFiles/protoc-gen-upbdefs.dir/upb_generator/minitable/names.cc.o
[308/665] Building C object _deps/protobuf-build/CMakeFiles/protoc-gen-upbdefs.dir/upb_generator/cmake/google/protobuf/compiler/plugin.upb_minitable.c.o
[309/665] Building CXX object _deps/protobuf-build/CMakeFiles/protoc-gen-upbdefs.dir/upb_generator/reflection/names.cc.o
[310/665] Building CXX object _deps/protobuf-build/CMakeFiles/protoc-gen-upb.dir/upb_generator/file_layout.cc.o
[311/665] Building CXX object _deps/protobuf-build/CMakeFiles/protoc-gen-upb_minitable.dir/src/google/protobuf/compiler/code_generator_lite.cc.o
[312/665] Building CXX object _deps/protobuf-build/CMakeFiles/protoc-gen-upb.dir/upb_generator/c/generator.cc.o
[313/665] Building CXX object _deps/protobuf-build/CMakeFiles/protoc-gen-upb_minitable.dir/upb_generator/common/names.cc.o
[314/665] Building CXX object _deps/protobuf-build/CMakeFiles/protoc-gen-upb_minitable.dir/src/google/protobuf/port.cc.o
In file included from /home/tina.guest/tinylsm-post-opt-source/tinylsm/build/benchmark/_deps/protobuf-src/src/google/protobuf/port.cc:8:
/home/tina.guest/tinylsm-post-opt-source/tinylsm/build/benchmark/_deps/protobuf-src/src/google/protobuf/port.h: In function ‘void google::protobuf::internal::AssertDownCast(From*)’:
/home/tina.guest/tinylsm-post-opt-source/tinylsm/build/benchmark/_deps/protobuf-src/src/google/protobuf/port.h:181:5: warning: testing if a concept-id is a valid expression; add ‘requires’ to check satisfaction [-Wmissing-requires]
  181 |     std::derived_from<std::remove_pointer_t<To>,
      |     ^
      |     requires 
[315/665] Building CXX object _deps/protobuf-build/CMakeFiles/protoc-gen-upb_minitable.dir/upb_generator/common.cc.o
[316/665] Building CXX object _deps/protobuf-build/CMakeFiles/protoc-gen-upbdefs.dir/upb_generator/file_layout.cc.o
[317/665] Building CXX object _deps/protobuf-build/CMakeFiles/protoc-gen-upb_minitable.dir/upb_generator/minitable/names.cc.o
[318/665] Building CXX object _deps/protobuf-build/CMakeFiles/protoc-gen-upbdefs.dir/upb_generator/reflection/generator.cc.o
[319/665] Building C object _deps/protobuf-build/CMakeFiles/protoc-gen-upb_minitable.dir/upb_generator/cmake/google/protobuf/compiler/plugin.upb_minitable.c.o
[320/665] Building CXX object _deps/protobuf-build/CMakeFiles/protoc-gen-upb_minitable.dir/upb_generator/minitable/names_internal.cc.o
[321/665] Building CXX object _deps/protobuf-build/third_party/abseil-cpp/absl/base/CMakeFiles/absl_log_severity.dir/log_severity.cc.o
[322/665] Linking CXX static library _deps/protobuf-build/third_party/abseil-cpp/absl/base/libabsl_log_severity.a
[323/665] Building CXX object _deps/protobuf-build/CMakeFiles/protoc-gen-upb_minitable.dir/upb_generator/file_layout.cc.o
[324/665] Building CXX object _deps/protobuf-build/third_party/abseil-cpp/absl/base/CMakeFiles/absl_spinlock_wait.dir/internal/spinlock_wait.cc.o
[325/665] Building CXX object _deps/protobuf-build/third_party/abseil-cpp/absl/base/CMakeFiles/absl_raw_logging_internal.dir/internal/raw_logging.cc.o
[326/665] Linking CXX static library _deps/protobuf-build/third_party/abseil-cpp/absl/base/libabsl_spinlock_wait.a
[327/665] Linking CXX static library _deps/protobuf-build/third_party/abseil-cpp/absl/base/libabsl_raw_logging_internal.a
[328/665] Building CXX object _deps/protobuf-build/CMakeFiles/protoc-gen-upb_minitable.dir/upb_generator/minitable/generator.cc.o
[329/665] Building CXX object _deps/protobuf-build/CMakeFiles/protoc-gen-upb_minitable.dir/upb_generator/minitable/main.cc.o
[330/665] Building CXX object _deps/protobuf-build/third_party/abseil-cpp/absl/base/CMakeFiles/absl_malloc_internal.dir/internal/low_level_alloc.cc.o
[331/665] Building CXX object _deps/protobuf-build/third_party/abseil-cpp/absl/base/CMakeFiles/absl_base.dir/internal/spinlock.cc.o
[332/665] Building CXX object _deps/protobuf-build/third_party/abseil-cpp/absl/base/CMakeFiles/absl_base.dir/internal/unscaledcycleclock.cc.o
[333/665] Building CXX object _deps/protobuf-build/CMakeFiles/protoc-gen-upb_minitable.dir/upb_generator/minitable/fasttable.cc.o
[334/665] Building CXX object _deps/protobuf-build/third_party/abseil-cpp/absl/base/CMakeFiles/absl_base.dir/internal/cycleclock.cc.o
[335/665] Building CXX object _deps/protobuf-build/third_party/abseil-cpp/absl/base/CMakeFiles/absl_base.dir/internal/sysinfo.cc.o
[336/665] Building CXX object _deps/protobuf-build/third_party/abseil-cpp/absl/base/CMakeFiles/absl_base.dir/internal/thread_identity.cc.o
[337/665] Building CXX object _deps/protobuf-build/third_party/abseil-cpp/absl/base/CMakeFiles/absl_throw_delegate.dir/internal/throw_delegate.cc.o
[338/665] Building CXX object _deps/protobuf-build/third_party/abseil-cpp/absl/base/CMakeFiles/absl_strerror.dir/internal/strerror.cc.o
[339/665] Linking CXX static library _deps/protobuf-build/third_party/abseil-cpp/absl/base/libabsl_base.a
[340/665] Building CXX object _deps/protobuf-build/CMakeFiles/protoc.dir/src/google/protobuf/compiler/main.cc.o
In file included from /home/tina.guest/tinylsm-post-opt-source/tinylsm/build/benchmark/_deps/protobuf-src/src/google/protobuf/arena.h:38,
                 from /home/tina.guest/tinylsm-post-opt-source/tinylsm/build/benchmark/_deps/protobuf-src/src/google/protobuf/descriptor.pb.h:21,
                 from /home/tina.guest/tinylsm-post-opt-source/tinylsm/build/benchmark/_deps/protobuf-src/src/google/protobuf/compiler/command_line_interface.h:29,
                 from /home/tina.guest/tinylsm-post-opt-source/tinylsm/build/benchmark/_deps/protobuf-src/src/google/protobuf/compiler/main.cc:9:
/home/tina.guest/tinylsm-post-opt-source/tinylsm/build/benchmark/_deps/protobuf-src/src/google/protobuf/port.h: In function ‘void google::protobuf::internal::AssertDownCast(From*)’:
/home/tina.guest/tinylsm-post-opt-source/tinylsm/build/benchmark/_deps/protobuf-src/src/google/protobuf/port.h:181:5: warning: testing if a concept-id is a valid expression; add ‘requires’ to check satisfaction [-Wmissing-requires]
  181 |     std::derived_from<std::remove_pointer_t<To>,
      |     ^
      |     requires 
[341/665] Linking CXX static library _deps/protobuf-build/third_party/abseil-cpp/absl/base/libabsl_malloc_internal.a
[342/665] Linking CXX static library _deps/protobuf-build/third_party/abseil-cpp/absl/base/libabsl_throw_delegate.a
[343/665] Linking CXX static library _deps/protobuf-build/third_party/abseil-cpp/absl/base/libabsl_strerror.a
[344/665] Building CXX object _deps/protobuf-build/third_party/abseil-cpp/absl/base/CMakeFiles/absl_scoped_set_env.dir/internal/scoped_set_env.cc.o
[345/665] Linking CXX static library _deps/protobuf-build/third_party/abseil-cpp/absl/base/libabsl_scoped_set_env.a
[346/665] Building CXX object _deps/protobuf-build/third_party/abseil-cpp/absl/crc/CMakeFiles/absl_crc_cpu_detect.dir/internal/cpu_detect.cc.o
[347/665] Linking CXX static library _deps/protobuf-build/third_party/abseil-cpp/absl/crc/libabsl_crc_cpu_detect.a
[348/665] Building CXX object _deps/protobuf-build/third_party/abseil-cpp/absl/crc/CMakeFiles/absl_crc_internal.dir/internal/crc_x86_arm_combined.cc.o
[349/665] Building CXX object _deps/protobuf-build/third_party/abseil-cpp/absl/container/CMakeFiles/absl_hashtablez_sampler.dir/internal/hashtablez_sampler_force_weak_definition.cc.o
[350/665] Building CXX object _deps/protobuf-build/third_party/abseil-cpp/absl/container/CMakeFiles/absl_hashtablez_sampler.dir/internal/hashtablez_sampler.cc.o
[351/665] Building CXX object _deps/protobuf-build/third_party/abseil-cpp/absl/crc/CMakeFiles/absl_crc_internal.dir/internal/crc.cc.o
[352/665] Linking CXX static library _deps/protobuf-build/third_party/abseil-cpp/absl/crc/libabsl_crc_internal.a
[353/665] Building CXX object _deps/protobuf-build/third_party/abseil-cpp/absl/crc/CMakeFiles/absl_crc32c.dir/crc32c.cc.o
[354/665] Building CXX object _deps/protobuf-build/third_party/abseil-cpp/absl/container/CMakeFiles/absl_raw_hash_set.dir/internal/raw_hash_set.cc.o
[355/665] Building CXX object _deps/protobuf-build/third_party/abseil-cpp/absl/crc/CMakeFiles/absl_crc32c.dir/internal/crc_memcpy_fallback.cc.o
[356/665] Building CXX object _deps/protobuf-build/third_party/abseil-cpp/absl/crc/CMakeFiles/absl_crc32c.dir/internal/crc_memcpy_x86_arm_combined.cc.o
[357/665] Building CXX object _deps/protobuf-build/third_party/abseil-cpp/absl/debugging/CMakeFiles/absl_stacktrace.dir/stacktrace.cc.o
[358/665] Building CXX object _deps/protobuf-build/third_party/abseil-cpp/absl/debugging/CMakeFiles/absl_examine_stack.dir/internal/examine_stack.cc.o
[359/665] Building CXX object _deps/protobuf-build/third_party/abseil-cpp/absl/debugging/CMakeFiles/absl_failure_signal_handler.dir/failure_signal_handler.cc.o
[360/665] Building CXX object _deps/protobuf-build/third_party/abseil-cpp/absl/debugging/CMakeFiles/absl_debugging_internal.dir/internal/address_is_readable.cc.o
[361/665] Building CXX object _deps/protobuf-build/third_party/abseil-cpp/absl/debugging/CMakeFiles/absl_symbolize.dir/symbolize.cc.o
[362/665] Building CXX object _deps/protobuf-build/third_party/abseil-cpp/absl/debugging/CMakeFiles/absl_leak_check.dir/leak_check.cc.o
[363/665] Building CXX object _deps/protobuf-build/third_party/abseil-cpp/absl/debugging/CMakeFiles/absl_debugging_internal.dir/internal/vdso_support.cc.o
[364/665] Linking CXX static library _deps/protobuf-build/third_party/abseil-cpp/absl/debugging/libabsl_leak_check.a
[365/665] Building CXX object _deps/protobuf-build/third_party/abseil-cpp/absl/crc/CMakeFiles/absl_crc32c.dir/internal/crc_non_temporal_memcpy.cc.o
[366/665] Building CXX object _deps/protobuf-build/third_party/abseil-cpp/absl/debugging/CMakeFiles/absl_debugging_internal.dir/internal/elf_mem_image.cc.o
[367/665] Linking CXX static library _deps/protobuf-build/third_party/abseil-cpp/absl/debugging/libabsl_debugging_internal.a
[368/665] Building CXX object _deps/protobuf-build/third_party/abseil-cpp/absl/crc/CMakeFiles/absl_crc_cord_state.dir/internal/crc_cord_state.cc.o
[369/665] Building CXX object _deps/protobuf-build/third_party/abseil-cpp/absl/flags/CMakeFiles/absl_flags_commandlineflag_internal.dir/internal/commandlineflag.cc.o
[370/665] Linking CXX static library _deps/protobuf-build/third_party/abseil-cpp/absl/debugging/libabsl_stacktrace.a
[371/665] Linking CXX static library _deps/protobuf-build/third_party/abseil-cpp/absl/flags/libabsl_flags_commandlineflag_internal.a
[372/665] Building CXX object _deps/protobuf-build/third_party/abseil-cpp/absl/flags/CMakeFiles/absl_flags_private_handle_accessor.dir/internal/private_handle_accessor.cc.o
[373/665] Building CXX object _deps/protobuf-build/third_party/abseil-cpp/absl/flags/CMakeFiles/absl_flags_program_name.dir/internal/program_name.cc.o
[374/665] Building CXX object _deps/protobuf-build/third_party/abseil-cpp/absl/flags/CMakeFiles/absl_flags_commandlineflag.dir/commandlineflag.cc.o
[375/665] Building CXX object _deps/protobuf-build/third_party/abseil-cpp/absl/debugging/CMakeFiles/absl_demangle_internal.dir/internal/demangle.cc.o
[376/665] Linking CXX static library _deps/protobuf-build/third_party/abseil-cpp/absl/debugging/libabsl_demangle_internal.a
[377/665] Building CXX object _deps/protobuf-build/third_party/abseil-cpp/absl/flags/CMakeFiles/absl_flags_config.dir/usage_config.cc.o
[378/665] Building CXX object _deps/protobuf-build/third_party/abseil-cpp/absl/flags/CMakeFiles/absl_flags_marshalling.dir/marshalling.cc.o
[379/665] Building CXX object _deps/protobuf-build/third_party/abseil-cpp/absl/flags/CMakeFiles/absl_flags_internal.dir/internal/flag.cc.o
[380/665] Building CXX object _deps/protobuf-build/third_party/abseil-cpp/absl/hash/CMakeFiles/absl_hash.dir/internal/hash.cc.o
[381/665] Building CXX object _deps/protobuf-build/third_party/abseil-cpp/absl/flags/CMakeFiles/absl_flags_usage.dir/usage.cc.o
[382/665] Building CXX object _deps/protobuf-build/third_party/abseil-cpp/absl/hash/CMakeFiles/absl_city.dir/internal/city.cc.o
[383/665] Linking CXX static library _deps/protobuf-build/third_party/abseil-cpp/absl/hash/libabsl_city.a
[384/665] Building CXX object _deps/protobuf-build/third_party/abseil-cpp/absl/log/CMakeFiles/absl_log_internal_conditions.dir/internal/conditions.cc.o
[385/665] Linking CXX static library _deps/protobuf-build/third_party/abseil-cpp/absl/log/libabsl_log_internal_conditions.a
[386/665] Building CXX object _deps/protobuf-build/third_party/abseil-cpp/absl/hash/CMakeFiles/absl_low_level_hash.dir/internal/low_level_hash.cc.o
[387/665] Building CXX object _deps/protobuf-build/third_party/abseil-cpp/absl/flags/CMakeFiles/absl_flags_reflection.dir/reflection.cc.o
[388/665] Building CXX object _deps/protobuf-build/third_party/abseil-cpp/absl/flags/CMakeFiles/absl_flags_usage_internal.dir/internal/usage.cc.o
[389/665] Building CXX object _deps/protobuf-build/third_party/abseil-cpp/absl/log/CMakeFiles/absl_log_internal_proto.dir/internal/proto.cc.o
[390/665] Building CXX object _deps/protobuf-build/third_party/abseil-cpp/absl/log/CMakeFiles/absl_log_internal_globals.dir/internal/globals.cc.o
[391/665] Building CXX object _deps/protobuf-build/third_party/abseil-cpp/absl/log/CMakeFiles/absl_log_internal_check_op.dir/internal/check_op.cc.o
[392/665] Building CXX object _deps/protobuf-build/third_party/abseil-cpp/absl/log/CMakeFiles/absl_log_internal_nullguard.dir/internal/nullguard.cc.o
[393/665] Linking CXX static library _deps/protobuf-build/third_party/abseil-cpp/absl/log/libabsl_log_internal_nullguard.a
[394/665] Building CXX object _deps/protobuf-build/third_party/abseil-cpp/absl/flags/CMakeFiles/absl_flags_parse.dir/parse.cc.o
[395/665] Building CXX object _deps/protobuf-build/third_party/abseil-cpp/absl/log/CMakeFiles/absl_log_internal_format.dir/internal/log_format.cc.o
[396/665] Building CXX object _deps/protobuf-build/third_party/abseil-cpp/absl/log/CMakeFiles/absl_die_if_null.dir/die_if_null.cc.o
[397/665] Building CXX object _deps/protobuf-build/third_party/abseil-cpp/absl/log/CMakeFiles/absl_log_initialize.dir/initialize.cc.o
[398/665] Building CXX object _deps/protobuf-build/third_party/abseil-cpp/absl/log/CMakeFiles/absl_log_globals.dir/globals.cc.o
[399/665] Building CXX object _deps/protobuf-build/third_party/abseil-cpp/absl/log/CMakeFiles/absl_log_internal_message.dir/internal/log_message.cc.o
[400/665] Building CXX object _deps/protobuf-build/third_party/abseil-cpp/absl/log/CMakeFiles/absl_log_internal_log_sink_set.dir/internal/log_sink_set.cc.o
[401/665] Building CXX object _deps/protobuf-build/third_party/abseil-cpp/absl/log/CMakeFiles/absl_log_flags.dir/flags.cc.o
[402/665] Building CXX object _deps/protobuf-build/third_party/abseil-cpp/absl/log/CMakeFiles/absl_log_internal_fnmatch.dir/internal/fnmatch.cc.o
[403/665] Building CXX object _deps/protobuf-build/third_party/abseil-cpp/absl/profiling/CMakeFiles/absl_periodic_sampler.dir/internal/periodic_sampler.cc.o
[404/665] Building CXX object _deps/protobuf-build/third_party/abseil-cpp/absl/profiling/CMakeFiles/absl_exponential_biased.dir/internal/exponential_biased.cc.o
[405/665] Linking CXX static library _deps/protobuf-build/third_party/abseil-cpp/absl/profiling/libabsl_exponential_biased.a
[406/665] Building CXX object _deps/protobuf-build/third_party/abseil-cpp/absl/log/CMakeFiles/absl_log_entry.dir/log_entry.cc.o
[407/665] Linking CXX static library _deps/protobuf-build/third_party/abseil-cpp/absl/profiling/libabsl_periodic_sampler.a
[408/665] Building CXX object _deps/protobuf-build/third_party/abseil-cpp/absl/numeric/CMakeFiles/absl_int128.dir/int128.cc.o
[409/665] Building CXX object _deps/protobuf-build/third_party/abseil-cpp/absl/log/CMakeFiles/absl_log_sink.dir/log_sink.cc.o
[410/665] Linking CXX static library _deps/protobuf-build/third_party/abseil-cpp/absl/numeric/libabsl_int128.a
[411/665] Linking CXX static library _deps/protobuf-build/third_party/abseil-cpp/absl/hash/libabsl_low_level_hash.a
[412/665] Building CXX object _deps/protobuf-build/third_party/abseil-cpp/absl/random/CMakeFiles/absl_random_seed_gen_exception.dir/seed_gen_exception.cc.o
[413/665] Linking CXX static library _deps/protobuf-build/third_party/abseil-cpp/absl/random/libabsl_random_seed_gen_exception.a
[414/665] Building CXX object _deps/protobuf-build/third_party/abseil-cpp/absl/random/CMakeFiles/absl_random_distributions.dir/discrete_distribution.cc.o
[415/665] Building CXX object _deps/protobuf-build/third_party/abseil-cpp/absl/random/CMakeFiles/absl_random_distributions.dir/gaussian_distribution.cc.o
[416/665] Building CXX object _deps/protobuf-build/third_party/abseil-cpp/absl/random/CMakeFiles/absl_random_internal_platform.dir/internal/randen_round_keys.cc.o
[417/665] Linking CXX static library _deps/protobuf-build/third_party/abseil-cpp/absl/random/libabsl_random_internal_platform.a
[418/665] Building CXX object _deps/protobuf-build/third_party/abseil-cpp/absl/random/CMakeFiles/absl_random_seed_sequences.dir/seed_sequences.cc.o
[419/665] Building CXX object _deps/protobuf-build/third_party/abseil-cpp/absl/random/CMakeFiles/absl_random_internal_randen_hwaes.dir/internal/randen_detect.cc.o
[420/665] Building CXX object _deps/protobuf-build/third_party/abseil-cpp/absl/random/CMakeFiles/absl_random_internal_pool_urbg.dir/internal/pool_urbg.cc.o
[421/665] Building CXX object _deps/protobuf-build/third_party/abseil-cpp/absl/random/CMakeFiles/absl_random_internal_seed_material.dir/internal/seed_material.cc.o
[422/665] Building CXX object _deps/protobuf-build/third_party/abseil-cpp/absl/random/CMakeFiles/absl_random_internal_randen.dir/internal/randen.cc.o
[423/665] Building CXX object _deps/protobuf-build/third_party/abseil-cpp/absl/log/CMakeFiles/absl_vlog_config_internal.dir/internal/vlog_config.cc.o
[424/665] Building CXX object _deps/protobuf-build/third_party/abseil-cpp/absl/random/CMakeFiles/absl_random_internal_randen_hwaes_impl.dir/internal/randen_hwaes.cc.o
[425/665] Linking CXX static library _deps/protobuf-build/third_party/abseil-cpp/absl/random/libabsl_random_internal_randen_hwaes_impl.a
[426/665] Linking CXX static library _deps/protobuf-build/third_party/abseil-cpp/absl/random/libabsl_random_internal_randen_hwaes.a
[427/665] Building CXX object _deps/protobuf-build/third_party/abseil-cpp/absl/random/CMakeFiles/absl_random_internal_randen_slow.dir/internal/randen_slow.cc.o
[428/665] Linking CXX static library _deps/protobuf-build/third_party/abseil-cpp/absl/random/libabsl_random_internal_randen_slow.a
[429/665] Linking CXX static library _deps/protobuf-build/third_party/abseil-cpp/absl/random/libabsl_random_internal_randen.a
[430/665] Building CXX object _deps/protobuf-build/third_party/abseil-cpp/absl/random/CMakeFiles/absl_random_internal_distribution_test_util.dir/internal/chi_square.cc.o
[431/665] Building CXX object _deps/protobuf-build/third_party/abseil-cpp/absl/random/CMakeFiles/absl_random_internal_distribution_test_util.dir/internal/distribution_test_util.cc.o
[432/665] Building CXX object _deps/protobuf-build/third_party/abseil-cpp/absl/status/CMakeFiles/absl_status.dir/internal/status_internal.cc.o
[433/665] Building CXX object _deps/protobuf-build/third_party/abseil-cpp/absl/strings/CMakeFiles/absl_string_view.dir/string_view.cc.o
[434/665] Linking CXX static library _deps/protobuf-build/third_party/abseil-cpp/absl/strings/libabsl_string_view.a
[435/665] Building CXX object _deps/protobuf-build/third_party/abseil-cpp/absl/status/CMakeFiles/absl_status.dir/status_payload_printer.cc.o
[436/665] Building CXX object _deps/protobuf-build/third_party/abseil-cpp/absl/status/CMakeFiles/absl_status.dir/status.cc.o
[437/665] Building CXX object _deps/protobuf-build/third_party/abseil-cpp/absl/strings/CMakeFiles/absl_strings.dir/ascii.cc.o
[438/665] Building CXX object _deps/protobuf-build/third_party/abseil-cpp/absl/status/CMakeFiles/absl_statusor.dir/statusor.cc.o
[439/665] Building CXX object _deps/protobuf-build/third_party/abseil-cpp/absl/strings/CMakeFiles/absl_strings.dir/charconv.cc.o
[440/665] Building CXX object _deps/protobuf-build/third_party/abseil-cpp/absl/strings/CMakeFiles/absl_strings.dir/internal/damerau_levenshtein_distance.cc.o
[441/665] Building CXX object _deps/protobuf-build/third_party/abseil-cpp/absl/strings/CMakeFiles/absl_strings.dir/internal/charconv_parse.cc.o
[442/665] Building CXX object _deps/protobuf-build/third_party/abseil-cpp/absl/strings/CMakeFiles/absl_strings.dir/internal/stringify_sink.cc.o
[443/665] Building CXX object _deps/protobuf-build/third_party/abseil-cpp/absl/strings/CMakeFiles/absl_strings.dir/match.cc.o
[444/665] Building CXX object _deps/protobuf-build/third_party/abseil-cpp/absl/strings/CMakeFiles/absl_strings.dir/internal/memutil.cc.o
[445/665] Building CXX object _deps/protobuf-build/third_party/abseil-cpp/absl/strings/CMakeFiles/absl_strings.dir/escaping.cc.o
[446/665] Building CXX object _deps/protobuf-build/third_party/abseil-cpp/absl/strings/CMakeFiles/absl_strings.dir/internal/charconv_bigint.cc.o
[447/665] Building CXX object _deps/protobuf-build/third_party/abseil-cpp/absl/strings/CMakeFiles/absl_strings.dir/str_split.cc.o
[448/665] Building CXX object _deps/protobuf-build/third_party/abseil-cpp/absl/strings/CMakeFiles/absl_strings_internal.dir/internal/utf8.cc.o
[449/665] Building CXX object _deps/protobuf-build/third_party/abseil-cpp/absl/strings/CMakeFiles/absl_strings.dir/substitute.cc.o
[450/665] Building CXX object _deps/protobuf-build/third_party/abseil-cpp/absl/strings/CMakeFiles/absl_strings.dir/numbers.cc.o
[451/665] Building CXX object _deps/protobuf-build/third_party/abseil-cpp/absl/strings/CMakeFiles/absl_strings_internal.dir/internal/ostringstream.cc.o
[452/665] Building CXX object _deps/protobuf-build/third_party/abseil-cpp/absl/strings/CMakeFiles/absl_strings.dir/str_cat.cc.o
[453/665] Building CXX object _deps/protobuf-build/third_party/abseil-cpp/absl/strings/CMakeFiles/absl_strings.dir/str_replace.cc.o
[454/665] Building CXX object _deps/protobuf-build/third_party/abseil-cpp/absl/strings/CMakeFiles/absl_strings_internal.dir/internal/escaping.cc.o
[455/665] Linking CXX static library _deps/protobuf-build/third_party/abseil-cpp/absl/strings/libabsl_strings_internal.a
[456/665] Linking CXX static library _deps/protobuf-build/third_party/abseil-cpp/absl/strings/libabsl_strings.a
[457/665] Linking CXX static library _deps/protobuf-build/third_party/abseil-cpp/absl/debugging/libabsl_symbolize.a
[458/665] Linking CXX static library _deps/protobuf-build/third_party/abseil-cpp/absl/debugging/libabsl_examine_stack.a
[459/665] Linking CXX static library _deps/protobuf-build/third_party/abseil-cpp/absl/debugging/libabsl_failure_signal_handler.a
[460/665] Linking CXX static library _deps/protobuf-build/third_party/abseil-cpp/absl/log/libabsl_log_internal_proto.a
[461/665] Linking CXX static library _deps/protobuf-build/third_party/abseil-cpp/absl/log/libabsl_log_internal_fnmatch.a
[462/665] Linking CXX static library _deps/protobuf-build/third_party/abseil-cpp/absl/random/libabsl_random_distributions.a
[463/665] Building CXX object _deps/protobuf-build/third_party/abseil-cpp/absl/strings/CMakeFiles/absl_str_format_internal.dir/internal/str_format/output.cc.o
[464/665] Building CXX object _deps/protobuf-build/third_party/abseil-cpp/absl/strings/CMakeFiles/absl_str_format_internal.dir/internal/str_format/extension.cc.o
[465/665] Building CXX object _deps/protobuf-build/third_party/abseil-cpp/absl/strings/CMakeFiles/absl_str_format_internal.dir/internal/str_format/bind.cc.o
[466/665] Building CXX object _deps/protobuf-build/third_party/abseil-cpp/absl/strings/CMakeFiles/absl_str_format_internal.dir/internal/str_format/parser.cc.o
[467/665] Building CXX object _deps/protobuf-build/third_party/abseil-cpp/absl/strings/CMakeFiles/absl_cord_internal.dir/internal/cord_internal.cc.o
[468/665] Building CXX object _deps/protobuf-build/third_party/abseil-cpp/absl/strings/CMakeFiles/absl_str_format_internal.dir/internal/str_format/arg.cc.o
[469/665] Building CXX object _deps/protobuf-build/third_party/abseil-cpp/absl/strings/CMakeFiles/absl_cord_internal.dir/internal/cord_rep_btree_navigator.cc.o
[470/665] Building CXX object _deps/protobuf-build/third_party/abseil-cpp/absl/strings/CMakeFiles/absl_cord_internal.dir/internal/cord_rep_consume.cc.o
[471/665] Building CXX object _deps/protobuf-build/third_party/abseil-cpp/absl/strings/CMakeFiles/absl_cord_internal.dir/internal/cord_rep_btree_reader.cc.o
[472/665] Building CXX object _deps/protobuf-build/third_party/abseil-cpp/absl/strings/CMakeFiles/absl_str_format_internal.dir/internal/str_format/float_conversion.cc.o
[473/665] Linking CXX static library _deps/protobuf-build/third_party/abseil-cpp/absl/strings/libabsl_str_format_internal.a
[474/665] Building CXX object _deps/protobuf-build/third_party/abseil-cpp/absl/strings/CMakeFiles/absl_cord_internal.dir/internal/cord_rep_crc.cc.o
[475/665] Linking CXX static library _deps/protobuf-build/third_party/abseil-cpp/absl/crc/libabsl_crc32c.a
[476/665] Linking CXX static library _deps/protobuf-build/third_party/abseil-cpp/absl/random/libabsl_random_internal_distribution_test_util.a
[477/665] Linking CXX static library _deps/protobuf-build/third_party/abseil-cpp/absl/crc/libabsl_crc_cord_state.a
[478/665] Building CXX object _deps/protobuf-build/third_party/abseil-cpp/absl/strings/CMakeFiles/absl_cordz_functions.dir/internal/cordz_functions.cc.o
[479/665] Linking CXX static library _deps/protobuf-build/third_party/abseil-cpp/absl/strings/libabsl_cordz_functions.a
[480/665] Building CXX object _deps/protobuf-build/third_party/abseil-cpp/absl/strings/CMakeFiles/absl_cord_internal.dir/internal/cord_rep_btree.cc.o
[481/665] Linking CXX static library _deps/protobuf-build/third_party/abseil-cpp/absl/strings/libabsl_cord_internal.a
[482/665] Building CXX object _deps/protobuf-build/third_party/abseil-cpp/absl/strings/CMakeFiles/absl_cordz_sample_token.dir/internal/cordz_sample_token.cc.o
[483/665] Building CXX object _deps/protobuf-build/third_party/abseil-cpp/absl/strings/CMakeFiles/absl_cordz_handle.dir/internal/cordz_handle.cc.o
[484/665] Building CXX object _deps/protobuf-build/third_party/abseil-cpp/absl/strings/CMakeFiles/absl_cord.dir/cord_buffer.cc.o
[485/665] Building CXX object _deps/protobuf-build/third_party/abseil-cpp/absl/strings/CMakeFiles/absl_cord.dir/cord_analysis.cc.o
[486/665] Building CXX object _deps/protobuf-build/third_party/abseil-cpp/absl/strings/CMakeFiles/absl_cordz_info.dir/internal/cordz_info.cc.o
[487/665] Building CXX object _deps/protobuf-build/third_party/abseil-cpp/absl/synchronization/CMakeFiles/absl_kernel_timeout_internal.dir/internal/kernel_timeout.cc.o
[488/665] Building CXX object _deps/protobuf-build/third_party/abseil-cpp/absl/synchronization/CMakeFiles/absl_graphcycles_internal.dir/internal/graphcycles.cc.o
[489/665] Linking CXX static library _deps/protobuf-build/third_party/abseil-cpp/absl/synchronization/libabsl_graphcycles_internal.a
[490/665] Building CXX object _deps/protobuf-build/third_party/abseil-cpp/absl/synchronization/CMakeFiles/absl_synchronization.dir/blocking_counter.cc.o
[491/665] Building CXX object _deps/protobuf-build/third_party/abseil-cpp/absl/synchronization/CMakeFiles/absl_synchronization.dir/internal/futex_waiter.cc.o
[492/665] Building CXX object _deps/protobuf-build/third_party/abseil-cpp/absl/synchronization/CMakeFiles/absl_synchronization.dir/barrier.cc.o
[493/665] Building CXX object _deps/protobuf-build/third_party/abseil-cpp/absl/strings/CMakeFiles/absl_cord.dir/cord.cc.o
[494/665] Building CXX object _deps/protobuf-build/third_party/abseil-cpp/absl/synchronization/CMakeFiles/absl_synchronization.dir/internal/create_thread_identity.cc.o
[495/665] Building CXX object _deps/protobuf-build/third_party/abseil-cpp/absl/synchronization/CMakeFiles/absl_synchronization.dir/internal/win32_waiter.cc.o
[496/665] Building CXX object _deps/protobuf-build/third_party/abseil-cpp/absl/synchronization/CMakeFiles/absl_synchronization.dir/internal/pthread_waiter.cc.o
[497/665] Building CXX object _deps/protobuf-build/third_party/abseil-cpp/absl/synchronization/CMakeFiles/absl_synchronization.dir/internal/per_thread_sem.cc.o
[498/665] Building CXX object _deps/protobuf-build/third_party/abseil-cpp/absl/synchronization/CMakeFiles/absl_synchronization.dir/internal/stdcpp_waiter.cc.o
[499/665] Building CXX object _deps/protobuf-build/third_party/abseil-cpp/absl/synchronization/CMakeFiles/absl_synchronization.dir/notification.cc.o
[500/665] Building CXX object _deps/protobuf-build/third_party/abseil-cpp/absl/synchronization/CMakeFiles/absl_synchronization.dir/internal/waiter_base.cc.o
[501/665] Building CXX object _deps/protobuf-build/third_party/abseil-cpp/absl/synchronization/CMakeFiles/absl_synchronization.dir/internal/sem_waiter.cc.o
[502/665] Building CXX object _deps/protobuf-build/third_party/abseil-cpp/absl/time/CMakeFiles/absl_time.dir/clock.cc.o
[503/665] Building CXX object _deps/protobuf-build/third_party/abseil-cpp/absl/synchronization/CMakeFiles/absl_synchronization.dir/mutex.cc.o
[504/665] Building CXX object _deps/protobuf-build/third_party/abseil-cpp/absl/time/CMakeFiles/absl_time.dir/format.cc.o
[505/665] Building CXX object _deps/protobuf-build/third_party/abseil-cpp/absl/time/CMakeFiles/absl_time.dir/civil_time.cc.o
[506/665] Building CXX object _deps/protobuf-build/third_party/abseil-cpp/absl/time/CMakeFiles/absl_civil_time.dir/internal/cctz/src/civil_time_detail.cc.o
[507/665] Building CXX object _deps/protobuf-build/third_party/abseil-cpp/absl/time/CMakeFiles/absl_time.dir/duration.cc.o
[508/665] Linking CXX static library _deps/protobuf-build/third_party/abseil-cpp/absl/time/libabsl_civil_time.a
[509/665] Building CXX object _deps/protobuf-build/third_party/abseil-cpp/absl/time/CMakeFiles/absl_time_zone.dir/internal/cctz/src/time_zone_fixed.cc.o
[510/665] Building CXX object _deps/protobuf-build/third_party/abseil-cpp/absl/time/CMakeFiles/absl_time.dir/time.cc.o
[511/665] Building CXX object _deps/protobuf-build/third_party/abseil-cpp/absl/time/CMakeFiles/absl_time_zone.dir/internal/cctz/src/time_zone_if.cc.o
[512/665] Building CXX object _deps/protobuf-build/third_party/abseil-cpp/absl/time/CMakeFiles/absl_time_zone.dir/internal/cctz/src/time_zone_libc.cc.o
[513/665] Building CXX object _deps/protobuf-build/third_party/abseil-cpp/absl/time/CMakeFiles/absl_time_zone.dir/internal/cctz/src/time_zone_impl.cc.o
[514/665] Building CXX object _deps/protobuf-build/third_party/abseil-cpp/absl/types/CMakeFiles/absl_bad_any_cast_impl.dir/bad_any_cast.cc.o
[515/665] Linking CXX static library _deps/protobuf-build/third_party/abseil-cpp/absl/types/libabsl_bad_any_cast_impl.a
[516/665] Building CXX object _deps/protobuf-build/third_party/abseil-cpp/absl/time/CMakeFiles/absl_time_zone.dir/internal/cctz/src/time_zone_posix.cc.o
[517/665] Building CXX object _deps/protobuf-build/third_party/abseil-cpp/absl/time/CMakeFiles/absl_time_zone.dir/internal/cctz/src/zone_info_source.cc.o
[518/665] Building CXX object _deps/protobuf-build/third_party/abseil-cpp/absl/time/CMakeFiles/absl_time_zone.dir/internal/cctz/src/time_zone_lookup.cc.o
[519/665] Building CXX object _deps/protobuf-build/third_party/abseil-cpp/absl/types/CMakeFiles/absl_bad_optional_access.dir/bad_optional_access.cc.o
[520/665] Building C object _deps/protobuf-build/third_party/utf8_range/CMakeFiles/utf8_range.dir/utf8_range.c.o
[521/665] Building CXX object _deps/protobuf-build/third_party/abseil-cpp/absl/time/CMakeFiles/absl_time_zone.dir/internal/cctz/src/time_zone_format.cc.o
[522/665] Linking CXX static library _deps/protobuf-build/third_party/abseil-cpp/absl/types/libabsl_bad_optional_access.a
[523/665] Building CXX object _deps/protobuf-build/third_party/abseil-cpp/absl/types/CMakeFiles/absl_bad_variant_access.dir/bad_variant_access.cc.o
[524/665] Linking CXX static library _deps/protobuf-build/third_party/abseil-cpp/absl/flags/libabsl_flags_commandlineflag.a
[525/665] Linking C static library _deps/protobuf-build/third_party/utf8_range/libutf8_range.a
[526/665] Linking CXX static library _deps/protobuf-build/third_party/abseil-cpp/absl/flags/libabsl_flags_marshalling.a
[527/665] Building C object _deps/protobuf-build/third_party/utf8_range/CMakeFiles/utf8_validity.dir/utf8_range.c.o
[528/665] Linking CXX static library _deps/protobuf-build/third_party/abseil-cpp/absl/flags/libabsl_flags_private_handle_accessor.a
[529/665] Linking CXX static library _deps/protobuf-build/third_party/abseil-cpp/absl/random/libabsl_random_internal_seed_material.a
[530/665] Linking C static library _deps/protobuf-build/libupb.a
[531/665] Linking CXX static library _deps/protobuf-build/third_party/abseil-cpp/absl/types/libabsl_bad_variant_access.a
[532/665] Linking CXX static library _deps/protobuf-build/third_party/abseil-cpp/absl/random/libabsl_random_internal_pool_urbg.a
[533/665] Linking CXX static library _deps/protobuf-build/third_party/abseil-cpp/absl/hash/libabsl_hash.a
[534/665] Linking CXX static library _deps/protobuf-build/third_party/abseil-cpp/absl/random/libabsl_random_seed_sequences.a
[535/665] Building CXX object _deps/protobuf-build/third_party/abseil-cpp/absl/time/CMakeFiles/absl_time_zone.dir/internal/cctz/src/time_zone_info.cc.o
[536/665] Linking CXX static library _deps/protobuf-build/third_party/abseil-cpp/absl/time/libabsl_time_zone.a
[537/665] Linking CXX static library _deps/protobuf-build/third_party/abseil-cpp/absl/time/libabsl_time.a
[538/665] Linking CXX static library _deps/protobuf-build/third_party/abseil-cpp/absl/log/libabsl_log_internal_globals.a
[539/665] Linking CXX static library _deps/protobuf-build/third_party/abseil-cpp/absl/log/libabsl_log_internal_format.a
[540/665] Building CXX object _deps/google_benchmark-build/src/CMakeFiles/benchmark.dir/benchmark_name.cc.o
[541/665] Building CXX object _deps/protobuf-build/third_party/utf8_range/CMakeFiles/utf8_validity.dir/utf8_validity.cc.o
[542/665] Linking CXX static library _deps/protobuf-build/third_party/abseil-cpp/absl/log/libabsl_log_entry.a
[543/665] Linking CXX static library _deps/protobuf-build/third_party/abseil-cpp/absl/synchronization/libabsl_kernel_timeout_internal.a
[544/665] Linking CXX static library _deps/protobuf-build/third_party/utf8_range/libutf8_validity.a
[545/665] Linking CXX static library _deps/protobuf-build/third_party/abseil-cpp/absl/log/libabsl_log_sink.a
[546/665] Linking CXX static library _deps/protobuf-build/third_party/abseil-cpp/absl/synchronization/libabsl_synchronization.a
[547/665] Linking CXX static library _deps/protobuf-build/third_party/abseil-cpp/absl/container/libabsl_hashtablez_sampler.a
[548/665] Linking CXX static library _deps/protobuf-build/third_party/abseil-cpp/absl/container/libabsl_raw_hash_set.a
[549/665] Linking CXX static library _deps/protobuf-build/third_party/abseil-cpp/absl/flags/libabsl_flags_program_name.a
[550/665] Building CXX object _deps/google_benchmark-build/src/CMakeFiles/benchmark.dir/benchmark_api_internal.cc.o
[551/665] Linking CXX static library _deps/protobuf-build/third_party/abseil-cpp/absl/flags/libabsl_flags_config.a
[552/665] Linking CXX static library _deps/protobuf-build/third_party/abseil-cpp/absl/log/libabsl_vlog_config_internal.a
[553/665] Linking CXX static library _deps/protobuf-build/third_party/abseil-cpp/absl/flags/libabsl_flags_internal.a
[554/665] Linking CXX static library _deps/protobuf-build/third_party/abseil-cpp/absl/log/libabsl_log_globals.a
[555/665] Linking CXX static library _deps/protobuf-build/third_party/abseil-cpp/absl/strings/libabsl_cordz_handle.a
[556/665] Building CXX object _deps/google_benchmark-build/src/CMakeFiles/benchmark.dir/check.cc.o
[557/665] Linking CXX static library _deps/protobuf-build/third_party/abseil-cpp/absl/log/libabsl_log_internal_log_sink_set.a
[558/665] Linking CXX static library _deps/protobuf-build/third_party/abseil-cpp/absl/log/libabsl_log_initialize.a
[559/665] Linking CXX static library _deps/protobuf-build/third_party/abseil-cpp/absl/strings/libabsl_cordz_info.a
[560/665] Linking CXX static library _deps/protobuf-build/third_party/abseil-cpp/absl/log/libabsl_log_internal_message.a
[561/665] Linking CXX static library _deps/protobuf-build/third_party/abseil-cpp/absl/log/libabsl_log_internal_check_op.a
[562/665] Linking CXX static library _deps/protobuf-build/third_party/abseil-cpp/absl/strings/libabsl_cordz_sample_token.a
[563/665] Linking CXX static library _deps/protobuf-build/third_party/abseil-cpp/absl/strings/libabsl_cord.a
[564/665] Linking CXX static library _deps/protobuf-build/third_party/abseil-cpp/absl/log/libabsl_die_if_null.a
[565/665] Linking CXX static library _deps/protobuf-build/third_party/abseil-cpp/absl/flags/libabsl_flags_reflection.a
[566/665] Linking CXX static library _deps/protobuf-build/third_party/abseil-cpp/absl/status/libabsl_status.a
[567/665] Linking CXX static library _deps/protobuf-build/third_party/abseil-cpp/absl/log/libabsl_log_flags.a
[568/665] Linking CXX static library _deps/protobuf-build/third_party/abseil-cpp/absl/flags/libabsl_flags_usage_internal.a
[569/665] Linking CXX static library _deps/protobuf-build/third_party/abseil-cpp/absl/status/libabsl_statusor.a
[570/665] Linking CXX static library _deps/protobuf-build/third_party/abseil-cpp/absl/flags/libabsl_flags_usage.a
[571/665] Linking CXX static library _deps/protobuf-build/libprotobuf-lite.a
[572/665] Building CXX object _deps/google_benchmark-build/src/CMakeFiles/benchmark.dir/colorprint.cc.o
[573/665] Linking CXX static library _deps/protobuf-build/libprotobuf.a
[574/665] Linking CXX executable _deps/protobuf-build/protoc-gen-upb-29.3.0
[575/665] Creating executable symlink _deps/protobuf-build/protoc-gen-upb
[576/665] Linking CXX executable _deps/protobuf-build/protoc-gen-upbdefs-29.3.0
[577/665] Creating executable symlink _deps/protobuf-build/protoc-gen-upbdefs
[578/665] Linking CXX static library _deps/protobuf-build/third_party/abseil-cpp/absl/flags/libabsl_flags_parse.a
[579/665] Linking CXX executable _deps/protobuf-build/protoc-gen-upb_minitable-29.3.0
[580/665] Creating executable symlink _deps/protobuf-build/protoc-gen-upb_minitable
[581/665] Linking CXX static library _deps/protobuf-build/libprotoc.a
[582/665] Linking CXX executable _deps/protobuf-build/protoc-29.3.0
[583/665] Creating executable symlink _deps/protobuf-build/protoc
[584/665] Running cpp protocol buffer compiler on /home/tina.guest/tinylsm-post-opt-source/tinylsm/proto/manifest.proto
[585/665] Building CXX object _deps/google_benchmark-build/src/CMakeFiles/benchmark.dir/benchmark_runner.cc.o
[586/665] Building CXX object _deps/google_benchmark-build/src/CMakeFiles/benchmark.dir/commandlineflags.cc.o
[587/665] Building CXX object _deps/google_benchmark-build/src/CMakeFiles/benchmark.dir/complexity.cc.o
[588/665] Building CXX object src/CMakeFiles/tinylsm.dir/db/diagnostic_snapshot.cpp.o
[589/665] Building CXX object _deps/google_benchmark-build/src/CMakeFiles/benchmark.dir/benchmark.cc.o
[590/665] Building CXX object src/CMakeFiles/tinylsm.dir/db/snapshot_registry.cpp.o
[591/665] Building CXX object src/CMakeFiles/tinylsm.dir/db/filename.cpp.o
[592/665] Building CXX object src/CMakeFiles/tinylsm.dir/db/db.cpp.o
[593/665] Building CXX object src/CMakeFiles/tinylsm.dir/iterator/internal_iterator.cpp.o
[594/665] Building CXX object src/CMakeFiles/tinylsm.dir/manifest/manifest_state.cpp.o
[595/665] Building CXX object _deps/google_benchmark-build/src/CMakeFiles/benchmark.dir/benchmark_register.cc.o
[596/665] Building CXX object src/CMakeFiles/tinylsm.dir/io/file.cpp.o
[597/665] Building CXX object src/CMakeFiles/tinylsm.dir/sstable/block_cache.cpp.o
[598/665] Building CXX object src/CMakeFiles/tinylsm.dir/util/coding.cpp.o
[599/665] Building CXX object src/CMakeFiles/tinylsm.dir/util/crc32c.cpp.o
[600/665] Building CXX object src/CMakeFiles/tinylsm.dir/memtable/memtable.cpp.o
[601/665] Building CXX object src/CMakeFiles/tinylsm.dir/manifest/manifest_codec.cpp.o
In file included from /home/tina.guest/tinylsm-post-opt-source/tinylsm/build/benchmark/_deps/protobuf-src/third_party/abseil-cpp/absl/strings/internal/str_format/arg.h:35,
                 from /home/tina.guest/tinylsm-post-opt-source/tinylsm/build/benchmark/_deps/protobuf-src/third_party/abseil-cpp/absl/strings/str_format.h:83,
                 from /home/tina.guest/tinylsm-post-opt-source/tinylsm/build/benchmark/_deps/protobuf-src/third_party/abseil-cpp/absl/crc/crc32c.h:32,
                 from /home/tina.guest/tinylsm-post-opt-source/tinylsm/build/benchmark/_deps/protobuf-src/third_party/abseil-cpp/absl/crc/internal/crc_cord_state.h:23,
                 from /home/tina.guest/tinylsm-post-opt-source/tinylsm/build/benchmark/_deps/protobuf-src/third_party/abseil-cpp/absl/strings/cord.h:80,
                 from /home/tina.guest/tinylsm-post-opt-source/tinylsm/build/benchmark/_deps/protobuf-src/src/google/protobuf/io/coded_stream.h:111,
                 from /home/tina.guest/tinylsm-post-opt-source/tinylsm/build/benchmark/src/manifest.pb.h:20,
                 from /home/tina.guest/tinylsm-post-opt-source/tinylsm/src/manifest/manifest_codec.cpp:7:
/home/tina.guest/tinylsm-post-opt-source/tinylsm/build/benchmark/_deps/protobuf-src/third_party/abseil-cpp/absl/numeric/int128.h:107:22: warning: ISO C++ does not support ‘__int128’ for ‘type name’ [-Wpedantic]
  107 |     alignas(unsigned __int128)
      |                      ^~~~~~~~
/home/tina.guest/tinylsm-post-opt-source/tinylsm/build/benchmark/_deps/protobuf-src/third_party/abseil-cpp/absl/numeric/int128.h:121:21: warning: ISO C++ does not support ‘__int128’ for ‘v’ [-Wpedantic]
  121 |   constexpr uint128(__int128 v);           // NOLINT(runtime/explicit)
      |                     ^~~~~~~~
/home/tina.guest/tinylsm-post-opt-source/tinylsm/build/benchmark/_deps/protobuf-src/third_party/abseil-cpp/absl/numeric/int128.h:122:30: warning: ISO C++ does not support ‘__int128’ for ‘v’ [-Wpedantic]
  122 |   constexpr uint128(unsigned __int128 v);  // NOLINT(runtime/explicit)
      |                              ^~~~~~~~
/home/tina.guest/tinylsm-post-opt-source/tinylsm/build/benchmark/_deps/protobuf-src/third_party/abseil-cpp/absl/numeric/int128.h:137:22: warning: ISO C++ does not support ‘__int128’ for ‘v’ [-Wpedantic]
  137 |   uint128& operator=(__int128 v);
      |                      ^~~~~~~~
/home/tina.guest/tinylsm-post-opt-source/tinylsm/build/benchmark/_deps/protobuf-src/third_party/abseil-cpp/absl/numeric/int128.h:138:31: warning: ISO C++ does not support ‘__int128’ for ‘v’ [-Wpedantic]
  138 |   uint128& operator=(unsigned __int128 v);
      |                               ^~~~~~~~
/home/tina.guest/tinylsm-post-opt-source/tinylsm/build/benchmark/_deps/protobuf-src/third_party/abseil-cpp/absl/numeric/int128.h:163:31: warning: ISO C++ does not support ‘__int128’ for ‘type name’ [-Wpedantic]
  163 |   constexpr explicit operator __int128() const;
      |                               ^~~~~~~~
/home/tina.guest/tinylsm-post-opt-source/tinylsm/build/benchmark/_deps/protobuf-src/third_party/abseil-cpp/absl/numeric/int128.h:163:31: warning: ISO C++ does not support ‘__int128’ for ‘type name’ [-Wpedantic]
/home/tina.guest/tinylsm-post-opt-source/tinylsm/build/benchmark/_deps/protobuf-src/third_party/abseil-cpp/absl/numeric/int128.h:164:40: warning: ISO C++ does not support ‘__int128’ for ‘type name’ [-Wpedantic]
  164 |   constexpr explicit operator unsigned __int128() const;
      |                                        ^~~~~~~~
/home/tina.guest/tinylsm-post-opt-source/tinylsm/build/benchmark/_deps/protobuf-src/third_party/abseil-cpp/absl/numeric/int128.h:164:40: warning: ISO C++ does not support ‘__int128’ for ‘type name’ [-Wpedantic]
/home/tina.guest/tinylsm-post-opt-source/tinylsm/build/benchmark/_deps/protobuf-src/third_party/abseil-cpp/absl/numeric/int128.h:292:57: warning: ISO C++ does not support ‘__int128’ for ‘type name’ [-Wpedantic]
  292 |   static constexpr bool traps = numeric_limits<unsigned __int128>::traps;
      |                                                         ^~~~~~~~
/home/tina.guest/tinylsm-post-opt-source/tinylsm/build/benchmark/_deps/protobuf-src/third_party/abseil-cpp/absl/numeric/int128.h:359:20: warning: ISO C++ does not support ‘__int128’ for ‘v’ [-Wpedantic]
  359 |   constexpr int128(__int128 v);  // NOLINT(runtime/explicit)
      |                    ^~~~~~~~
/home/tina.guest/tinylsm-post-opt-source/tinylsm/build/benchmark/_deps/protobuf-src/third_party/abseil-cpp/absl/numeric/int128.h:360:38: warning: ISO C++ does not support ‘__int128’ for ‘v’ [-Wpedantic]
  360 |   constexpr explicit int128(unsigned __int128 v);
      |                                      ^~~~~~~~
/home/tina.guest/tinylsm-post-opt-source/tinylsm/build/benchmark/_deps/protobuf-src/third_party/abseil-cpp/absl/numeric/int128.h:375:21: warning: ISO C++ does not support ‘__int128’ for ‘v’ [-Wpedantic]
  375 |   int128& operator=(__int128 v);
      |                     ^~~~~~~~
/home/tina.guest/tinylsm-post-opt-source/tinylsm/build/benchmark/_deps/protobuf-src/third_party/abseil-cpp/absl/numeric/int128.h:399:31: warning: ISO C++ does not support ‘__int128’ for ‘type name’ [-Wpedantic]
  399 |   constexpr explicit operator __int128() const;
      |                               ^~~~~~~~
/home/tina.guest/tinylsm-post-opt-source/tinylsm/build/benchmark/_deps/protobuf-src/third_party/abseil-cpp/absl/numeric/int128.h:399:31: warning: ISO C++ does not support ‘__int128’ for ‘type name’ [-Wpedantic]
/home/tina.guest/tinylsm-post-opt-source/tinylsm/build/benchmark/_deps/protobuf-src/third_party/abseil-cpp/absl/numeric/int128.h:400:40: warning: ISO C++ does not support ‘__int128’ for ‘type name’ [-Wpedantic]
  400 |   constexpr explicit operator unsigned __int128() const;
      |                                        ^~~~~~~~
/home/tina.guest/tinylsm-post-opt-source/tinylsm/build/benchmark/_deps/protobuf-src/third_party/abseil-cpp/absl/numeric/int128.h:400:40: warning: ISO C++ does not support ‘__int128’ for ‘type name’ [-Wpedantic]
/home/tina.guest/tinylsm-post-opt-source/tinylsm/build/benchmark/_deps/protobuf-src/third_party/abseil-cpp/absl/numeric/int128.h:478:3: warning: ISO C++ does not support ‘__int128’ for ‘v_’ [-Wpedantic]
  478 |   __int128 v_;
      |   ^~~~~~~~
/home/tina.guest/tinylsm-post-opt-source/tinylsm/build/benchmark/_deps/protobuf-src/third_party/abseil-cpp/absl/numeric/int128.h:535:48: warning: ISO C++ does not support ‘__int128’ for ‘type name’ [-Wpedantic]
  535 |   static constexpr bool traps = numeric_limits<__int128>::traps;
      |                                                ^~~~~~~~
/home/tina.guest/tinylsm-post-opt-source/tinylsm/build/benchmark/_deps/protobuf-src/third_party/abseil-cpp/absl/numeric/int128.h:589:36: warning: ISO C++ does not support ‘__int128’ for ‘v’ [-Wpedantic]
  589 | inline uint128& uint128::operator=(__int128 v) { return *this = uint128(v); }
      |                                    ^~~~~~~~
/home/tina.guest/tinylsm-post-opt-source/tinylsm/build/benchmark/_deps/protobuf-src/third_party/abseil-cpp/absl/numeric/int128.h:591:45: warning: ISO C++ does not support ‘__int128’ for ‘v’ [-Wpedantic]
  591 | inline uint128& uint128::operator=(unsigned __int128 v) {
      |                                             ^~~~~~~~
/home/tina.guest/tinylsm-post-opt-source/tinylsm/build/benchmark/_deps/protobuf-src/third_party/abseil-cpp/absl/numeric/int128.h:670:28: warning: ISO C++ does not support ‘__int128’ for ‘v’ [-Wpedantic]
  670 | constexpr uint128::uint128(__int128 v)
      |                            ^~~~~~~~
/home/tina.guest/tinylsm-post-opt-source/tinylsm/build/benchmark/_deps/protobuf-src/third_party/abseil-cpp/absl/numeric/int128.h: In constructor ‘constexpr absl::lts_20240116::uint128::uint128(__int128)’:
/home/tina.guest/tinylsm-post-opt-source/tinylsm/build/benchmark/_deps/protobuf-src/third_party/abseil-cpp/absl/numeric/int128.h:672:54: warning: ISO C++ does not support ‘__int128’ for ‘type name’ [-Wpedantic]
  672 |       hi_{static_cast<uint64_t>(static_cast<unsigned __int128>(v) >> 64)} {}
      |                                                      ^~~~~~~~
/home/tina.guest/tinylsm-post-opt-source/tinylsm/build/benchmark/_deps/protobuf-src/third_party/abseil-cpp/absl/numeric/int128.h: At global scope:
/home/tina.guest/tinylsm-post-opt-source/tinylsm/build/benchmark/_deps/protobuf-src/third_party/abseil-cpp/absl/numeric/int128.h:673:37: warning: ISO C++ does not support ‘__int128’ for ‘v’ [-Wpedantic]
  673 | constexpr uint128::uint128(unsigned __int128 v)
      |                                     ^~~~~~~~
/home/tina.guest/tinylsm-post-opt-source/tinylsm/build/benchmark/_deps/protobuf-src/third_party/abseil-cpp/absl/numeric/int128.h:772:29: warning: ISO C++ does not support ‘__int128’ for ‘type name’ [-Wpedantic]
  772 | constexpr uint128::operator __int128() const {
      |                             ^~~~~~~~
/home/tina.guest/tinylsm-post-opt-source/tinylsm/build/benchmark/_deps/protobuf-src/third_party/abseil-cpp/absl/numeric/int128.h:772:29: warning: ISO C++ does not support ‘__int128’ for ‘type name’ [-Wpedantic]
/home/tina.guest/tinylsm-post-opt-source/tinylsm/build/benchmark/_deps/protobuf-src/third_party/abseil-cpp/absl/numeric/int128.h:772:29: warning: ISO C++ does not support ‘__int128’ for ‘type name’ [-Wpedantic]
/home/tina.guest/tinylsm-post-opt-source/tinylsm/build/benchmark/_deps/protobuf-src/third_party/abseil-cpp/absl/numeric/int128.h: In member function ‘constexpr absl::lts_20240116::uint128::operator __int128() const’:
/home/tina.guest/tinylsm-post-opt-source/tinylsm/build/benchmark/_deps/protobuf-src/third_party/abseil-cpp/absl/numeric/int128.h:773:23: warning: ISO C++ does not support ‘__int128’ for ‘type name’ [-Wpedantic]
  773 |   return (static_cast<__int128>(hi_) << 64) + lo_;
      |                       ^~~~~~~~
/home/tina.guest/tinylsm-post-opt-source/tinylsm/build/benchmark/_deps/protobuf-src/third_party/abseil-cpp/absl/numeric/int128.h: At global scope:
/home/tina.guest/tinylsm-post-opt-source/tinylsm/build/benchmark/_deps/protobuf-src/third_party/abseil-cpp/absl/numeric/int128.h:776:38: warning: ISO C++ does not support ‘__int128’ for ‘type name’ [-Wpedantic]
  776 | constexpr uint128::operator unsigned __int128() const {
      |                                      ^~~~~~~~
/home/tina.guest/tinylsm-post-opt-source/tinylsm/build/benchmark/_deps/protobuf-src/third_party/abseil-cpp/absl/numeric/int128.h:776:38: warning: ISO C++ does not support ‘__int128’ for ‘type name’ [-Wpedantic]
/home/tina.guest/tinylsm-post-opt-source/tinylsm/build/benchmark/_deps/protobuf-src/third_party/abseil-cpp/absl/numeric/int128.h:776:38: warning: ISO C++ does not support ‘__int128’ for ‘type name’ [-Wpedantic]
/home/tina.guest/tinylsm-post-opt-source/tinylsm/build/benchmark/_deps/protobuf-src/third_party/abseil-cpp/absl/numeric/int128.h: In member function ‘constexpr absl::lts_20240116::uint128::operator __int128 unsigned() const’:
/home/tina.guest/tinylsm-post-opt-source/tinylsm/build/benchmark/_deps/protobuf-src/third_party/abseil-cpp/absl/numeric/int128.h:777:32: warning: ISO C++ does not support ‘__int128’ for ‘type name’ [-Wpedantic]
  777 |   return (static_cast<unsigned __int128>(hi_) << 64) + lo_;
      |                                ^~~~~~~~
/home/tina.guest/tinylsm-post-opt-source/tinylsm/build/benchmark/_deps/protobuf-src/third_party/abseil-cpp/absl/numeric/int128.h: In function ‘constexpr bool absl::lts_20240116::operator==(uint128, uint128)’:
/home/tina.guest/tinylsm-post-opt-source/tinylsm/build/benchmark/_deps/protobuf-src/third_party/abseil-cpp/absl/numeric/int128.h:800:31: warning: ISO C++ does not support ‘__int128’ for ‘type name’ [-Wpedantic]
  800 |   return static_cast<unsigned __int128>(lhs) ==
      |                               ^~~~~~~~
/home/tina.guest/tinylsm-post-opt-source/tinylsm/build/benchmark/_deps/protobuf-src/third_party/abseil-cpp/absl/numeric/int128.h:801:31: warning: ISO C++ does not support ‘__int128’ for ‘type name’ [-Wpedantic]
  801 |          static_cast<unsigned __int128>(rhs);
      |                               ^~~~~~~~
/home/tina.guest/tinylsm-post-opt-source/tinylsm/build/benchmark/_deps/protobuf-src/third_party/abseil-cpp/absl/numeric/int128.h: In function ‘constexpr bool absl::lts_20240116::operator<(uint128, uint128)’:
/home/tina.guest/tinylsm-post-opt-source/tinylsm/build/benchmark/_deps/protobuf-src/third_party/abseil-cpp/absl/numeric/int128.h:812:31: warning: ISO C++ does not support ‘__int128’ for ‘type name’ [-Wpedantic]
  812 |   return static_cast<unsigned __int128>(lhs) <
      |                               ^~~~~~~~
/home/tina.guest/tinylsm-post-opt-source/tinylsm/build/benchmark/_deps/protobuf-src/third_party/abseil-cpp/absl/numeric/int128.h:813:31: warning: ISO C++ does not support ‘__int128’ for ‘type name’ [-Wpedantic]
  813 |          static_cast<unsigned __int128>(rhs);
      |                               ^~~~~~~~
/home/tina.guest/tinylsm-post-opt-source/tinylsm/build/benchmark/_deps/protobuf-src/third_party/abseil-cpp/absl/numeric/int128.h: In function ‘constexpr absl::lts_20240116::uint128 absl::lts_20240116::operator-(uint128)’:
/home/tina.guest/tinylsm-post-opt-source/tinylsm/build/benchmark/_deps/protobuf-src/third_party/abseil-cpp/absl/numeric/int128.h:835:32: warning: ISO C++ does not support ‘__int128’ for ‘type name’ [-Wpedantic]
  835 |   return -static_cast<unsigned __int128>(val);
      |                                ^~~~~~~~
/home/tina.guest/tinylsm-post-opt-source/tinylsm/build/benchmark/_deps/protobuf-src/third_party/abseil-cpp/absl/numeric/int128.h: In function ‘constexpr bool absl::lts_20240116::operator!(uint128)’:
/home/tina.guest/tinylsm-post-opt-source/tinylsm/build/benchmark/_deps/protobuf-src/third_party/abseil-cpp/absl/numeric/int128.h:845:32: warning: ISO C++ does not support ‘__int128’ for ‘type name’ [-Wpedantic]
  845 |   return !static_cast<unsigned __int128>(val);
      |                                ^~~~~~~~
/home/tina.guest/tinylsm-post-opt-source/tinylsm/build/benchmark/_deps/protobuf-src/third_party/abseil-cpp/absl/numeric/int128.h: In function ‘constexpr absl::lts_20240116::uint128 absl::lts_20240116::operator~(uint128)’:
/home/tina.guest/tinylsm-post-opt-source/tinylsm/build/benchmark/_deps/protobuf-src/third_party/abseil-cpp/absl/numeric/int128.h:855:32: warning: ISO C++ does not support ‘__int128’ for ‘type name’ [-Wpedantic]
  855 |   return ~static_cast<unsigned __int128>(val);
      |                                ^~~~~~~~
/home/tina.guest/tinylsm-post-opt-source/tinylsm/build/benchmark/_deps/protobuf-src/third_party/abseil-cpp/absl/numeric/int128.h: In function ‘constexpr absl::lts_20240116::uint128 absl::lts_20240116::operator|(uint128, uint128)’:
/home/tina.guest/tinylsm-post-opt-source/tinylsm/build/benchmark/_deps/protobuf-src/third_party/abseil-cpp/absl/numeric/int128.h:863:31: warning: ISO C++ does not support ‘__int128’ for ‘type name’ [-Wpedantic]
  863 |   return static_cast<unsigned __int128>(lhs) |
      |                               ^~~~~~~~
/home/tina.guest/tinylsm-post-opt-source/tinylsm/build/benchmark/_deps/protobuf-src/third_party/abseil-cpp/absl/numeric/int128.h:864:31: warning: ISO C++ does not support ‘__int128’ for ‘type name’ [-Wpedantic]
  864 |          static_cast<unsigned __int128>(rhs);
      |                               ^~~~~~~~
/home/tina.guest/tinylsm-post-opt-source/tinylsm/build/benchmark/_deps/protobuf-src/third_party/abseil-cpp/absl/numeric/int128.h: In function ‘constexpr absl::lts_20240116::uint128 absl::lts_20240116::operator&(uint128, uint128)’:
/home/tina.guest/tinylsm-post-opt-source/tinylsm/build/benchmark/_deps/protobuf-src/third_party/abseil-cpp/absl/numeric/int128.h:873:31: warning: ISO C++ does not support ‘__int128’ for ‘type name’ [-Wpedantic]
  873 |   return static_cast<unsigned __int128>(lhs) &
      |                               ^~~~~~~~
/home/tina.guest/tinylsm-post-opt-source/tinylsm/build/benchmark/_deps/protobuf-src/third_party/abseil-cpp/absl/numeric/int128.h:874:31: warning: ISO C++ does not support ‘__int128’ for ‘type name’ [-Wpedantic]
  874 |          static_cast<unsigned __int128>(rhs);
      |                               ^~~~~~~~
/home/tina.guest/tinylsm-post-opt-source/tinylsm/build/benchmark/_deps/protobuf-src/third_party/abseil-cpp/absl/numeric/int128.h: In function ‘constexpr absl::lts_20240116::uint128 absl::lts_20240116::operator^(uint128, uint128)’:
/home/tina.guest/tinylsm-post-opt-source/tinylsm/build/benchmark/_deps/protobuf-src/third_party/abseil-cpp/absl/numeric/int128.h:883:31: warning: ISO C++ does not support ‘__int128’ for ‘type name’ [-Wpedantic]
  883 |   return static_cast<unsigned __int128>(lhs) ^
      |                               ^~~~~~~~
/home/tina.guest/tinylsm-post-opt-source/tinylsm/build/benchmark/_deps/protobuf-src/third_party/abseil-cpp/absl/numeric/int128.h:884:31: warning: ISO C++ does not support ‘__int128’ for ‘type name’ [-Wpedantic]
  884 |          static_cast<unsigned __int128>(rhs);
      |                               ^~~~~~~~
/home/tina.guest/tinylsm-post-opt-source/tinylsm/build/benchmark/_deps/protobuf-src/third_party/abseil-cpp/absl/numeric/int128.h: In function ‘constexpr absl::lts_20240116::uint128 absl::lts_20240116::operator<<(uint128, int)’:
/home/tina.guest/tinylsm-post-opt-source/tinylsm/build/benchmark/_deps/protobuf-src/third_party/abseil-cpp/absl/numeric/int128.h:910:31: warning: ISO C++ does not support ‘__int128’ for ‘type name’ [-Wpedantic]
  910 |   return static_cast<unsigned __int128>(lhs) << amount;
      |                               ^~~~~~~~
/home/tina.guest/tinylsm-post-opt-source/tinylsm/build/benchmark/_deps/protobuf-src/third_party/abseil-cpp/absl/numeric/int128.h: In function ‘constexpr absl::lts_20240116::uint128 absl::lts_20240116::operator>>(uint128, int)’:
/home/tina.guest/tinylsm-post-opt-source/tinylsm/build/benchmark/_deps/protobuf-src/third_party/abseil-cpp/absl/numeric/int128.h:924:31: warning: ISO C++ does not support ‘__int128’ for ‘type name’ [-Wpedantic]
  924 |   return static_cast<unsigned __int128>(lhs) >> amount;
      |                               ^~~~~~~~
/home/tina.guest/tinylsm-post-opt-source/tinylsm/build/benchmark/_deps/protobuf-src/third_party/abseil-cpp/absl/numeric/int128.h: In function ‘constexpr absl::lts_20240116::uint128 absl::lts_20240116::operator+(uint128, uint128)’:
/home/tina.guest/tinylsm-post-opt-source/tinylsm/build/benchmark/_deps/protobuf-src/third_party/abseil-cpp/absl/numeric/int128.h:949:31: warning: ISO C++ does not support ‘__int128’ for ‘type name’ [-Wpedantic]
  949 |   return static_cast<unsigned __int128>(lhs) +
      |                               ^~~~~~~~
/home/tina.guest/tinylsm-post-opt-source/tinylsm/build/benchmark/_deps/protobuf-src/third_party/abseil-cpp/absl/numeric/int128.h:950:31: warning: ISO C++ does not support ‘__int128’ for ‘type name’ [-Wpedantic]
  950 |          static_cast<unsigned __int128>(rhs);
      |                               ^~~~~~~~
/home/tina.guest/tinylsm-post-opt-source/tinylsm/build/benchmark/_deps/protobuf-src/third_party/abseil-cpp/absl/numeric/int128.h: In function ‘constexpr absl::lts_20240116::uint128 absl::lts_20240116::operator-(uint128, uint128)’:
/home/tina.guest/tinylsm-post-opt-source/tinylsm/build/benchmark/_deps/protobuf-src/third_party/abseil-cpp/absl/numeric/int128.h:972:31: warning: ISO C++ does not support ‘__int128’ for ‘type name’ [-Wpedantic]
  972 |   return static_cast<unsigned __int128>(lhs) -
      |                               ^~~~~~~~
/home/tina.guest/tinylsm-post-opt-source/tinylsm/build/benchmark/_deps/protobuf-src/third_party/abseil-cpp/absl/numeric/int128.h:973:31: warning: ISO C++ does not support ‘__int128’ for ‘type name’ [-Wpedantic]
  973 |          static_cast<unsigned __int128>(rhs);
      |                               ^~~~~~~~
/home/tina.guest/tinylsm-post-opt-source/tinylsm/build/benchmark/_deps/protobuf-src/third_party/abseil-cpp/absl/numeric/int128.h: In function ‘absl::lts_20240116::uint128 absl::lts_20240116::operator*(uint128, uint128)’:
/home/tina.guest/tinylsm-post-opt-source/tinylsm/build/benchmark/_deps/protobuf-src/third_party/abseil-cpp/absl/numeric/int128.h:986:31: warning: ISO C++ does not support ‘__int128’ for ‘type name’ [-Wpedantic]
  986 |   return static_cast<unsigned __int128>(lhs) *
      |                               ^~~~~~~~
/home/tina.guest/tinylsm-post-opt-source/tinylsm/build/benchmark/_deps/protobuf-src/third_party/abseil-cpp/absl/numeric/int128.h:987:31: warning: ISO C++ does not support ‘__int128’ for ‘type name’ [-Wpedantic]
  987 |          static_cast<unsigned __int128>(rhs);
      |                               ^~~~~~~~
/home/tina.guest/tinylsm-post-opt-source/tinylsm/build/benchmark/_deps/protobuf-src/third_party/abseil-cpp/absl/numeric/int128.h: In function ‘absl::lts_20240116::uint128 absl::lts_20240116::operator/(uint128, uint128)’:
/home/tina.guest/tinylsm-post-opt-source/tinylsm/build/benchmark/_deps/protobuf-src/third_party/abseil-cpp/absl/numeric/int128.h:1011:31: warning: ISO C++ does not support ‘__int128’ for ‘type name’ [-Wpedantic]
 1011 |   return static_cast<unsigned __int128>(lhs) /
      |                               ^~~~~~~~
/home/tina.guest/tinylsm-post-opt-source/tinylsm/build/benchmark/_deps/protobuf-src/third_party/abseil-cpp/absl/numeric/int128.h:1012:31: warning: ISO C++ does not support ‘__int128’ for ‘type name’ [-Wpedantic]
 1012 |          static_cast<unsigned __int128>(rhs);
      |                               ^~~~~~~~
/home/tina.guest/tinylsm-post-opt-source/tinylsm/build/benchmark/_deps/protobuf-src/third_party/abseil-cpp/absl/numeric/int128.h: In function ‘absl::lts_20240116::uint128 absl::lts_20240116::operator%(uint128, uint128)’:
/home/tina.guest/tinylsm-post-opt-source/tinylsm/build/benchmark/_deps/protobuf-src/third_party/abseil-cpp/absl/numeric/int128.h:1016:31: warning: ISO C++ does not support ‘__int128’ for ‘type name’ [-Wpedantic]
 1016 |   return static_cast<unsigned __int128>(lhs) %
      |                               ^~~~~~~~
/home/tina.guest/tinylsm-post-opt-source/tinylsm/build/benchmark/_deps/protobuf-src/third_party/abseil-cpp/absl/numeric/int128.h:1017:31: warning: ISO C++ does not support ‘__int128’ for ‘type name’ [-Wpedantic]
 1017 |          static_cast<unsigned __int128>(rhs);
      |                               ^~~~~~~~
In file included from /home/tina.guest/tinylsm-post-opt-source/tinylsm/build/benchmark/_deps/protobuf-src/third_party/abseil-cpp/absl/numeric/int128.h:1152:
/home/tina.guest/tinylsm-post-opt-source/tinylsm/build/benchmark/_deps/protobuf-src/third_party/abseil-cpp/absl/numeric/int128_have_intrinsic.inc: At global scope:
/home/tina.guest/tinylsm-post-opt-source/tinylsm/build/benchmark/_deps/protobuf-src/third_party/abseil-cpp/absl/numeric/int128_have_intrinsic.inc:24:45: warning: ISO C++ does not support ‘__int128’ for ‘v’ [-Wpedantic]
   24 | constexpr __int128 BitCastToSigned(unsigned __int128 v) {
      |                                             ^~~~~~~~
/home/tina.guest/tinylsm-post-opt-source/tinylsm/build/benchmark/_deps/protobuf-src/third_party/abseil-cpp/absl/numeric/int128_have_intrinsic.inc:24:11: warning: ISO C++ does not support ‘__int128’ for ‘BitCastToSigned’ [-Wpedantic]
   24 | constexpr __int128 BitCastToSigned(unsigned __int128 v) {
      |           ^~~~~~~~
/home/tina.guest/tinylsm-post-opt-source/tinylsm/build/benchmark/_deps/protobuf-src/third_party/abseil-cpp/absl/numeric/int128_have_intrinsic.inc: In function ‘constexpr __int128 absl::lts_20240116::int128_internal::BitCastToSigned(__int128 unsigned)’:
/home/tina.guest/tinylsm-post-opt-source/tinylsm/build/benchmark/_deps/protobuf-src/third_party/abseil-cpp/absl/numeric/int128_have_intrinsic.inc:30:36: warning: ISO C++ does not support ‘__int128’ for ‘type name’ [-Wpedantic]
   30 |   return v & (static_cast<unsigned __int128>(1) << 127)
      |                                    ^~~~~~~~
/home/tina.guest/tinylsm-post-opt-source/tinylsm/build/benchmark/_deps/protobuf-src/third_party/abseil-cpp/absl/numeric/int128_have_intrinsic.inc:31:29: warning: ISO C++ does not support ‘__int128’ for ‘type name’ [-Wpedantic]
   31 |              ? ~static_cast<__int128>(~v)
      |                             ^~~~~~~~
/home/tina.guest/tinylsm-post-opt-source/tinylsm/build/benchmark/_deps/protobuf-src/third_party/abseil-cpp/absl/numeric/int128_have_intrinsic.inc:32:28: warning: ISO C++ does not support ‘__int128’ for ‘type name’ [-Wpedantic]
   32 |              : static_cast<__int128>(v);
      |                            ^~~~~~~~
/home/tina.guest/tinylsm-post-opt-source/tinylsm/build/benchmark/_deps/protobuf-src/third_party/abseil-cpp/absl/numeric/int128_have_intrinsic.inc: At global scope:
/home/tina.guest/tinylsm-post-opt-source/tinylsm/build/benchmark/_deps/protobuf-src/third_party/abseil-cpp/absl/numeric/int128_have_intrinsic.inc:37:34: warning: ISO C++ does not support ‘__int128’ for ‘v’ [-Wpedantic]
   37 | inline int128& int128::operator=(__int128 v) {
      |                                  ^~~~~~~~
/home/tina.guest/tinylsm-post-opt-source/tinylsm/build/benchmark/_deps/protobuf-src/third_party/abseil-cpp/absl/numeric/int128_have_intrinsic.inc: In function ‘constexpr int64_t absl::lts_20240116::Int128High64(int128)’:
/home/tina.guest/tinylsm-post-opt-source/tinylsm/build/benchmark/_deps/protobuf-src/third_party/abseil-cpp/absl/numeric/int128_have_intrinsic.inc:49:50: warning: ISO C++ does not support ‘__int128’ for ‘type name’ [-Wpedantic]
   49 |       static_cast<uint64_t>(static_cast<unsigned __int128>(v.v_) >> 64));
      |                                                  ^~~~~~~~
/home/tina.guest/tinylsm-post-opt-source/tinylsm/build/benchmark/_deps/protobuf-src/third_party/abseil-cpp/absl/numeric/int128_have_intrinsic.inc: In constructor ‘constexpr absl::lts_20240116::int128::int128(int64_t, uint64_t)’:
/home/tina.guest/tinylsm-post-opt-source/tinylsm/build/benchmark/_deps/protobuf-src/third_party/abseil-cpp/absl/numeric/int128_have_intrinsic.inc:54:64: warning: ISO C++ does not support ‘__int128’ for ‘type name’ [-Wpedantic]
   54 |     : v_(int128_internal::BitCastToSigned(static_cast<unsigned __int128>(high)
      |                                                                ^~~~~~~~
/home/tina.guest/tinylsm-post-opt-source/tinylsm/build/benchmark/_deps/protobuf-src/third_party/abseil-cpp/absl/numeric/int128_have_intrinsic.inc: At global scope:
/home/tina.guest/tinylsm-post-opt-source/tinylsm/build/benchmark/_deps/protobuf-src/third_party/abseil-cpp/absl/numeric/int128_have_intrinsic.inc:65:26: warning: ISO C++ does not support ‘__int128’ for ‘v’ [-Wpedantic]
   65 | constexpr int128::int128(__int128 v) : v_{v} {}
      |                          ^~~~~~~~
/home/tina.guest/tinylsm-post-opt-source/tinylsm/build/benchmark/_deps/protobuf-src/third_party/abseil-cpp/absl/numeric/int128_have_intrinsic.inc:74:35: warning: ISO C++ does not support ‘__int128’ for ‘v’ [-Wpedantic]
   74 | constexpr int128::int128(unsigned __int128 v) : v_{static_cast<__int128>(v)} {}
      |                                   ^~~~~~~~
/home/tina.guest/tinylsm-post-opt-source/tinylsm/build/benchmark/_deps/protobuf-src/third_party/abseil-cpp/absl/numeric/int128_have_intrinsic.inc: In constructor ‘constexpr absl::lts_20240116::int128::int128(__int128 unsigned)’:
/home/tina.guest/tinylsm-post-opt-source/tinylsm/build/benchmark/_deps/protobuf-src/third_party/abseil-cpp/absl/numeric/int128_have_intrinsic.inc:74:64: warning: ISO C++ does not support ‘__int128’ for ‘type name’ [-Wpedantic]
   74 | constexpr int128::int128(unsigned __int128 v) : v_{static_cast<__int128>(v)} {}
      |                                                                ^~~~~~~~
/home/tina.guest/tinylsm-post-opt-source/tinylsm/build/benchmark/_deps/protobuf-src/third_party/abseil-cpp/absl/numeric/int128_have_intrinsic.inc: In constructor ‘absl::lts_20240116::int128::int128(float)’:
/home/tina.guest/tinylsm-post-opt-source/tinylsm/build/benchmark/_deps/protobuf-src/third_party/abseil-cpp/absl/numeric/int128_have_intrinsic.inc:77:20: warning: ISO C++ does not support ‘__int128’ for ‘type name’ [-Wpedantic]
   77 |   v_ = static_cast<__int128>(v);
      |                    ^~~~~~~~
/home/tina.guest/tinylsm-post-opt-source/tinylsm/build/benchmark/_deps/protobuf-src/third_party/abseil-cpp/absl/numeric/int128_have_intrinsic.inc: In constructor ‘absl::lts_20240116::int128::int128(double)’:
/home/tina.guest/tinylsm-post-opt-source/tinylsm/build/benchmark/_deps/protobuf-src/third_party/abseil-cpp/absl/numeric/int128_have_intrinsic.inc:81:20: warning: ISO C++ does not support ‘__int128’ for ‘type name’ [-Wpedantic]
   81 |   v_ = static_cast<__int128>(v);
      |                    ^~~~~~~~
/home/tina.guest/tinylsm-post-opt-source/tinylsm/build/benchmark/_deps/protobuf-src/third_party/abseil-cpp/absl/numeric/int128_have_intrinsic.inc: In constructor ‘absl::lts_20240116::int128::int128(long double)’:
/home/tina.guest/tinylsm-post-opt-source/tinylsm/build/benchmark/_deps/protobuf-src/third_party/abseil-cpp/absl/numeric/int128_have_intrinsic.inc:85:20: warning: ISO C++ does not support ‘__int128’ for ‘type name’ [-Wpedantic]
   85 |   v_ = static_cast<__int128>(v);
      |                    ^~~~~~~~
/home/tina.guest/tinylsm-post-opt-source/tinylsm/build/benchmark/_deps/protobuf-src/third_party/abseil-cpp/absl/numeric/int128_have_intrinsic.inc: In constructor ‘constexpr absl::lts_20240116::int128::int128(absl::lts_20240116::uint128)’:
/home/tina.guest/tinylsm-post-opt-source/tinylsm/build/benchmark/_deps/protobuf-src/third_party/abseil-cpp/absl/numeric/int128_have_intrinsic.inc:88:54: warning: ISO C++ does not support ‘__int128’ for ‘type name’ [-Wpedantic]
   88 | constexpr int128::int128(uint128 v) : v_{static_cast<__int128>(v)} {}
      |                                                      ^~~~~~~~
/home/tina.guest/tinylsm-post-opt-source/tinylsm/build/benchmark/_deps/protobuf-src/third_party/abseil-cpp/absl/numeric/int128_have_intrinsic.inc: At global scope:
/home/tina.guest/tinylsm-post-opt-source/tinylsm/build/benchmark/_deps/protobuf-src/third_party/abseil-cpp/absl/numeric/int128_have_intrinsic.inc:146:28: warning: ISO C++ does not support ‘__int128’ for ‘type name’ [-Wpedantic]
  146 | constexpr int128::operator __int128() const { return v_; }
      |                            ^~~~~~~~
/home/tina.guest/tinylsm-post-opt-source/tinylsm/build/benchmark/_deps/protobuf-src/third_party/abseil-cpp/absl/numeric/int128_have_intrinsic.inc:146:28: warning: ISO C++ does not support ‘__int128’ for ‘type name’ [-Wpedantic]
/home/tina.guest/tinylsm-post-opt-source/tinylsm/build/benchmark/_deps/protobuf-src/third_party/abseil-cpp/absl/numeric/int128_have_intrinsic.inc:146:28: warning: ISO C++ does not support ‘__int128’ for ‘type name’ [-Wpedantic]
/home/tina.guest/tinylsm-post-opt-source/tinylsm/build/benchmark/_deps/protobuf-src/third_party/abseil-cpp/absl/numeric/int128_have_intrinsic.inc:148:37: warning: ISO C++ does not support ‘__int128’ for ‘type name’ [-Wpedantic]
  148 | constexpr int128::operator unsigned __int128() const {
      |                                     ^~~~~~~~
/home/tina.guest/tinylsm-post-opt-source/tinylsm/build/benchmark/_deps/protobuf-src/third_party/abseil-cpp/absl/numeric/int128_have_intrinsic.inc:148:37: warning: ISO C++ does not support ‘__int128’ for ‘type name’ [-Wpedantic]
/home/tina.guest/tinylsm-post-opt-source/tinylsm/build/benchmark/_deps/protobuf-src/third_party/abseil-cpp/absl/numeric/int128_have_intrinsic.inc:148:37: warning: ISO C++ does not support ‘__int128’ for ‘type name’ [-Wpedantic]
/home/tina.guest/tinylsm-post-opt-source/tinylsm/build/benchmark/_deps/protobuf-src/third_party/abseil-cpp/absl/numeric/int128_have_intrinsic.inc: In member function ‘constexpr absl::lts_20240116::int128::operator __int128 unsigned() const’:
/home/tina.guest/tinylsm-post-opt-source/tinylsm/build/benchmark/_deps/protobuf-src/third_party/abseil-cpp/absl/numeric/int128_have_intrinsic.inc:149:31: warning: ISO C++ does not support ‘__int128’ for ‘type name’ [-Wpedantic]
  149 |   return static_cast<unsigned __int128>(v_);
      |                               ^~~~~~~~
/home/tina.guest/tinylsm-post-opt-source/tinylsm/build/benchmark/_deps/protobuf-src/third_party/abseil-cpp/absl/numeric/int128_have_intrinsic.inc: In function ‘constexpr bool absl::lts_20240116::operator==(int128, int128)’:
/home/tina.guest/tinylsm-post-opt-source/tinylsm/build/benchmark/_deps/protobuf-src/third_party/abseil-cpp/absl/numeric/int128_have_intrinsic.inc:200:22: warning: ISO C++ does not support ‘__int128’ for ‘type name’ [-Wpedantic]
  200 |   return static_cast<__int128>(lhs) == static_cast<__int128>(rhs);
      |                      ^~~~~~~~
/home/tina.guest/tinylsm-post-opt-source/tinylsm/build/benchmark/_deps/protobuf-src/third_party/abseil-cpp/absl/numeric/int128_have_intrinsic.inc:200:52: warning: ISO C++ does not support ‘__int128’ for ‘type name’ [-Wpedantic]
  200 |   return static_cast<__int128>(lhs) == static_cast<__int128>(rhs);
      |                                                    ^~~~~~~~
/home/tina.guest/tinylsm-post-opt-source/tinylsm/build/benchmark/_deps/protobuf-src/third_party/abseil-cpp/absl/numeric/int128_have_intrinsic.inc: In function ‘constexpr bool absl::lts_20240116::operator!=(int128, int128)’:
/home/tina.guest/tinylsm-post-opt-source/tinylsm/build/benchmark/_deps/protobuf-src/third_party/abseil-cpp/absl/numeric/int128_have_intrinsic.inc:204:22: warning: ISO C++ does not support ‘__int128’ for ‘type name’ [-Wpedantic]
  204 |   return static_cast<__int128>(lhs) != static_cast<__int128>(rhs);
      |                      ^~~~~~~~
/home/tina.guest/tinylsm-post-opt-source/tinylsm/build/benchmark/_deps/protobuf-src/third_party/abseil-cpp/absl/numeric/int128_have_intrinsic.inc:204:52: warning: ISO C++ does not support ‘__int128’ for ‘type name’ [-Wpedantic]
  204 |   return static_cast<__int128>(lhs) != static_cast<__int128>(rhs);
      |                                                    ^~~~~~~~
/home/tina.guest/tinylsm-post-opt-source/tinylsm/build/benchmark/_deps/protobuf-src/third_party/abseil-cpp/absl/numeric/int128_have_intrinsic.inc: In function ‘constexpr bool absl::lts_20240116::operator<(int128, int128)’:
/home/tina.guest/tinylsm-post-opt-source/tinylsm/build/benchmark/_deps/protobuf-src/third_party/abseil-cpp/absl/numeric/int128_have_intrinsic.inc:208:22: warning: ISO C++ does not support ‘__int128’ for ‘type name’ [-Wpedantic]
  208 |   return static_cast<__int128>(lhs) < static_cast<__int128>(rhs);
      |                      ^~~~~~~~
/home/tina.guest/tinylsm-post-opt-source/tinylsm/build/benchmark/_deps/protobuf-src/third_party/abseil-cpp/absl/numeric/int128_have_intrinsic.inc:208:51: warning: ISO C++ does not support ‘__int128’ for ‘type name’ [-Wpedantic]
  208 |   return static_cast<__int128>(lhs) < static_cast<__int128>(rhs);
      |                                                   ^~~~~~~~
/home/tina.guest/tinylsm-post-opt-source/tinylsm/build/benchmark/_deps/protobuf-src/third_party/abseil-cpp/absl/numeric/int128_have_intrinsic.inc: In function ‘constexpr bool absl::lts_20240116::operator>(int128, int128)’:
/home/tina.guest/tinylsm-post-opt-source/tinylsm/build/benchmark/_deps/protobuf-src/third_party/abseil-cpp/absl/numeric/int128_have_intrinsic.inc:212:22: warning: ISO C++ does not support ‘__int128’ for ‘type name’ [-Wpedantic]
  212 |   return static_cast<__int128>(lhs) > static_cast<__int128>(rhs);
      |                      ^~~~~~~~
/home/tina.guest/tinylsm-post-opt-source/tinylsm/build/benchmark/_deps/protobuf-src/third_party/abseil-cpp/absl/numeric/int128_have_intrinsic.inc:212:51: warning: ISO C++ does not support ‘__int128’ for ‘type name’ [-Wpedantic]
  212 |   return static_cast<__int128>(lhs) > static_cast<__int128>(rhs);
      |                                                   ^~~~~~~~
/home/tina.guest/tinylsm-post-opt-source/tinylsm/build/benchmark/_deps/protobuf-src/third_party/abseil-cpp/absl/numeric/int128_have_intrinsic.inc: In function ‘constexpr bool absl::lts_20240116::operator<=(int128, int128)’:
/home/tina.guest/tinylsm-post-opt-source/tinylsm/build/benchmark/_deps/protobuf-src/third_party/abseil-cpp/absl/numeric/int128_have_intrinsic.inc:216:22: warning: ISO C++ does not support ‘__int128’ for ‘type name’ [-Wpedantic]
  216 |   return static_cast<__int128>(lhs) <= static_cast<__int128>(rhs);
      |                      ^~~~~~~~
/home/tina.guest/tinylsm-post-opt-source/tinylsm/build/benchmark/_deps/protobuf-src/third_party/abseil-cpp/absl/numeric/int128_have_intrinsic.inc:216:52: warning: ISO C++ does not support ‘__int128’ for ‘type name’ [-Wpedantic]
  216 |   return static_cast<__int128>(lhs) <= static_cast<__int128>(rhs);
      |                                                    ^~~~~~~~
/home/tina.guest/tinylsm-post-opt-source/tinylsm/build/benchmark/_deps/protobuf-src/third_party/abseil-cpp/absl/numeric/int128_have_intrinsic.inc: In function ‘constexpr bool absl::lts_20240116::operator>=(int128, int128)’:
/home/tina.guest/tinylsm-post-opt-source/tinylsm/build/benchmark/_deps/protobuf-src/third_party/abseil-cpp/absl/numeric/int128_have_intrinsic.inc:220:22: warning: ISO C++ does not support ‘__int128’ for ‘type name’ [-Wpedantic]
  220 |   return static_cast<__int128>(lhs) >= static_cast<__int128>(rhs);
      |                      ^~~~~~~~
/home/tina.guest/tinylsm-post-opt-source/tinylsm/build/benchmark/_deps/protobuf-src/third_party/abseil-cpp/absl/numeric/int128_have_intrinsic.inc:220:52: warning: ISO C++ does not support ‘__int128’ for ‘type name’ [-Wpedantic]
  220 |   return static_cast<__int128>(lhs) >= static_cast<__int128>(rhs);
      |                                                    ^~~~~~~~
/home/tina.guest/tinylsm-post-opt-source/tinylsm/build/benchmark/_deps/protobuf-src/third_party/abseil-cpp/absl/numeric/int128_have_intrinsic.inc: In function ‘constexpr absl::lts_20240116::int128 absl::lts_20240116::operator-(int128)’:
/home/tina.guest/tinylsm-post-opt-source/tinylsm/build/benchmark/_deps/protobuf-src/third_party/abseil-cpp/absl/numeric/int128_have_intrinsic.inc:225:60: warning: ISO C++ does not support ‘__int128’ for ‘type name’ [-Wpedantic]
  225 | constexpr int128 operator-(int128 v) { return -static_cast<__int128>(v); }
      |                                                            ^~~~~~~~
/home/tina.guest/tinylsm-post-opt-source/tinylsm/build/benchmark/_deps/protobuf-src/third_party/abseil-cpp/absl/numeric/int128_have_intrinsic.inc: In function ‘constexpr bool absl::lts_20240116::operator!(int128)’:
/home/tina.guest/tinylsm-post-opt-source/tinylsm/build/benchmark/_deps/protobuf-src/third_party/abseil-cpp/absl/numeric/int128_have_intrinsic.inc:227:58: warning: ISO C++ does not support ‘__int128’ for ‘type name’ [-Wpedantic]
  227 | constexpr bool operator!(int128 v) { return !static_cast<__int128>(v); }
      |                                                          ^~~~~~~~
/home/tina.guest/tinylsm-post-opt-source/tinylsm/build/benchmark/_deps/protobuf-src/third_party/abseil-cpp/absl/numeric/int128_have_intrinsic.inc: In function ‘constexpr absl::lts_20240116::int128 absl::lts_20240116::operator~(int128)’:
/home/tina.guest/tinylsm-post-opt-source/tinylsm/build/benchmark/_deps/protobuf-src/third_party/abseil-cpp/absl/numeric/int128_have_intrinsic.inc:229:62: warning: ISO C++ does not support ‘__int128’ for ‘type name’ [-Wpedantic]
  229 | constexpr int128 operator~(int128 val) { return ~static_cast<__int128>(val); }
      |                                                              ^~~~~~~~
/home/tina.guest/tinylsm-post-opt-source/tinylsm/build/benchmark/_deps/protobuf-src/third_party/abseil-cpp/absl/numeric/int128_have_intrinsic.inc: In function ‘constexpr absl::lts_20240116::int128 absl::lts_20240116::operator+(int128, int128)’:
/home/tina.guest/tinylsm-post-opt-source/tinylsm/build/benchmark/_deps/protobuf-src/third_party/abseil-cpp/absl/numeric/int128_have_intrinsic.inc:234:22: warning: ISO C++ does not support ‘__int128’ for ‘type name’ [-Wpedantic]
  234 |   return static_cast<__int128>(lhs) + static_cast<__int128>(rhs);
      |                      ^~~~~~~~
/home/tina.guest/tinylsm-post-opt-source/tinylsm/build/benchmark/_deps/protobuf-src/third_party/abseil-cpp/absl/numeric/int128_have_intrinsic.inc:234:51: warning: ISO C++ does not support ‘__int128’ for ‘type name’ [-Wpedantic]
  234 |   return static_cast<__int128>(lhs) + static_cast<__int128>(rhs);
      |                                                   ^~~~~~~~
/home/tina.guest/tinylsm-post-opt-source/tinylsm/build/benchmark/_deps/protobuf-src/third_party/abseil-cpp/absl/numeric/int128_have_intrinsic.inc: In function ‘constexpr absl::lts_20240116::int128 absl::lts_20240116::operator-(int128, int128)’:
/home/tina.guest/tinylsm-post-opt-source/tinylsm/build/benchmark/_deps/protobuf-src/third_party/abseil-cpp/absl/numeric/int128_have_intrinsic.inc:238:22: warning: ISO C++ does not support ‘__int128’ for ‘type name’ [-Wpedantic]
  238 |   return static_cast<__int128>(lhs) - static_cast<__int128>(rhs);
      |                      ^~~~~~~~
/home/tina.guest/tinylsm-post-opt-source/tinylsm/build/benchmark/_deps/protobuf-src/third_party/abseil-cpp/absl/numeric/int128_have_intrinsic.inc:238:51: warning: ISO C++ does not support ‘__int128’ for ‘type name’ [-Wpedantic]
  238 |   return static_cast<__int128>(lhs) - static_cast<__int128>(rhs);
      |                                                   ^~~~~~~~
/home/tina.guest/tinylsm-post-opt-source/tinylsm/build/benchmark/_deps/protobuf-src/third_party/abseil-cpp/absl/numeric/int128_have_intrinsic.inc: In function ‘absl::lts_20240116::int128 absl::lts_20240116::operator*(int128, int128)’:
/home/tina.guest/tinylsm-post-opt-source/tinylsm/build/benchmark/_deps/protobuf-src/third_party/abseil-cpp/absl/numeric/int128_have_intrinsic.inc:242:22: warning: ISO C++ does not support ‘__int128’ for ‘type name’ [-Wpedantic]
  242 |   return static_cast<__int128>(lhs) * static_cast<__int128>(rhs);
      |                      ^~~~~~~~
/home/tina.guest/tinylsm-post-opt-source/tinylsm/build/benchmark/_deps/protobuf-src/third_party/abseil-cpp/absl/numeric/int128_have_intrinsic.inc:242:51: warning: ISO C++ does not support ‘__int128’ for ‘type name’ [-Wpedantic]
  242 |   return static_cast<__int128>(lhs) * static_cast<__int128>(rhs);
      |                                                   ^~~~~~~~
/home/tina.guest/tinylsm-post-opt-source/tinylsm/build/benchmark/_deps/protobuf-src/third_party/abseil-cpp/absl/numeric/int128_have_intrinsic.inc: In function ‘absl::lts_20240116::int128 absl::lts_20240116::operator/(int128, int128)’:
/home/tina.guest/tinylsm-post-opt-source/tinylsm/build/benchmark/_deps/protobuf-src/third_party/abseil-cpp/absl/numeric/int128_have_intrinsic.inc:246:22: warning: ISO C++ does not support ‘__int128’ for ‘type name’ [-Wpedantic]
  246 |   return static_cast<__int128>(lhs) / static_cast<__int128>(rhs);
      |                      ^~~~~~~~
/home/tina.guest/tinylsm-post-opt-source/tinylsm/build/benchmark/_deps/protobuf-src/third_party/abseil-cpp/absl/numeric/int128_have_intrinsic.inc:246:51: warning: ISO C++ does not support ‘__int128’ for ‘type name’ [-Wpedantic]
  246 |   return static_cast<__int128>(lhs) / static_cast<__int128>(rhs);
      |                                                   ^~~~~~~~
/home/tina.guest/tinylsm-post-opt-source/tinylsm/build/benchmark/_deps/protobuf-src/third_party/abseil-cpp/absl/numeric/int128_have_intrinsic.inc: In function ‘absl::lts_20240116::int128 absl::lts_20240116::operator%(int128, int128)’:
/home/tina.guest/tinylsm-post-opt-source/tinylsm/build/benchmark/_deps/protobuf-src/third_party/abseil-cpp/absl/numeric/int128_have_intrinsic.inc:250:22: warning: ISO C++ does not support ‘__int128’ for ‘type name’ [-Wpedantic]
  250 |   return static_cast<__int128>(lhs) % static_cast<__int128>(rhs);
      |                      ^~~~~~~~
/home/tina.guest/tinylsm-post-opt-source/tinylsm/build/benchmark/_deps/protobuf-src/third_party/abseil-cpp/absl/numeric/int128_have_intrinsic.inc:250:51: warning: ISO C++ does not support ‘__int128’ for ‘type name’ [-Wpedantic]
  250 |   return static_cast<__int128>(lhs) % static_cast<__int128>(rhs);
      |                                                   ^~~~~~~~
/home/tina.guest/tinylsm-post-opt-source/tinylsm/build/benchmark/_deps/protobuf-src/third_party/abseil-cpp/absl/numeric/int128_have_intrinsic.inc: In function ‘constexpr absl::lts_20240116::int128 absl::lts_20240116::operator|(int128, int128)’:
/home/tina.guest/tinylsm-post-opt-source/tinylsm/build/benchmark/_deps/protobuf-src/third_party/abseil-cpp/absl/numeric/int128_have_intrinsic.inc:276:22: warning: ISO C++ does not support ‘__int128’ for ‘type name’ [-Wpedantic]
  276 |   return static_cast<__int128>(lhs) | static_cast<__int128>(rhs);
      |                      ^~~~~~~~
/home/tina.guest/tinylsm-post-opt-source/tinylsm/build/benchmark/_deps/protobuf-src/third_party/abseil-cpp/absl/numeric/int128_have_intrinsic.inc:276:51: warning: ISO C++ does not support ‘__int128’ for ‘type name’ [-Wpedantic]
  276 |   return static_cast<__int128>(lhs) | static_cast<__int128>(rhs);
      |                                                   ^~~~~~~~
/home/tina.guest/tinylsm-post-opt-source/tinylsm/build/benchmark/_deps/protobuf-src/third_party/abseil-cpp/absl/numeric/int128_have_intrinsic.inc: In function ‘constexpr absl::lts_20240116::int128 absl::lts_20240116::operator&(int128, int128)’:
/home/tina.guest/tinylsm-post-opt-source/tinylsm/build/benchmark/_deps/protobuf-src/third_party/abseil-cpp/absl/numeric/int128_have_intrinsic.inc:280:22: warning: ISO C++ does not support ‘__int128’ for ‘type name’ [-Wpedantic]
  280 |   return static_cast<__int128>(lhs) & static_cast<__int128>(rhs);
      |                      ^~~~~~~~
/home/tina.guest/tinylsm-post-opt-source/tinylsm/build/benchmark/_deps/protobuf-src/third_party/abseil-cpp/absl/numeric/int128_have_intrinsic.inc:280:51: warning: ISO C++ does not support ‘__int128’ for ‘type name’ [-Wpedantic]
  280 |   return static_cast<__int128>(lhs) & static_cast<__int128>(rhs);
      |                                                   ^~~~~~~~
/home/tina.guest/tinylsm-post-opt-source/tinylsm/build/benchmark/_deps/protobuf-src/third_party/abseil-cpp/absl/numeric/int128_have_intrinsic.inc: In function ‘constexpr absl::lts_20240116::int128 absl::lts_20240116::operator^(int128, int128)’:
/home/tina.guest/tinylsm-post-opt-source/tinylsm/build/benchmark/_deps/protobuf-src/third_party/abseil-cpp/absl/numeric/int128_have_intrinsic.inc:284:22: warning: ISO C++ does not support ‘__int128’ for ‘type name’ [-Wpedantic]
  284 |   return static_cast<__int128>(lhs) ^ static_cast<__int128>(rhs);
      |                      ^~~~~~~~
/home/tina.guest/tinylsm-post-opt-source/tinylsm/build/benchmark/_deps/protobuf-src/third_party/abseil-cpp/absl/numeric/int128_have_intrinsic.inc:284:51: warning: ISO C++ does not support ‘__int128’ for ‘type name’ [-Wpedantic]
  284 |   return static_cast<__int128>(lhs) ^ static_cast<__int128>(rhs);
      |                                                   ^~~~~~~~
/home/tina.guest/tinylsm-post-opt-source/tinylsm/build/benchmark/_deps/protobuf-src/third_party/abseil-cpp/absl/numeric/int128_have_intrinsic.inc: In function ‘constexpr absl::lts_20240116::int128 absl::lts_20240116::operator<<(int128, int)’:
/home/tina.guest/tinylsm-post-opt-source/tinylsm/build/benchmark/_deps/protobuf-src/third_party/abseil-cpp/absl/numeric/int128_have_intrinsic.inc:288:22: warning: ISO C++ does not support ‘__int128’ for ‘type name’ [-Wpedantic]
  288 |   return static_cast<__int128>(lhs) << amount;
      |                      ^~~~~~~~
/home/tina.guest/tinylsm-post-opt-source/tinylsm/build/benchmark/_deps/protobuf-src/third_party/abseil-cpp/absl/numeric/int128_have_intrinsic.inc: In function ‘constexpr absl::lts_20240116::int128 absl::lts_20240116::operator>>(int128, int)’:
/home/tina.guest/tinylsm-post-opt-source/tinylsm/build/benchmark/_deps/protobuf-src/third_party/abseil-cpp/absl/numeric/int128_have_intrinsic.inc:292:22: warning: ISO C++ does not support ‘__int128’ for ‘type name’ [-Wpedantic]
  292 |   return static_cast<__int128>(lhs) >> amount;
      |                      ^~~~~~~~
In file included from /home/tina.guest/tinylsm-post-opt-source/tinylsm/build/benchmark/_deps/protobuf-src/src/google/protobuf/arena.h:38,
                 from /home/tina.guest/tinylsm-post-opt-source/tinylsm/build/benchmark/src/manifest.pb.h:21:
/home/tina.guest/tinylsm-post-opt-source/tinylsm/build/benchmark/_deps/protobuf-src/src/google/protobuf/port.h: In function ‘void google::protobuf::internal::AssertDownCast(From*)’:
/home/tina.guest/tinylsm-post-opt-source/tinylsm/build/benchmark/_deps/protobuf-src/src/google/protobuf/port.h:181:5: warning: testing if a concept-id is a valid expression; add ‘requires’ to check satisfaction [-Wmissing-requires]
  181 |     std::derived_from<std::remove_pointer_t<To>,
      |     ^
      |     requires 
[602/665] Building CXX object src/CMakeFiles/tinylsm.dir/wal/wal_record_codec.cpp.o
[603/665] Building CXX object src/CMakeFiles/tinylsm.dir/wal/wal_writer.cpp.o
[604/665] Building CXX object src/CMakeFiles/tinylsm.dir/wal/wal_reader.cpp.o
[605/665] Building CXX object src/CMakeFiles/tinylsm.dir/sstable/sstable_reader.cpp.o
[606/665] Building CXX object src/CMakeFiles/tinylsm.dir/sstable/sstable_builder.cpp.o
[607/665] Building CXX object _deps/google_benchmark-build/src/CMakeFiles/benchmark.dir/counter.cc.o
[608/665] Building CXX object src/CMakeFiles/tinylsm.dir/db/db_impl.cpp.o
[609/665] Building CXX object _deps/google_benchmark-build/src/CMakeFiles/benchmark.dir/console_reporter.cc.o
[610/665] Building CXX object _deps/google_benchmark-build/src/CMakeFiles/benchmark.dir/perf_counters.cc.o
[611/665] Building CXX object _deps/google_benchmark-build/src/CMakeFiles/benchmark.dir/csv_reporter.cc.o
[612/665] Building CXX object _deps/google_benchmark-build/src/CMakeFiles/benchmark.dir/json_reporter.cc.o
[613/665] Building CXX object _deps/google_benchmark-build/src/CMakeFiles/benchmark.dir/reporter.cc.o
[614/665] Building CXX object _deps/google_benchmark-build/src/CMakeFiles/benchmark.dir/timers.cc.o
[615/665] Building CXX object _deps/google_benchmark-build/src/CMakeFiles/benchmark.dir/string_util.cc.o
[616/665] Building CXX object src/CMakeFiles/tinylsm.dir/manifest.pb.cc.o
In file included from /home/tina.guest/tinylsm-post-opt-source/tinylsm/build/benchmark/_deps/protobuf-src/third_party/abseil-cpp/absl/strings/internal/str_format/arg.h:35,
                 from /home/tina.guest/tinylsm-post-opt-source/tinylsm/build/benchmark/_deps/protobuf-src/third_party/abseil-cpp/absl/strings/str_format.h:83,
                 from /home/tina.guest/tinylsm-post-opt-source/tinylsm/build/benchmark/_deps/protobuf-src/third_party/abseil-cpp/absl/crc/crc32c.h:32,
                 from /home/tina.guest/tinylsm-post-opt-source/tinylsm/build/benchmark/_deps/protobuf-src/third_party/abseil-cpp/absl/crc/internal/crc_cord_state.h:23,
                 from /home/tina.guest/tinylsm-post-opt-source/tinylsm/build/benchmark/_deps/protobuf-src/third_party/abseil-cpp/absl/strings/cord.h:80,
                 from /home/tina.guest/tinylsm-post-opt-source/tinylsm/build/benchmark/_deps/protobuf-src/src/google/protobuf/io/coded_stream.h:111,
                 from /home/tina.guest/tinylsm-post-opt-source/tinylsm/build/benchmark/src/manifest.pb.h:20,
                 from /home/tina.guest/tinylsm-post-opt-source/tinylsm/build/benchmark/src/manifest.pb.cc:6:
/home/tina.guest/tinylsm-post-opt-source/tinylsm/build/benchmark/_deps/protobuf-src/third_party/abseil-cpp/absl/numeric/int128.h:107:22: warning: ISO C++ does not support ‘__int128’ for ‘type name’ [-Wpedantic]
  107 |     alignas(unsigned __int128)
      |                      ^~~~~~~~
/home/tina.guest/tinylsm-post-opt-source/tinylsm/build/benchmark/_deps/protobuf-src/third_party/abseil-cpp/absl/numeric/int128.h:121:21: warning: ISO C++ does not support ‘__int128’ for ‘v’ [-Wpedantic]
  121 |   constexpr uint128(__int128 v);           // NOLINT(runtime/explicit)
      |                     ^~~~~~~~
/home/tina.guest/tinylsm-post-opt-source/tinylsm/build/benchmark/_deps/protobuf-src/third_party/abseil-cpp/absl/numeric/int128.h:122:30: warning: ISO C++ does not support ‘__int128’ for ‘v’ [-Wpedantic]
  122 |   constexpr uint128(unsigned __int128 v);  // NOLINT(runtime/explicit)
      |                              ^~~~~~~~
/home/tina.guest/tinylsm-post-opt-source/tinylsm/build/benchmark/_deps/protobuf-src/third_party/abseil-cpp/absl/numeric/int128.h:137:22: warning: ISO C++ does not support ‘__int128’ for ‘v’ [-Wpedantic]
  137 |   uint128& operator=(__int128 v);
      |                      ^~~~~~~~
/home/tina.guest/tinylsm-post-opt-source/tinylsm/build/benchmark/_deps/protobuf-src/third_party/abseil-cpp/absl/numeric/int128.h:138:31: warning: ISO C++ does not support ‘__int128’ for ‘v’ [-Wpedantic]
  138 |   uint128& operator=(unsigned __int128 v);
      |                               ^~~~~~~~
/home/tina.guest/tinylsm-post-opt-source/tinylsm/build/benchmark/_deps/protobuf-src/third_party/abseil-cpp/absl/numeric/int128.h:163:31: warning: ISO C++ does not support ‘__int128’ for ‘type name’ [-Wpedantic]
  163 |   constexpr explicit operator __int128() const;
      |                               ^~~~~~~~
/home/tina.guest/tinylsm-post-opt-source/tinylsm/build/benchmark/_deps/protobuf-src/third_party/abseil-cpp/absl/numeric/int128.h:163:31: warning: ISO C++ does not support ‘__int128’ for ‘type name’ [-Wpedantic]
/home/tina.guest/tinylsm-post-opt-source/tinylsm/build/benchmark/_deps/protobuf-src/third_party/abseil-cpp/absl/numeric/int128.h:164:40: warning: ISO C++ does not support ‘__int128’ for ‘type name’ [-Wpedantic]
  164 |   constexpr explicit operator unsigned __int128() const;
      |                                        ^~~~~~~~
/home/tina.guest/tinylsm-post-opt-source/tinylsm/build/benchmark/_deps/protobuf-src/third_party/abseil-cpp/absl/numeric/int128.h:164:40: warning: ISO C++ does not support ‘__int128’ for ‘type name’ [-Wpedantic]
/home/tina.guest/tinylsm-post-opt-source/tinylsm/build/benchmark/_deps/protobuf-src/third_party/abseil-cpp/absl/numeric/int128.h:292:57: warning: ISO C++ does not support ‘__int128’ for ‘type name’ [-Wpedantic]
  292 |   static constexpr bool traps = numeric_limits<unsigned __int128>::traps;
      |                                                         ^~~~~~~~
/home/tina.guest/tinylsm-post-opt-source/tinylsm/build/benchmark/_deps/protobuf-src/third_party/abseil-cpp/absl/numeric/int128.h:359:20: warning: ISO C++ does not support ‘__int128’ for ‘v’ [-Wpedantic]
  359 |   constexpr int128(__int128 v);  // NOLINT(runtime/explicit)
      |                    ^~~~~~~~
/home/tina.guest/tinylsm-post-opt-source/tinylsm/build/benchmark/_deps/protobuf-src/third_party/abseil-cpp/absl/numeric/int128.h:360:38: warning: ISO C++ does not support ‘__int128’ for ‘v’ [-Wpedantic]
  360 |   constexpr explicit int128(unsigned __int128 v);
      |                                      ^~~~~~~~
/home/tina.guest/tinylsm-post-opt-source/tinylsm/build/benchmark/_deps/protobuf-src/third_party/abseil-cpp/absl/numeric/int128.h:375:21: warning: ISO C++ does not support ‘__int128’ for ‘v’ [-Wpedantic]
  375 |   int128& operator=(__int128 v);
      |                     ^~~~~~~~
/home/tina.guest/tinylsm-post-opt-source/tinylsm/build/benchmark/_deps/protobuf-src/third_party/abseil-cpp/absl/numeric/int128.h:399:31: warning: ISO C++ does not support ‘__int128’ for ‘type name’ [-Wpedantic]
  399 |   constexpr explicit operator __int128() const;
      |                               ^~~~~~~~
/home/tina.guest/tinylsm-post-opt-source/tinylsm/build/benchmark/_deps/protobuf-src/third_party/abseil-cpp/absl/numeric/int128.h:399:31: warning: ISO C++ does not support ‘__int128’ for ‘type name’ [-Wpedantic]
/home/tina.guest/tinylsm-post-opt-source/tinylsm/build/benchmark/_deps/protobuf-src/third_party/abseil-cpp/absl/numeric/int128.h:400:40: warning: ISO C++ does not support ‘__int128’ for ‘type name’ [-Wpedantic]
  400 |   constexpr explicit operator unsigned __int128() const;
      |                                        ^~~~~~~~
/home/tina.guest/tinylsm-post-opt-source/tinylsm/build/benchmark/_deps/protobuf-src/third_party/abseil-cpp/absl/numeric/int128.h:400:40: warning: ISO C++ does not support ‘__int128’ for ‘type name’ [-Wpedantic]
/home/tina.guest/tinylsm-post-opt-source/tinylsm/build/benchmark/_deps/protobuf-src/third_party/abseil-cpp/absl/numeric/int128.h:478:3: warning: ISO C++ does not support ‘__int128’ for ‘v_’ [-Wpedantic]
  478 |   __int128 v_;
      |   ^~~~~~~~
/home/tina.guest/tinylsm-post-opt-source/tinylsm/build/benchmark/_deps/protobuf-src/third_party/abseil-cpp/absl/numeric/int128.h:535:48: warning: ISO C++ does not support ‘__int128’ for ‘type name’ [-Wpedantic]
  535 |   static constexpr bool traps = numeric_limits<__int128>::traps;
      |                                                ^~~~~~~~
/home/tina.guest/tinylsm-post-opt-source/tinylsm/build/benchmark/_deps/protobuf-src/third_party/abseil-cpp/absl/numeric/int128.h:589:36: warning: ISO C++ does not support ‘__int128’ for ‘v’ [-Wpedantic]
  589 | inline uint128& uint128::operator=(__int128 v) { return *this = uint128(v); }
      |                                    ^~~~~~~~
/home/tina.guest/tinylsm-post-opt-source/tinylsm/build/benchmark/_deps/protobuf-src/third_party/abseil-cpp/absl/numeric/int128.h:591:45: warning: ISO C++ does not support ‘__int128’ for ‘v’ [-Wpedantic]
  591 | inline uint128& uint128::operator=(unsigned __int128 v) {
      |                                             ^~~~~~~~
/home/tina.guest/tinylsm-post-opt-source/tinylsm/build/benchmark/_deps/protobuf-src/third_party/abseil-cpp/absl/numeric/int128.h:670:28: warning: ISO C++ does not support ‘__int128’ for ‘v’ [-Wpedantic]
  670 | constexpr uint128::uint128(__int128 v)
      |                            ^~~~~~~~
/home/tina.guest/tinylsm-post-opt-source/tinylsm/build/benchmark/_deps/protobuf-src/third_party/abseil-cpp/absl/numeric/int128.h: In constructor ‘constexpr absl::lts_20240116::uint128::uint128(__int128)’:
/home/tina.guest/tinylsm-post-opt-source/tinylsm/build/benchmark/_deps/protobuf-src/third_party/abseil-cpp/absl/numeric/int128.h:672:54: warning: ISO C++ does not support ‘__int128’ for ‘type name’ [-Wpedantic]
  672 |       hi_{static_cast<uint64_t>(static_cast<unsigned __int128>(v) >> 64)} {}
      |                                                      ^~~~~~~~
/home/tina.guest/tinylsm-post-opt-source/tinylsm/build/benchmark/_deps/protobuf-src/third_party/abseil-cpp/absl/numeric/int128.h: At global scope:
/home/tina.guest/tinylsm-post-opt-source/tinylsm/build/benchmark/_deps/protobuf-src/third_party/abseil-cpp/absl/numeric/int128.h:673:37: warning: ISO C++ does not support ‘__int128’ for ‘v’ [-Wpedantic]
  673 | constexpr uint128::uint128(unsigned __int128 v)
      |                                     ^~~~~~~~
/home/tina.guest/tinylsm-post-opt-source/tinylsm/build/benchmark/_deps/protobuf-src/third_party/abseil-cpp/absl/numeric/int128.h:772:29: warning: ISO C++ does not support ‘__int128’ for ‘type name’ [-Wpedantic]
  772 | constexpr uint128::operator __int128() const {
      |                             ^~~~~~~~
/home/tina.guest/tinylsm-post-opt-source/tinylsm/build/benchmark/_deps/protobuf-src/third_party/abseil-cpp/absl/numeric/int128.h:772:29: warning: ISO C++ does not support ‘__int128’ for ‘type name’ [-Wpedantic]
/home/tina.guest/tinylsm-post-opt-source/tinylsm/build/benchmark/_deps/protobuf-src/third_party/abseil-cpp/absl/numeric/int128.h:772:29: warning: ISO C++ does not support ‘__int128’ for ‘type name’ [-Wpedantic]
/home/tina.guest/tinylsm-post-opt-source/tinylsm/build/benchmark/_deps/protobuf-src/third_party/abseil-cpp/absl/numeric/int128.h: In member function ‘constexpr absl::lts_20240116::uint128::operator __int128() const’:
/home/tina.guest/tinylsm-post-opt-source/tinylsm/build/benchmark/_deps/protobuf-src/third_party/abseil-cpp/absl/numeric/int128.h:773:23: warning: ISO C++ does not support ‘__int128’ for ‘type name’ [-Wpedantic]
  773 |   return (static_cast<__int128>(hi_) << 64) + lo_;
      |                       ^~~~~~~~
/home/tina.guest/tinylsm-post-opt-source/tinylsm/build/benchmark/_deps/protobuf-src/third_party/abseil-cpp/absl/numeric/int128.h: At global scope:
/home/tina.guest/tinylsm-post-opt-source/tinylsm/build/benchmark/_deps/protobuf-src/third_party/abseil-cpp/absl/numeric/int128.h:776:38: warning: ISO C++ does not support ‘__int128’ for ‘type name’ [-Wpedantic]
  776 | constexpr uint128::operator unsigned __int128() const {
      |                                      ^~~~~~~~
/home/tina.guest/tinylsm-post-opt-source/tinylsm/build/benchmark/_deps/protobuf-src/third_party/abseil-cpp/absl/numeric/int128.h:776:38: warning: ISO C++ does not support ‘__int128’ for ‘type name’ [-Wpedantic]
/home/tina.guest/tinylsm-post-opt-source/tinylsm/build/benchmark/_deps/protobuf-src/third_party/abseil-cpp/absl/numeric/int128.h:776:38: warning: ISO C++ does not support ‘__int128’ for ‘type name’ [-Wpedantic]
/home/tina.guest/tinylsm-post-opt-source/tinylsm/build/benchmark/_deps/protobuf-src/third_party/abseil-cpp/absl/numeric/int128.h: In member function ‘constexpr absl::lts_20240116::uint128::operator __int128 unsigned() const’:
/home/tina.guest/tinylsm-post-opt-source/tinylsm/build/benchmark/_deps/protobuf-src/third_party/abseil-cpp/absl/numeric/int128.h:777:32: warning: ISO C++ does not support ‘__int128’ for ‘type name’ [-Wpedantic]
  777 |   return (static_cast<unsigned __int128>(hi_) << 64) + lo_;
      |                                ^~~~~~~~
/home/tina.guest/tinylsm-post-opt-source/tinylsm/build/benchmark/_deps/protobuf-src/third_party/abseil-cpp/absl/numeric/int128.h: In function ‘constexpr bool absl::lts_20240116::operator==(uint128, uint128)’:
/home/tina.guest/tinylsm-post-opt-source/tinylsm/build/benchmark/_deps/protobuf-src/third_party/abseil-cpp/absl/numeric/int128.h:800:31: warning: ISO C++ does not support ‘__int128’ for ‘type name’ [-Wpedantic]
  800 |   return static_cast<unsigned __int128>(lhs) ==
      |                               ^~~~~~~~
/home/tina.guest/tinylsm-post-opt-source/tinylsm/build/benchmark/_deps/protobuf-src/third_party/abseil-cpp/absl/numeric/int128.h:801:31: warning: ISO C++ does not support ‘__int128’ for ‘type name’ [-Wpedantic]
  801 |          static_cast<unsigned __int128>(rhs);
      |                               ^~~~~~~~
/home/tina.guest/tinylsm-post-opt-source/tinylsm/build/benchmark/_deps/protobuf-src/third_party/abseil-cpp/absl/numeric/int128.h: In function ‘constexpr bool absl::lts_20240116::operator<(uint128, uint128)’:
/home/tina.guest/tinylsm-post-opt-source/tinylsm/build/benchmark/_deps/protobuf-src/third_party/abseil-cpp/absl/numeric/int128.h:812:31: warning: ISO C++ does not support ‘__int128’ for ‘type name’ [-Wpedantic]
  812 |   return static_cast<unsigned __int128>(lhs) <
      |                               ^~~~~~~~
/home/tina.guest/tinylsm-post-opt-source/tinylsm/build/benchmark/_deps/protobuf-src/third_party/abseil-cpp/absl/numeric/int128.h:813:31: warning: ISO C++ does not support ‘__int128’ for ‘type name’ [-Wpedantic]
  813 |          static_cast<unsigned __int128>(rhs);
      |                               ^~~~~~~~
/home/tina.guest/tinylsm-post-opt-source/tinylsm/build/benchmark/_deps/protobuf-src/third_party/abseil-cpp/absl/numeric/int128.h: In function ‘constexpr absl::lts_20240116::uint128 absl::lts_20240116::operator-(uint128)’:
/home/tina.guest/tinylsm-post-opt-source/tinylsm/build/benchmark/_deps/protobuf-src/third_party/abseil-cpp/absl/numeric/int128.h:835:32: warning: ISO C++ does not support ‘__int128’ for ‘type name’ [-Wpedantic]
  835 |   return -static_cast<unsigned __int128>(val);
      |                                ^~~~~~~~
/home/tina.guest/tinylsm-post-opt-source/tinylsm/build/benchmark/_deps/protobuf-src/third_party/abseil-cpp/absl/numeric/int128.h: In function ‘constexpr bool absl::lts_20240116::operator!(uint128)’:
/home/tina.guest/tinylsm-post-opt-source/tinylsm/build/benchmark/_deps/protobuf-src/third_party/abseil-cpp/absl/numeric/int128.h:845:32: warning: ISO C++ does not support ‘__int128’ for ‘type name’ [-Wpedantic]
  845 |   return !static_cast<unsigned __int128>(val);
      |                                ^~~~~~~~
/home/tina.guest/tinylsm-post-opt-source/tinylsm/build/benchmark/_deps/protobuf-src/third_party/abseil-cpp/absl/numeric/int128.h: In function ‘constexpr absl::lts_20240116::uint128 absl::lts_20240116::operator~(uint128)’:
/home/tina.guest/tinylsm-post-opt-source/tinylsm/build/benchmark/_deps/protobuf-src/third_party/abseil-cpp/absl/numeric/int128.h:855:32: warning: ISO C++ does not support ‘__int128’ for ‘type name’ [-Wpedantic]
  855 |   return ~static_cast<unsigned __int128>(val);
      |                                ^~~~~~~~
/home/tina.guest/tinylsm-post-opt-source/tinylsm/build/benchmark/_deps/protobuf-src/third_party/abseil-cpp/absl/numeric/int128.h: In function ‘constexpr absl::lts_20240116::uint128 absl::lts_20240116::operator|(uint128, uint128)’:
/home/tina.guest/tinylsm-post-opt-source/tinylsm/build/benchmark/_deps/protobuf-src/third_party/abseil-cpp/absl/numeric/int128.h:863:31: warning: ISO C++ does not support ‘__int128’ for ‘type name’ [-Wpedantic]
  863 |   return static_cast<unsigned __int128>(lhs) |
      |                               ^~~~~~~~
/home/tina.guest/tinylsm-post-opt-source/tinylsm/build/benchmark/_deps/protobuf-src/third_party/abseil-cpp/absl/numeric/int128.h:864:31: warning: ISO C++ does not support ‘__int128’ for ‘type name’ [-Wpedantic]
  864 |          static_cast<unsigned __int128>(rhs);
      |                               ^~~~~~~~
/home/tina.guest/tinylsm-post-opt-source/tinylsm/build/benchmark/_deps/protobuf-src/third_party/abseil-cpp/absl/numeric/int128.h: In function ‘constexpr absl::lts_20240116::uint128 absl::lts_20240116::operator&(uint128, uint128)’:
/home/tina.guest/tinylsm-post-opt-source/tinylsm/build/benchmark/_deps/protobuf-src/third_party/abseil-cpp/absl/numeric/int128.h:873:31: warning: ISO C++ does not support ‘__int128’ for ‘type name’ [-Wpedantic]
  873 |   return static_cast<unsigned __int128>(lhs) &
      |                               ^~~~~~~~
/home/tina.guest/tinylsm-post-opt-source/tinylsm/build/benchmark/_deps/protobuf-src/third_party/abseil-cpp/absl/numeric/int128.h:874:31: warning: ISO C++ does not support ‘__int128’ for ‘type name’ [-Wpedantic]
  874 |          static_cast<unsigned __int128>(rhs);
      |                               ^~~~~~~~
/home/tina.guest/tinylsm-post-opt-source/tinylsm/build/benchmark/_deps/protobuf-src/third_party/abseil-cpp/absl/numeric/int128.h: In function ‘constexpr absl::lts_20240116::uint128 absl::lts_20240116::operator^(uint128, uint128)’:
/home/tina.guest/tinylsm-post-opt-source/tinylsm/build/benchmark/_deps/protobuf-src/third_party/abseil-cpp/absl/numeric/int128.h:883:31: warning: ISO C++ does not support ‘__int128’ for ‘type name’ [-Wpedantic]
  883 |   return static_cast<unsigned __int128>(lhs) ^
      |                               ^~~~~~~~
/home/tina.guest/tinylsm-post-opt-source/tinylsm/build/benchmark/_deps/protobuf-src/third_party/abseil-cpp/absl/numeric/int128.h:884:31: warning: ISO C++ does not support ‘__int128’ for ‘type name’ [-Wpedantic]
  884 |          static_cast<unsigned __int128>(rhs);
      |                               ^~~~~~~~
/home/tina.guest/tinylsm-post-opt-source/tinylsm/build/benchmark/_deps/protobuf-src/third_party/abseil-cpp/absl/numeric/int128.h: In function ‘constexpr absl::lts_20240116::uint128 absl::lts_20240116::operator<<(uint128, int)’:
/home/tina.guest/tinylsm-post-opt-source/tinylsm/build/benchmark/_deps/protobuf-src/third_party/abseil-cpp/absl/numeric/int128.h:910:31: warning: ISO C++ does not support ‘__int128’ for ‘type name’ [-Wpedantic]
  910 |   return static_cast<unsigned __int128>(lhs) << amount;
      |                               ^~~~~~~~
/home/tina.guest/tinylsm-post-opt-source/tinylsm/build/benchmark/_deps/protobuf-src/third_party/abseil-cpp/absl/numeric/int128.h: In function ‘constexpr absl::lts_20240116::uint128 absl::lts_20240116::operator>>(uint128, int)’:
/home/tina.guest/tinylsm-post-opt-source/tinylsm/build/benchmark/_deps/protobuf-src/third_party/abseil-cpp/absl/numeric/int128.h:924:31: warning: ISO C++ does not support ‘__int128’ for ‘type name’ [-Wpedantic]
  924 |   return static_cast<unsigned __int128>(lhs) >> amount;
      |                               ^~~~~~~~
/home/tina.guest/tinylsm-post-opt-source/tinylsm/build/benchmark/_deps/protobuf-src/third_party/abseil-cpp/absl/numeric/int128.h: In function ‘constexpr absl::lts_20240116::uint128 absl::lts_20240116::operator+(uint128, uint128)’:
/home/tina.guest/tinylsm-post-opt-source/tinylsm/build/benchmark/_deps/protobuf-src/third_party/abseil-cpp/absl/numeric/int128.h:949:31: warning: ISO C++ does not support ‘__int128’ for ‘type name’ [-Wpedantic]
  949 |   return static_cast<unsigned __int128>(lhs) +
      |                               ^~~~~~~~
/home/tina.guest/tinylsm-post-opt-source/tinylsm/build/benchmark/_deps/protobuf-src/third_party/abseil-cpp/absl/numeric/int128.h:950:31: warning: ISO C++ does not support ‘__int128’ for ‘type name’ [-Wpedantic]
  950 |          static_cast<unsigned __int128>(rhs);
      |                               ^~~~~~~~
/home/tina.guest/tinylsm-post-opt-source/tinylsm/build/benchmark/_deps/protobuf-src/third_party/abseil-cpp/absl/numeric/int128.h: In function ‘constexpr absl::lts_20240116::uint128 absl::lts_20240116::operator-(uint128, uint128)’:
/home/tina.guest/tinylsm-post-opt-source/tinylsm/build/benchmark/_deps/protobuf-src/third_party/abseil-cpp/absl/numeric/int128.h:972:31: warning: ISO C++ does not support ‘__int128’ for ‘type name’ [-Wpedantic]
  972 |   return static_cast<unsigned __int128>(lhs) -
      |                               ^~~~~~~~
/home/tina.guest/tinylsm-post-opt-source/tinylsm/build/benchmark/_deps/protobuf-src/third_party/abseil-cpp/absl/numeric/int128.h:973:31: warning: ISO C++ does not support ‘__int128’ for ‘type name’ [-Wpedantic]
  973 |          static_cast<unsigned __int128>(rhs);
      |                               ^~~~~~~~
/home/tina.guest/tinylsm-post-opt-source/tinylsm/build/benchmark/_deps/protobuf-src/third_party/abseil-cpp/absl/numeric/int128.h: In function ‘absl::lts_20240116::uint128 absl::lts_20240116::operator*(uint128, uint128)’:
/home/tina.guest/tinylsm-post-opt-source/tinylsm/build/benchmark/_deps/protobuf-src/third_party/abseil-cpp/absl/numeric/int128.h:986:31: warning: ISO C++ does not support ‘__int128’ for ‘type name’ [-Wpedantic]
  986 |   return static_cast<unsigned __int128>(lhs) *
      |                               ^~~~~~~~
/home/tina.guest/tinylsm-post-opt-source/tinylsm/build/benchmark/_deps/protobuf-src/third_party/abseil-cpp/absl/numeric/int128.h:987:31: warning: ISO C++ does not support ‘__int128’ for ‘type name’ [-Wpedantic]
  987 |          static_cast<unsigned __int128>(rhs);
      |                               ^~~~~~~~
/home/tina.guest/tinylsm-post-opt-source/tinylsm/build/benchmark/_deps/protobuf-src/third_party/abseil-cpp/absl/numeric/int128.h: In function ‘absl::lts_20240116::uint128 absl::lts_20240116::operator/(uint128, uint128)’:
/home/tina.guest/tinylsm-post-opt-source/tinylsm/build/benchmark/_deps/protobuf-src/third_party/abseil-cpp/absl/numeric/int128.h:1011:31: warning: ISO C++ does not support ‘__int128’ for ‘type name’ [-Wpedantic]
 1011 |   return static_cast<unsigned __int128>(lhs) /
      |                               ^~~~~~~~
/home/tina.guest/tinylsm-post-opt-source/tinylsm/build/benchmark/_deps/protobuf-src/third_party/abseil-cpp/absl/numeric/int128.h:1012:31: warning: ISO C++ does not support ‘__int128’ for ‘type name’ [-Wpedantic]
 1012 |          static_cast<unsigned __int128>(rhs);
      |                               ^~~~~~~~
/home/tina.guest/tinylsm-post-opt-source/tinylsm/build/benchmark/_deps/protobuf-src/third_party/abseil-cpp/absl/numeric/int128.h: In function ‘absl::lts_20240116::uint128 absl::lts_20240116::operator%(uint128, uint128)’:
/home/tina.guest/tinylsm-post-opt-source/tinylsm/build/benchmark/_deps/protobuf-src/third_party/abseil-cpp/absl/numeric/int128.h:1016:31: warning: ISO C++ does not support ‘__int128’ for ‘type name’ [-Wpedantic]
 1016 |   return static_cast<unsigned __int128>(lhs) %
      |                               ^~~~~~~~
/home/tina.guest/tinylsm-post-opt-source/tinylsm/build/benchmark/_deps/protobuf-src/third_party/abseil-cpp/absl/numeric/int128.h:1017:31: warning: ISO C++ does not support ‘__int128’ for ‘type name’ [-Wpedantic]
 1017 |          static_cast<unsigned __int128>(rhs);
      |                               ^~~~~~~~
In file included from /home/tina.guest/tinylsm-post-opt-source/tinylsm/build/benchmark/_deps/protobuf-src/third_party/abseil-cpp/absl/numeric/int128.h:1152:
/home/tina.guest/tinylsm-post-opt-source/tinylsm/build/benchmark/_deps/protobuf-src/third_party/abseil-cpp/absl/numeric/int128_have_intrinsic.inc: At global scope:
/home/tina.guest/tinylsm-post-opt-source/tinylsm/build/benchmark/_deps/protobuf-src/third_party/abseil-cpp/absl/numeric/int128_have_intrinsic.inc:24:45: warning: ISO C++ does not support ‘__int128’ for ‘v’ [-Wpedantic]
   24 | constexpr __int128 BitCastToSigned(unsigned __int128 v) {
      |                                             ^~~~~~~~
/home/tina.guest/tinylsm-post-opt-source/tinylsm/build/benchmark/_deps/protobuf-src/third_party/abseil-cpp/absl/numeric/int128_have_intrinsic.inc:24:11: warning: ISO C++ does not support ‘__int128’ for ‘BitCastToSigned’ [-Wpedantic]
   24 | constexpr __int128 BitCastToSigned(unsigned __int128 v) {
      |           ^~~~~~~~
/home/tina.guest/tinylsm-post-opt-source/tinylsm/build/benchmark/_deps/protobuf-src/third_party/abseil-cpp/absl/numeric/int128_have_intrinsic.inc: In function ‘constexpr __int128 absl::lts_20240116::int128_internal::BitCastToSigned(__int128 unsigned)’:
/home/tina.guest/tinylsm-post-opt-source/tinylsm/build/benchmark/_deps/protobuf-src/third_party/abseil-cpp/absl/numeric/int128_have_intrinsic.inc:30:36: warning: ISO C++ does not support ‘__int128’ for ‘type name’ [-Wpedantic]
   30 |   return v & (static_cast<unsigned __int128>(1) << 127)
      |                                    ^~~~~~~~
/home/tina.guest/tinylsm-post-opt-source/tinylsm/build/benchmark/_deps/protobuf-src/third_party/abseil-cpp/absl/numeric/int128_have_intrinsic.inc:31:29: warning: ISO C++ does not support ‘__int128’ for ‘type name’ [-Wpedantic]
   31 |              ? ~static_cast<__int128>(~v)
      |                             ^~~~~~~~
/home/tina.guest/tinylsm-post-opt-source/tinylsm/build/benchmark/_deps/protobuf-src/third_party/abseil-cpp/absl/numeric/int128_have_intrinsic.inc:32:28: warning: ISO C++ does not support ‘__int128’ for ‘type name’ [-Wpedantic]
   32 |              : static_cast<__int128>(v);
      |                            ^~~~~~~~
/home/tina.guest/tinylsm-post-opt-source/tinylsm/build/benchmark/_deps/protobuf-src/third_party/abseil-cpp/absl/numeric/int128_have_intrinsic.inc: At global scope:
/home/tina.guest/tinylsm-post-opt-source/tinylsm/build/benchmark/_deps/protobuf-src/third_party/abseil-cpp/absl/numeric/int128_have_intrinsic.inc:37:34: warning: ISO C++ does not support ‘__int128’ for ‘v’ [-Wpedantic]
   37 | inline int128& int128::operator=(__int128 v) {
      |                                  ^~~~~~~~
/home/tina.guest/tinylsm-post-opt-source/tinylsm/build/benchmark/_deps/protobuf-src/third_party/abseil-cpp/absl/numeric/int128_have_intrinsic.inc: In function ‘constexpr int64_t absl::lts_20240116::Int128High64(int128)’:
/home/tina.guest/tinylsm-post-opt-source/tinylsm/build/benchmark/_deps/protobuf-src/third_party/abseil-cpp/absl/numeric/int128_have_intrinsic.inc:49:50: warning: ISO C++ does not support ‘__int128’ for ‘type name’ [-Wpedantic]
   49 |       static_cast<uint64_t>(static_cast<unsigned __int128>(v.v_) >> 64));
      |                                                  ^~~~~~~~
/home/tina.guest/tinylsm-post-opt-source/tinylsm/build/benchmark/_deps/protobuf-src/third_party/abseil-cpp/absl/numeric/int128_have_intrinsic.inc: In constructor ‘constexpr absl::lts_20240116::int128::int128(int64_t, uint64_t)’:
/home/tina.guest/tinylsm-post-opt-source/tinylsm/build/benchmark/_deps/protobuf-src/third_party/abseil-cpp/absl/numeric/int128_have_intrinsic.inc:54:64: warning: ISO C++ does not support ‘__int128’ for ‘type name’ [-Wpedantic]
   54 |     : v_(int128_internal::BitCastToSigned(static_cast<unsigned __int128>(high)
      |                                                                ^~~~~~~~
/home/tina.guest/tinylsm-post-opt-source/tinylsm/build/benchmark/_deps/protobuf-src/third_party/abseil-cpp/absl/numeric/int128_have_intrinsic.inc: At global scope:
/home/tina.guest/tinylsm-post-opt-source/tinylsm/build/benchmark/_deps/protobuf-src/third_party/abseil-cpp/absl/numeric/int128_have_intrinsic.inc:65:26: warning: ISO C++ does not support ‘__int128’ for ‘v’ [-Wpedantic]
   65 | constexpr int128::int128(__int128 v) : v_{v} {}
      |                          ^~~~~~~~
/home/tina.guest/tinylsm-post-opt-source/tinylsm/build/benchmark/_deps/protobuf-src/third_party/abseil-cpp/absl/numeric/int128_have_intrinsic.inc:74:35: warning: ISO C++ does not support ‘__int128’ for ‘v’ [-Wpedantic]
   74 | constexpr int128::int128(unsigned __int128 v) : v_{static_cast<__int128>(v)} {}
      |                                   ^~~~~~~~
/home/tina.guest/tinylsm-post-opt-source/tinylsm/build/benchmark/_deps/protobuf-src/third_party/abseil-cpp/absl/numeric/int128_have_intrinsic.inc: In constructor ‘constexpr absl::lts_20240116::int128::int128(__int128 unsigned)’:
/home/tina.guest/tinylsm-post-opt-source/tinylsm/build/benchmark/_deps/protobuf-src/third_party/abseil-cpp/absl/numeric/int128_have_intrinsic.inc:74:64: warning: ISO C++ does not support ‘__int128’ for ‘type name’ [-Wpedantic]
   74 | constexpr int128::int128(unsigned __int128 v) : v_{static_cast<__int128>(v)} {}
      |                                                                ^~~~~~~~
/home/tina.guest/tinylsm-post-opt-source/tinylsm/build/benchmark/_deps/protobuf-src/third_party/abseil-cpp/absl/numeric/int128_have_intrinsic.inc: In constructor ‘absl::lts_20240116::int128::int128(float)’:
/home/tina.guest/tinylsm-post-opt-source/tinylsm/build/benchmark/_deps/protobuf-src/third_party/abseil-cpp/absl/numeric/int128_have_intrinsic.inc:77:20: warning: ISO C++ does not support ‘__int128’ for ‘type name’ [-Wpedantic]
   77 |   v_ = static_cast<__int128>(v);
      |                    ^~~~~~~~
/home/tina.guest/tinylsm-post-opt-source/tinylsm/build/benchmark/_deps/protobuf-src/third_party/abseil-cpp/absl/numeric/int128_have_intrinsic.inc: In constructor ‘absl::lts_20240116::int128::int128(double)’:
/home/tina.guest/tinylsm-post-opt-source/tinylsm/build/benchmark/_deps/protobuf-src/third_party/abseil-cpp/absl/numeric/int128_have_intrinsic.inc:81:20: warning: ISO C++ does not support ‘__int128’ for ‘type name’ [-Wpedantic]
   81 |   v_ = static_cast<__int128>(v);
      |                    ^~~~~~~~
/home/tina.guest/tinylsm-post-opt-source/tinylsm/build/benchmark/_deps/protobuf-src/third_party/abseil-cpp/absl/numeric/int128_have_intrinsic.inc: In constructor ‘absl::lts_20240116::int128::int128(long double)’:
/home/tina.guest/tinylsm-post-opt-source/tinylsm/build/benchmark/_deps/protobuf-src/third_party/abseil-cpp/absl/numeric/int128_have_intrinsic.inc:85:20: warning: ISO C++ does not support ‘__int128’ for ‘type name’ [-Wpedantic]
   85 |   v_ = static_cast<__int128>(v);
      |                    ^~~~~~~~
/home/tina.guest/tinylsm-post-opt-source/tinylsm/build/benchmark/_deps/protobuf-src/third_party/abseil-cpp/absl/numeric/int128_have_intrinsic.inc: In constructor ‘constexpr absl::lts_20240116::int128::int128(absl::lts_20240116::uint128)’:
/home/tina.guest/tinylsm-post-opt-source/tinylsm/build/benchmark/_deps/protobuf-src/third_party/abseil-cpp/absl/numeric/int128_have_intrinsic.inc:88:54: warning: ISO C++ does not support ‘__int128’ for ‘type name’ [-Wpedantic]
   88 | constexpr int128::int128(uint128 v) : v_{static_cast<__int128>(v)} {}
      |                                                      ^~~~~~~~
/home/tina.guest/tinylsm-post-opt-source/tinylsm/build/benchmark/_deps/protobuf-src/third_party/abseil-cpp/absl/numeric/int128_have_intrinsic.inc: At global scope:
/home/tina.guest/tinylsm-post-opt-source/tinylsm/build/benchmark/_deps/protobuf-src/third_party/abseil-cpp/absl/numeric/int128_have_intrinsic.inc:146:28: warning: ISO C++ does not support ‘__int128’ for ‘type name’ [-Wpedantic]
  146 | constexpr int128::operator __int128() const { return v_; }
      |                            ^~~~~~~~
/home/tina.guest/tinylsm-post-opt-source/tinylsm/build/benchmark/_deps/protobuf-src/third_party/abseil-cpp/absl/numeric/int128_have_intrinsic.inc:146:28: warning: ISO C++ does not support ‘__int128’ for ‘type name’ [-Wpedantic]
/home/tina.guest/tinylsm-post-opt-source/tinylsm/build/benchmark/_deps/protobuf-src/third_party/abseil-cpp/absl/numeric/int128_have_intrinsic.inc:146:28: warning: ISO C++ does not support ‘__int128’ for ‘type name’ [-Wpedantic]
/home/tina.guest/tinylsm-post-opt-source/tinylsm/build/benchmark/_deps/protobuf-src/third_party/abseil-cpp/absl/numeric/int128_have_intrinsic.inc:148:37: warning: ISO C++ does not support ‘__int128’ for ‘type name’ [-Wpedantic]
  148 | constexpr int128::operator unsigned __int128() const {
      |                                     ^~~~~~~~
/home/tina.guest/tinylsm-post-opt-source/tinylsm/build/benchmark/_deps/protobuf-src/third_party/abseil-cpp/absl/numeric/int128_have_intrinsic.inc:148:37: warning: ISO C++ does not support ‘__int128’ for ‘type name’ [-Wpedantic]
/home/tina.guest/tinylsm-post-opt-source/tinylsm/build/benchmark/_deps/protobuf-src/third_party/abseil-cpp/absl/numeric/int128_have_intrinsic.inc:148:37: warning: ISO C++ does not support ‘__int128’ for ‘type name’ [-Wpedantic]
/home/tina.guest/tinylsm-post-opt-source/tinylsm/build/benchmark/_deps/protobuf-src/third_party/abseil-cpp/absl/numeric/int128_have_intrinsic.inc: In member function ‘constexpr absl::lts_20240116::int128::operator __int128 unsigned() const’:
/home/tina.guest/tinylsm-post-opt-source/tinylsm/build/benchmark/_deps/protobuf-src/third_party/abseil-cpp/absl/numeric/int128_have_intrinsic.inc:149:31: warning: ISO C++ does not support ‘__int128’ for ‘type name’ [-Wpedantic]
  149 |   return static_cast<unsigned __int128>(v_);
      |                               ^~~~~~~~
/home/tina.guest/tinylsm-post-opt-source/tinylsm/build/benchmark/_deps/protobuf-src/third_party/abseil-cpp/absl/numeric/int128_have_intrinsic.inc: In function ‘constexpr bool absl::lts_20240116::operator==(int128, int128)’:
/home/tina.guest/tinylsm-post-opt-source/tinylsm/build/benchmark/_deps/protobuf-src/third_party/abseil-cpp/absl/numeric/int128_have_intrinsic.inc:200:22: warning: ISO C++ does not support ‘__int128’ for ‘type name’ [-Wpedantic]
  200 |   return static_cast<__int128>(lhs) == static_cast<__int128>(rhs);
      |                      ^~~~~~~~
/home/tina.guest/tinylsm-post-opt-source/tinylsm/build/benchmark/_deps/protobuf-src/third_party/abseil-cpp/absl/numeric/int128_have_intrinsic.inc:200:52: warning: ISO C++ does not support ‘__int128’ for ‘type name’ [-Wpedantic]
  200 |   return static_cast<__int128>(lhs) == static_cast<__int128>(rhs);
      |                                                    ^~~~~~~~
/home/tina.guest/tinylsm-post-opt-source/tinylsm/build/benchmark/_deps/protobuf-src/third_party/abseil-cpp/absl/numeric/int128_have_intrinsic.inc: In function ‘constexpr bool absl::lts_20240116::operator!=(int128, int128)’:
/home/tina.guest/tinylsm-post-opt-source/tinylsm/build/benchmark/_deps/protobuf-src/third_party/abseil-cpp/absl/numeric/int128_have_intrinsic.inc:204:22: warning: ISO C++ does not support ‘__int128’ for ‘type name’ [-Wpedantic]
  204 |   return static_cast<__int128>(lhs) != static_cast<__int128>(rhs);
      |                      ^~~~~~~~
/home/tina.guest/tinylsm-post-opt-source/tinylsm/build/benchmark/_deps/protobuf-src/third_party/abseil-cpp/absl/numeric/int128_have_intrinsic.inc:204:52: warning: ISO C++ does not support ‘__int128’ for ‘type name’ [-Wpedantic]
  204 |   return static_cast<__int128>(lhs) != static_cast<__int128>(rhs);
      |                                                    ^~~~~~~~
/home/tina.guest/tinylsm-post-opt-source/tinylsm/build/benchmark/_deps/protobuf-src/third_party/abseil-cpp/absl/numeric/int128_have_intrinsic.inc: In function ‘constexpr bool absl::lts_20240116::operator<(int128, int128)’:
/home/tina.guest/tinylsm-post-opt-source/tinylsm/build/benchmark/_deps/protobuf-src/third_party/abseil-cpp/absl/numeric/int128_have_intrinsic.inc:208:22: warning: ISO C++ does not support ‘__int128’ for ‘type name’ [-Wpedantic]
  208 |   return static_cast<__int128>(lhs) < static_cast<__int128>(rhs);
      |                      ^~~~~~~~
/home/tina.guest/tinylsm-post-opt-source/tinylsm/build/benchmark/_deps/protobuf-src/third_party/abseil-cpp/absl/numeric/int128_have_intrinsic.inc:208:51: warning: ISO C++ does not support ‘__int128’ for ‘type name’ [-Wpedantic]
  208 |   return static_cast<__int128>(lhs) < static_cast<__int128>(rhs);
      |                                                   ^~~~~~~~
/home/tina.guest/tinylsm-post-opt-source/tinylsm/build/benchmark/_deps/protobuf-src/third_party/abseil-cpp/absl/numeric/int128_have_intrinsic.inc: In function ‘constexpr bool absl::lts_20240116::operator>(int128, int128)’:
/home/tina.guest/tinylsm-post-opt-source/tinylsm/build/benchmark/_deps/protobuf-src/third_party/abseil-cpp/absl/numeric/int128_have_intrinsic.inc:212:22: warning: ISO C++ does not support ‘__int128’ for ‘type name’ [-Wpedantic]
  212 |   return static_cast<__int128>(lhs) > static_cast<__int128>(rhs);
      |                      ^~~~~~~~
/home/tina.guest/tinylsm-post-opt-source/tinylsm/build/benchmark/_deps/protobuf-src/third_party/abseil-cpp/absl/numeric/int128_have_intrinsic.inc:212:51: warning: ISO C++ does not support ‘__int128’ for ‘type name’ [-Wpedantic]
  212 |   return static_cast<__int128>(lhs) > static_cast<__int128>(rhs);
      |                                                   ^~~~~~~~
/home/tina.guest/tinylsm-post-opt-source/tinylsm/build/benchmark/_deps/protobuf-src/third_party/abseil-cpp/absl/numeric/int128_have_intrinsic.inc: In function ‘constexpr bool absl::lts_20240116::operator<=(int128, int128)’:
/home/tina.guest/tinylsm-post-opt-source/tinylsm/build/benchmark/_deps/protobuf-src/third_party/abseil-cpp/absl/numeric/int128_have_intrinsic.inc:216:22: warning: ISO C++ does not support ‘__int128’ for ‘type name’ [-Wpedantic]
  216 |   return static_cast<__int128>(lhs) <= static_cast<__int128>(rhs);
      |                      ^~~~~~~~
/home/tina.guest/tinylsm-post-opt-source/tinylsm/build/benchmark/_deps/protobuf-src/third_party/abseil-cpp/absl/numeric/int128_have_intrinsic.inc:216:52: warning: ISO C++ does not support ‘__int128’ for ‘type name’ [-Wpedantic]
  216 |   return static_cast<__int128>(lhs) <= static_cast<__int128>(rhs);
      |                                                    ^~~~~~~~
/home/tina.guest/tinylsm-post-opt-source/tinylsm/build/benchmark/_deps/protobuf-src/third_party/abseil-cpp/absl/numeric/int128_have_intrinsic.inc: In function ‘constexpr bool absl::lts_20240116::operator>=(int128, int128)’:
/home/tina.guest/tinylsm-post-opt-source/tinylsm/build/benchmark/_deps/protobuf-src/third_party/abseil-cpp/absl/numeric/int128_have_intrinsic.inc:220:22: warning: ISO C++ does not support ‘__int128’ for ‘type name’ [-Wpedantic]
  220 |   return static_cast<__int128>(lhs) >= static_cast<__int128>(rhs);
      |                      ^~~~~~~~
/home/tina.guest/tinylsm-post-opt-source/tinylsm/build/benchmark/_deps/protobuf-src/third_party/abseil-cpp/absl/numeric/int128_have_intrinsic.inc:220:52: warning: ISO C++ does not support ‘__int128’ for ‘type name’ [-Wpedantic]
  220 |   return static_cast<__int128>(lhs) >= static_cast<__int128>(rhs);
      |                                                    ^~~~~~~~
/home/tina.guest/tinylsm-post-opt-source/tinylsm/build/benchmark/_deps/protobuf-src/third_party/abseil-cpp/absl/numeric/int128_have_intrinsic.inc: In function ‘constexpr absl::lts_20240116::int128 absl::lts_20240116::operator-(int128)’:
/home/tina.guest/tinylsm-post-opt-source/tinylsm/build/benchmark/_deps/protobuf-src/third_party/abseil-cpp/absl/numeric/int128_have_intrinsic.inc:225:60: warning: ISO C++ does not support ‘__int128’ for ‘type name’ [-Wpedantic]
  225 | constexpr int128 operator-(int128 v) { return -static_cast<__int128>(v); }
      |                                                            ^~~~~~~~
/home/tina.guest/tinylsm-post-opt-source/tinylsm/build/benchmark/_deps/protobuf-src/third_party/abseil-cpp/absl/numeric/int128_have_intrinsic.inc: In function ‘constexpr bool absl::lts_20240116::operator!(int128)’:
/home/tina.guest/tinylsm-post-opt-source/tinylsm/build/benchmark/_deps/protobuf-src/third_party/abseil-cpp/absl/numeric/int128_have_intrinsic.inc:227:58: warning: ISO C++ does not support ‘__int128’ for ‘type name’ [-Wpedantic]
  227 | constexpr bool operator!(int128 v) { return !static_cast<__int128>(v); }
      |                                                          ^~~~~~~~
/home/tina.guest/tinylsm-post-opt-source/tinylsm/build/benchmark/_deps/protobuf-src/third_party/abseil-cpp/absl/numeric/int128_have_intrinsic.inc: In function ‘constexpr absl::lts_20240116::int128 absl::lts_20240116::operator~(int128)’:
/home/tina.guest/tinylsm-post-opt-source/tinylsm/build/benchmark/_deps/protobuf-src/third_party/abseil-cpp/absl/numeric/int128_have_intrinsic.inc:229:62: warning: ISO C++ does not support ‘__int128’ for ‘type name’ [-Wpedantic]
  229 | constexpr int128 operator~(int128 val) { return ~static_cast<__int128>(val); }
      |                                                              ^~~~~~~~
/home/tina.guest/tinylsm-post-opt-source/tinylsm/build/benchmark/_deps/protobuf-src/third_party/abseil-cpp/absl/numeric/int128_have_intrinsic.inc: In function ‘constexpr absl::lts_20240116::int128 absl::lts_20240116::operator+(int128, int128)’:
/home/tina.guest/tinylsm-post-opt-source/tinylsm/build/benchmark/_deps/protobuf-src/third_party/abseil-cpp/absl/numeric/int128_have_intrinsic.inc:234:22: warning: ISO C++ does not support ‘__int128’ for ‘type name’ [-Wpedantic]
  234 |   return static_cast<__int128>(lhs) + static_cast<__int128>(rhs);
      |                      ^~~~~~~~
/home/tina.guest/tinylsm-post-opt-source/tinylsm/build/benchmark/_deps/protobuf-src/third_party/abseil-cpp/absl/numeric/int128_have_intrinsic.inc:234:51: warning: ISO C++ does not support ‘__int128’ for ‘type name’ [-Wpedantic]
  234 |   return static_cast<__int128>(lhs) + static_cast<__int128>(rhs);
      |                                                   ^~~~~~~~
/home/tina.guest/tinylsm-post-opt-source/tinylsm/build/benchmark/_deps/protobuf-src/third_party/abseil-cpp/absl/numeric/int128_have_intrinsic.inc: In function ‘constexpr absl::lts_20240116::int128 absl::lts_20240116::operator-(int128, int128)’:
/home/tina.guest/tinylsm-post-opt-source/tinylsm/build/benchmark/_deps/protobuf-src/third_party/abseil-cpp/absl/numeric/int128_have_intrinsic.inc:238:22: warning: ISO C++ does not support ‘__int128’ for ‘type name’ [-Wpedantic]
  238 |   return static_cast<__int128>(lhs) - static_cast<__int128>(rhs);
      |                      ^~~~~~~~
/home/tina.guest/tinylsm-post-opt-source/tinylsm/build/benchmark/_deps/protobuf-src/third_party/abseil-cpp/absl/numeric/int128_have_intrinsic.inc:238:51: warning: ISO C++ does not support ‘__int128’ for ‘type name’ [-Wpedantic]
  238 |   return static_cast<__int128>(lhs) - static_cast<__int128>(rhs);
      |                                                   ^~~~~~~~
/home/tina.guest/tinylsm-post-opt-source/tinylsm/build/benchmark/_deps/protobuf-src/third_party/abseil-cpp/absl/numeric/int128_have_intrinsic.inc: In function ‘absl::lts_20240116::int128 absl::lts_20240116::operator*(int128, int128)’:
/home/tina.guest/tinylsm-post-opt-source/tinylsm/build/benchmark/_deps/protobuf-src/third_party/abseil-cpp/absl/numeric/int128_have_intrinsic.inc:242:22: warning: ISO C++ does not support ‘__int128’ for ‘type name’ [-Wpedantic]
  242 |   return static_cast<__int128>(lhs) * static_cast<__int128>(rhs);
      |                      ^~~~~~~~
/home/tina.guest/tinylsm-post-opt-source/tinylsm/build/benchmark/_deps/protobuf-src/third_party/abseil-cpp/absl/numeric/int128_have_intrinsic.inc:242:51: warning: ISO C++ does not support ‘__int128’ for ‘type name’ [-Wpedantic]
  242 |   return static_cast<__int128>(lhs) * static_cast<__int128>(rhs);
      |                                                   ^~~~~~~~
/home/tina.guest/tinylsm-post-opt-source/tinylsm/build/benchmark/_deps/protobuf-src/third_party/abseil-cpp/absl/numeric/int128_have_intrinsic.inc: In function ‘absl::lts_20240116::int128 absl::lts_20240116::operator/(int128, int128)’:
/home/tina.guest/tinylsm-post-opt-source/tinylsm/build/benchmark/_deps/protobuf-src/third_party/abseil-cpp/absl/numeric/int128_have_intrinsic.inc:246:22: warning: ISO C++ does not support ‘__int128’ for ‘type name’ [-Wpedantic]
  246 |   return static_cast<__int128>(lhs) / static_cast<__int128>(rhs);
      |                      ^~~~~~~~
/home/tina.guest/tinylsm-post-opt-source/tinylsm/build/benchmark/_deps/protobuf-src/third_party/abseil-cpp/absl/numeric/int128_have_intrinsic.inc:246:51: warning: ISO C++ does not support ‘__int128’ for ‘type name’ [-Wpedantic]
  246 |   return static_cast<__int128>(lhs) / static_cast<__int128>(rhs);
      |                                                   ^~~~~~~~
/home/tina.guest/tinylsm-post-opt-source/tinylsm/build/benchmark/_deps/protobuf-src/third_party/abseil-cpp/absl/numeric/int128_have_intrinsic.inc: In function ‘absl::lts_20240116::int128 absl::lts_20240116::operator%(int128, int128)’:
/home/tina.guest/tinylsm-post-opt-source/tinylsm/build/benchmark/_deps/protobuf-src/third_party/abseil-cpp/absl/numeric/int128_have_intrinsic.inc:250:22: warning: ISO C++ does not support ‘__int128’ for ‘type name’ [-Wpedantic]
  250 |   return static_cast<__int128>(lhs) % static_cast<__int128>(rhs);
      |                      ^~~~~~~~
/home/tina.guest/tinylsm-post-opt-source/tinylsm/build/benchmark/_deps/protobuf-src/third_party/abseil-cpp/absl/numeric/int128_have_intrinsic.inc:250:51: warning: ISO C++ does not support ‘__int128’ for ‘type name’ [-Wpedantic]
  250 |   return static_cast<__int128>(lhs) % static_cast<__int128>(rhs);
      |                                                   ^~~~~~~~
/home/tina.guest/tinylsm-post-opt-source/tinylsm/build/benchmark/_deps/protobuf-src/third_party/abseil-cpp/absl/numeric/int128_have_intrinsic.inc: In function ‘constexpr absl::lts_20240116::int128 absl::lts_20240116::operator|(int128, int128)’:
/home/tina.guest/tinylsm-post-opt-source/tinylsm/build/benchmark/_deps/protobuf-src/third_party/abseil-cpp/absl/numeric/int128_have_intrinsic.inc:276:22: warning: ISO C++ does not support ‘__int128’ for ‘type name’ [-Wpedantic]
  276 |   return static_cast<__int128>(lhs) | static_cast<__int128>(rhs);
      |                      ^~~~~~~~
/home/tina.guest/tinylsm-post-opt-source/tinylsm/build/benchmark/_deps/protobuf-src/third_party/abseil-cpp/absl/numeric/int128_have_intrinsic.inc:276:51: warning: ISO C++ does not support ‘__int128’ for ‘type name’ [-Wpedantic]
  276 |   return static_cast<__int128>(lhs) | static_cast<__int128>(rhs);
      |                                                   ^~~~~~~~
/home/tina.guest/tinylsm-post-opt-source/tinylsm/build/benchmark/_deps/protobuf-src/third_party/abseil-cpp/absl/numeric/int128_have_intrinsic.inc: In function ‘constexpr absl::lts_20240116::int128 absl::lts_20240116::operator&(int128, int128)’:
/home/tina.guest/tinylsm-post-opt-source/tinylsm/build/benchmark/_deps/protobuf-src/third_party/abseil-cpp/absl/numeric/int128_have_intrinsic.inc:280:22: warning: ISO C++ does not support ‘__int128’ for ‘type name’ [-Wpedantic]
  280 |   return static_cast<__int128>(lhs) & static_cast<__int128>(rhs);
      |                      ^~~~~~~~
/home/tina.guest/tinylsm-post-opt-source/tinylsm/build/benchmark/_deps/protobuf-src/third_party/abseil-cpp/absl/numeric/int128_have_intrinsic.inc:280:51: warning: ISO C++ does not support ‘__int128’ for ‘type name’ [-Wpedantic]
  280 |   return static_cast<__int128>(lhs) & static_cast<__int128>(rhs);
      |                                                   ^~~~~~~~
/home/tina.guest/tinylsm-post-opt-source/tinylsm/build/benchmark/_deps/protobuf-src/third_party/abseil-cpp/absl/numeric/int128_have_intrinsic.inc: In function ‘constexpr absl::lts_20240116::int128 absl::lts_20240116::operator^(int128, int128)’:
/home/tina.guest/tinylsm-post-opt-source/tinylsm/build/benchmark/_deps/protobuf-src/third_party/abseil-cpp/absl/numeric/int128_have_intrinsic.inc:284:22: warning: ISO C++ does not support ‘__int128’ for ‘type name’ [-Wpedantic]
  284 |   return static_cast<__int128>(lhs) ^ static_cast<__int128>(rhs);
      |                      ^~~~~~~~
/home/tina.guest/tinylsm-post-opt-source/tinylsm/build/benchmark/_deps/protobuf-src/third_party/abseil-cpp/absl/numeric/int128_have_intrinsic.inc:284:51: warning: ISO C++ does not support ‘__int128’ for ‘type name’ [-Wpedantic]
  284 |   return static_cast<__int128>(lhs) ^ static_cast<__int128>(rhs);
      |                                                   ^~~~~~~~
/home/tina.guest/tinylsm-post-opt-source/tinylsm/build/benchmark/_deps/protobuf-src/third_party/abseil-cpp/absl/numeric/int128_have_intrinsic.inc: In function ‘constexpr absl::lts_20240116::int128 absl::lts_20240116::operator<<(int128, int)’:
/home/tina.guest/tinylsm-post-opt-source/tinylsm/build/benchmark/_deps/protobuf-src/third_party/abseil-cpp/absl/numeric/int128_have_intrinsic.inc:288:22: warning: ISO C++ does not support ‘__int128’ for ‘type name’ [-Wpedantic]
  288 |   return static_cast<__int128>(lhs) << amount;
      |                      ^~~~~~~~
/home/tina.guest/tinylsm-post-opt-source/tinylsm/build/benchmark/_deps/protobuf-src/third_party/abseil-cpp/absl/numeric/int128_have_intrinsic.inc: In function ‘constexpr absl::lts_20240116::int128 absl::lts_20240116::operator>>(int128, int)’:
/home/tina.guest/tinylsm-post-opt-source/tinylsm/build/benchmark/_deps/protobuf-src/third_party/abseil-cpp/absl/numeric/int128_have_intrinsic.inc:292:22: warning: ISO C++ does not support ‘__int128’ for ‘type name’ [-Wpedantic]
  292 |   return static_cast<__int128>(lhs) >> amount;
      |                      ^~~~~~~~
In file included from /home/tina.guest/tinylsm-post-opt-source/tinylsm/build/benchmark/_deps/protobuf-src/src/google/protobuf/arena.h:38,
                 from /home/tina.guest/tinylsm-post-opt-source/tinylsm/build/benchmark/src/manifest.pb.h:21:
/home/tina.guest/tinylsm-post-opt-source/tinylsm/build/benchmark/_deps/protobuf-src/src/google/protobuf/port.h: In function ‘void google::protobuf::internal::AssertDownCast(From*)’:
/home/tina.guest/tinylsm-post-opt-source/tinylsm/build/benchmark/_deps/protobuf-src/src/google/protobuf/port.h:181:5: warning: testing if a concept-id is a valid expression; add ‘requires’ to check satisfaction [-Wmissing-requires]
  181 |     std::derived_from<std::remove_pointer_t<To>,
      |     ^
      |     requires 
[617/665] Building CXX object _deps/google_benchmark-build/src/CMakeFiles/benchmark_main.dir/benchmark_main.cc.o
[618/665] Linking CXX static library src/libtinylsm.a
[619/665] Building CXX object _deps/google_benchmark-build/src/CMakeFiles/benchmark.dir/sysinfo.cc.o
[620/665] Building CXX object _deps/google_benchmark-build/src/CMakeFiles/benchmark.dir/statistics.cc.o
[621/665] Linking CXX static library _deps/google_benchmark-build/src/libbenchmark.a
[622/665] Building CXX object _deps/leveldb-build/CMakeFiles/leveldb.dir/db/c.cc.o
[623/665] Linking CXX static library _deps/google_benchmark-build/src/libbenchmark_main.a
[624/665] Building CXX object _deps/leveldb-build/CMakeFiles/leveldb.dir/db/builder.cc.o
[625/665] Building CXX object _deps/leveldb-build/CMakeFiles/leveldb.dir/db/db_iter.cc.o
[626/665] Building CXX object _deps/leveldb-build/CMakeFiles/leveldb.dir/db/dbformat.cc.o
[627/665] Building CXX object _deps/leveldb-build/CMakeFiles/leveldb.dir/db/filename.cc.o
[628/665] Building CXX object _deps/leveldb-build/CMakeFiles/leveldb.dir/db/dumpfile.cc.o
[629/665] Building CXX object _deps/leveldb-build/CMakeFiles/leveldb.dir/db/log_reader.cc.o
[630/665] Building CXX object _deps/leveldb-build/CMakeFiles/leveldb.dir/db/log_writer.cc.o
[631/665] Building CXX object _deps/leveldb-build/CMakeFiles/leveldb.dir/db/memtable.cc.o
[632/665] Building CXX object _deps/leveldb-build/CMakeFiles/leveldb.dir/db/table_cache.cc.o
[633/665] Building CXX object _deps/leveldb-build/CMakeFiles/leveldb.dir/db/db_impl.cc.o
[634/665] Building CXX object _deps/leveldb-build/CMakeFiles/leveldb.dir/db/repair.cc.o
[635/665] Building CXX object benchmarks/CMakeFiles/tinylsm_bench.dir/db_benchmark.cpp.o
/home/tina.guest/tinylsm-post-opt-source/tinylsm/benchmarks/db_benchmark.cpp: In lambda function:
/home/tina.guest/tinylsm-post-opt-source/tinylsm/benchmarks/db_benchmark.cpp:1555:19: warning: loop variable ‘<structured bindings>’ creates a copy from type ‘const std::pair<{anonymous}::SstableKeyShape, const char*>’ [-Wrange-loop-construct]
 1555 |   for (const auto [shape, raw_label] :
      |                   ^~~~~~~~~~~~~~~~~~
/home/tina.guest/tinylsm-post-opt-source/tinylsm/benchmarks/db_benchmark.cpp:1555:19: note: use reference type to prevent copying
 1555 |   for (const auto [shape, raw_label] :
      |                   ^~~~~~~~~~~~~~~~~~
      |                   &
[636/665] Building CXX object _deps/leveldb-build/CMakeFiles/leveldb.dir/db/write_batch.cc.o
[637/665] Building CXX object _deps/leveldb-build/CMakeFiles/leveldb.dir/table/block_builder.cc.o
[638/665] Building CXX object _deps/leveldb-build/CMakeFiles/leveldb.dir/table/format.cc.o
[639/665] Building CXX object _deps/leveldb-build/CMakeFiles/leveldb.dir/db/version_edit.cc.o
[640/665] Building CXX object _deps/leveldb-build/CMakeFiles/leveldb.dir/table/block.cc.o
[641/665] Building CXX object _deps/leveldb-build/CMakeFiles/leveldb.dir/table/filter_block.cc.o
[642/665] Building CXX object _deps/leveldb-build/CMakeFiles/leveldb.dir/table/iterator.cc.o
[643/665] Building CXX object _deps/leveldb-build/CMakeFiles/leveldb.dir/table/table.cc.o
[644/665] Building CXX object _deps/leveldb-build/CMakeFiles/leveldb.dir/util/bloom.cc.o
[645/665] Building CXX object _deps/leveldb-build/CMakeFiles/leveldb.dir/table/table_builder.cc.o
[646/665] Building CXX object _deps/leveldb-build/CMakeFiles/leveldb.dir/util/arena.cc.o
[647/665] Building CXX object _deps/leveldb-build/CMakeFiles/leveldb.dir/db/version_set.cc.o
[648/665] Building CXX object _deps/leveldb-build/CMakeFiles/leveldb.dir/table/two_level_iterator.cc.o
[649/665] Building CXX object _deps/leveldb-build/CMakeFiles/leveldb.dir/util/comparator.cc.o
[650/665] Building CXX object _deps/leveldb-build/CMakeFiles/leveldb.dir/table/merger.cc.o
[651/665] Building CXX object _deps/leveldb-build/CMakeFiles/leveldb.dir/util/coding.cc.o
[652/665] Building CXX object _deps/leveldb-build/CMakeFiles/leveldb.dir/util/filter_policy.cc.o
[653/665] Building CXX object _deps/leveldb-build/CMakeFiles/leveldb.dir/util/cache.cc.o
[654/665] Building CXX object _deps/leveldb-build/CMakeFiles/leveldb.dir/util/env.cc.o
[655/665] Building CXX object _deps/leveldb-build/CMakeFiles/leveldb.dir/util/crc32c.cc.o
[656/665] Building CXX object _deps/leveldb-build/CMakeFiles/leveldb.dir/util/options.cc.o
[657/665] Building CXX object _deps/leveldb-build/CMakeFiles/leveldb.dir/util/logging.cc.o
[658/665] Building CXX object _deps/leveldb-build/CMakeFiles/leveldb.dir/util/hash.cc.o
[659/665] Building CXX object _deps/leveldb-build/CMakeFiles/leveldbutil.dir/db/leveldbutil.cc.o
[660/665] Building CXX object _deps/leveldb-build/CMakeFiles/leveldb.dir/util/status.cc.o
[661/665] Building CXX object _deps/leveldb-build/CMakeFiles/leveldb.dir/helpers/memenv/memenv.cc.o
[662/665] Building CXX object _deps/leveldb-build/CMakeFiles/leveldb.dir/util/env_posix.cc.o
[663/665] Linking CXX static library _deps/leveldb-build/libleveldb.a
[664/665] Linking CXX executable _deps/leveldb-build/leveldbutil
[665/665] Linking CXX executable benchmarks/tinylsm_bench
+ /home/tina.guest/tinylsm-post-opt-source/tinylsm/build/benchmark/benchmarks/tinylsm_bench --benchmark_out=/home/tina.guest/tinylsm-post-opt-results/run1/post-v6-linux.json --benchmark_out_format=json --benchmark_report_aggregates_only=true --benchmark_display_aggregates_only=true --benchmark_enable_random_interleaving=true
2026-09-09T23:08:20+08:00
Running /home/tina.guest/tinylsm-post-opt-source/tinylsm/build/benchmark/benchmarks/tinylsm_bench
Run on (4 X 48 MHz CPU s)
Load Average: 5.38, 2.40, 1.29
----------------------------------------------------------------------------------------------------------------------------------------------------
Benchmark                                                                                          Time             CPU   Iterations UserCounters...
----------------------------------------------------------------------------------------------------------------------------------------------------
TinyLSM/CompactionMixedSizeTiered/iterations:1/repeats:5/manual_time_mean                 1113680320 ns    543876427 ns            5 background_compactions=34 bytes_per_second=4.56836Mi/s compaction_debt_bytes=0 compaction_debt_tables=0 compaction_input_bytes=35.9931M compaction_output_bytes=31.7207M compactions=34 flush_output_bytes=5.46227M foreground_reads=200 foreground_scans=200 foreground_writes=19.6k get_p50_us=283.976 get_p95_us=404.378 get_p99_us=493.187 items_per_second=17.9707k/s live_sstable_bytes=1.18988M logical_live_bytes=1.10187M logical_write_bytes=5.28M operations=20k ops_per_second=17.9707k/s point_lookups=200 put_p50_us=2.7212 put_p95_us=5.4986 put_p99_us=13.122 read_amplification=3.203 scan_p50_us=1.76546k scan_p95_us=4.40557k scan_p99_us=4.93706k scan_table_inputs=647.4 space_amplification=1.07987 table_count=2 table_probes=640.6 write_amplification=7.04223
TinyLSM/CompactionMixedSizeTiered/iterations:1/repeats:5/manual_time_median               1109735043 ns    540227914 ns            5 background_compactions=34 bytes_per_second=4.58148Mi/s compaction_debt_bytes=0 compaction_debt_tables=0 compaction_input_bytes=35.891M compaction_output_bytes=31.6187M compactions=34 flush_output_bytes=5.46227M foreground_reads=200 foreground_scans=200 foreground_writes=19.6k get_p50_us=284.471 get_p95_us=389.869 get_p99_us=474.53 items_per_second=18.0223k/s live_sstable_bytes=1.18988M logical_live_bytes=1.10187M logical_write_bytes=5.28M operations=20k ops_per_second=18.0223k/s point_lookups=200 put_p50_us=2.716 put_p95_us=5.464 put_p99_us=13.133 read_amplification=3.19 scan_p50_us=1.70785k scan_p95_us=4.42589k scan_p99_us=4.90002k scan_table_inputs=646 space_amplification=1.07987 table_count=2 table_probes=638 write_amplification=7.0229
TinyLSM/CompactionMixedSizeTiered/iterations:1/repeats:5/manual_time_stddev                 32421591 ns      9095771 ns            5 background_compactions=283.22n bytes_per_second=136.685Ki/s compaction_debt_bytes=0 compaction_debt_tables=0 compaction_input_bytes=194.646k compaction_output_bytes=194.646k compactions=283.22n flush_output_bytes=0.0455007 foreground_reads=1.666u foreground_scans=1.666u foreground_writes=163.268u get_p50_us=1.34192 get_p95_us=36.7195 get_p99_us=100.65 items_per_second=525.079/s live_sstable_bytes=9.9117m logical_live_bytes=9.1786m logical_write_bytes=0.0439824 operations=166.6u ops_per_second=525.079/s point_lookups=1.666u put_p50_us=0.0163921 put_p95_us=0.0639437 put_p99_us=0.516863 read_amplification=0.0560803 scan_p50_us=95.5323 scan_p95_us=58.5294 scan_p99_us=200.995 scan_table_inputs=11.5022 space_amplification=0 table_count=16.66n table_probes=11.2161 write_amplification=0.0368647
TinyLSM/CompactionMixedSizeTiered/iterations:1/repeats:5/manual_time_cv                         2.91 %          1.67 %             5 background_compactions=0.00% bytes_per_second=2.92% compaction_debt_bytes=0.00% compaction_debt_tables=0.00% compaction_input_bytes=0.54% compaction_output_bytes=0.61% compactions=0.00% flush_output_bytes=0.00% foreground_reads=0.00% foreground_scans=0.00% foreground_writes=0.00% get_p50_us=0.47% get_p95_us=9.08% get_p99_us=20.41% items_per_second=2.92% live_sstable_bytes=0.00% logical_live_bytes=0.00% logical_write_bytes=0.00% operations=0.00% ops_per_second=2.92% point_lookups=0.00% put_p50_us=0.60% put_p95_us=1.16% put_p99_us=3.94% read_amplification=1.75% scan_p50_us=5.41% scan_p95_us=1.33% scan_p99_us=4.07% scan_table_inputs=1.78% space_amplification=0.00% table_count=0.00% table_probes=1.75% write_amplification=0.52%
TinyLSM/WriteFlushLatencyAsync/iterations:1/repeats:5/manual_time_mean                    1.2339e+10 ns    297284671 ns            5 background_flushes=134 background_queue_depth_max=1 bytes_per_second=2.10246Mi/s flush_stall_ns=11.8619G items_per_second=8.1051k/s memtable_rotations=134 operations=100k ops_per_second=8.1051k/s put_p50_us=2.6458 put_p95_us=3.4946 put_p99_us=6.0912 wal_syncs=0
TinyLSM/WriteFlushLatencyAsync/iterations:1/repeats:5/manual_time_median                  1.2339e+10 ns    297619973 ns            5 background_flushes=134 background_queue_depth_max=1 bytes_per_second=2.10222Mi/s flush_stall_ns=11.875G items_per_second=8.1042k/s memtable_rotations=134 operations=100k ops_per_second=8.1042k/s put_p50_us=2.647 put_p95_us=3.505 put_p99_us=5.988 wal_syncs=0
TinyLSM/WriteFlushLatencyAsync/iterations:1/repeats:5/manual_time_stddev                   117696479 ns      2304731 ns            5 background_flushes=1.11622u background_queue_depth_max=8.33n bytes_per_second=20.4954Ki/s flush_stall_ns=118.936M items_per_second=77.1593/s memtable_rotations=1.11622u operations=833u ops_per_second=77.1593/s put_p50_us=0.0155788 put_p95_us=0.0472419 put_p99_us=0.213148 wal_syncs=0
TinyLSM/WriteFlushLatencyAsync/iterations:1/repeats:5/manual_time_cv                            0.95 %          0.78 %             5 background_flushes=0.00% background_queue_depth_max=0.00% bytes_per_second=0.95% flush_stall_ns=1.00% items_per_second=0.95% memtable_rotations=0.00% operations=0.00% ops_per_second=0.95% put_p50_us=0.59% put_p95_us=1.35% put_p99_us=3.50% wal_syncs=0.00%
TinyLSM/ScanProfile/iterations:1/repeats:1/manual_time                                    ERROR OCCURRED: 'multi-table Scan result mismatch'
TinyLSM/WriteFlushLatencySync/iterations:1/repeats:5/manual_time_mean                     3839449339 ns    353601790 ns            5 background_flushes=26 background_queue_depth_max=1 bytes_per_second=1.35141Mi/s flush_stall_ns=81.3904M items_per_second=5.20976k/s memtable_rotations=26 operations=20k ops_per_second=5.20976k/s put_p50_us=177.531 put_p95_us=205.952 put_p99_us=251.202 wal_syncs=20k
TinyLSM/WriteFlushLatencySync/iterations:1/repeats:5/manual_time_median                   3828523193 ns    353998741 ns            5 background_flushes=26 background_queue_depth_max=1 bytes_per_second=1.35509Mi/s flush_stall_ns=75.73M items_per_second=5.22395k/s memtable_rotations=26 operations=20k ops_per_second=5.22395k/s put_p50_us=177.794 put_p95_us=206.183 put_p99_us=250.011 wal_syncs=20k
TinyLSM/WriteFlushLatencySync/iterations:1/repeats:5/manual_time_stddev                     49161490 ns      5375953 ns            5 background_flushes=216.58n background_queue_depth_max=8.33n bytes_per_second=17.5131Ki/s flush_stall_ns=28.6339M items_per_second=65.9316/s memtable_rotations=216.58n operations=166.6u ops_per_second=65.9316/s put_p50_us=1.98719 put_p95_us=1.59809 put_p99_us=13.2341 wal_syncs=166.6u
TinyLSM/WriteFlushLatencySync/iterations:1/repeats:5/manual_time_cv                             1.28 %          1.52 %             5 background_flushes=0.00% background_queue_depth_max=0.00% bytes_per_second=1.27% flush_stall_ns=35.18% items_per_second=1.27% memtable_rotations=0.00% operations=0.00% ops_per_second=1.27% put_p50_us=1.12% put_p95_us=0.78% put_p99_us=5.27% wal_syncs=0.00%
LevelDB/ConcurrentFill1/iterations:1/repeats:5/manual_time_mean                              6269779 ns       373668 ns            5 bytes_per_second=176.497Mi/s items_per_second=1.59543M/s operations=10k ops_per_second=1.59543M/s
LevelDB/ConcurrentFill1/iterations:1/repeats:5/manual_time_median                            6233824 ns       380836 ns            5 bytes_per_second=177.461Mi/s items_per_second=1.60415M/s operations=10k ops_per_second=1.60415M/s
LevelDB/ConcurrentFill1/iterations:1/repeats:5/manual_time_stddev                             122242 ns        26086 ns            5 bytes_per_second=3.40446Mi/s items_per_second=30.7744k/s operations=83.3u ops_per_second=30.7744k/s
LevelDB/ConcurrentFill1/iterations:1/repeats:5/manual_time_cv                                   1.95 %          6.98 %             5 bytes_per_second=1.93% items_per_second=1.93% operations=0.00% ops_per_second=1.93%
LevelDB/FillBatch1/iterations:1/repeats:5/manual_time_mean                                 176985818 ns     12544631 ns            5 bytes_per_second=640.811Ki/s items_per_second=5.65681k/s operations=1k ops_per_second=5.65681k/s
LevelDB/FillBatch1/iterations:1/repeats:5/manual_time_median                               177791726 ns     12736224 ns            5 bytes_per_second=637.157Ki/s items_per_second=5.62456k/s operations=1k ops_per_second=5.62456k/s
LevelDB/FillBatch1/iterations:1/repeats:5/manual_time_stddev                                 6674822 ns       623648 ns            5 bytes_per_second=24.943Ki/s items_per_second=220.186/s operations=8.33u ops_per_second=220.186/s
LevelDB/FillBatch1/iterations:1/repeats:5/manual_time_cv                                        3.77 %          4.97 %             5 bytes_per_second=3.89% items_per_second=3.89% operations=0.00% ops_per_second=3.89%
TinyLSM/ConcurrentFill4/iterations:1/repeats:5/manual_time_mean                            168505090 ns      1541383 ns            5 bytes_per_second=26.2665Mi/s items_per_second=237.435k/s operations=40k ops_per_second=237.435k/s
TinyLSM/ConcurrentFill4/iterations:1/repeats:5/manual_time_median                          167779264 ns      1523875 ns            5 bytes_per_second=26.3742Mi/s items_per_second=238.408k/s operations=40k ops_per_second=238.408k/s
TinyLSM/ConcurrentFill4/iterations:1/repeats:5/manual_time_stddev                            2818981 ns        81465 ns            5 bytes_per_second=450.585Ki/s items_per_second=3.97758k/s operations=333.2u ops_per_second=3.97758k/s
TinyLSM/ConcurrentFill4/iterations:1/repeats:5/manual_time_cv                                   1.67 %          5.29 %             5 bytes_per_second=1.68% items_per_second=1.68% operations=0.00% ops_per_second=1.68%
TinyLSM/SnapshotRetentionHeld10s/iterations:1/repeats:5/manual_time_mean                    16209962 ns     16083616 ns            5 active_snapshots=1 bytes_per_second=27.3136Mi/s items_per_second=246.9k/s live_sstable_bytes=501.444k operations=4k ops_per_second=246.9k/s overwrite_generations=1 retained_bytes=464k retained_versions=4k
TinyLSM/SnapshotRetentionHeld10s/iterations:1/repeats:5/manual_time_median                  16000498 ns     16033955 ns            5 active_snapshots=1 bytes_per_second=27.6557Mi/s items_per_second=249.992k/s live_sstable_bytes=501.444k operations=4k ops_per_second=249.992k/s overwrite_generations=1 retained_bytes=464k retained_versions=4k
TinyLSM/SnapshotRetentionHeld10s/iterations:1/repeats:5/manual_time_stddev                    431794 ns       286428 ns            5 active_snapshots=8.33n bytes_per_second=732.736Ki/s items_per_second=6.46829k/s live_sstable_bytes=4.17703m operations=33.32u ops_per_second=6.46829k/s overwrite_generations=8.33n retained_bytes=3.86512m retained_versions=33.32u
TinyLSM/SnapshotRetentionHeld10s/iterations:1/repeats:5/manual_time_cv                          2.66 %          1.78 %             5 active_snapshots=0.00% bytes_per_second=2.62% items_per_second=2.62% live_sstable_bytes=0.00% operations=0.00% ops_per_second=2.62% overwrite_generations=0.00% retained_bytes=0.00% retained_versions=0.00%
TinyLSM/FillBatch10/iterations:1/repeats:5/manual_time_mean                                 20928826 ns      3392115 ns            5 bytes_per_second=5.30579Mi/s items_per_second=47.9614k/s operations=1k ops_per_second=47.9614k/s
TinyLSM/FillBatch10/iterations:1/repeats:5/manual_time_median                               20383039 ns      3399786 ns            5 bytes_per_second=5.42737Mi/s items_per_second=49.0604k/s operations=1k ops_per_second=49.0604k/s
TinyLSM/FillBatch10/iterations:1/repeats:5/manual_time_stddev                                1470961 ns       282927 ns            5 bytes_per_second=363.889Ki/s items_per_second=3.21226k/s operations=8.33u ops_per_second=3.21226k/s
TinyLSM/FillBatch10/iterations:1/repeats:5/manual_time_cv                                       7.03 %          8.34 %             5 bytes_per_second=6.70% items_per_second=6.70% operations=0.00% ops_per_second=6.70%
TinyLSM/GroupCommitOn8Writers/iterations:1/repeats:5/manual_time_mean                      575392075 ns      1152133 ns            5 bytes_per_second=3.69763Mi/s grouped_requests=8.192k items_per_second=14.2546k/s max_group_requests=8 max_writer_queue_depth=7 operations=8.192k ops_per_second=14.2546k/s physical_groups=3.031k put_p50_us=381.932 put_p95_us=435.214 put_p99_us=522.244 wal_syncs=3.031k wal_syncs_per_write=0.369995 writer_count=8 writer_queue_wait_us=3.43877M
TinyLSM/GroupCommitOn8Writers/iterations:1/repeats:5/manual_time_median                    563153720 ns      1142332 ns            5 bytes_per_second=3.77339Mi/s grouped_requests=8.192k items_per_second=14.5466k/s max_group_requests=8 max_writer_queue_depth=7 operations=8.192k ops_per_second=14.5466k/s physical_groups=3.041k put_p50_us=371.155 put_p95_us=421.85 put_p99_us=523.694 wal_syncs=3.041k wal_syncs_per_write=0.371216 writer_count=8 writer_queue_wait_us=3.36797M
TinyLSM/GroupCommitOn8Writers/iterations:1/repeats:5/manual_time_stddev                     22589645 ns        70593 ns            5 bytes_per_second=146.721Ki/s grouped_requests=68.2394u items_per_second=552.361/s max_group_requests=66.64n max_writer_queue_depth=58.31n operations=68.2394u ops_per_second=552.361/s physical_groups=20.2608 put_p50_us=18.6932 put_p95_us=26.2028 put_p99_us=20.6207 wal_syncs=20.2608 wal_syncs_per_write=2.47324m writer_count=66.64n writer_queue_wait_us=211.031k
TinyLSM/GroupCommitOn8Writers/iterations:1/repeats:5/manual_time_cv                             3.93 %          6.13 %             5 bytes_per_second=3.87% grouped_requests=0.00% items_per_second=3.87% max_group_requests=0.00% max_writer_queue_depth=0.00% operations=0.00% ops_per_second=3.87% physical_groups=0.67% put_p50_us=4.89% put_p95_us=6.02% put_p99_us=3.95% wal_syncs=0.67% wal_syncs_per_write=0.67% writer_count=0.00% writer_queue_wait_us=6.14%
TinyLSM/ReadRandomHit/iterations:1/repeats:5/manual_time_mean                             4302824450 ns   4466595749 ns            5 bytes_per_second=2.57119Mi/s items_per_second=23.2422k/s operations=100k ops_per_second=23.2422k/s
TinyLSM/ReadRandomHit/iterations:1/repeats:5/manual_time_median                           4293447592 ns   4457188353 ns            5 bytes_per_second=2.57663Mi/s items_per_second=23.2913k/s operations=100k ops_per_second=23.2913k/s
TinyLSM/ReadRandomHit/iterations:1/repeats:5/manual_time_stddev                             40183931 ns     37393372 ns            5 bytes_per_second=24.5384Ki/s items_per_second=216.615/s operations=833u ops_per_second=216.615/s
TinyLSM/ReadRandomHit/iterations:1/repeats:5/manual_time_cv                                     0.93 %          0.84 %             5 bytes_per_second=0.93% items_per_second=0.93% operations=0.00% ops_per_second=0.93%
TinyLSM/ScanMultiTableRepeated/iterations:1/repeats:5/manual_time                         ERROR OCCURRED: 'multi-table Scan result mismatch'
TinyLSM/ScanMultiTableRepeated/iterations:1/repeats:5/manual_time                         ERROR OCCURRED: 'multi-table Scan result mismatch'
TinyLSM/ScanMultiTableRepeated/iterations:1/repeats:5/manual_time                         ERROR OCCURRED: 'multi-table Scan result mismatch'
TinyLSM/ScanMultiTableRepeated/iterations:1/repeats:5/manual_time                         ERROR OCCURRED: 'multi-table Scan result mismatch'
TinyLSM/ScanMultiTableRepeated/iterations:1/repeats:5/manual_time                         ERROR OCCURRED: 'multi-table Scan result mismatch'
TinyLSM/FillSequentialAsync/iterations:1/repeats:5/manual_time_mean                        190666664 ns    180452092 ns            5 bytes_per_second=58.0261Mi/s items_per_second=524.524k/s operations=100k ops_per_second=524.524k/s
TinyLSM/FillSequentialAsync/iterations:1/repeats:5/manual_time_median                      190866160 ns    180643294 ns            5 bytes_per_second=57.9601Mi/s items_per_second=523.927k/s operations=100k ops_per_second=523.927k/s
TinyLSM/FillSequentialAsync/iterations:1/repeats:5/manual_time_stddev                        2055077 ns       944313 ns            5 bytes_per_second=640.959Ki/s items_per_second=5.65812k/s operations=833u ops_per_second=5.65812k/s
TinyLSM/FillSequentialAsync/iterations:1/repeats:5/manual_time_cv                               1.08 %          0.52 %             5 bytes_per_second=1.08% items_per_second=1.08% operations=0.00% ops_per_second=1.08%
TinyLSM/SstableDataBlockEncodeV1Prefix/iterations:1/repeats:5/manual_time_mean              17361712 ns     17313691 ns            5 bytes_per_entry=170 bytes_per_second=118.929Mi/s encoded_bytes=2.78529M items_per_second=944.746k/s operations=16.384k ops_per_second=944.746k/s restart_interval=0
TinyLSM/SstableDataBlockEncodeV1Prefix/iterations:1/repeats:5/manual_time_median            17085678 ns     17016916 ns            5 bytes_per_entry=170 bytes_per_second=120.715Mi/s encoded_bytes=2.78529M items_per_second=958.932k/s operations=16.384k ops_per_second=958.932k/s restart_interval=0
TinyLSM/SstableDataBlockEncodeV1Prefix/iterations:1/repeats:5/manual_time_stddev              666520 ns       661861 ns            5 bytes_per_entry=1.4161u bytes_per_second=4.34445Mi/s encoded_bytes=0.0232015 items_per_second=34.5112k/s operations=136.479u ops_per_second=34.5112k/s restart_interval=0
TinyLSM/SstableDataBlockEncodeV1Prefix/iterations:1/repeats:5/manual_time_cv                    3.84 %          3.82 %             5 bytes_per_entry=0.00% bytes_per_second=3.65% encoded_bytes=0.00% items_per_second=3.65% operations=0.00% ops_per_second=3.65% restart_interval=0.00%
LevelDB/FillSequentialSync/iterations:1/repeats:5/manual_time_mean                         180007659 ns     12435254 ns            5 bytes_per_second=630.497Ki/s items_per_second=5.56577k/s operations=1k ops_per_second=5.56577k/s
LevelDB/FillSequentialSync/iterations:1/repeats:5/manual_time_median                       179205389 ns     12529885 ns            5 bytes_per_second=632.131Ki/s items_per_second=5.58019k/s operations=1k ops_per_second=5.58019k/s
LevelDB/FillSequentialSync/iterations:1/repeats:5/manual_time_stddev                         8803289 ns       691046 ns            5 bytes_per_second=30.2816Ki/s items_per_second=267.314/s operations=8.33u ops_per_second=267.314/s
LevelDB/FillSequentialSync/iterations:1/repeats:5/manual_time_cv                                4.89 %          5.56 %             5 bytes_per_second=4.80% items_per_second=4.80% operations=0.00% ops_per_second=4.80%
TinyLSM/ReadRepeatedHitCacheDisabled/iterations:1/repeats:5/manual_time_mean                11994044 ns     46898108 ns            5 block_decodes=0 block_reads=0 bytes_per_second=461.307Mi/s cache_charge_bytes=0 cache_evictions=0 cache_hits=0 cache_inserts=0 cache_misses=0 items_per_second=4.16996M/s operations=50k ops_per_second=4.16996M/s table_probes=0
TinyLSM/ReadRepeatedHitCacheDisabled/iterations:1/repeats:5/manual_time_median              12016647 ns     47082374 ns            5 block_decodes=0 block_reads=0 bytes_per_second=460.304Mi/s cache_charge_bytes=0 cache_evictions=0 cache_hits=0 cache_inserts=0 cache_misses=0 items_per_second=4.16089M/s operations=50k ops_per_second=4.16089M/s table_probes=0
TinyLSM/ReadRepeatedHitCacheDisabled/iterations:1/repeats:5/manual_time_stddev                228717 ns       420983 ns            5 block_decodes=0 block_reads=0 bytes_per_second=8.90146Mi/s cache_charge_bytes=0 cache_evictions=0 cache_hits=0 cache_inserts=0 cache_misses=0 items_per_second=80.4643k/s operations=416.5u ops_per_second=80.4643k/s table_probes=0
TinyLSM/ReadRepeatedHitCacheDisabled/iterations:1/repeats:5/manual_time_cv                      1.91 %          0.90 %             5 block_decodes=0.00% block_reads=0.00% bytes_per_second=1.93% cache_charge_bytes=0.00% cache_evictions=0.00% cache_hits=0.00% cache_inserts=0.00% cache_misses=0.00% items_per_second=1.93% operations=0.00% ops_per_second=1.93% table_probes=0.00%
TinyLSM/ScanTail10000Repeated/iterations:1/repeats:5/manual_time_mean                       29363616 ns    209522838 ns            5 bytes_per_second=753.81Mi/s items_per_second=6.81403M/s operations=200k ops_per_second=6.81403M/s
TinyLSM/ScanTail10000Repeated/iterations:1/repeats:5/manual_time_median                     29001967 ns    209210625 ns            5 bytes_per_second=762.888Mi/s items_per_second=6.89608M/s operations=200k ops_per_second=6.89608M/s
TinyLSM/ScanTail10000Repeated/iterations:1/repeats:5/manual_time_stddev                       678239 ns      1175123 ns            5 bytes_per_second=17.2248Mi/s items_per_second=155.702k/s operations=1.666m ops_per_second=155.702k/s
TinyLSM/ScanTail10000Repeated/iterations:1/repeats:5/manual_time_cv                             2.31 %          0.56 %             5 bytes_per_second=2.29% items_per_second=2.29% operations=0.00% ops_per_second=2.29%
TinyLSM/ConcurrentFill1/iterations:1/repeats:5/manual_time_mean                             17618035 ns       566974 ns            5 bytes_per_second=62.8005Mi/s items_per_second=567.681k/s operations=10k ops_per_second=567.681k/s
TinyLSM/ConcurrentFill1/iterations:1/repeats:5/manual_time_median                           17578756 ns       550916 ns            5 bytes_per_second=62.9318Mi/s items_per_second=568.868k/s operations=10k ops_per_second=568.868k/s
TinyLSM/ConcurrentFill1/iterations:1/repeats:5/manual_time_stddev                             235973 ns        50949 ns            5 bytes_per_second=859.588Ki/s items_per_second=7.58809k/s operations=83.3u ops_per_second=7.58809k/s
TinyLSM/ConcurrentFill1/iterations:1/repeats:5/manual_time_cv                                   1.34 %          8.99 %             5 bytes_per_second=1.34% items_per_second=1.34% operations=0.00% ops_per_second=1.34%
TinyLSM/ReadMultiTableMiss/iterations:1/repeats:5/manual_time_mean                          33764150 ns     67746691 ns            5 block_decodes=216 block_reads=216 bytes_per_second=11.2992Mi/s cache_charge_bytes=3.95176M cache_evictions=0 cache_hits=72.6802k cache_inserts=162 cache_misses=162 items_per_second=740.503k/s operations=25k ops_per_second=740.503k/s table_probes=73.4688k
TinyLSM/ReadMultiTableMiss/iterations:1/repeats:5/manual_time_median                        33822828 ns     67438375 ns            5 block_decodes=216 block_reads=216 bytes_per_second=11.2785Mi/s cache_charge_bytes=3.95176M cache_evictions=0 cache_hits=72.863k cache_inserts=162 cache_misses=162 items_per_second=739.146k/s operations=25k ops_per_second=739.146k/s table_probes=73.653k
TinyLSM/ReadMultiTableMiss/iterations:1/repeats:5/manual_time_stddev                          375468 ns       487113 ns            5 block_decodes=1.79928u block_reads=1.79928u bytes_per_second=128.2Ki/s cache_charge_bytes=0.0329181 cache_evictions=0 cache_hits=442.439 cache_inserts=1.34946u cache_misses=1.34946u items_per_second=8.20479k/s operations=208.25u ops_per_second=8.20479k/s table_probes=445.565
TinyLSM/ReadMultiTableMiss/iterations:1/repeats:5/manual_time_cv                                1.11 %          0.72 %             5 block_decodes=0.00% block_reads=0.00% bytes_per_second=1.11% cache_charge_bytes=0.00% cache_evictions=0.00% cache_hits=0.61% cache_inserts=0.00% cache_misses=0.00% items_per_second=1.11% operations=0.00% ops_per_second=1.11% table_probes=0.61%
TinyLSM/ConcurrentFill2/iterations:1/repeats:5/manual_time_mean                             46493073 ns      1168859 ns            5 bytes_per_second=47.6018Mi/s items_per_second=430.294k/s operations=20k ops_per_second=430.294k/s
TinyLSM/ConcurrentFill2/iterations:1/repeats:5/manual_time_median                           46374948 ns      1100626 ns            5 bytes_per_second=47.7095Mi/s items_per_second=431.267k/s operations=20k ops_per_second=431.267k/s
TinyLSM/ConcurrentFill2/iterations:1/repeats:5/manual_time_stddev                             880486 ns       164104 ns            5 bytes_per_second=916.536Ki/s items_per_second=8.0908k/s operations=166.6u ops_per_second=8.0908k/s
TinyLSM/ConcurrentFill2/iterations:1/repeats:5/manual_time_cv                                   1.89 %         14.04 %             5 bytes_per_second=1.88% items_per_second=1.88% operations=0.00% ops_per_second=1.88%
TinyLSM/GroupCommitOn16Writers/iterations:1/repeats:5/manual_time_mean                     329023424 ns      1255867 ns            5 bytes_per_second=6.46235Mi/s grouped_requests=8.192k items_per_second=24.9127k/s max_group_requests=8 max_writer_queue_depth=15 operations=8.192k ops_per_second=24.9127k/s physical_groups=1.5296k put_p50_us=447.79 put_p95_us=501.972 put_p99_us=556.848 wal_syncs=1.5296k wal_syncs_per_write=0.186719 writer_count=16 writer_queue_wait_us=3.80822M
TinyLSM/GroupCommitOn16Writers/iterations:1/repeats:5/manual_time_median                   324662760 ns      1218463 ns            5 bytes_per_second=6.54525Mi/s grouped_requests=8.192k items_per_second=25.2323k/s max_group_requests=8 max_writer_queue_depth=15 operations=8.192k ops_per_second=25.2323k/s physical_groups=1.531k put_p50_us=445.666 put_p95_us=498.193 put_p99_us=557.786 wal_syncs=1.531k wal_syncs_per_write=0.18689 writer_count=16 writer_queue_wait_us=3.77476M
TinyLSM/GroupCommitOn16Writers/iterations:1/repeats:5/manual_time_stddev                     9100917 ns       114269 ns            5 bytes_per_second=177.839Ki/s grouped_requests=68.2394u items_per_second=669.512/s max_group_requests=66.64n max_writer_queue_depth=124.95n operations=68.2394u ops_per_second=669.512/s physical_groups=1.94936 put_p50_us=7.32222 put_p95_us=16.1151 put_p99_us=38.2879 wal_syncs=1.94936 wal_syncs_per_write=237.959u writer_count=133.28n writer_queue_wait_us=69.6049k
TinyLSM/GroupCommitOn16Writers/iterations:1/repeats:5/manual_time_cv                            2.77 %          9.10 %             5 bytes_per_second=2.69% grouped_requests=0.00% items_per_second=2.69% max_group_requests=0.00% max_writer_queue_depth=0.00% operations=0.00% ops_per_second=2.69% physical_groups=0.13% put_p50_us=1.64% put_p95_us=3.21% put_p99_us=6.88% wal_syncs=0.13% wal_syncs_per_write=0.13% writer_count=0.00% writer_queue_wait_us=1.83%
TinyLSM/SnapshotWriterOverlapMaterializedScan/iterations:1/repeats:5/manual_time_mean       19716858 ns    150763999 ns            5 bytes_per_second=593.616Mi/s items_per_second=5.36596M/s operations=105k ops_per_second=5.36596M/s write_lock_acquisitions=5k write_lock_wait_ns=6.06919M writer_p50_us=1.8214 writer_p95_us=2.6314 writer_p99_us=3.7586
TinyLSM/SnapshotWriterOverlapMaterializedScan/iterations:1/repeats:5/manual_time_median     18992121 ns    146052124 ns            5 bytes_per_second=611.609Mi/s items_per_second=5.52861M/s operations=105k ops_per_second=5.52861M/s write_lock_acquisitions=5k write_lock_wait_ns=5.89282M writer_p50_us=1.804 writer_p95_us=2.462 writer_p99_us=3.756
TinyLSM/SnapshotWriterOverlapMaterializedScan/iterations:1/repeats:5/manual_time_stddev      1972575 ns      8752110 ns            5 bytes_per_second=56.1954Mi/s items_per_second=507.976k/s operations=874.65u ops_per_second=507.976k/s write_lock_acquisitions=41.65u write_lock_wait_ns=975.899k writer_p50_us=0.0356973 writer_p95_us=0.671548 writer_p99_us=1.25188
TinyLSM/SnapshotWriterOverlapMaterializedScan/iterations:1/repeats:5/manual_time_cv            10.00 %          5.81 %             5 bytes_per_second=9.47% items_per_second=9.47% operations=0.00% ops_per_second=9.47% write_lock_acquisitions=0.00% write_lock_wait_ns=16.08% writer_p50_us=1.96% writer_p95_us=25.52% writer_p99_us=33.31%
TinyLSM/CompactionMixedManual/iterations:1/repeats:5/manual_time_mean                     4514814030 ns   4422679649 ns            5 background_compactions=0 bytes_per_second=1.12623Mi/s compaction_debt_bytes=0 compaction_debt_tables=0 compaction_input_bytes=5.46227M compaction_output_bytes=1.13736M compactions=1 flush_output_bytes=5.46227M foreground_reads=200 foreground_scans=200 foreground_writes=19.6k get_p50_us=4.11601k get_p95_us=8.66848k get_p99_us=9.36327k items_per_second=4.43027k/s live_sstable_bytes=1.13736M logical_live_bytes=1.10187M logical_write_bytes=5.28M operations=20k ops_per_second=4.43027k/s point_lookups=200 put_p50_us=2.7078 put_p95_us=5.4576 put_p99_us=13.7444 read_amplification=51.246 scan_p50_us=17.2424k scan_p95_us=33.5768k scan_p99_us=39.098k scan_table_inputs=10.3246k space_amplification=1.03221 table_count=1 table_probes=10.2492k write_amplification=1.24993
TinyLSM/CompactionMixedManual/iterations:1/repeats:5/manual_time_median                   4492968806 ns   4419577449 ns            5 background_compactions=0 bytes_per_second=1.1316Mi/s compaction_debt_bytes=0 compaction_debt_tables=0 compaction_input_bytes=5.46227M compaction_output_bytes=1.13736M compactions=1 flush_output_bytes=5.46227M foreground_reads=200 foreground_scans=200 foreground_writes=19.6k get_p50_us=4.13399k get_p95_us=8.6088k get_p99_us=9.30422k items_per_second=4.4514k/s live_sstable_bytes=1.13736M logical_live_bytes=1.10187M logical_write_bytes=5.28M operations=20k ops_per_second=4.4514k/s point_lookups=200 put_p50_us=2.711 put_p95_us=5.461 put_p99_us=13.84 read_amplification=51.255 scan_p50_us=17.2818k scan_p95_us=33.5226k scan_p99_us=38.8804k scan_table_inputs=10.328k space_amplification=1.03221 table_count=1 table_probes=10.251k write_amplification=1.24993
TinyLSM/CompactionMixedManual/iterations:1/repeats:5/manual_time_stddev                     48791996 ns     35678269 ns            5 background_compactions=0 bytes_per_second=12.3896Ki/s compaction_debt_bytes=0 compaction_debt_tables=0 compaction_input_bytes=0.0455007 compaction_output_bytes=9.47422m compactions=8.33n flush_output_bytes=0.0455007 foreground_reads=1.666u foreground_scans=1.666u foreground_writes=163.268u get_p50_us=40.2798 get_p95_us=139.725 get_p99_us=154.076 items_per_second=47.5951/s live_sstable_bytes=9.47422m logical_live_bytes=9.1786m logical_write_bytes=0.0439824 operations=166.6u ops_per_second=47.5951/s point_lookups=1.666u put_p50_us=0.0198671 put_p95_us=0.035557 put_p99_us=1.04473 read_amplification=0.0232916 scan_p50_us=250.099 scan_p95_us=378.23 scan_p99_us=620.256 scan_table_inputs=10.8305 space_amplification=4.2918n table_count=8.33n table_probes=4.65833 write_amplification=7.27302n
TinyLSM/CompactionMixedManual/iterations:1/repeats:5/manual_time_cv                             1.08 %          0.81 %             5 background_compactions=0.00% bytes_per_second=1.07% compaction_debt_bytes=0.00% compaction_debt_tables=0.00% compaction_input_bytes=0.00% compaction_output_bytes=0.00% compactions=0.00% flush_output_bytes=0.00% foreground_reads=0.00% foreground_scans=0.00% foreground_writes=0.00% get_p50_us=0.98% get_p95_us=1.61% get_p99_us=1.65% items_per_second=1.07% live_sstable_bytes=0.00% logical_live_bytes=0.00% logical_write_bytes=0.00% operations=0.00% ops_per_second=1.07% point_lookups=0.00% put_p50_us=0.73% put_p95_us=0.65% put_p99_us=7.60% read_amplification=0.05% scan_p50_us=1.45% scan_p95_us=1.13% scan_p99_us=1.59% scan_table_inputs=0.10% space_amplification=0.00% table_count=0.00% table_probes=0.05% write_amplification=0.00%
TinyLSM/SstableDataBlockEncodeV2PrefixRestart4/iterations:1/repeats:5/manual_time_mean      13909940 ns     13892600 ns            5 bytes_per_entry=135.051 bytes_per_second=148.28Mi/s encoded_bytes=2.21267M items_per_second=1.1779M/s operations=16.384k ops_per_second=1.1779M/s restart_interval=4
TinyLSM/SstableDataBlockEncodeV2PrefixRestart4/iterations:1/repeats:5/manual_time_median    13893015 ns     13875667 ns            5 bytes_per_entry=135.051 bytes_per_second=148.456Mi/s encoded_bytes=2.21267M items_per_second=1.1793M/s operations=16.384k ops_per_second=1.1793M/s restart_interval=4
TinyLSM/SstableDataBlockEncodeV2PrefixRestart4/iterations:1/repeats:5/manual_time_stddev       84215 ns        87882 ns            5 bytes_per_entry=1.12497u bytes_per_second=919.265Ki/s encoded_bytes=0.0184316 items_per_second=7.13127k/s operations=136.479u ops_per_second=7.13127k/s restart_interval=33.32n
TinyLSM/SstableDataBlockEncodeV2PrefixRestart4/iterations:1/repeats:5/manual_time_cv            0.61 %          0.63 %             5 bytes_per_entry=0.00% bytes_per_second=0.61% encoded_bytes=0.00% items_per_second=0.61% operations=0.00% ops_per_second=0.61% restart_interval=0.00%
TinyLSM/ScanMultiTableCacheDisabled/iterations:1/repeats:5/manual_time                    ERROR OCCURRED: 'multi-table Scan result mismatch'
TinyLSM/ScanMultiTableCacheDisabled/iterations:1/repeats:5/manual_time                    ERROR OCCURRED: 'multi-table Scan result mismatch'
TinyLSM/ScanMultiTableCacheDisabled/iterations:1/repeats:5/manual_time                    ERROR OCCURRED: 'multi-table Scan result mismatch'
TinyLSM/ScanMultiTableCacheDisabled/iterations:1/repeats:5/manual_time                    ERROR OCCURRED: 'multi-table Scan result mismatch'
TinyLSM/ScanMultiTableCacheDisabled/iterations:1/repeats:5/manual_time                    ERROR OCCURRED: 'multi-table Scan result mismatch'
TinyLSM/FillBatch1/iterations:1/repeats:5/manual_time_mean                                 180993362 ns     14506835 ns            5 bytes_per_second=626.115Ki/s items_per_second=5.52709k/s operations=1k ops_per_second=5.52709k/s
TinyLSM/FillBatch1/iterations:1/repeats:5/manual_time_median                               181990400 ns     14440603 ns            5 bytes_per_second=622.457Ki/s items_per_second=5.4948k/s operations=1k ops_per_second=5.4948k/s
TinyLSM/FillBatch1/iterations:1/repeats:5/manual_time_stddev                                 3823750 ns       537014 ns            5 bytes_per_second=13.5448Ki/s items_per_second=119.568/s operations=8.33u ops_per_second=119.568/s
TinyLSM/FillBatch1/iterations:1/repeats:5/manual_time_cv                                        2.11 %          3.70 %             5 bytes_per_second=2.16% items_per_second=2.16% operations=0.00% ops_per_second=2.16%
TinyLSM/ConcurrentFill8/iterations:1/repeats:5/manual_time_mean                            351384084 ns      1853608 ns            5 bytes_per_second=25.1898Mi/s items_per_second=227.702k/s operations=80k ops_per_second=227.702k/s
TinyLSM/ConcurrentFill8/iterations:1/repeats:5/manual_time_median                          349330267 ns      1926752 ns            5 bytes_per_second=25.3345Mi/s items_per_second=229.01k/s operations=80k ops_per_second=229.01k/s
TinyLSM/ConcurrentFill8/iterations:1/repeats:5/manual_time_stddev                            4592083 ns       148032 ns            5 bytes_per_second=334.79Ki/s items_per_second=2.95538k/s operations=666.4u ops_per_second=2.95538k/s
TinyLSM/ConcurrentFill8/iterations:1/repeats:5/manual_time_cv                                   1.31 %          7.99 %             5 bytes_per_second=1.30% items_per_second=1.30% operations=0.00% ops_per_second=1.30%
TinyLSM/FillBatch100/iterations:1/repeats:5/manual_time_mean                                 4414439 ns      1947116 ns            5 bytes_per_second=25.1127Mi/s items_per_second=227.005k/s operations=1k ops_per_second=227.005k/s
TinyLSM/FillBatch100/iterations:1/repeats:5/manual_time_median                               4351077 ns      1935291 ns            5 bytes_per_second=25.425Mi/s items_per_second=229.828k/s operations=1k ops_per_second=229.828k/s
TinyLSM/FillBatch100/iterations:1/repeats:5/manual_time_stddev                                226470 ns        44440 ns            5 bytes_per_second=1.2835Mi/s items_per_second=11.6022k/s operations=8.33u ops_per_second=11.6022k/s
TinyLSM/FillBatch100/iterations:1/repeats:5/manual_time_cv                                      5.13 %          2.28 %             5 bytes_per_second=5.11% items_per_second=5.11% operations=0.00% ops_per_second=5.11%
LevelDB/ConcurrentFill2/iterations:1/repeats:5/manual_time_mean                             29407834 ns       639742 ns            5 bytes_per_second=75.5016Mi/s items_per_second=682.493k/s operations=20k ops_per_second=682.493k/s
LevelDB/ConcurrentFill2/iterations:1/repeats:5/manual_time_median                           29001359 ns       511209 ns            5 bytes_per_second=76.2904Mi/s items_per_second=689.623k/s operations=20k ops_per_second=689.623k/s
LevelDB/ConcurrentFill2/iterations:1/repeats:5/manual_time_stddev                            1964616 ns       367308 ns            5 bytes_per_second=4.97846Mi/s items_per_second=45.0025k/s operations=166.6u ops_per_second=45.0025k/s
LevelDB/ConcurrentFill2/iterations:1/repeats:5/manual_time_cv                                   6.68 %         57.42 %             5 bytes_per_second=6.59% items_per_second=6.59% operations=0.00% ops_per_second=6.59%
TinyLSM/SstableDataBlockEncodeV2PrefixRestart64/iterations:1/repeats:5/manual_time_mean     12837214 ns     12703375 ns            5 bytes_per_entry=122.92 bytes_per_second=160.808Mi/s encoded_bytes=2.01393M items_per_second=1.27742M/s operations=16.384k ops_per_second=1.27742M/s restart_interval=64
TinyLSM/SstableDataBlockEncodeV2PrefixRestart64/iterations:1/repeats:5/manual_time_median   12722952 ns     12717209 ns            5 bytes_per_entry=122.92 bytes_per_second=162.109Mi/s encoded_bytes=2.01393M items_per_second=1.28775M/s operations=16.384k ops_per_second=1.28775M/s restart_interval=64
TinyLSM/SstableDataBlockEncodeV2PrefixRestart64/iterations:1/repeats:5/manual_time_stddev     435933 ns       178838 ns            5 bytes_per_entry=1.02393u bytes_per_second=5.2513Mi/s encoded_bytes=0.016776 items_per_second=41.7151k/s operations=136.479u ops_per_second=41.7151k/s restart_interval=533.12n
TinyLSM/SstableDataBlockEncodeV2PrefixRestart64/iterations:1/repeats:5/manual_time_cv           3.40 %          1.41 %             5 bytes_per_entry=0.00% bytes_per_second=3.27% encoded_bytes=0.00% items_per_second=3.27% operations=0.00% ops_per_second=3.27% restart_interval=0.00%
TinyLSM/SstableDataBlockLookupV2RandomRestart64/iterations:1/repeats:5/manual_time_mean    206159765 ns    205409866 ns            5 block_bytes=17.415k bytes_per_entry=136.055 bytes_per_second=1.22125Mi/s items_per_second=9.70129k/s operations=2k ops_per_second=9.70129k/s restart_interval=64
TinyLSM/SstableDataBlockLookupV2RandomRestart64/iterations:1/repeats:5/manual_time_median  205823872 ns    205474124 ns            5 block_bytes=17.415k bytes_per_entry=136.055 bytes_per_second=1.22323Mi/s items_per_second=9.71705k/s operations=2k ops_per_second=9.71705k/s restart_interval=64
TinyLSM/SstableDataBlockLookupV2RandomRestart64/iterations:1/repeats:5/manual_time_stddev     637408 ns       645089 ns            5 block_bytes=145.067u bytes_per_entry=1.13334u bytes_per_second=3.85875Ki/s items_per_second=29.9345/s operations=16.66u ops_per_second=29.9345/s restart_interval=533.12n
TinyLSM/SstableDataBlockLookupV2RandomRestart64/iterations:1/repeats:5/manual_time_cv           0.31 %          0.31 %             5 block_bytes=0.00% bytes_per_entry=0.00% bytes_per_second=0.31% items_per_second=0.31% operations=0.00% ops_per_second=0.31% restart_interval=0.00%
TinyLSM/ConcurrentRead8/iterations:1/repeats:5/manual_time_mean                              7861987 ns     37340369 ns            5 bytes_per_second=567.526Mi/s items_per_second=5.13012M/s operations=40k ops_per_second=5.13012M/s
TinyLSM/ConcurrentRead8/iterations:1/repeats:5/manual_time_median                            7729575 ns     36861541 ns            5 bytes_per_second=572.483Mi/s items_per_second=5.17493M/s operations=40k ops_per_second=5.17493M/s
TinyLSM/ConcurrentRead8/iterations:1/repeats:5/manual_time_stddev                             839105 ns      2022085 ns            5 bytes_per_second=54.9964Mi/s items_per_second=497.137k/s operations=333.2u ops_per_second=497.137k/s
TinyLSM/ConcurrentRead8/iterations:1/repeats:5/manual_time_cv                                  10.67 %          5.42 %             5 bytes_per_second=9.69% items_per_second=9.69% operations=0.00% ops_per_second=9.69%
TinyLSM/ReadRandomMiss/iterations:1/repeats:5/manual_time_mean                              26066435 ns    205646725 ns            5 bytes_per_second=58.5554Mi/s items_per_second=3.83748M/s operations=100k ops_per_second=3.83748M/s
TinyLSM/ReadRandomMiss/iterations:1/repeats:5/manual_time_median                            25898809 ns    205794627 ns            5 bytes_per_second=58.917Mi/s items_per_second=3.86118M/s operations=100k ops_per_second=3.86118M/s
TinyLSM/ReadRandomMiss/iterations:1/repeats:5/manual_time_stddev                              502653 ns       890984 ns            5 bytes_per_second=1.12137Mi/s items_per_second=73.4904k/s operations=833u ops_per_second=73.4904k/s
TinyLSM/ReadRandomMiss/iterations:1/repeats:5/manual_time_cv                                    1.93 %          0.43 %             5 bytes_per_second=1.92% items_per_second=1.92% operations=0.00% ops_per_second=1.92%
TinyLSM/GroupCommitOff16Writers/iterations:1/repeats:5/manual_time_mean                   1538399803 ns      1264217 ns            5 bytes_per_second=1.38389Mi/s grouped_requests=8.192k items_per_second=5.33497k/s max_group_requests=1 max_writer_queue_depth=15 operations=8.192k ops_per_second=5.33497k/s physical_groups=8.192k put_p50_us=2.69057k put_p95_us=2.94603k put_p99_us=6.16868k wal_syncs=8.192k wal_syncs_per_write=1 writer_count=16 writer_queue_wait_us=23.2021M
TinyLSM/GroupCommitOff16Writers/iterations:1/repeats:5/manual_time_median                 1533386111 ns      1290249 ns            5 bytes_per_second=1.38582Mi/s grouped_requests=8.192k items_per_second=5.34242k/s max_group_requests=1 max_writer_queue_depth=15 operations=8.192k ops_per_second=5.34242k/s physical_groups=8.192k put_p50_us=2.68304k put_p95_us=2.89203k put_p99_us=4.66105k wal_syncs=8.192k wal_syncs_per_write=1 writer_count=16 writer_queue_wait_us=23.0993M
TinyLSM/GroupCommitOff16Writers/iterations:1/repeats:5/manual_time_stddev                   75231303 ns       131742 ns            5 bytes_per_second=67.636Ki/s grouped_requests=68.2394u items_per_second=254.63/s max_group_requests=8.33n max_writer_queue_depth=124.95n operations=68.2394u ops_per_second=254.63/s physical_groups=68.2394u put_p50_us=73.8573 put_p95_us=101.369 put_p99_us=4.23876k wal_syncs=68.2394u wal_syncs_per_write=8.33n writer_count=133.28n writer_queue_wait_us=1.20979M
TinyLSM/GroupCommitOff16Writers/iterations:1/repeats:5/manual_time_cv                           4.89 %         10.42 %             5 bytes_per_second=4.77% grouped_requests=0.00% items_per_second=4.77% max_group_requests=0.00% max_writer_queue_depth=0.00% operations=0.00% ops_per_second=4.77% physical_groups=0.00% put_p50_us=2.75% put_p95_us=3.44% put_p99_us=68.71% wal_syncs=0.00% wal_syncs_per_write=0.00% writer_count=0.00% writer_queue_wait_us=5.21%
TinyLSM/GroupCommitOn1Writers/iterations:1/repeats:5/manual_time_mean                     1459708459 ns       771850 ns            5 bytes_per_second=1.45694Mi/s grouped_requests=8.192k items_per_second=5.61658k/s max_group_requests=8 max_writer_queue_depth=1 operations=8.192k ops_per_second=5.61658k/s physical_groups=8.192k put_p50_us=172.668 put_p95_us=201.241 put_p99_us=227.263 wal_syncs=8.192k wal_syncs_per_write=1 writer_count=1 writer_queue_wait_us=1.45751M
TinyLSM/GroupCommitOn1Writers/iterations:1/repeats:5/manual_time_median                   1439455483 ns       777251 ns            5 bytes_per_second=1.47625Mi/s grouped_requests=8.192k items_per_second=5.69104k/s max_group_requests=8 max_writer_queue_depth=1 operations=8.192k ops_per_second=5.69104k/s physical_groups=8.192k put_p50_us=171.354 put_p95_us=200.836 put_p99_us=226.151 wal_syncs=8.192k wal_syncs_per_write=1 writer_count=1 writer_queue_wait_us=1.4372M
TinyLSM/GroupCommitOn1Writers/iterations:1/repeats:5/manual_time_stddev                     46969804 ns        62415 ns            5 bytes_per_second=46.4631Ki/s grouped_requests=68.2394u items_per_second=174.92/s max_group_requests=66.64n max_writer_queue_depth=8.33n operations=68.2394u ops_per_second=174.92/s physical_groups=68.2394u put_p50_us=3.71237 put_p95_us=3.20696 put_p99_us=4.62443 wal_syncs=68.2394u wal_syncs_per_write=8.33n writer_count=8.33n writer_queue_wait_us=47.0298k
TinyLSM/GroupCommitOn1Writers/iterations:1/repeats:5/manual_time_cv                             3.22 %          8.09 %             5 bytes_per_second=3.11% grouped_requests=0.00% items_per_second=3.11% max_group_requests=0.00% max_writer_queue_depth=0.00% operations=0.00% ops_per_second=3.11% physical_groups=0.00% put_p50_us=2.15% put_p95_us=1.59% put_p99_us=2.03% wal_syncs=0.00% wal_syncs_per_write=0.00% writer_count=0.00% writer_queue_wait_us=3.23%
TinyLSM/SstableDataBlockLookupV2PrefixRestart16/iterations:1/repeats:5/manual_time_mean    189279924 ns    188432049 ns            5 block_bytes=16.056k bytes_per_entry=125.438 bytes_per_second=1.33018Mi/s items_per_second=10.5667k/s operations=2k ops_per_second=10.5667k/s restart_interval=16
TinyLSM/SstableDataBlockLookupV2PrefixRestart16/iterations:1/repeats:5/manual_time_median  189550012 ns    188625666 ns            5 block_bytes=16.056k bytes_per_entry=125.438 bytes_per_second=1.32825Mi/s items_per_second=10.5513k/s operations=2k ops_per_second=10.5513k/s restart_interval=16
TinyLSM/SstableDataBlockLookupV2PrefixRestart16/iterations:1/repeats:5/manual_time_stddev    1106131 ns       629417 ns            5 block_bytes=133.747u bytes_per_entry=1.04489u bytes_per_second=7.98435Ki/s items_per_second=61.9392/s operations=16.66u ops_per_second=61.9392/s restart_interval=133.28n
TinyLSM/SstableDataBlockLookupV2PrefixRestart16/iterations:1/repeats:5/manual_time_cv           0.58 %          0.33 %             5 block_bytes=0.00% bytes_per_entry=0.00% bytes_per_second=0.59% items_per_second=0.59% operations=0.00% ops_per_second=0.59% restart_interval=0.00%
LevelDB/ConcurrentFill8/iterations:1/repeats:5/manual_time_mean                            269654253 ns       889734 ns            5 bytes_per_second=32.8293Mi/s items_per_second=296.759k/s operations=80k ops_per_second=296.759k/s
LevelDB/ConcurrentFill8/iterations:1/repeats:5/manual_time_median                          267758651 ns       860959 ns            5 bytes_per_second=33.0525Mi/s items_per_second=298.777k/s operations=80k ops_per_second=298.777k/s
LevelDB/ConcurrentFill8/iterations:1/repeats:5/manual_time_stddev                            5068992 ns       124477 ns            5 bytes_per_second=620.074Ki/s items_per_second=5.47376k/s operations=666.4u ops_per_second=5.47376k/s
LevelDB/ConcurrentFill8/iterations:1/repeats:5/manual_time_cv                                   1.88 %         13.99 %             5 bytes_per_second=1.84% items_per_second=1.84% operations=0.00% ops_per_second=1.84%
TinyLSM/SnapshotRetentionHeld0s/iterations:1/repeats:5/manual_time_mean                     11850463 ns      8163473 ns            5 active_snapshots=1 bytes_per_second=18.9256Mi/s items_per_second=171.077k/s live_sstable_bytes=251.927k operations=2k ops_per_second=171.077k/s overwrite_generations=0 retained_bytes=232k retained_versions=2k
TinyLSM/SnapshotRetentionHeld0s/iterations:1/repeats:5/manual_time_median                   11402966 ns      8157125 ns            5 active_snapshots=1 bytes_per_second=19.4031Mi/s items_per_second=175.393k/s live_sstable_bytes=251.927k operations=2k ops_per_second=175.393k/s overwrite_generations=0 retained_bytes=232k retained_versions=2k
TinyLSM/SnapshotRetentionHeld0s/iterations:1/repeats:5/manual_time_stddev                    1657445 ns        73389 ns            5 active_snapshots=8.33n bytes_per_second=2.2862Mi/s items_per_second=20.666k/s live_sstable_bytes=2.09855m operations=16.66u ops_per_second=20.666k/s overwrite_generations=0 retained_bytes=1.93256m retained_versions=16.66u
TinyLSM/SnapshotRetentionHeld0s/iterations:1/repeats:5/manual_time_cv                          13.99 %          0.90 %             5 active_snapshots=0.00% bytes_per_second=12.08% items_per_second=12.08% live_sstable_bytes=0.00% operations=0.00% ops_per_second=12.08% overwrite_generations=0.00% retained_bytes=0.00% retained_versions=0.00%
TinyLSM/SnapshotIterator1000K/iterations:1/repeats:5/manual_time_mean                     1140167600 ns   2740095648 ns            5 bytes_per_second=970.667Mi/s first_result_ns=50.1749M items_per_second=8.77429M/s operations=10M ops_per_second=8.77429M/s peak_rss_kb=933.754k snapshot_sequence=1M
TinyLSM/SnapshotIterator1000K/iterations:1/repeats:5/manual_time_median                   1146323432 ns   2721225240 ns            5 bytes_per_second=965.052Mi/s first_result_ns=51.0464M items_per_second=8.72354M/s operations=10M ops_per_second=8.72354M/s peak_rss_kb=985.76k snapshot_sequence=1M
TinyLSM/SnapshotIterator1000K/iterations:1/repeats:5/manual_time_stddev                     25960272 ns     69901844 ns            5 bytes_per_second=22.1659Mi/s first_result_ns=2.79528M items_per_second=200.368k/s operations=0.0833 ops_per_second=200.368k/s peak_rss_kb=94.6726k snapshot_sequence=8.33m
TinyLSM/SnapshotIterator1000K/iterations:1/repeats:5/manual_time_cv                             2.28 %          2.55 %             5 bytes_per_second=2.28% first_result_ns=5.57% items_per_second=2.28% operations=0.00% ops_per_second=2.28% peak_rss_kb=10.14% snapshot_sequence=0.00%
TinyLSM/ConcurrentRead4/iterations:1/repeats:5/manual_time_mean                              8809073 ns     35899125 ns            5 bytes_per_second=502.988Mi/s items_per_second=4.54674M/s operations=40k ops_per_second=4.54674M/s
TinyLSM/ConcurrentRead4/iterations:1/repeats:5/manual_time_median                            8691876 ns     35803417 ns            5 bytes_per_second=509.102Mi/s items_per_second=4.602M/s operations=40k ops_per_second=4.602M/s
TinyLSM/ConcurrentRead4/iterations:1/repeats:5/manual_time_stddev                             357666 ns       749669 ns            5 bytes_per_second=20.3143Mi/s items_per_second=183.63k/s operations=333.2u ops_per_second=183.63k/s
TinyLSM/ConcurrentRead4/iterations:1/repeats:5/manual_time_cv                                   4.06 %          2.09 %             5 bytes_per_second=4.04% items_per_second=4.04% operations=0.00% ops_per_second=4.04%
TinyLSM/SstableDataBlockLookupV1Prefix/iterations:1/repeats:5/manual_time_mean             268744371 ns    267691291 ns            5 block_bytes=21.768k bytes_per_entry=170.062 bytes_per_second=959.334Ki/s items_per_second=7.4421k/s operations=2k ops_per_second=7.4421k/s restart_interval=0
TinyLSM/SstableDataBlockLookupV1Prefix/iterations:1/repeats:5/manual_time_median           268721341 ns    267948542 ns            5 block_bytes=21.768k bytes_per_entry=170.062 bytes_per_second=959.405Ki/s items_per_second=7.44265k/s operations=2k ops_per_second=7.44265k/s restart_interval=0
TinyLSM/SstableDataBlockLookupV1Prefix/iterations:1/repeats:5/manual_time_stddev             1021151 ns      1039940 ns            5 block_bytes=181.327u bytes_per_entry=1.41662u bytes_per_second=3.64689Ki/s items_per_second=28.291/s operations=16.66u ops_per_second=28.291/s restart_interval=0
TinyLSM/SstableDataBlockLookupV1Prefix/iterations:1/repeats:5/manual_time_cv                    0.38 %          0.39 %             5 block_bytes=0.00% bytes_per_entry=0.00% bytes_per_second=0.38% items_per_second=0.38% operations=0.00% ops_per_second=0.38% restart_interval=0.00%
TinyLSM/SstableDataBlockEncodeV2RandomRestart16/iterations:1/repeats:5/manual_time_mean     13807726 ns     13724525 ns            5 bytes_per_entry=134.627 bytes_per_second=149.377Mi/s encoded_bytes=2.20572M items_per_second=1.18662M/s operations=16.384k ops_per_second=1.18662M/s restart_interval=16
TinyLSM/SstableDataBlockEncodeV2RandomRestart16/iterations:1/repeats:5/manual_time_median   13797898 ns     13713750 ns            5 bytes_per_entry=134.627 bytes_per_second=149.479Mi/s encoded_bytes=2.20572M items_per_second=1.18743M/s operations=16.384k ops_per_second=1.18743M/s restart_interval=16
TinyLSM/SstableDataBlockEncodeV2RandomRestart16/iterations:1/repeats:5/manual_time_stddev      83844 ns        38200 ns            5 bytes_per_entry=1.12144u bytes_per_second=926.509Ki/s encoded_bytes=0.0183737 items_per_second=7.18746k/s operations=136.479u ops_per_second=7.18746k/s restart_interval=133.28n
TinyLSM/SstableDataBlockEncodeV2RandomRestart16/iterations:1/repeats:5/manual_time_cv           0.61 %          0.28 %             5 bytes_per_entry=0.00% bytes_per_second=0.61% encoded_bytes=0.00% items_per_second=0.61% operations=0.00% ops_per_second=0.61% restart_interval=0.00%
TinyLSM/ReadRepeatedHit/iterations:1/repeats:5/manual_time_mean                             12006323 ns     47241266 ns            5 block_decodes=0 block_reads=0 bytes_per_second=460.867Mi/s cache_charge_bytes=0 cache_evictions=0 cache_hits=0 cache_inserts=0 cache_misses=0 items_per_second=4.16598M/s operations=50k ops_per_second=4.16598M/s table_probes=0
TinyLSM/ReadRepeatedHit/iterations:1/repeats:5/manual_time_median                           12008360 ns     46686915 ns            5 block_decodes=0 block_reads=0 bytes_per_second=460.622Mi/s cache_charge_bytes=0 cache_evictions=0 cache_hits=0 cache_inserts=0 cache_misses=0 items_per_second=4.16377M/s operations=50k ops_per_second=4.16377M/s table_probes=0
TinyLSM/ReadRepeatedHit/iterations:1/repeats:5/manual_time_stddev                             255101 ns       955932 ns            5 block_decodes=0 block_reads=0 bytes_per_second=9.84495Mi/s cache_charge_bytes=0 cache_evictions=0 cache_hits=0 cache_inserts=0 cache_misses=0 items_per_second=88.9929k/s operations=416.5u ops_per_second=88.9929k/s table_probes=0
TinyLSM/ReadRepeatedHit/iterations:1/repeats:5/manual_time_cv                                   2.12 %          2.02 %             5 block_decodes=0.00% block_reads=0.00% bytes_per_second=2.14% cache_charge_bytes=0.00% cache_evictions=0.00% cache_hits=0.00% cache_inserts=0.00% cache_misses=0.00% items_per_second=2.14% operations=0.00% ops_per_second=2.14% table_probes=0.00%
LevelDB/ConcurrentFill4/iterations:1/repeats:5/manual_time_mean                            134039602 ns       517593 ns            5 bytes_per_second=33.0491Mi/s items_per_second=298.746k/s operations=40k ops_per_second=298.746k/s
LevelDB/ConcurrentFill4/iterations:1/repeats:5/manual_time_median                          135389665 ns       492500 ns            5 bytes_per_second=32.6838Mi/s items_per_second=295.444k/s operations=40k ops_per_second=295.444k/s
LevelDB/ConcurrentFill4/iterations:1/repeats:5/manual_time_stddev                            4916045 ns        51885 ns            5 bytes_per_second=1.23142Mi/s items_per_second=11.1314k/s operations=333.2u ops_per_second=11.1314k/s
LevelDB/ConcurrentFill4/iterations:1/repeats:5/manual_time_cv                                   3.67 %         10.02 %             5 bytes_per_second=3.73% items_per_second=3.73% operations=0.00% ops_per_second=3.73%
TinyLSM/SnapshotRetentionHeld60s/iterations:1/repeats:5/manual_time_mean                    42288619 ns     55788569 ns            5 active_snapshots=1 bytes_per_second=36.6257Mi/s items_per_second=331.076k/s live_sstable_bytes=1.7499M operations=14k ops_per_second=331.076k/s overwrite_generations=6 retained_bytes=1.62405M retained_versions=14.005k
TinyLSM/SnapshotRetentionHeld60s/iterations:1/repeats:5/manual_time_median                  42469093 ns     55779416 ns            5 active_snapshots=1 bytes_per_second=36.4681Mi/s items_per_second=329.651k/s live_sstable_bytes=1.7499M operations=14k ops_per_second=329.651k/s overwrite_generations=6 retained_bytes=1.62405M retained_versions=14.005k
TinyLSM/SnapshotRetentionHeld60s/iterations:1/repeats:5/manual_time_stddev                    345118 ns       289390 ns            5 active_snapshots=8.33n bytes_per_second=307.046Ki/s items_per_second=2.71047k/s live_sstable_bytes=0.0145767 operations=116.62u ops_per_second=2.71047k/s overwrite_generations=49.98n retained_bytes=0.0135283 retained_versions=116.662u
TinyLSM/SnapshotRetentionHeld60s/iterations:1/repeats:5/manual_time_cv                          0.82 %          0.52 %             5 active_snapshots=0.00% bytes_per_second=0.82% items_per_second=0.82% live_sstable_bytes=0.00% operations=0.00% ops_per_second=0.82% overwrite_generations=0.00% retained_bytes=0.00% retained_versions=0.00%
LevelDB/FillBatch100/iterations:1/repeats:5/manual_time_mean                                 3934613 ns       825958 ns            5 bytes_per_second=30.7918Mi/s items_per_second=278.341k/s operations=1k ops_per_second=278.341k/s
LevelDB/FillBatch100/iterations:1/repeats:5/manual_time_median                               3777144 ns       864916 ns            5 bytes_per_second=29.2883Mi/s items_per_second=264.75k/s operations=1k ops_per_second=264.75k/s
LevelDB/FillBatch100/iterations:1/repeats:5/manual_time_stddev                               1437936 ns        72630 ns            5 bytes_per_second=9.54472Mi/s items_per_second=86.279k/s operations=8.33u ops_per_second=86.279k/s
LevelDB/FillBatch100/iterations:1/repeats:5/manual_time_cv                                     36.55 %          8.79 %             5 bytes_per_second=31.00% items_per_second=31.00% operations=0.00% ops_per_second=31.00%
TinyLSM/ConcurrentRead1/iterations:1/repeats:5/manual_time_mean                             13633917 ns     34931625 ns            5 bytes_per_second=324.692Mi/s items_per_second=2.93504M/s operations=40k ops_per_second=2.93504M/s
TinyLSM/ConcurrentRead1/iterations:1/repeats:5/manual_time_median                           13573668 ns     35009668 ns            5 bytes_per_second=326.002Mi/s items_per_second=2.94688M/s operations=40k ops_per_second=2.94688M/s
TinyLSM/ConcurrentRead1/iterations:1/repeats:5/manual_time_stddev                             308492 ns       242761 ns            5 bytes_per_second=7.19131Mi/s items_per_second=65.0055k/s operations=333.2u ops_per_second=65.0055k/s
TinyLSM/ConcurrentRead1/iterations:1/repeats:5/manual_time_cv                                   2.26 %          0.69 %             5 bytes_per_second=2.21% items_per_second=2.21% operations=0.00% ops_per_second=2.21%
TinyLSM/GroupCommitOff2Writers/iterations:1/repeats:5/manual_time_mean                    1516539229 ns       851616 ns            5 bytes_per_second=1.41143Mi/s grouped_requests=8.192k items_per_second=5.44115k/s max_group_requests=1 max_writer_queue_depth=1 operations=8.192k ops_per_second=5.44115k/s physical_groups=8.192k put_p50_us=352.78 put_p95_us=402.633 put_p99_us=644.139 wal_syncs=8.192k wal_syncs_per_write=1 writer_count=2 writer_queue_wait_us=3.02961M
TinyLSM/GroupCommitOff2Writers/iterations:1/repeats:5/manual_time_median                  1465446553 ns       782416 ns            5 bytes_per_second=1.45007Mi/s grouped_requests=8.192k items_per_second=5.5901k/s max_group_requests=1 max_writer_queue_depth=1 operations=8.192k ops_per_second=5.5901k/s physical_groups=8.192k put_p50_us=353.309 put_p95_us=396.75 put_p99_us=423.826 wal_syncs=8.192k wal_syncs_per_write=1 writer_count=2 writer_queue_wait_us=2.92764M
TinyLSM/GroupCommitOff2Writers/iterations:1/repeats:5/manual_time_stddev                   151833388 ns       159795 ns            5 bytes_per_second=130.771Ki/s grouped_requests=68.2394u items_per_second=492.316/s max_group_requests=8.33n max_writer_queue_depth=8.33n operations=68.2394u ops_per_second=492.316/s physical_groups=68.2394u put_p50_us=12.7836 put_p95_us=27.7275 put_p99_us=483.086 wal_syncs=68.2394u wal_syncs_per_write=8.33n writer_count=16.66n writer_queue_wait_us=303.438k
TinyLSM/GroupCommitOff2Writers/iterations:1/repeats:5/manual_time_cv                           10.01 %         18.76 %             5 bytes_per_second=9.05% grouped_requests=0.00% items_per_second=9.05% max_group_requests=0.00% max_writer_queue_depth=0.00% operations=0.00% ops_per_second=9.05% physical_groups=0.00% put_p50_us=3.62% put_p95_us=6.89% put_p99_us=75.00% wal_syncs=0.00% wal_syncs_per_write=0.00% writer_count=0.00% writer_queue_wait_us=10.02%
TinyLSM/SnapshotWriterOverlapIterator/iterations:1/repeats:5/manual_time_mean               14936455 ns    144357074 ns            5 bytes_per_second=778.646Mi/s items_per_second=7.03853M/s operations=105k ops_per_second=7.03853M/s write_lock_acquisitions=5k write_lock_wait_ns=5.41604M writer_p50_us=1.7924 writer_p95_us=2.1856 writer_p99_us=2.6378
TinyLSM/SnapshotWriterOverlapIterator/iterations:1/repeats:5/manual_time_median             15155770 ns    144472541 ns            5 bytes_per_second=766.424Mi/s items_per_second=6.92805M/s operations=105k ops_per_second=6.92805M/s write_lock_acquisitions=5k write_lock_wait_ns=5.19059M writer_p50_us=1.796 writer_p95_us=2.192 writer_p99_us=2.604
TinyLSM/SnapshotWriterOverlapIterator/iterations:1/repeats:5/manual_time_stddev               584898 ns       242199 ns            5 bytes_per_second=30.8997Mi/s items_per_second=279.316k/s operations=874.65u ops_per_second=279.316k/s write_lock_acquisitions=41.65u write_lock_wait_ns=517.14k writer_p50_us=0.0242343 writer_p95_us=0.118052 writer_p99_us=0.118405
TinyLSM/SnapshotWriterOverlapIterator/iterations:1/repeats:5/manual_time_cv                     3.92 %          0.17 %             5 bytes_per_second=3.97% items_per_second=3.97% operations=0.00% ops_per_second=3.97% write_lock_acquisitions=0.00% write_lock_wait_ns=9.55% writer_p50_us=1.35% writer_p95_us=5.40% writer_p99_us=4.49%
TinyLSM/GroupCommitOn2Writers/iterations:1/repeats:5/manual_time_mean                     1507852259 ns       809208 ns            5 bytes_per_second=1.41186Mi/s grouped_requests=8.192k items_per_second=5.44282k/s max_group_requests=8 max_writer_queue_depth=1 operations=8.192k ops_per_second=5.44282k/s physical_groups=8.192k put_p50_us=356.693 put_p95_us=399.992 put_p99_us=467.242 wal_syncs=8.192k wal_syncs_per_write=1 writer_count=2 writer_queue_wait_us=3.01222M
TinyLSM/GroupCommitOn2Writers/iterations:1/repeats:5/manual_time_median                   1474103648 ns       791126 ns            5 bytes_per_second=1.44155Mi/s grouped_requests=8.192k items_per_second=5.55728k/s max_group_requests=8 max_writer_queue_depth=1 operations=8.192k ops_per_second=5.55728k/s physical_groups=8.192k put_p50_us=354.045 put_p95_us=390.91 put_p99_us=429.409 wal_syncs=8.192k wal_syncs_per_write=1 writer_count=2 writer_queue_wait_us=2.94512M
TinyLSM/GroupCommitOn2Writers/iterations:1/repeats:5/manual_time_stddev                     73995811 ns        81113 ns            5 bytes_per_second=67.1872Ki/s grouped_requests=68.2394u items_per_second=252.94/s max_group_requests=66.64n max_writer_queue_depth=8.33n operations=68.2394u ops_per_second=252.94/s physical_groups=68.2394u put_p50_us=6.89293 put_p95_us=15.5594 put_p99_us=91.7216 wal_syncs=68.2394u wal_syncs_per_write=8.33n writer_count=16.66n writer_queue_wait_us=148.109k
TinyLSM/GroupCommitOn2Writers/iterations:1/repeats:5/manual_time_cv                             4.91 %         10.02 %             5 bytes_per_second=4.65% grouped_requests=0.00% items_per_second=4.65% max_group_requests=0.00% max_writer_queue_depth=0.00% operations=0.00% ops_per_second=4.65% physical_groups=0.00% put_p50_us=1.93% put_p95_us=3.89% put_p99_us=19.63% wal_syncs=0.00% wal_syncs_per_write=0.00% writer_count=0.00% writer_queue_wait_us=4.92%
TinyLSM/GroupCommitOn4Writers/iterations:1/repeats:5/manual_time_mean                     1113138379 ns      1001958 ns            5 bytes_per_second=1.91286Mi/s grouped_requests=8.192k items_per_second=7.37421k/s max_group_requests=8 max_writer_queue_depth=3 operations=8.192k ops_per_second=7.37421k/s physical_groups=6.0712k put_p50_us=347.994 put_p95_us=399.841 put_p99_us=462.02 wal_syncs=6.0712k wal_syncs_per_write=0.741113 writer_count=4 writer_queue_wait_us=3.40316M
TinyLSM/GroupCommitOn4Writers/iterations:1/repeats:5/manual_time_median                   1121767869 ns       970459 ns            5 bytes_per_second=1.89433Mi/s grouped_requests=8.192k items_per_second=7.30276k/s max_group_requests=8 max_writer_queue_depth=3 operations=8.192k ops_per_second=7.30276k/s physical_groups=6.067k put_p50_us=344.769 put_p95_us=408.871 put_p99_us=478.962 wal_syncs=6.067k wal_syncs_per_write=0.740601 writer_count=4 writer_queue_wait_us=3.46509M
TinyLSM/GroupCommitOn4Writers/iterations:1/repeats:5/manual_time_stddev                     55568048 ns        81352 ns            5 bytes_per_second=98.7138Ki/s grouped_requests=68.2394u items_per_second=371.629/s max_group_requests=66.64n max_writer_queue_depth=24.99n operations=68.2394u ops_per_second=371.629/s physical_groups=34.1936 put_p50_us=12.9189 put_p95_us=13.5926 put_p99_us=41.7976 wal_syncs=34.1936 wal_syncs_per_write=4.17402m writer_count=33.32n writer_queue_wait_us=182.161k
TinyLSM/GroupCommitOn4Writers/iterations:1/repeats:5/manual_time_cv                             4.99 %          8.12 %             5 bytes_per_second=5.04% grouped_requests=0.00% items_per_second=5.04% max_group_requests=0.00% max_writer_queue_depth=0.00% operations=0.00% ops_per_second=5.04% physical_groups=0.56% put_p50_us=3.71% put_p95_us=3.40% put_p99_us=9.05% wal_syncs=0.56% wal_syncs_per_write=0.56% writer_count=0.00% writer_queue_wait_us=5.35%
TinyLSM/GroupCommitOff1Writers/iterations:1/repeats:5/manual_time_mean                    1473835050 ns       789200 ns            5 bytes_per_second=1.44331Mi/s grouped_requests=8.192k items_per_second=5.56405k/s max_group_requests=1 max_writer_queue_depth=1 operations=8.192k ops_per_second=5.56405k/s physical_groups=8.192k put_p50_us=172.366 put_p95_us=202.434 put_p99_us=229.724 wal_syncs=8.192k wal_syncs_per_write=1 writer_count=1 writer_queue_wait_us=1.4718M
TinyLSM/GroupCommitOff1Writers/iterations:1/repeats:5/manual_time_median                  1455973349 ns       814876 ns            5 bytes_per_second=1.4595Mi/s grouped_requests=8.192k items_per_second=5.62648k/s max_group_requests=1 max_writer_queue_depth=1 operations=8.192k ops_per_second=5.62648k/s physical_groups=8.192k put_p50_us=172.807 put_p95_us=201.429 put_p99_us=229.775 wal_syncs=8.192k wal_syncs_per_write=1 writer_count=1 writer_queue_wait_us=1.45407M
TinyLSM/GroupCommitOff1Writers/iterations:1/repeats:5/manual_time_stddev                    53948875 ns        64432 ns            5 bytes_per_second=52.2801Ki/s grouped_requests=68.2394u items_per_second=196.819/s max_group_requests=8.33n max_writer_queue_depth=8.33n operations=68.2394u ops_per_second=196.819/s physical_groups=68.2394u put_p50_us=2.98546 put_p95_us=4.4864 put_p99_us=7.15462 wal_syncs=68.2394u wal_syncs_per_write=8.33n writer_count=8.33n writer_queue_wait_us=54.0087k
TinyLSM/GroupCommitOff1Writers/iterations:1/repeats:5/manual_time_cv                            3.66 %          8.16 %             5 bytes_per_second=3.54% grouped_requests=0.00% items_per_second=3.54% max_group_requests=0.00% max_writer_queue_depth=0.00% operations=0.00% ops_per_second=3.54% physical_groups=0.00% put_p50_us=1.73% put_p95_us=2.22% put_p99_us=3.11% wal_syncs=0.00% wal_syncs_per_write=0.00% writer_count=0.00% writer_queue_wait_us=3.67%
TinyLSM/SstableDataBlockEncodeV2PrefixRestart16/iterations:1/repeats:5/manual_time_mean     12970389 ns     12921266 ns            5 bytes_per_entry=125.346 bytes_per_second=159.03Mi/s encoded_bytes=2.05367M items_per_second=1.2633M/s operations=16.384k ops_per_second=1.2633M/s restart_interval=16
TinyLSM/SstableDataBlockEncodeV2PrefixRestart16/iterations:1/repeats:5/manual_time_median   12937804 ns     12924833 ns            5 bytes_per_entry=125.346 bytes_per_second=159.417Mi/s encoded_bytes=2.05367M items_per_second=1.26637M/s operations=16.384k ops_per_second=1.26637M/s restart_interval=16
TinyLSM/SstableDataBlockEncodeV2PrefixRestart16/iterations:1/repeats:5/manual_time_stddev     135413 ns        87290 ns            5 bytes_per_entry=1.04413u bytes_per_second=1.66046Mi/s encoded_bytes=0.0171071 items_per_second=13.1903k/s operations=136.479u ops_per_second=13.1903k/s restart_interval=133.28n
TinyLSM/SstableDataBlockEncodeV2PrefixRestart16/iterations:1/repeats:5/manual_time_cv           1.04 %          0.68 %             5 bytes_per_entry=0.00% bytes_per_second=1.04% encoded_bytes=0.00% items_per_second=1.04% operations=0.00% ops_per_second=1.04% restart_interval=0.00%
TinyLSM/GroupCommitOff4Writers/iterations:1/repeats:5/manual_time_mean                    1460461383 ns       951109 ns            5 bytes_per_second=1.45578Mi/s grouped_requests=8.192k items_per_second=5.6121k/s max_group_requests=1 max_writer_queue_depth=3 operations=8.192k ops_per_second=5.6121k/s physical_groups=8.192k put_p50_us=517.435 put_p95_us=578.548 put_p99_us=617.516 wal_syncs=8.192k wal_syncs_per_write=1 writer_count=4 writer_queue_wait_us=4.75674M
TinyLSM/GroupCommitOff4Writers/iterations:1/repeats:5/manual_time_median                  1453004336 ns       952752 ns            5 bytes_per_second=1.46249Mi/s grouped_requests=8.192k items_per_second=5.63797k/s max_group_requests=1 max_writer_queue_depth=3 operations=8.192k ops_per_second=5.63797k/s physical_groups=8.192k put_p50_us=517.623 put_p95_us=576.847 put_p99_us=613.573 wal_syncs=8.192k wal_syncs_per_write=1 writer_count=4 writer_queue_wait_us=4.7361M
TinyLSM/GroupCommitOff4Writers/iterations:1/repeats:5/manual_time_stddev                    37250445 ns        26959 ns            5 bytes_per_second=37.981Ki/s grouped_requests=68.2394u items_per_second=142.987/s max_group_requests=8.33n max_writer_queue_depth=24.99n operations=68.2394u ops_per_second=142.987/s physical_groups=68.2394u put_p50_us=17.4659 put_p95_us=11.933 put_p99_us=17.6845 wal_syncs=68.2394u wal_syncs_per_write=8.33n writer_count=33.32n writer_queue_wait_us=134.847k
TinyLSM/GroupCommitOff4Writers/iterations:1/repeats:5/manual_time_cv                            2.55 %          2.83 %             5 bytes_per_second=2.55% grouped_requests=0.00% items_per_second=2.55% max_group_requests=0.00% max_writer_queue_depth=0.00% operations=0.00% ops_per_second=2.55% physical_groups=0.00% put_p50_us=3.38% put_p95_us=2.06% put_p99_us=2.86% wal_syncs=0.00% wal_syncs_per_write=0.00% writer_count=0.00% writer_queue_wait_us=2.83%
TinyLSM/SnapshotIterator100K/iterations:1/repeats:5/manual_time_mean                       101664050 ns    248083316 ns            5 bytes_per_second=1.06282Gi/s first_result_ns=3.42786M items_per_second=9.83787M/s operations=1M ops_per_second=9.83787M/s peak_rss_kb=755.661k snapshot_sequence=100k
TinyLSM/SnapshotIterator100K/iterations:1/repeats:5/manual_time_median                     102176765 ns    246183377 ns            5 bytes_per_second=1.05732Gi/s first_result_ns=3.42074M items_per_second=9.78696M/s operations=1M ops_per_second=9.78696M/s peak_rss_kb=896.28k snapshot_sequence=100k
TinyLSM/SnapshotIterator100K/iterations:1/repeats:5/manual_time_stddev                       1422156 ns      4598881 ns            5 bytes_per_second=15.3146Mi/s first_result_ns=36.3308k items_per_second=138.436k/s operations=8.33m ops_per_second=138.436k/s peak_rss_kb=322.514k snapshot_sequence=833u
TinyLSM/SnapshotIterator100K/iterations:1/repeats:5/manual_time_cv                              1.40 %          1.85 %             5 bytes_per_second=1.41% first_result_ns=1.06% items_per_second=1.41% operations=0.00% ops_per_second=1.41% peak_rss_kb=42.68% snapshot_sequence=0.00%
TinyLSM/SstableDataBlockEncodeV2RandomRestart64/iterations:1/repeats:5/manual_time_mean     13682465 ns     13638675 ns            5 bytes_per_entry=134.259 bytes_per_second=150.743Mi/s encoded_bytes=2.1997M items_per_second=1.19747M/s operations=16.384k ops_per_second=1.19747M/s restart_interval=64
TinyLSM/SstableDataBlockEncodeV2RandomRestart64/iterations:1/repeats:5/manual_time_median   13657798 ns     13649417 ns            5 bytes_per_entry=134.259 bytes_per_second=151.013Mi/s encoded_bytes=2.1997M items_per_second=1.19961M/s operations=16.384k ops_per_second=1.19961M/s restart_interval=64
TinyLSM/SstableDataBlockEncodeV2RandomRestart64/iterations:1/repeats:5/manual_time_stddev      64134 ns        56208 ns            5 bytes_per_entry=1.11838u bytes_per_second=722.396Ki/s encoded_bytes=0.0183235 items_per_second=5.60404k/s operations=136.479u ops_per_second=5.60404k/s restart_interval=533.12n
TinyLSM/SstableDataBlockEncodeV2RandomRestart64/iterations:1/repeats:5/manual_time_cv           0.47 %          0.41 %             5 bytes_per_entry=0.00% bytes_per_second=0.47% encoded_bytes=0.00% items_per_second=0.47% operations=0.00% ops_per_second=0.47% restart_interval=0.00%
TinyLSM/FillSequentialSync/iterations:1/repeats:5/manual_time_mean                         184542423 ns     14700116 ns            5 bytes_per_second=615.685Ki/s items_per_second=5.43501k/s operations=1k ops_per_second=5.43501k/s
TinyLSM/FillSequentialSync/iterations:1/repeats:5/manual_time_median                       185144203 ns     14624440 ns            5 bytes_per_second=611.854Ki/s items_per_second=5.4012k/s operations=1k ops_per_second=5.4012k/s
TinyLSM/FillSequentialSync/iterations:1/repeats:5/manual_time_stddev                        11402210 ns      1053573 ns            5 bytes_per_second=37.1946Ki/s items_per_second=328.338/s operations=8.33u ops_per_second=328.338/s
TinyLSM/FillSequentialSync/iterations:1/repeats:5/manual_time_cv                                6.18 %          7.17 %             5 bytes_per_second=6.04% items_per_second=6.04% operations=0.00% ops_per_second=6.04%
TinyLSM/ReadMemTableHit/iterations:1/repeats:5/manual_time_mean                             62889489 ns     98157458 ns            5 block_decodes=0 block_reads=0 bytes_per_second=351.904Mi/s cache_charge_bytes=0 cache_evictions=0 cache_hits=0 cache_inserts=0 cache_misses=0 items_per_second=3.18102M/s operations=200k ops_per_second=3.18102M/s table_probes=0
TinyLSM/ReadMemTableHit/iterations:1/repeats:5/manual_time_median                           62390075 ns     97585123 ns            5 block_decodes=0 block_reads=0 bytes_per_second=354.628Mi/s cache_charge_bytes=0 cache_evictions=0 cache_hits=0 cache_inserts=0 cache_misses=0 items_per_second=3.20564M/s operations=200k ops_per_second=3.20564M/s table_probes=0
TinyLSM/ReadMemTableHit/iterations:1/repeats:5/manual_time_stddev                            1152479 ns      1672260 ns            5 block_decodes=0 block_reads=0 bytes_per_second=6.31912Mi/s cache_charge_bytes=0 cache_evictions=0 cache_hits=0 cache_inserts=0 cache_misses=0 items_per_second=57.1213k/s operations=1.666m ops_per_second=57.1213k/s table_probes=0
TinyLSM/ReadMemTableHit/iterations:1/repeats:5/manual_time_cv                                   1.83 %          1.70 %             5 block_decodes=0.00% block_reads=0.00% bytes_per_second=1.80% cache_charge_bytes=0.00% cache_evictions=0.00% cache_hits=0.00% cache_inserts=0.00% cache_misses=0.00% items_per_second=1.80% operations=0.00% ops_per_second=1.80% table_probes=0.00%
TinyLSM/ScanSingleTableRepeated/iterations:1/repeats:5/manual_time_mean                     27612902 ns     62130766 ns            5 block_decodes=48.2 block_reads=49.2 bytes_per_second=801.614Mi/s cache_charge_bytes=0 cache_evictions=0 cache_hits=0 cache_inserts=0 cache_misses=0 items_per_second=7.24615M/s operations=200k ops_per_second=7.24615M/s table_probes=0
TinyLSM/ScanSingleTableRepeated/iterations:1/repeats:5/manual_time_median                   27813304 ns     62342583 ns            5 block_decodes=51 block_reads=52 bytes_per_second=795.491Mi/s cache_charge_bytes=0 cache_evictions=0 cache_hits=0 cache_inserts=0 cache_misses=0 items_per_second=7.1908M/s operations=200k ops_per_second=7.1908M/s table_probes=0
TinyLSM/ScanSingleTableRepeated/iterations:1/repeats:5/manual_time_stddev                     640586 ns       879687 ns            5 block_decodes=13.1415 block_reads=13.1415 bytes_per_second=18.8433Mi/s cache_charge_bytes=0 cache_evictions=0 cache_hits=0 cache_inserts=0 cache_misses=0 items_per_second=170.333k/s operations=1.666m ops_per_second=170.333k/s table_probes=0
TinyLSM/ScanSingleTableRepeated/iterations:1/repeats:5/manual_time_cv                           2.32 %          1.42 %             5 block_decodes=27.26% block_reads=26.71% bytes_per_second=2.35% cache_charge_bytes=0.00% cache_evictions=0.00% cache_hits=0.00% cache_inserts=0.00% cache_misses=0.00% items_per_second=2.35% operations=0.00% ops_per_second=2.35% table_probes=0.00%
TinyLSM/SstableDataBlockLookupV2RandomRestart16/iterations:1/repeats:5/manual_time_mean    209255167 ns    207924091 ns            5 block_bytes=17.452k bytes_per_entry=136.344 bytes_per_second=1.20423Mi/s items_per_second=9.56611k/s operations=2k ops_per_second=9.56611k/s restart_interval=16
TinyLSM/SstableDataBlockLookupV2RandomRestart16/iterations:1/repeats:5/manual_time_median  206939751 ns    204850749 ns            5 block_bytes=17.452k bytes_per_entry=136.344 bytes_per_second=1.21663Mi/s items_per_second=9.66465k/s operations=2k ops_per_second=9.66465k/s restart_interval=16
TinyLSM/SstableDataBlockLookupV2RandomRestart16/iterations:1/repeats:5/manual_time_stddev    7076111 ns      7438292 ns            5 block_bytes=145.375u bytes_per_entry=1.13574u bytes_per_second=40.038Ki/s items_per_second=310.598/s operations=16.66u ops_per_second=310.598/s restart_interval=133.28n
TinyLSM/SstableDataBlockLookupV2RandomRestart16/iterations:1/repeats:5/manual_time_cv           3.38 %          3.58 %             5 block_bytes=0.00% bytes_per_entry=0.00% bytes_per_second=3.25% items_per_second=3.25% operations=0.00% ops_per_second=3.25% restart_interval=0.00%
LevelDB/FillSequentialAsync/iterations:1/repeats:5/manual_time_mean                         62519234 ns     62910718 ns            5 bytes_per_second=176.964Mi/s items_per_second=1.59966M/s operations=100k ops_per_second=1.59966M/s
LevelDB/FillSequentialAsync/iterations:1/repeats:5/manual_time_median                       62614089 ns     62860962 ns            5 bytes_per_second=176.679Mi/s items_per_second=1.59708M/s operations=100k ops_per_second=1.59708M/s
LevelDB/FillSequentialAsync/iterations:1/repeats:5/manual_time_stddev                         682998 ns       616210 ns            5 bytes_per_second=1.94046Mi/s items_per_second=17.5407k/s operations=833u ops_per_second=17.5407k/s
LevelDB/FillSequentialAsync/iterations:1/repeats:5/manual_time_cv                               1.09 %          0.98 %             5 bytes_per_second=1.10% items_per_second=1.10% operations=0.00% ops_per_second=1.10%
LevelDB/ReadRandomMiss/iterations:1/repeats:5/manual_time_mean                              26486750 ns     88984490 ns            5 bytes_per_second=57.6122Mi/s items_per_second=3.77567M/s operations=100k ops_per_second=3.77567M/s
LevelDB/ReadRandomMiss/iterations:1/repeats:5/manual_time_median                            26405496 ns     89126665 ns            5 bytes_per_second=57.7864Mi/s items_per_second=3.78709M/s operations=100k ops_per_second=3.78709M/s
LevelDB/ReadRandomMiss/iterations:1/repeats:5/manual_time_stddev                              216187 ns       596446 ns            5 bytes_per_second=481.407Ki/s items_per_second=30.81k/s operations=833u ops_per_second=30.81k/s
LevelDB/ReadRandomMiss/iterations:1/repeats:5/manual_time_cv                                    0.82 %          0.67 %             5 bytes_per_second=0.82% items_per_second=0.82% operations=0.00% ops_per_second=0.82%
TinyLSM/CompactManyTables/iterations:1/repeats:5/manual_time_mean                          509279470 ns    425225347 ns            5 bytes_per_second=21.7224Mi/s items_per_second=196.359k/s operations=100k ops_per_second=196.359k/s
TinyLSM/CompactManyTables/iterations:1/repeats:5/manual_time_median                        509891094 ns    424059080 ns            5 bytes_per_second=21.696Mi/s items_per_second=196.12k/s operations=100k ops_per_second=196.12k/s
TinyLSM/CompactManyTables/iterations:1/repeats:5/manual_time_stddev                          2131094 ns      2342831 ns            5 bytes_per_second=93.3465Ki/s items_per_second=824.024/s operations=833u ops_per_second=824.024/s
TinyLSM/CompactManyTables/iterations:1/repeats:5/manual_time_cv                                 0.42 %          0.55 %             5 bytes_per_second=0.42% items_per_second=0.42% operations=0.00% ops_per_second=0.42%
LevelDB/ScanTail10000Repeated/iterations:1/repeats:5/manual_time_mean                        2645009 ns     65389808 ns            5 bytes_per_second=8.19232Gi/s items_per_second=75.8314M/s operations=200k ops_per_second=75.8314M/s
LevelDB/ScanTail10000Repeated/iterations:1/repeats:5/manual_time_median                      2612243 ns     65667208 ns            5 bytes_per_second=8.27131Gi/s items_per_second=76.5626M/s operations=200k ops_per_second=76.5626M/s
LevelDB/ScanTail10000Repeated/iterations:1/repeats:5/manual_time_stddev                       159443 ns       793635 ns            5 bytes_per_second=499.301Mi/s items_per_second=4.51341M/s operations=1.666m ops_per_second=4.51341M/s
LevelDB/ScanTail10000Repeated/iterations:1/repeats:5/manual_time_cv                             6.03 %          1.21 %             5 bytes_per_second=5.95% items_per_second=5.95% operations=0.00% ops_per_second=5.95%
TinyLSM/SnapshotMaterializedScan1000K/iterations:1/repeats:5/manual_time_mean             1519158161 ns   3095672871 ns            5 bytes_per_second=728.628Mi/s first_result_ns=141.314M items_per_second=6.5864M/s operations=10M ops_per_second=6.5864M/s peak_rss_kb=943.744k snapshot_sequence=1M
TinyLSM/SnapshotMaterializedScan1000K/iterations:1/repeats:5/manual_time_median           1522671421 ns   3096192319 ns            5 bytes_per_second=726.527Mi/s first_result_ns=141.979M items_per_second=6.56741M/s operations=10M ops_per_second=6.56741M/s peak_rss_kb=957.676k snapshot_sequence=1M
TinyLSM/SnapshotMaterializedScan1000K/iterations:1/repeats:5/manual_time_stddev             40625432 ns     37124659 ns            5 bytes_per_second=19.6873Mi/s first_result_ns=4.19292M items_per_second=177.962k/s operations=0.0833 ops_per_second=177.962k/s peak_rss_kb=67.6229k snapshot_sequence=8.33m
TinyLSM/SnapshotMaterializedScan1000K/iterations:1/repeats:5/manual_time_cv                     2.67 %          1.20 %             5 bytes_per_second=2.70% first_result_ns=2.97% items_per_second=2.70% operations=0.00% ops_per_second=2.70% peak_rss_kb=7.17% snapshot_sequence=0.00%
TinyLSM/SnapshotRetentionReleased60s/iterations:1/repeats:5/manual_time_mean                21851180 ns     35867625 ns            5 active_snapshots=0 bytes_per_second=70.8824Mi/s items_per_second=640.738k/s live_sstable_bytes=252.048k operations=14k ops_per_second=640.738k/s overwrite_generations=6 retained_bytes=232.05k retained_versions=2.005k
TinyLSM/SnapshotRetentionReleased60s/iterations:1/repeats:5/manual_time_median              21831010 ns     35834994 ns            5 active_snapshots=0 bytes_per_second=70.9434Mi/s items_per_second=641.29k/s live_sstable_bytes=252.048k operations=14k ops_per_second=641.29k/s overwrite_generations=6 retained_bytes=232.05k retained_versions=2.005k
TinyLSM/SnapshotRetentionReleased60s/iterations:1/repeats:5/manual_time_stddev                192759 ns       131190 ns            5 active_snapshots=0 bytes_per_second=639.596Ki/s items_per_second=5.64609k/s live_sstable_bytes=2.09956m operations=116.62u ops_per_second=5.64609k/s overwrite_generations=49.98n retained_bytes=1.93298m retained_versions=16.7017u
TinyLSM/SnapshotRetentionReleased60s/iterations:1/repeats:5/manual_time_cv                      0.88 %          0.37 %             5 active_snapshots=0.00% bytes_per_second=0.88% items_per_second=0.88% live_sstable_bytes=0.00% operations=0.00% ops_per_second=0.88% overwrite_generations=0.00% retained_bytes=0.00% retained_versions=0.00%
TinyLSM/SnapshotMaterializedScan100K/iterations:1/repeats:5/manual_time_mean               136020819 ns    283140541 ns            5 bytes_per_second=813.393Mi/s first_result_ns=11.9483M items_per_second=7.35263M/s operations=1M ops_per_second=7.35263M/s peak_rss_kb=707.45k snapshot_sequence=100k
TinyLSM/SnapshotMaterializedScan100K/iterations:1/repeats:5/manual_time_median             135860938 ns    281301125 ns            5 bytes_per_second=814.261Mi/s first_result_ns=11.9112M items_per_second=7.36047M/s operations=1M ops_per_second=7.36047M/s peak_rss_kb=813.508k snapshot_sequence=100k
TinyLSM/SnapshotMaterializedScan100K/iterations:1/repeats:5/manual_time_stddev               1601267 ns      5991658 ns            5 bytes_per_second=9.51148Mi/s first_result_ns=155.369k items_per_second=85.9785k/s operations=8.33m ops_per_second=85.9785k/s peak_rss_kb=323.619k snapshot_sequence=833u
TinyLSM/SnapshotMaterializedScan100K/iterations:1/repeats:5/manual_time_cv                      1.18 %          2.12 %             5 bytes_per_second=1.17% first_result_ns=1.30% items_per_second=1.17% operations=0.00% ops_per_second=1.17% peak_rss_kb=45.74% snapshot_sequence=0.00%
TinyLSM/SstableDataBlockEncodeV2RandomRestart4/iterations:1/repeats:5/manual_time_mean      13890791 ns     13867741 ns            5 bytes_per_entry=136.104 bytes_per_second=148.482Mi/s encoded_bytes=2.22993M items_per_second=1.17951M/s operations=16.384k ops_per_second=1.17951M/s restart_interval=4
TinyLSM/SstableDataBlockEncodeV2RandomRestart4/iterations:1/repeats:5/manual_time_median    13898216 ns     13892958 ns            5 bytes_per_entry=136.104 bytes_per_second=148.4Mi/s encoded_bytes=2.22993M items_per_second=1.17886M/s operations=16.384k ops_per_second=1.17886M/s restart_interval=4
TinyLSM/SstableDataBlockEncodeV2RandomRestart4/iterations:1/repeats:5/manual_time_stddev       62780 ns        57127 ns            5 bytes_per_entry=1.13375u bytes_per_second=688.209Ki/s encoded_bytes=0.0185753 items_per_second=5.33883k/s operations=136.479u ops_per_second=5.33883k/s restart_interval=33.32n
TinyLSM/SstableDataBlockEncodeV2RandomRestart4/iterations:1/repeats:5/manual_time_cv            0.45 %          0.41 %             5 bytes_per_entry=0.00% bytes_per_second=0.45% encoded_bytes=0.00% items_per_second=0.45% operations=0.00% ops_per_second=0.45% restart_interval=0.00%
TinyLSM/SnapshotIterator10K/iterations:1/repeats:5/manual_time_mean                         10032343 ns     23930650 ns            5 bytes_per_second=1.07772Gi/s first_result_ns=319.692k items_per_second=9.97578M/s operations=100k ops_per_second=9.97578M/s peak_rss_kb=891.84k snapshot_sequence=10k
TinyLSM/SnapshotIterator10K/iterations:1/repeats:5/manual_time_median                       10000084 ns     23977291 ns            5 bytes_per_second=1.08033Gi/s first_result_ns=321.841k items_per_second=9.99992M/s operations=100k ops_per_second=9.99992M/s peak_rss_kb=896.28k snapshot_sequence=10k
TinyLSM/SnapshotIterator10K/iterations:1/repeats:5/manual_time_stddev                         316935 ns       406910 ns            5 bytes_per_second=35.1142Mi/s first_result_ns=7.55047k items_per_second=317.413k/s operations=833u ops_per_second=317.413k/s peak_rss_kb=48.9216k snapshot_sequence=83.3u
TinyLSM/SnapshotIterator10K/iterations:1/repeats:5/manual_time_cv                               3.16 %          1.70 %             5 bytes_per_second=3.18% first_result_ns=2.36% items_per_second=3.18% operations=0.00% ops_per_second=3.18% peak_rss_kb=5.49% snapshot_sequence=0.00%
TinyLSM/ReadMultiTableHit/iterations:1/repeats:5/manual_time_mean                           34509822 ns     68237250 ns            5 block_decodes=216 block_reads=216 bytes_per_second=80.1432Mi/s cache_charge_bytes=3.95176M cache_evictions=0 cache_hits=72.8934k cache_inserts=162 cache_misses=162 items_per_second=724.45k/s operations=25k ops_per_second=724.45k/s table_probes=73.4832k
TinyLSM/ReadMultiTableHit/iterations:1/repeats:5/manual_time_median                         34535780 ns     68215623 ns            5 block_decodes=216 block_reads=216 bytes_per_second=80.0809Mi/s cache_charge_bytes=3.95176M cache_evictions=0 cache_hits=73.133k cache_inserts=162 cache_misses=162 items_per_second=723.887k/s operations=25k ops_per_second=723.887k/s table_probes=73.724k
TinyLSM/ReadMultiTableHit/iterations:1/repeats:5/manual_time_stddev                           195096 ns       192057 ns            5 block_decodes=1.79928u block_reads=1.79928u bytes_per_second=464.186Ki/s cache_charge_bytes=0.0329181 cache_evictions=0 cache_hits=641.149 cache_inserts=1.34946u cache_misses=1.34946u items_per_second=4.09764k/s operations=208.25u ops_per_second=4.09764k/s table_probes=646.149
TinyLSM/ReadMultiTableHit/iterations:1/repeats:5/manual_time_cv                                 0.57 %          0.28 %             5 block_decodes=0.00% block_reads=0.00% bytes_per_second=0.57% cache_charge_bytes=0.00% cache_evictions=0.00% cache_hits=0.88% cache_inserts=0.00% cache_misses=0.00% items_per_second=0.57% operations=0.00% ops_per_second=0.57% table_probes=0.88%
TinyLSM/SstableDataBlockEncodeV1Random/iterations:1/repeats:5/manual_time_mean              14047245 ns     13953200 ns            5 bytes_per_entry=138 bytes_per_second=146.827Mi/s encoded_bytes=2.261M items_per_second=1.16636M/s operations=16.384k ops_per_second=1.16636M/s restart_interval=0
TinyLSM/SstableDataBlockEncodeV1Random/iterations:1/repeats:5/manual_time_median            14042553 ns     13953500 ns            5 bytes_per_entry=138 bytes_per_second=146.875Mi/s encoded_bytes=2.261M items_per_second=1.16674M/s operations=16.384k ops_per_second=1.16674M/s restart_interval=0
TinyLSM/SstableDataBlockEncodeV1Random/iterations:1/repeats:5/manual_time_stddev               40664 ns        23019 ns            5 bytes_per_entry=1.14954u bytes_per_second=435.043Ki/s encoded_bytes=0.0188341 items_per_second=3.37488k/s operations=136.479u ops_per_second=3.37488k/s restart_interval=0
TinyLSM/SstableDataBlockEncodeV1Random/iterations:1/repeats:5/manual_time_cv                    0.29 %          0.16 %             5 bytes_per_entry=0.00% bytes_per_second=0.29% encoded_bytes=0.00% items_per_second=0.29% operations=0.00% ops_per_second=0.29% restart_interval=0.00%
LevelDB/ReadRandomHit/iterations:1/repeats:5/manual_time_mean                               52840402 ns    115433099 ns            5 bytes_per_second=209.408Mi/s items_per_second=1.89293M/s operations=100k ops_per_second=1.89293M/s
LevelDB/ReadRandomHit/iterations:1/repeats:5/manual_time_median                             52460022 ns    114926665 ns            5 bytes_per_second=210.877Mi/s items_per_second=1.90621M/s operations=100k ops_per_second=1.90621M/s
LevelDB/ReadRandomHit/iterations:1/repeats:5/manual_time_stddev                               906486 ns      1121815 ns            5 bytes_per_second=3.56527Mi/s items_per_second=32.2281k/s operations=833u ops_per_second=32.2281k/s
LevelDB/ReadRandomHit/iterations:1/repeats:5/manual_time_cv                                     1.72 %          0.97 %             5 bytes_per_second=1.70% items_per_second=1.70% operations=0.00% ops_per_second=1.70%
TinyLSM/SnapshotMaterializedScan10K/iterations:1/repeats:5/manual_time_mean                 13502353 ns     27389475 ns            5 bytes_per_second=820.101Mi/s first_result_ns=1.1897M items_per_second=7.41326M/s operations=100k ops_per_second=7.41326M/s peak_rss_kb=778.044k snapshot_sequence=10k
TinyLSM/SnapshotMaterializedScan10K/iterations:1/repeats:5/manual_time_median               13630894 ns     27643207 ns            5 bytes_per_second=811.584Mi/s first_result_ns=1.20194M items_per_second=7.33628M/s operations=100k ops_per_second=7.33628M/s peak_rss_kb=928.14k snapshot_sequence=10k
TinyLSM/SnapshotMaterializedScan10K/iterations:1/repeats:5/manual_time_stddev                 469221 ns       548013 ns            5 bytes_per_second=28.4229Mi/s first_result_ns=46.2102k items_per_second=256.927k/s operations=833u ops_per_second=256.927k/s peak_rss_kb=353.656k snapshot_sequence=83.3u
TinyLSM/SnapshotMaterializedScan10K/iterations:1/repeats:5/manual_time_cv                       3.48 %          2.00 %             5 bytes_per_second=3.47% first_result_ns=3.88% items_per_second=3.47% operations=0.00% ops_per_second=3.47% peak_rss_kb=45.45% snapshot_sequence=0.00%
TinyLSM/ReadSingleTableHit/iterations:1/repeats:5/manual_time_mean                          16772435 ns     51545741 ns            5 block_decodes=0 block_reads=0 bytes_per_second=329.793Mi/s cache_charge_bytes=0 cache_evictions=0 cache_hits=0 cache_inserts=0 cache_misses=0 items_per_second=2.98115M/s operations=50k ops_per_second=2.98115M/s table_probes=0
TinyLSM/ReadSingleTableHit/iterations:1/repeats:5/manual_time_median                        16775125 ns     51611917 ns            5 block_decodes=0 block_reads=0 bytes_per_second=329.733Mi/s cache_charge_bytes=0 cache_evictions=0 cache_hits=0 cache_inserts=0 cache_misses=0 items_per_second=2.9806M/s operations=50k ops_per_second=2.9806M/s table_probes=0
TinyLSM/ReadSingleTableHit/iterations:1/repeats:5/manual_time_stddev                           89097 ns       313108 ns            5 block_decodes=0 block_reads=0 bytes_per_second=1.7494Mi/s cache_charge_bytes=0 cache_evictions=0 cache_hits=0 cache_inserts=0 cache_misses=0 items_per_second=15.8136k/s operations=416.5u ops_per_second=15.8136k/s table_probes=0
TinyLSM/ReadSingleTableHit/iterations:1/repeats:5/manual_time_cv                                0.53 %          0.61 %             5 block_decodes=0.00% block_reads=0.00% bytes_per_second=0.53% cache_charge_bytes=0.00% cache_evictions=0.00% cache_hits=0.00% cache_inserts=0.00% cache_misses=0.00% items_per_second=0.53% operations=0.00% ops_per_second=0.53% table_probes=0.00%
TinyLSM/SstableDataBlockLookupV2PrefixRestart4/iterations:1/repeats:5/manual_time_mean     203337927 ns    202813632 ns            5 block_bytes=17.298k bytes_per_entry=135.141 bytes_per_second=1.23819Mi/s items_per_second=9.83589k/s operations=2k ops_per_second=9.83589k/s restart_interval=4
TinyLSM/SstableDataBlockLookupV2PrefixRestart4/iterations:1/repeats:5/manual_time_median   203353954 ns    202831957 ns            5 block_bytes=17.298k bytes_per_entry=135.141 bytes_per_second=1.23809Mi/s items_per_second=9.83507k/s operations=2k ops_per_second=9.83507k/s restart_interval=4
TinyLSM/SstableDataBlockLookupV2PrefixRestart4/iterations:1/repeats:5/manual_time_stddev      495221 ns       306102 ns            5 block_bytes=144.092u bytes_per_entry=1.12572u bytes_per_second=3.09339Ki/s items_per_second=23.9972/s operations=16.66u ops_per_second=23.9972/s restart_interval=33.32n
TinyLSM/SstableDataBlockLookupV2PrefixRestart4/iterations:1/repeats:5/manual_time_cv            0.24 %          0.15 %             5 block_bytes=0.00% bytes_per_entry=0.00% bytes_per_second=0.24% items_per_second=0.24% operations=0.00% ops_per_second=0.24% restart_interval=0.00%
LevelDB/FillBatch10/iterations:1/repeats:5/manual_time_mean                                 20360740 ns      2042049 ns            5 bytes_per_second=5.48143Mi/s items_per_second=49.5491k/s operations=1k ops_per_second=49.5491k/s
LevelDB/FillBatch10/iterations:1/repeats:5/manual_time_median                               19894155 ns      1923913 ns            5 bytes_per_second=5.56074Mi/s items_per_second=50.266k/s operations=1k ops_per_second=50.266k/s
LevelDB/FillBatch10/iterations:1/repeats:5/manual_time_stddev                                2188429 ns       206591 ns            5 bytes_per_second=576.152Ki/s items_per_second=5.08603k/s operations=8.33u ops_per_second=5.08603k/s
LevelDB/FillBatch10/iterations:1/repeats:5/manual_time_cv                                      10.75 %         10.12 %             5 bytes_per_second=10.26% items_per_second=10.26% operations=0.00% ops_per_second=10.26%
TinyLSM/ConcurrentRead2/iterations:1/repeats:5/manual_time_mean                              9810080 ns     34778358 ns            5 bytes_per_second=451.304Mi/s items_per_second=4.07954M/s operations=40k ops_per_second=4.07954M/s
TinyLSM/ConcurrentRead2/iterations:1/repeats:5/manual_time_median                            9824634 ns     34776126 ns            5 bytes_per_second=450.403Mi/s items_per_second=4.0714M/s operations=40k ops_per_second=4.0714M/s
TinyLSM/ConcurrentRead2/iterations:1/repeats:5/manual_time_stddev                             248823 ns       160173 ns            5 bytes_per_second=11.4669Mi/s items_per_second=103.655k/s operations=333.2u ops_per_second=103.655k/s
TinyLSM/ConcurrentRead2/iterations:1/repeats:5/manual_time_cv                                   2.54 %          0.46 %             5 bytes_per_second=2.54% items_per_second=2.54% operations=0.00% ops_per_second=2.54%
TinyLSM/SstableDataBlockLookupV1Random/iterations:1/repeats:5/manual_time_mean             219612786 ns    219238766 ns            5 block_bytes=17.672k bytes_per_entry=138.062 bytes_per_second=1.14645Mi/s items_per_second=9.10714k/s operations=2k ops_per_second=9.10714k/s restart_interval=0
TinyLSM/SstableDataBlockLookupV1Random/iterations:1/repeats:5/manual_time_median           220078247 ns    219574041 ns            5 block_bytes=17.672k bytes_per_entry=138.062 bytes_per_second=1.144Mi/s items_per_second=9.08768k/s operations=2k ops_per_second=9.08768k/s restart_interval=0
TinyLSM/SstableDataBlockLookupV1Random/iterations:1/repeats:5/manual_time_stddev             1143377 ns      1069624 ns            5 block_bytes=147.208u bytes_per_entry=1.15006u bytes_per_second=6.14576Ki/s items_per_second=47.6762/s operations=16.66u ops_per_second=47.6762/s restart_interval=0
TinyLSM/SstableDataBlockLookupV1Random/iterations:1/repeats:5/manual_time_cv                    0.52 %          0.49 %             5 block_bytes=0.00% bytes_per_entry=0.00% bytes_per_second=0.52% items_per_second=0.52% operations=0.00% ops_per_second=0.52% restart_interval=0.00%
TinyLSM/GroupCommitOff8Writers/iterations:1/repeats:5/manual_time_mean                    1461098326 ns      1119901 ns            5 bytes_per_second=1.45527Mi/s grouped_requests=8.192k items_per_second=5.61016k/s max_group_requests=1 max_writer_queue_depth=7 operations=8.192k ops_per_second=5.61016k/s physical_groups=8.192k put_p50_us=1.22589k put_p95_us=1.32413k put_p99_us=1.57005k wal_syncs=8.192k wal_syncs_per_write=1 writer_count=8 writer_queue_wait_us=10.4474M
TinyLSM/GroupCommitOff8Writers/iterations:1/repeats:5/manual_time_median                  1457073700 ns      1115375 ns            5 bytes_per_second=1.4584Mi/s grouped_requests=8.192k items_per_second=5.62223k/s max_group_requests=1 max_writer_queue_depth=7 operations=8.192k ops_per_second=5.62223k/s physical_groups=8.192k put_p50_us=1.23006k put_p95_us=1.31576k put_p99_us=1.41132k wal_syncs=8.192k wal_syncs_per_write=1 writer_count=8 writer_queue_wait_us=10.3822M
TinyLSM/GroupCommitOff8Writers/iterations:1/repeats:5/manual_time_stddev                    40395343 ns        59661 ns            5 bytes_per_second=41.1166Ki/s grouped_requests=68.2394u items_per_second=154.792/s max_group_requests=8.33n max_writer_queue_depth=58.31n operations=68.2394u ops_per_second=154.792/s physical_groups=68.2394u put_p50_us=45.9073 put_p95_us=37.5695 put_p99_us=397.579 wal_syncs=68.2394u wal_syncs_per_write=8.33n writer_count=66.64n writer_queue_wait_us=353.332k
TinyLSM/GroupCommitOff8Writers/iterations:1/repeats:5/manual_time_cv                            2.76 %          5.33 %             5 bytes_per_second=2.76% grouped_requests=0.00% items_per_second=2.76% max_group_requests=0.00% max_writer_queue_depth=0.00% operations=0.00% ops_per_second=2.76% physical_groups=0.00% put_p50_us=3.74% put_p95_us=2.84% put_p99_us=25.32% wal_syncs=0.00% wal_syncs_per_write=0.00% writer_count=0.00% writer_queue_wait_us=3.38%
TinyLSM/SstableDataBlockLookupV2PrefixRestart64/iterations:1/repeats:5/manual_time_mean    187102010 ns    186201932 ns            5 block_bytes=15.745k bytes_per_entry=123.008 bytes_per_second=1.3458Mi/s items_per_second=10.6907k/s operations=2k ops_per_second=10.6907k/s restart_interval=64
TinyLSM/SstableDataBlockLookupV2PrefixRestart64/iterations:1/repeats:5/manual_time_median  187999907 ns    186993124 ns            5 block_bytes=15.745k bytes_per_entry=123.008 bytes_per_second=1.3392Mi/s items_per_second=10.6383k/s operations=2k ops_per_second=10.6383k/s restart_interval=64
TinyLSM/SstableDataBlockLookupV2PrefixRestart64/iterations:1/repeats:5/manual_time_stddev    2360394 ns      1872404 ns            5 block_bytes=131.156u bytes_per_entry=1.02466u bytes_per_second=17.6619Ki/s items_per_second=137.013/s operations=16.66u ops_per_second=137.013/s restart_interval=533.12n
TinyLSM/SstableDataBlockLookupV2PrefixRestart64/iterations:1/repeats:5/manual_time_cv           1.26 %          1.01 %             5 block_bytes=0.00% bytes_per_entry=0.00% bytes_per_second=1.28% items_per_second=1.28% operations=0.00% ops_per_second=1.28% restart_interval=0.00%
TinyLSM/SstableDataBlockLookupV2RandomRestart4/iterations:1/repeats:5/manual_time_mean     205581319 ns    204736958 ns            5 block_bytes=17.6k bytes_per_entry=137.5 bytes_per_second=1.22475Mi/s items_per_second=9.72914k/s operations=2k ops_per_second=9.72914k/s restart_interval=4
TinyLSM/SstableDataBlockLookupV2RandomRestart4/iterations:1/repeats:5/manual_time_median   206581205 ns    206037083 ns            5 block_bytes=17.6k bytes_per_entry=137.5 bytes_per_second=1.21875Mi/s items_per_second=9.68142k/s operations=2k ops_per_second=9.68142k/s restart_interval=4
TinyLSM/SstableDataBlockLookupV2RandomRestart4/iterations:1/repeats:5/manual_time_stddev     1840808 ns      2068735 ns            5 block_bytes=146.608u bytes_per_entry=1.14538u bytes_per_second=11.2633Ki/s items_per_second=87.376/s operations=16.66u ops_per_second=87.376/s restart_interval=33.32n
TinyLSM/SstableDataBlockLookupV2RandomRestart4/iterations:1/repeats:5/manual_time_cv            0.90 %          1.01 %             5 block_bytes=0.00% bytes_per_entry=0.00% bytes_per_second=0.90% items_per_second=0.90% operations=0.00% ops_per_second=0.90% restart_interval=0.00%
