+ cmake --preset benchmark
Preset CMake variables:

  BUILD_TESTING:BOOL="FALSE"
  CMAKE_BUILD_TYPE="Release"
  CMAKE_EXPORT_COMPILE_COMMANDS:BOOL="TRUE"
  TINYLSM_BENCHMARK_LEVELDB:BOOL="TRUE"
  TINYLSM_BUILD_BENCHMARKS:BOOL="TRUE"
  TINYLSM_BUILD_TOOLS:BOOL="FALSE"

-- The CXX compiler identification is GNU 13.3.0
-- Detecting CXX compiler ABI info
-- Detecting CXX compiler ABI info - done
-- Check for working CXX compiler: /usr/bin/c++ - skipped
-- Detecting CXX compile features
-- Detecting CXX compile features - done
-- The C compiler identification is GNU 13.3.0
-- Detecting C compiler ABI info
-- Detecting C compiler ABI info - done
-- Check for working C compiler: /usr/bin/cc - skipped
-- Detecting C compile features
-- Detecting C compile features - done
--
-- 29.3.0
-- Performing Test protobuf_HAVE_LD_VERSION_SCRIPT
-- Performing Test protobuf_HAVE_LD_VERSION_SCRIPT - Success
-- Performing Test CMAKE_HAVE_LIBC_PTHREAD
-- Performing Test CMAKE_HAVE_LIBC_PTHREAD - Success
-- Found Threads: TRUE
-- Found ZLIB: /usr/lib/aarch64-linux-gnu/libz.so (found version "1.3")
-- Performing Test protobuf_HAVE_BUILTIN_ATOMICS
-- Performing Test protobuf_HAVE_BUILTIN_ATOMICS - Success
-- Performing Test ABSL_INTERNAL_AT_LEAST_CXX17
-- Performing Test ABSL_INTERNAL_AT_LEAST_CXX17 - Success
-- Performing Test ABSL_INTERNAL_AT_LEAST_CXX20
-- Performing Test ABSL_INTERNAL_AT_LEAST_CXX20 - Success
-- Found Git: /usr/bin/git (found version "2.43.0")
-- Google Benchmark version: v1.9.5, normalized to 1.9.5
-- Looking for shm_open in rt
-- Looking for shm_open in rt - found
-- Performing Test HAVE_CXX_FLAG_WALL
-- Performing Test HAVE_CXX_FLAG_WALL - Success
-- Performing Test HAVE_CXX_FLAG_WEXTRA
-- Performing Test HAVE_CXX_FLAG_WEXTRA - Success
-- Performing Test HAVE_CXX_FLAG_WSHADOW
-- Performing Test HAVE_CXX_FLAG_WSHADOW - Success
-- Performing Test HAVE_CXX_FLAG_WFLOAT_EQUAL
-- Performing Test HAVE_CXX_FLAG_WFLOAT_EQUAL - Success
-- Performing Test HAVE_CXX_FLAG_WOLD_STYLE_CAST
-- Performing Test HAVE_CXX_FLAG_WOLD_STYLE_CAST - Success
-- Performing Test HAVE_CXX_FLAG_WCONVERSION
-- Performing Test HAVE_CXX_FLAG_WCONVERSION - Success
-- Performing Test HAVE_CXX_FLAG_WFORMAT_2
-- Performing Test HAVE_CXX_FLAG_WFORMAT_2 - Success
-- Performing Test HAVE_CXX_FLAG_WERROR
-- Performing Test HAVE_CXX_FLAG_WERROR - Success
-- Performing Test HAVE_CXX_FLAG_WSUGGEST_OVERRIDE
-- Performing Test HAVE_CXX_FLAG_WSUGGEST_OVERRIDE - Success
-- Performing Test HAVE_CXX_FLAG_PEDANTIC
-- Performing Test HAVE_CXX_FLAG_PEDANTIC - Success
-- Performing Test HAVE_CXX_FLAG_PEDANTIC_ERRORS
-- Performing Test HAVE_CXX_FLAG_PEDANTIC_ERRORS - Success
-- Performing Test HAVE_CXX_FLAG_WSHORTEN_64_TO_32
-- Performing Test HAVE_CXX_FLAG_WSHORTEN_64_TO_32 - Failed
-- Performing Test HAVE_CXX_FLAG_FSTRICT_ALIASING
-- Performing Test HAVE_CXX_FLAG_FSTRICT_ALIASING - Success
-- Performing Test HAVE_CXX_FLAG_WNO_DEPRECATED_DECLARATIONS
-- Performing Test HAVE_CXX_FLAG_WNO_DEPRECATED_DECLARATIONS - Success
-- Performing Test HAVE_CXX_FLAG_WNO_DEPRECATED
-- Performing Test HAVE_CXX_FLAG_WNO_DEPRECATED - Success
-- Performing Test HAVE_CXX_FLAG_WSTRICT_ALIASING
-- Performing Test HAVE_CXX_FLAG_WSTRICT_ALIASING - Success
-- Performing Test HAVE_CXX_FLAG_WTHREAD_SAFETY
-- Performing Test HAVE_CXX_FLAG_WTHREAD_SAFETY - Failed
-- Performing Test HAVE_CXX_FLAG_COVERAGE
-- Performing Test HAVE_CXX_FLAG_COVERAGE - Success
-- Performing Test STD_REGEX -- success
-- Performing Test STEADY_CLOCK -- success
-- Performing Test PTHREAD_AFFINITY -- success
-- Looking for unistd.h
-- Looking for unistd.h - found
-- Looking for crc32c_value in crc32c
-- Looking for crc32c_value in crc32c - not found
-- Looking for snappy_compress in snappy
-- Looking for snappy_compress in snappy - not found
-- Looking for malloc in tcmalloc
-- Looking for malloc in tcmalloc - not found
-- Looking for fdatasync
-- Looking for fdatasync - found
-- Looking for F_FULLFSYNC
-- Looking for F_FULLFSYNC - not found
-- Looking for O_CLOEXEC
-- Looking for O_CLOEXEC - found
-- Performing Test HAVE_CLANG_THREAD_SAFETY
-- Performing Test HAVE_CLANG_THREAD_SAFETY - Failed
-- Performing Test LEVELDB_HAVE_NO_MISSING_FIELD_INITIALIZERS
-- Performing Test LEVELDB_HAVE_NO_MISSING_FIELD_INITIALIZERS - Success
-- Performing Test HAVE_CXX17_HAS_INCLUDE
-- Performing Test HAVE_CXX17_HAS_INCLUDE - Success
-- Configuring done (35.2s)
-- Generating done (0.0s)
-- Build files have been written to: /home/tina.guest/tinylsm-goal3-62e0496/build/benchmark
+ cmake --build --preset benchmark
[1/664] Building CXX object _deps/protobuf-build/CMakeFiles/libprotobuf-lite.dir/src/google/protobuf/arenaz_sampler.cc.o
[2/664] Building CXX object _deps/protobuf-build/CMakeFiles/libprotobuf-lite.dir/src/google/protobuf/arena_align.cc.o
[3/664] Building CXX object _deps/protobuf-build/CMakeFiles/libprotobuf-lite.dir/src/google/protobuf/any_lite.cc.o
In file included from /home/tina.guest/tinylsm-goal3-62e0496/build/benchmark/_deps/protobuf-src/src/google/protobuf/any.h:14,
                 from /home/tina.guest/tinylsm-goal3-62e0496/build/benchmark/_deps/protobuf-src/src/google/protobuf/any_lite.cc:15:
/home/tina.guest/tinylsm-goal3-62e0496/build/benchmark/_deps/protobuf-src/src/google/protobuf/port.h: In function ‘void google::protobuf::internal::AssertDownCast(From*)’:
/home/tina.guest/tinylsm-goal3-62e0496/build/benchmark/_deps/protobuf-src/src/google/protobuf/port.h:181:5: warning: testing if a concept-id is a valid expression; add ‘requires’ to check satisfaction [-Wmissing-requires]
  181 |     std::derived_from<std::remove_pointer_t<To>,
      |     ^
      |     requires
[4/664] Building CXX object _deps/protobuf-build/CMakeFiles/libprotobuf-lite.dir/src/google/protobuf/arenastring.cc.o
In file included from /home/tina.guest/tinylsm-goal3-62e0496/build/benchmark/_deps/protobuf-src/src/google/protobuf/arena.h:38,
                 from /home/tina.guest/tinylsm-goal3-62e0496/build/benchmark/_deps/protobuf-src/src/google/protobuf/arenastring.h:19,
                 from /home/tina.guest/tinylsm-goal3-62e0496/build/benchmark/_deps/protobuf-src/src/google/protobuf/arenastring.cc:8:
/home/tina.guest/tinylsm-goal3-62e0496/build/benchmark/_deps/protobuf-src/src/google/protobuf/port.h: In function ‘void google::protobuf::internal::AssertDownCast(From*)’:
/home/tina.guest/tinylsm-goal3-62e0496/build/benchmark/_deps/protobuf-src/src/google/protobuf/port.h:181:5: warning: testing if a concept-id is a valid expression; add ‘requires’ to check satisfaction [-Wmissing-requires]
  181 |     std::derived_from<std::remove_pointer_t<To>,
      |     ^
      |     requires
[5/664] Building CXX object _deps/protobuf-build/CMakeFiles/libprotobuf-lite.dir/src/google/protobuf/arena.cc.o
In file included from /home/tina.guest/tinylsm-goal3-62e0496/build/benchmark/_deps/protobuf-src/src/google/protobuf/arena.h:38,
                 from /home/tina.guest/tinylsm-goal3-62e0496/build/benchmark/_deps/protobuf-src/src/google/protobuf/arena.cc:8:
/home/tina.guest/tinylsm-goal3-62e0496/build/benchmark/_deps/protobuf-src/src/google/protobuf/port.h: In function ‘void google::protobuf::internal::AssertDownCast(From*)’:
/home/tina.guest/tinylsm-goal3-62e0496/build/benchmark/_deps/protobuf-src/src/google/protobuf/port.h:181:5: warning: testing if a concept-id is a valid expression; add ‘requires’ to check satisfaction [-Wmissing-requires]
  181 |     std::derived_from<std::remove_pointer_t<To>,
      |     ^
      |     requires
[6/664] Building CXX object _deps/protobuf-build/CMakeFiles/libprotobuf-lite.dir/src/google/protobuf/generated_enum_util.cc.o
In file included from /home/tina.guest/tinylsm-goal3-62e0496/build/benchmark/_deps/protobuf-src/src/google/protobuf/arena.h:38,
                 from /home/tina.guest/tinylsm-goal3-62e0496/build/benchmark/_deps/protobuf-src/src/google/protobuf/message_lite.h:34,
                 from /home/tina.guest/tinylsm-goal3-62e0496/build/benchmark/_deps/protobuf-src/src/google/protobuf/generated_enum_util.h:20,
                 from /home/tina.guest/tinylsm-goal3-62e0496/build/benchmark/_deps/protobuf-src/src/google/protobuf/generated_enum_util.cc:8:
/home/tina.guest/tinylsm-goal3-62e0496/build/benchmark/_deps/protobuf-src/src/google/protobuf/port.h: In function ‘void google::protobuf::internal::AssertDownCast(From*)’:
/home/tina.guest/tinylsm-goal3-62e0496/build/benchmark/_deps/protobuf-src/src/google/protobuf/port.h:181:5: warning: testing if a concept-id is a valid expression; add ‘requires’ to check satisfaction [-Wmissing-requires]
  181 |     std::derived_from<std::remove_pointer_t<To>,
      |     ^
      |     requires
[7/664] Building CXX object _deps/protobuf-build/CMakeFiles/libprotobuf-lite.dir/src/google/protobuf/inlined_string_field.cc.o
In file included from /home/tina.guest/tinylsm-goal3-62e0496/build/benchmark/_deps/protobuf-src/src/google/protobuf/arena.h:38,
                 from /home/tina.guest/tinylsm-goal3-62e0496/build/benchmark/_deps/protobuf-src/src/google/protobuf/arenastring.h:19,
                 from /home/tina.guest/tinylsm-goal3-62e0496/build/benchmark/_deps/protobuf-src/src/google/protobuf/inlined_string_field.h:16,
                 from /home/tina.guest/tinylsm-goal3-62e0496/build/benchmark/_deps/protobuf-src/src/google/protobuf/inlined_string_field.cc:8:
/home/tina.guest/tinylsm-goal3-62e0496/build/benchmark/_deps/protobuf-src/src/google/protobuf/port.h: In function ‘void google::protobuf::internal::AssertDownCast(From*)’:
/home/tina.guest/tinylsm-goal3-62e0496/build/benchmark/_deps/protobuf-src/src/google/protobuf/port.h:181:5: warning: testing if a concept-id is a valid expression; add ‘requires’ to check satisfaction [-Wmissing-requires]
  181 |     std::derived_from<std::remove_pointer_t<To>,
      |     ^
      |     requires
[8/664] Building CXX object _deps/protobuf-build/CMakeFiles/libprotobuf-lite.dir/src/google/protobuf/io/io_win32.cc.o
[9/664] Building CXX object _deps/protobuf-build/CMakeFiles/libprotobuf-lite.dir/src/google/protobuf/generated_message_util.cc.o
In file included from /home/tina.guest/tinylsm-goal3-62e0496/build/benchmark/_deps/protobuf-src/src/google/protobuf/any.h:14,
                 from /home/tina.guest/tinylsm-goal3-62e0496/build/benchmark/_deps/protobuf-src/src/google/protobuf/generated_message_util.h:36,
                 from /home/tina.guest/tinylsm-goal3-62e0496/build/benchmark/_deps/protobuf-src/src/google/protobuf/generated_message_util.cc:12:
/home/tina.guest/tinylsm-goal3-62e0496/build/benchmark/_deps/protobuf-src/src/google/protobuf/port.h: In function ‘void google::protobuf::internal::AssertDownCast(From*)’:
/home/tina.guest/tinylsm-goal3-62e0496/build/benchmark/_deps/protobuf-src/src/google/protobuf/port.h:181:5: warning: testing if a concept-id is a valid expression; add ‘requires’ to check satisfaction [-Wmissing-requires]
  181 |     std::derived_from<std::remove_pointer_t<To>,
      |     ^
      |     requires
[10/664] Building CXX object _deps/protobuf-build/CMakeFiles/libprotobuf-lite.dir/src/google/protobuf/implicit_weak_message.cc.o
In file included from /home/tina.guest/tinylsm-goal3-62e0496/build/benchmark/_deps/protobuf-src/src/google/protobuf/arena.h:38,
                 from /home/tina.guest/tinylsm-goal3-62e0496/build/benchmark/_deps/protobuf-src/src/google/protobuf/implicit_weak_message.h:14,
                 from /home/tina.guest/tinylsm-goal3-62e0496/build/benchmark/_deps/protobuf-src/src/google/protobuf/implicit_weak_message.cc:8:
/home/tina.guest/tinylsm-goal3-62e0496/build/benchmark/_deps/protobuf-src/src/google/protobuf/port.h: In function ‘void google::protobuf::internal::AssertDownCast(From*)’:
/home/tina.guest/tinylsm-goal3-62e0496/build/benchmark/_deps/protobuf-src/src/google/protobuf/port.h:181:5: warning: testing if a concept-id is a valid expression; add ‘requires’ to check satisfaction [-Wmissing-requires]
  181 |     std::derived_from<std::remove_pointer_t<To>,
      |     ^
      |     requires
[11/664] Building CXX object _deps/protobuf-build/CMakeFiles/libprotobuf-lite.dir/src/google/protobuf/io/coded_stream.cc.o
In file included from /home/tina.guest/tinylsm-goal3-62e0496/build/benchmark/_deps/protobuf-src/src/google/protobuf/arena.h:38,
                 from /home/tina.guest/tinylsm-goal3-62e0496/build/benchmark/_deps/protobuf-src/src/google/protobuf/io/coded_stream.cc:37:
/home/tina.guest/tinylsm-goal3-62e0496/build/benchmark/_deps/protobuf-src/src/google/protobuf/port.h: In function ‘void google::protobuf::internal::AssertDownCast(From*)’:
/home/tina.guest/tinylsm-goal3-62e0496/build/benchmark/_deps/protobuf-src/src/google/protobuf/port.h:181:5: warning: testing if a concept-id is a valid expression; add ‘requires’ to check satisfaction [-Wmissing-requires]
  181 |     std::derived_from<std::remove_pointer_t<To>,
      |     ^
      |     requires
[12/664] Building CXX object _deps/protobuf-build/CMakeFiles/libprotobuf-lite.dir/src/google/protobuf/io/zero_copy_stream.cc.o
In file included from /home/tina.guest/tinylsm-goal3-62e0496/build/benchmark/_deps/protobuf-src/src/google/protobuf/io/zero_copy_stream.h:89,
                 from /home/tina.guest/tinylsm-goal3-62e0496/build/benchmark/_deps/protobuf-src/src/google/protobuf/io/zero_copy_stream.cc:12:
/home/tina.guest/tinylsm-goal3-62e0496/build/benchmark/_deps/protobuf-src/src/google/protobuf/port.h: In function ‘void google::protobuf::internal::AssertDownCast(From*)’:
/home/tina.guest/tinylsm-goal3-62e0496/build/benchmark/_deps/protobuf-src/src/google/protobuf/port.h:181:5: warning: testing if a concept-id is a valid expression; add ‘requires’ to check satisfaction [-Wmissing-requires]
  181 |     std::derived_from<std::remove_pointer_t<To>,
      |     ^
      |     requires
[13/664] Building CXX object _deps/protobuf-build/CMakeFiles/libprotobuf-lite.dir/src/google/protobuf/io/zero_copy_stream_impl.cc.o
In file included from /home/tina.guest/tinylsm-goal3-62e0496/build/benchmark/_deps/protobuf-src/src/google/protobuf/io/zero_copy_stream.h:89,
                 from /home/tina.guest/tinylsm-goal3-62e0496/build/benchmark/_deps/protobuf-src/src/google/protobuf/io/zero_copy_stream_impl.h:24,
                 from /home/tina.guest/tinylsm-goal3-62e0496/build/benchmark/_deps/protobuf-src/src/google/protobuf/io/zero_copy_stream_impl.cc:28:
/home/tina.guest/tinylsm-goal3-62e0496/build/benchmark/_deps/protobuf-src/src/google/protobuf/port.h: In function ‘void google::protobuf::internal::AssertDownCast(From*)’:
/home/tina.guest/tinylsm-goal3-62e0496/build/benchmark/_deps/protobuf-src/src/google/protobuf/port.h:181:5: warning: testing if a concept-id is a valid expression; add ‘requires’ to check satisfaction [-Wmissing-requires]
  181 |     std::derived_from<std::remove_pointer_t<To>,
      |     ^
      |     requires
[14/664] Building CXX object _deps/protobuf-build/CMakeFiles/libprotobuf-lite.dir/src/google/protobuf/extension_set.cc.o
In file included from /home/tina.guest/tinylsm-goal3-62e0496/build/benchmark/_deps/protobuf-src/src/google/protobuf/extension_set.h:36,
                 from /home/tina.guest/tinylsm-goal3-62e0496/build/benchmark/_deps/protobuf-src/src/google/protobuf/extension_set.cc:12:
/home/tina.guest/tinylsm-goal3-62e0496/build/benchmark/_deps/protobuf-src/src/google/protobuf/port.h: In function ‘void google::protobuf::internal::AssertDownCast(From*)’:
/home/tina.guest/tinylsm-goal3-62e0496/build/benchmark/_deps/protobuf-src/src/google/protobuf/port.h:181:5: warning: testing if a concept-id is a valid expression; add ‘requires’ to check satisfaction [-Wmissing-requires]
  181 |     std::derived_from<std::remove_pointer_t<To>,
      |     ^
      |     requires
[15/664] Building CXX object _deps/protobuf-build/CMakeFiles/libprotobuf-lite.dir/src/google/protobuf/io/zero_copy_stream_impl_lite.cc.o
In file included from /home/tina.guest/tinylsm-goal3-62e0496/build/benchmark/_deps/protobuf-src/src/google/protobuf/io/zero_copy_stream.h:89,
                 from /home/tina.guest/tinylsm-goal3-62e0496/build/benchmark/_deps/protobuf-src/src/google/protobuf/io/zero_copy_stream_impl_lite.h:35,
                 from /home/tina.guest/tinylsm-goal3-62e0496/build/benchmark/_deps/protobuf-src/src/google/protobuf/io/zero_copy_stream_impl_lite.cc:12:
/home/tina.guest/tinylsm-goal3-62e0496/build/benchmark/_deps/protobuf-src/src/google/protobuf/port.h: In function ‘void google::protobuf::internal::AssertDownCast(From*)’:
/home/tina.guest/tinylsm-goal3-62e0496/build/benchmark/_deps/protobuf-src/src/google/protobuf/port.h:181:5: warning: testing if a concept-id is a valid expression; add ‘requires’ to check satisfaction [-Wmissing-requires]
  181 |     std::derived_from<std::remove_pointer_t<To>,
      |     ^
      |     requires
[16/664] Building CXX object _deps/protobuf-build/CMakeFiles/libprotobuf-lite.dir/src/google/protobuf/raw_ptr.cc.o
[17/664] Building CXX object _deps/protobuf-build/CMakeFiles/libprotobuf-lite.dir/src/google/protobuf/port.cc.o
In file included from /home/tina.guest/tinylsm-goal3-62e0496/build/benchmark/_deps/protobuf-src/src/google/protobuf/port.cc:8:
/home/tina.guest/tinylsm-goal3-62e0496/build/benchmark/_deps/protobuf-src/src/google/protobuf/port.h: In function ‘void google::protobuf::internal::AssertDownCast(From*)’:
/home/tina.guest/tinylsm-goal3-62e0496/build/benchmark/_deps/protobuf-src/src/google/protobuf/port.h:181:5: warning: testing if a concept-id is a valid expression; add ‘requires’ to check satisfaction [-Wmissing-requires]
  181 |     std::derived_from<std::remove_pointer_t<To>,
      |     ^
      |     requires
[18/664] Building CXX object _deps/protobuf-build/CMakeFiles/libprotobuf-lite.dir/src/google/protobuf/map.cc.o
In file included from /home/tina.guest/tinylsm-goal3-62e0496/build/benchmark/_deps/protobuf-src/src/google/protobuf/arena.h:38,
                 from /home/tina.guest/tinylsm-goal3-62e0496/build/benchmark/_deps/protobuf-src/src/google/protobuf/map.h:39,
                 from /home/tina.guest/tinylsm-goal3-62e0496/build/benchmark/_deps/protobuf-src/src/google/protobuf/map.cc:8:
/home/tina.guest/tinylsm-goal3-62e0496/build/benchmark/_deps/protobuf-src/src/google/protobuf/port.h: In function ‘void google::protobuf::internal::AssertDownCast(From*)’:
/home/tina.guest/tinylsm-goal3-62e0496/build/benchmark/_deps/protobuf-src/src/google/protobuf/port.h:181:5: warning: testing if a concept-id is a valid expression; add ‘requires’ to check satisfaction [-Wmissing-requires]
  181 |     std::derived_from<std::remove_pointer_t<To>,
      |     ^
      |     requires
/home/tina.guest/tinylsm-goal3-62e0496/build/benchmark/_deps/protobuf-src/src/google/protobuf/map.cc: In lambda function:
/home/tina.guest/tinylsm-goal3-62e0496/build/benchmark/_deps/protobuf-src/src/google/protobuf/map.cc:119:23: warning: implicit capture of ‘this’ via ‘[=]’ is deprecated in C++20 [-Wdeprecated]
  119 |     const auto loop = [=](auto destroy_node) {
      |                       ^
/home/tina.guest/tinylsm-goal3-62e0496/build/benchmark/_deps/protobuf-src/src/google/protobuf/map.cc:119:23: note: add explicit ‘this’ or ‘*this’ capture
[19/664] Building CXX object _deps/protobuf-build/CMakeFiles/libprotobuf-lite.dir/src/google/protobuf/repeated_field.cc.o
In file included from /home/tina.guest/tinylsm-goal3-62e0496/build/benchmark/_deps/protobuf-src/src/google/protobuf/arena.h:38,
                 from /home/tina.guest/tinylsm-goal3-62e0496/build/benchmark/_deps/protobuf-src/src/google/protobuf/repeated_field.h:40,
                 from /home/tina.guest/tinylsm-goal3-62e0496/build/benchmark/_deps/protobuf-src/src/google/protobuf/repeated_field.cc:12:
/home/tina.guest/tinylsm-goal3-62e0496/build/benchmark/_deps/protobuf-src/src/google/protobuf/port.h: In function ‘void google::protobuf::internal::AssertDownCast(From*)’:
/home/tina.guest/tinylsm-goal3-62e0496/build/benchmark/_deps/protobuf-src/src/google/protobuf/port.h:181:5: warning: testing if a concept-id is a valid expression; add ‘requires’ to check satisfaction [-Wmissing-requires]
  181 |     std::derived_from<std::remove_pointer_t<To>,
      |     ^
      |     requires
[20/664] Building CXX object _deps/protobuf-build/CMakeFiles/libprotobuf-lite.dir/src/google/protobuf/stubs/common.cc.o
[21/664] Building CXX object _deps/protobuf-build/CMakeFiles/libprotobuf-lite.dir/src/google/protobuf/repeated_ptr_field.cc.o
In file included from /home/tina.guest/tinylsm-goal3-62e0496/build/benchmark/_deps/protobuf-src/src/google/protobuf/arena.h:38,
                 from /home/tina.guest/tinylsm-goal3-62e0496/build/benchmark/_deps/protobuf-src/src/google/protobuf/repeated_ptr_field.h:38,
                 from /home/tina.guest/tinylsm-goal3-62e0496/build/benchmark/_deps/protobuf-src/src/google/protobuf/repeated_ptr_field.cc:12:
/home/tina.guest/tinylsm-goal3-62e0496/build/benchmark/_deps/protobuf-src/src/google/protobuf/port.h: In function ‘void google::protobuf::internal::AssertDownCast(From*)’:
/home/tina.guest/tinylsm-goal3-62e0496/build/benchmark/_deps/protobuf-src/src/google/protobuf/port.h:181:5: warning: testing if a concept-id is a valid expression; add ‘requires’ to check satisfaction [-Wmissing-requires]
  181 |     std::derived_from<std::remove_pointer_t<To>,
      |     ^
      |     requires
[22/664] Building CXX object _deps/protobuf-build/CMakeFiles/libprotobuf-lite.dir/src/google/protobuf/parse_context.cc.o
In file included from /home/tina.guest/tinylsm-goal3-62e0496/build/benchmark/_deps/protobuf-src/src/google/protobuf/arena.h:38,
                 from /home/tina.guest/tinylsm-goal3-62e0496/build/benchmark/_deps/protobuf-src/src/google/protobuf/parse_context.h:24,
                 from /home/tina.guest/tinylsm-goal3-62e0496/build/benchmark/_deps/protobuf-src/src/google/protobuf/parse_context.cc:8:
/home/tina.guest/tinylsm-goal3-62e0496/build/benchmark/_deps/protobuf-src/src/google/protobuf/port.h: In function ‘void google::protobuf::internal::AssertDownCast(From*)’:
/home/tina.guest/tinylsm-goal3-62e0496/build/benchmark/_deps/protobuf-src/src/google/protobuf/port.h:181:5: warning: testing if a concept-id is a valid expression; add ‘requires’ to check satisfaction [-Wmissing-requires]
  181 |     std::derived_from<std::remove_pointer_t<To>,
      |     ^
      |     requires
[23/664] Building CXX object _deps/protobuf-build/CMakeFiles/libprotobuf-lite.dir/src/google/protobuf/message_lite.cc.o
In file included from /home/tina.guest/tinylsm-goal3-62e0496/build/benchmark/_deps/protobuf-src/src/google/protobuf/arena.h:38,
                 from /home/tina.guest/tinylsm-goal3-62e0496/build/benchmark/_deps/protobuf-src/src/google/protobuf/message_lite.h:34,
                 from /home/tina.guest/tinylsm-goal3-62e0496/build/benchmark/_deps/protobuf-src/src/google/protobuf/message_lite.cc:13:
/home/tina.guest/tinylsm-goal3-62e0496/build/benchmark/_deps/protobuf-src/src/google/protobuf/port.h: In function ‘void google::protobuf::internal::AssertDownCast(From*)’:
/home/tina.guest/tinylsm-goal3-62e0496/build/benchmark/_deps/protobuf-src/src/google/protobuf/port.h:181:5: warning: testing if a concept-id is a valid expression; add ‘requires’ to check satisfaction [-Wmissing-requires]
  181 |     std::derived_from<std::remove_pointer_t<To>,
      |     ^
      |     requires
[24/664] Building CXX object _deps/protobuf-build/CMakeFiles/libprotobuf-lite.dir/src/google/protobuf/wire_format_lite.cc.o
In file included from /home/tina.guest/tinylsm-goal3-62e0496/build/benchmark/_deps/protobuf-src/src/google/protobuf/arena.h:38,
                 from /home/tina.guest/tinylsm-goal3-62e0496/build/benchmark/_deps/protobuf-src/src/google/protobuf/arenastring.h:19,
                 from /home/tina.guest/tinylsm-goal3-62e0496/build/benchmark/_deps/protobuf-src/src/google/protobuf/wire_format_lite.h:30,
                 from /home/tina.guest/tinylsm-goal3-62e0496/build/benchmark/_deps/protobuf-src/src/google/protobuf/wire_format_lite.cc:12:
/home/tina.guest/tinylsm-goal3-62e0496/build/benchmark/_deps/protobuf-src/src/google/protobuf/port.h: In function ‘void google::protobuf::internal::AssertDownCast(From*)’:
/home/tina.guest/tinylsm-goal3-62e0496/build/benchmark/_deps/protobuf-src/src/google/protobuf/port.h:181:5: warning: testing if a concept-id is a valid expression; add ‘requires’ to check satisfaction [-Wmissing-requires]
  181 |     std::derived_from<std::remove_pointer_t<To>,
      |     ^
      |     requires
[25/664] Building CXX object _deps/protobuf-build/CMakeFiles/libprotobuf-lite.dir/src/google/protobuf/generated_message_tctable_lite.cc.o
In file included from /home/tina.guest/tinylsm-goal3-62e0496/build/benchmark/_deps/protobuf-src/src/google/protobuf/arena.h:38,
                 from /home/tina.guest/tinylsm-goal3-62e0496/build/benchmark/_deps/protobuf-src/src/google/protobuf/arenastring.h:19,
                 from /home/tina.guest/tinylsm-goal3-62e0496/build/benchmark/_deps/protobuf-src/src/google/protobuf/generated_message_tctable_lite.cc:24:
/home/tina.guest/tinylsm-goal3-62e0496/build/benchmark/_deps/protobuf-src/src/google/protobuf/port.h: In function ‘void google::protobuf::internal::AssertDownCast(From*)’:
/home/tina.guest/tinylsm-goal3-62e0496/build/benchmark/_deps/protobuf-src/src/google/protobuf/port.h:181:5: warning: testing if a concept-id is a valid expression; add ‘requires’ to check satisfaction [-Wmissing-requires]
  181 |     std::derived_from<std::remove_pointer_t<To>,
      |     ^
      |     requires
[26/664] Building CXX object _deps/protobuf-build/CMakeFiles/libprotobuf.dir/src/google/protobuf/duration.pb.cc.o
In file included from /home/tina.guest/tinylsm-goal3-62e0496/build/benchmark/_deps/protobuf-src/src/google/protobuf/arena.h:38,
                 from /home/tina.guest/tinylsm-goal3-62e0496/build/benchmark/_deps/protobuf-src/src/google/protobuf/duration.pb.h:21,
                 from /home/tina.guest/tinylsm-goal3-62e0496/build/benchmark/_deps/protobuf-src/src/google/protobuf/duration.pb.cc:6:
/home/tina.guest/tinylsm-goal3-62e0496/build/benchmark/_deps/protobuf-src/src/google/protobuf/port.h: In function ‘void google::protobuf::internal::AssertDownCast(From*)’:
/home/tina.guest/tinylsm-goal3-62e0496/build/benchmark/_deps/protobuf-src/src/google/protobuf/port.h:181:5: warning: testing if a concept-id is a valid expression; add ‘requires’ to check satisfaction [-Wmissing-requires]
  181 |     std::derived_from<std::remove_pointer_t<To>,
      |     ^
      |     requires
[27/664] Building CXX object _deps/protobuf-build/CMakeFiles/libprotobuf.dir/src/google/protobuf/api.pb.cc.o
In file included from /home/tina.guest/tinylsm-goal3-62e0496/build/benchmark/_deps/protobuf-src/src/google/protobuf/arena.h:38,
                 from /home/tina.guest/tinylsm-goal3-62e0496/build/benchmark/_deps/protobuf-src/src/google/protobuf/api.pb.h:21,
                 from /home/tina.guest/tinylsm-goal3-62e0496/build/benchmark/_deps/protobuf-src/src/google/protobuf/api.pb.cc:6:
/home/tina.guest/tinylsm-goal3-62e0496/build/benchmark/_deps/protobuf-src/src/google/protobuf/port.h: In function ‘void google::protobuf::internal::AssertDownCast(From*)’:
/home/tina.guest/tinylsm-goal3-62e0496/build/benchmark/_deps/protobuf-src/src/google/protobuf/port.h:181:5: warning: testing if a concept-id is a valid expression; add ‘requires’ to check satisfaction [-Wmissing-requires]
  181 |     std::derived_from<std::remove_pointer_t<To>,
      |     ^
      |     requires
[28/664] Building CXX object _deps/protobuf-build/CMakeFiles/libprotobuf.dir/src/google/protobuf/any.pb.cc.o
In file included from /home/tina.guest/tinylsm-goal3-62e0496/build/benchmark/_deps/protobuf-src/src/google/protobuf/arena.h:38,
                 from /home/tina.guest/tinylsm-goal3-62e0496/build/benchmark/_deps/protobuf-src/src/google/protobuf/any.pb.h:21,
                 from /home/tina.guest/tinylsm-goal3-62e0496/build/benchmark/_deps/protobuf-src/src/google/protobuf/any.pb.cc:6:
/home/tina.guest/tinylsm-goal3-62e0496/build/benchmark/_deps/protobuf-src/src/google/protobuf/port.h: In function ‘void google::protobuf::internal::AssertDownCast(From*)’:
/home/tina.guest/tinylsm-goal3-62e0496/build/benchmark/_deps/protobuf-src/src/google/protobuf/port.h:181:5: warning: testing if a concept-id is a valid expression; add ‘requires’ to check satisfaction [-Wmissing-requires]
  181 |     std::derived_from<std::remove_pointer_t<To>,
      |     ^
      |     requires
[29/664] Building CXX object _deps/protobuf-build/CMakeFiles/libprotobuf.dir/src/google/protobuf/empty.pb.cc.o
In file included from /home/tina.guest/tinylsm-goal3-62e0496/build/benchmark/_deps/protobuf-src/src/google/protobuf/arena.h:38,
                 from /home/tina.guest/tinylsm-goal3-62e0496/build/benchmark/_deps/protobuf-src/src/google/protobuf/empty.pb.h:21,
                 from /home/tina.guest/tinylsm-goal3-62e0496/build/benchmark/_deps/protobuf-src/src/google/protobuf/empty.pb.cc:6:
/home/tina.guest/tinylsm-goal3-62e0496/build/benchmark/_deps/protobuf-src/src/google/protobuf/port.h: In function ‘void google::protobuf::internal::AssertDownCast(From*)’:
/home/tina.guest/tinylsm-goal3-62e0496/build/benchmark/_deps/protobuf-src/src/google/protobuf/port.h:181:5: warning: testing if a concept-id is a valid expression; add ‘requires’ to check satisfaction [-Wmissing-requires]
  181 |     std::derived_from<std::remove_pointer_t<To>,
      |     ^
      |     requires
[30/664] Building CXX object _deps/protobuf-build/CMakeFiles/libprotobuf.dir/src/google/protobuf/timestamp.pb.cc.o
In file included from /home/tina.guest/tinylsm-goal3-62e0496/build/benchmark/_deps/protobuf-src/src/google/protobuf/arena.h:38,
                 from /home/tina.guest/tinylsm-goal3-62e0496/build/benchmark/_deps/protobuf-src/src/google/protobuf/timestamp.pb.h:21,
                 from /home/tina.guest/tinylsm-goal3-62e0496/build/benchmark/_deps/protobuf-src/src/google/protobuf/timestamp.pb.cc:6:
/home/tina.guest/tinylsm-goal3-62e0496/build/benchmark/_deps/protobuf-src/src/google/protobuf/port.h: In function ‘void google::protobuf::internal::AssertDownCast(From*)’:
/home/tina.guest/tinylsm-goal3-62e0496/build/benchmark/_deps/protobuf-src/src/google/protobuf/port.h:181:5: warning: testing if a concept-id is a valid expression; add ‘requires’ to check satisfaction [-Wmissing-requires]
  181 |     std::derived_from<std::remove_pointer_t<To>,
      |     ^
      |     requires
[31/664] Building CXX object _deps/protobuf-build/CMakeFiles/libprotobuf.dir/src/google/protobuf/field_mask.pb.cc.o
In file included from /home/tina.guest/tinylsm-goal3-62e0496/build/benchmark/_deps/protobuf-src/src/google/protobuf/arena.h:38,
                 from /home/tina.guest/tinylsm-goal3-62e0496/build/benchmark/_deps/protobuf-src/src/google/protobuf/field_mask.pb.h:21,
                 from /home/tina.guest/tinylsm-goal3-62e0496/build/benchmark/_deps/protobuf-src/src/google/protobuf/field_mask.pb.cc:6:
/home/tina.guest/tinylsm-goal3-62e0496/build/benchmark/_deps/protobuf-src/src/google/protobuf/port.h: In function ‘void google::protobuf::internal::AssertDownCast(From*)’:
/home/tina.guest/tinylsm-goal3-62e0496/build/benchmark/_deps/protobuf-src/src/google/protobuf/port.h:181:5: warning: testing if a concept-id is a valid expression; add ‘requires’ to check satisfaction [-Wmissing-requires]
  181 |     std::derived_from<std::remove_pointer_t<To>,
      |     ^
      |     requires
[32/664] Building CXX object _deps/protobuf-build/CMakeFiles/libprotobuf.dir/src/google/protobuf/source_context.pb.cc.o
In file included from /home/tina.guest/tinylsm-goal3-62e0496/build/benchmark/_deps/protobuf-src/src/google/protobuf/arena.h:38,
                 from /home/tina.guest/tinylsm-goal3-62e0496/build/benchmark/_deps/protobuf-src/src/google/protobuf/source_context.pb.h:21,
                 from /home/tina.guest/tinylsm-goal3-62e0496/build/benchmark/_deps/protobuf-src/src/google/protobuf/source_context.pb.cc:6:
/home/tina.guest/tinylsm-goal3-62e0496/build/benchmark/_deps/protobuf-src/src/google/protobuf/port.h: In function ‘void google::protobuf::internal::AssertDownCast(From*)’:
/home/tina.guest/tinylsm-goal3-62e0496/build/benchmark/_deps/protobuf-src/src/google/protobuf/port.h:181:5: warning: testing if a concept-id is a valid expression; add ‘requires’ to check satisfaction [-Wmissing-requires]
  181 |     std::derived_from<std::remove_pointer_t<To>,
      |     ^
      |     requires
[33/664] Building CXX object _deps/protobuf-build/CMakeFiles/libprotobuf.dir/src/google/protobuf/struct.pb.cc.o
In file included from /home/tina.guest/tinylsm-goal3-62e0496/build/benchmark/_deps/protobuf-src/src/google/protobuf/arena.h:38,
                 from /home/tina.guest/tinylsm-goal3-62e0496/build/benchmark/_deps/protobuf-src/src/google/protobuf/struct.pb.h:21,
                 from /home/tina.guest/tinylsm-goal3-62e0496/build/benchmark/_deps/protobuf-src/src/google/protobuf/struct.pb.cc:6:
/home/tina.guest/tinylsm-goal3-62e0496/build/benchmark/_deps/protobuf-src/src/google/protobuf/port.h: In function ‘void google::protobuf::internal::AssertDownCast(From*)’:
/home/tina.guest/tinylsm-goal3-62e0496/build/benchmark/_deps/protobuf-src/src/google/protobuf/port.h:181:5: warning: testing if a concept-id is a valid expression; add ‘requires’ to check satisfaction [-Wmissing-requires]
  181 |     std::derived_from<std::remove_pointer_t<To>,
      |     ^
      |     requires
[34/664] Building CXX object _deps/protobuf-build/CMakeFiles/libprotobuf.dir/src/google/protobuf/any_lite.cc.o
In file included from /home/tina.guest/tinylsm-goal3-62e0496/build/benchmark/_deps/protobuf-src/src/google/protobuf/any.h:14,
                 from /home/tina.guest/tinylsm-goal3-62e0496/build/benchmark/_deps/protobuf-src/src/google/protobuf/any_lite.cc:15:
/home/tina.guest/tinylsm-goal3-62e0496/build/benchmark/_deps/protobuf-src/src/google/protobuf/port.h: In function ‘void google::protobuf::internal::AssertDownCast(From*)’:
/home/tina.guest/tinylsm-goal3-62e0496/build/benchmark/_deps/protobuf-src/src/google/protobuf/port.h:181:5: warning: testing if a concept-id is a valid expression; add ‘requires’ to check satisfaction [-Wmissing-requires]
  181 |     std::derived_from<std::remove_pointer_t<To>,
      |     ^
      |     requires
[35/664] Building CXX object _deps/protobuf-build/CMakeFiles/libprotobuf.dir/src/google/protobuf/type.pb.cc.o
In file included from /home/tina.guest/tinylsm-goal3-62e0496/build/benchmark/_deps/protobuf-src/src/google/protobuf/arena.h:38,
                 from /home/tina.guest/tinylsm-goal3-62e0496/build/benchmark/_deps/protobuf-src/src/google/protobuf/type.pb.h:21,
                 from /home/tina.guest/tinylsm-goal3-62e0496/build/benchmark/_deps/protobuf-src/src/google/protobuf/type.pb.cc:6:
/home/tina.guest/tinylsm-goal3-62e0496/build/benchmark/_deps/protobuf-src/src/google/protobuf/port.h: In function ‘void google::protobuf::internal::AssertDownCast(From*)’:
/home/tina.guest/tinylsm-goal3-62e0496/build/benchmark/_deps/protobuf-src/src/google/protobuf/port.h:181:5: warning: testing if a concept-id is a valid expression; add ‘requires’ to check satisfaction [-Wmissing-requires]
  181 |     std::derived_from<std::remove_pointer_t<To>,
      |     ^
      |     requires
[36/664] Building CXX object _deps/protobuf-build/CMakeFiles/libprotobuf.dir/src/google/protobuf/arena.cc.o
In file included from /home/tina.guest/tinylsm-goal3-62e0496/build/benchmark/_deps/protobuf-src/src/google/protobuf/arena.h:38,
                 from /home/tina.guest/tinylsm-goal3-62e0496/build/benchmark/_deps/protobuf-src/src/google/protobuf/arena.cc:8:
/home/tina.guest/tinylsm-goal3-62e0496/build/benchmark/_deps/protobuf-src/src/google/protobuf/port.h: In function ‘void google::protobuf::internal::AssertDownCast(From*)’:
/home/tina.guest/tinylsm-goal3-62e0496/build/benchmark/_deps/protobuf-src/src/google/protobuf/port.h:181:5: warning: testing if a concept-id is a valid expression; add ‘requires’ to check satisfaction [-Wmissing-requires]
  181 |     std::derived_from<std::remove_pointer_t<To>,
      |     ^
      |     requires
[37/664] Building CXX object _deps/protobuf-build/CMakeFiles/libprotobuf.dir/src/google/protobuf/arenaz_sampler.cc.o
[38/664] Building CXX object _deps/protobuf-build/CMakeFiles/libprotobuf.dir/src/google/protobuf/arena_align.cc.o
[39/664] Building CXX object _deps/protobuf-build/CMakeFiles/libprotobuf.dir/src/google/protobuf/wrappers.pb.cc.o
In file included from /home/tina.guest/tinylsm-goal3-62e0496/build/benchmark/_deps/protobuf-src/src/google/protobuf/arena.h:38,
                 from /home/tina.guest/tinylsm-goal3-62e0496/build/benchmark/_deps/protobuf-src/src/google/protobuf/wrappers.pb.h:21,
                 from /home/tina.guest/tinylsm-goal3-62e0496/build/benchmark/_deps/protobuf-src/src/google/protobuf/wrappers.pb.cc:6:
/home/tina.guest/tinylsm-goal3-62e0496/build/benchmark/_deps/protobuf-src/src/google/protobuf/port.h: In function ‘void google::protobuf::internal::AssertDownCast(From*)’:
/home/tina.guest/tinylsm-goal3-62e0496/build/benchmark/_deps/protobuf-src/src/google/protobuf/port.h:181:5: warning: testing if a concept-id is a valid expression; add ‘requires’ to check satisfaction [-Wmissing-requires]
  181 |     std::derived_from<std::remove_pointer_t<To>,
      |     ^
      |     requires
[40/664] Building CXX object _deps/protobuf-build/CMakeFiles/libprotobuf.dir/src/google/protobuf/any.cc.o
In file included from /home/tina.guest/tinylsm-goal3-62e0496/build/benchmark/_deps/protobuf-src/src/google/protobuf/any.h:14,
                 from /home/tina.guest/tinylsm-goal3-62e0496/build/benchmark/_deps/protobuf-src/src/google/protobuf/any.cc:8:
/home/tina.guest/tinylsm-goal3-62e0496/build/benchmark/_deps/protobuf-src/src/google/protobuf/port.h: In function ‘void google::protobuf::internal::AssertDownCast(From*)’:
/home/tina.guest/tinylsm-goal3-62e0496/build/benchmark/_deps/protobuf-src/src/google/protobuf/port.h:181:5: warning: testing if a concept-id is a valid expression; add ‘requires’ to check satisfaction [-Wmissing-requires]
  181 |     std::derived_from<std::remove_pointer_t<To>,
      |     ^
      |     requires
[41/664] Building CXX object _deps/protobuf-build/CMakeFiles/libprotobuf.dir/src/google/protobuf/arenastring.cc.o
In file included from /home/tina.guest/tinylsm-goal3-62e0496/build/benchmark/_deps/protobuf-src/src/google/protobuf/arena.h:38,
                 from /home/tina.guest/tinylsm-goal3-62e0496/build/benchmark/_deps/protobuf-src/src/google/protobuf/arenastring.h:19,
                 from /home/tina.guest/tinylsm-goal3-62e0496/build/benchmark/_deps/protobuf-src/src/google/protobuf/arenastring.cc:8:
/home/tina.guest/tinylsm-goal3-62e0496/build/benchmark/_deps/protobuf-src/src/google/protobuf/port.h: In function ‘void google::protobuf::internal::AssertDownCast(From*)’:
/home/tina.guest/tinylsm-goal3-62e0496/build/benchmark/_deps/protobuf-src/src/google/protobuf/port.h:181:5: warning: testing if a concept-id is a valid expression; add ‘requires’ to check satisfaction [-Wmissing-requires]
  181 |     std::derived_from<std::remove_pointer_t<To>,
      |     ^
      |     requires
[42/664] Building CXX object _deps/protobuf-build/CMakeFiles/libprotobuf.dir/src/google/protobuf/cpp_features.pb.cc.o
In file included from /home/tina.guest/tinylsm-goal3-62e0496/build/benchmark/_deps/protobuf-src/src/google/protobuf/arena.h:38,
                 from /home/tina.guest/tinylsm-goal3-62e0496/build/benchmark/_deps/protobuf-src/src/google/protobuf/cpp_features.pb.h:21,
                 from /home/tina.guest/tinylsm-goal3-62e0496/build/benchmark/_deps/protobuf-src/src/google/protobuf/cpp_features.pb.cc:6:
/home/tina.guest/tinylsm-goal3-62e0496/build/benchmark/_deps/protobuf-src/src/google/protobuf/port.h: In function ‘void google::protobuf::internal::AssertDownCast(From*)’:
/home/tina.guest/tinylsm-goal3-62e0496/build/benchmark/_deps/protobuf-src/src/google/protobuf/port.h:181:5: warning: testing if a concept-id is a valid expression; add ‘requires’ to check satisfaction [-Wmissing-requires]
  181 |     std::derived_from<std::remove_pointer_t<To>,
      |     ^
      |     requires
[43/664] Building CXX object _deps/protobuf-build/CMakeFiles/libprotobuf.dir/src/google/protobuf/compiler/importer.cc.o
In file included from /home/tina.guest/tinylsm-goal3-62e0496/build/benchmark/_deps/protobuf-src/src/google/protobuf/extension_set.h:36,
                 from /home/tina.guest/tinylsm-goal3-62e0496/build/benchmark/_deps/protobuf-src/src/google/protobuf/descriptor.h:56,
                 from /home/tina.guest/tinylsm-goal3-62e0496/build/benchmark/_deps/protobuf-src/src/google/protobuf/compiler/parser.h:24,
                 from /home/tina.guest/tinylsm-goal3-62e0496/build/benchmark/_deps/protobuf-src/src/google/protobuf/compiler/importer.h:22,
                 from /home/tina.guest/tinylsm-goal3-62e0496/build/benchmark/_deps/protobuf-src/src/google/protobuf/compiler/importer.cc:12:
/home/tina.guest/tinylsm-goal3-62e0496/build/benchmark/_deps/protobuf-src/src/google/protobuf/port.h: In function ‘void google::protobuf::internal::AssertDownCast(From*)’:
/home/tina.guest/tinylsm-goal3-62e0496/build/benchmark/_deps/protobuf-src/src/google/protobuf/port.h:181:5: warning: testing if a concept-id is a valid expression; add ‘requires’ to check satisfaction [-Wmissing-requires]
  181 |     std::derived_from<std::remove_pointer_t<To>,
      |     ^
      |     requires
[44/664] Building CXX object _deps/protobuf-build/CMakeFiles/libprotobuf.dir/src/google/protobuf/dynamic_message.cc.o
In file included from /home/tina.guest/tinylsm-goal3-62e0496/build/benchmark/_deps/protobuf-src/src/google/protobuf/extension_set.h:36,
                 from /home/tina.guest/tinylsm-goal3-62e0496/build/benchmark/_deps/protobuf-src/src/google/protobuf/descriptor.h:56,
                 from /home/tina.guest/tinylsm-goal3-62e0496/build/benchmark/_deps/protobuf-src/src/google/protobuf/dynamic_message.h:27,
                 from /home/tina.guest/tinylsm-goal3-62e0496/build/benchmark/_deps/protobuf-src/src/google/protobuf/dynamic_message.cc:42:
/home/tina.guest/tinylsm-goal3-62e0496/build/benchmark/_deps/protobuf-src/src/google/protobuf/port.h: In function ‘void google::protobuf::internal::AssertDownCast(From*)’:
/home/tina.guest/tinylsm-goal3-62e0496/build/benchmark/_deps/protobuf-src/src/google/protobuf/port.h:181:5: warning: testing if a concept-id is a valid expression; add ‘requires’ to check satisfaction [-Wmissing-requires]
  181 |     std::derived_from<std::remove_pointer_t<To>,
      |     ^
      |     requires
[45/664] Building CXX object _deps/protobuf-build/CMakeFiles/libprotobuf.dir/src/google/protobuf/descriptor_database.cc.o
In file included from /home/tina.guest/tinylsm-goal3-62e0496/build/benchmark/_deps/protobuf-src/src/google/protobuf/extension_set.h:36,
                 from /home/tina.guest/tinylsm-goal3-62e0496/build/benchmark/_deps/protobuf-src/src/google/protobuf/descriptor.h:56,
                 from /home/tina.guest/tinylsm-goal3-62e0496/build/benchmark/_deps/protobuf-src/src/google/protobuf/descriptor_database.h:22,
                 from /home/tina.guest/tinylsm-goal3-62e0496/build/benchmark/_deps/protobuf-src/src/google/protobuf/descriptor_database.cc:12:
/home/tina.guest/tinylsm-goal3-62e0496/build/benchmark/_deps/protobuf-src/src/google/protobuf/port.h: In function ‘void google::protobuf::internal::AssertDownCast(From*)’:
/home/tina.guest/tinylsm-goal3-62e0496/build/benchmark/_deps/protobuf-src/src/google/protobuf/port.h:181:5: warning: testing if a concept-id is a valid expression; add ‘requires’ to check satisfaction [-Wmissing-requires]
  181 |     std::derived_from<std::remove_pointer_t<To>,
      |     ^
      |     requires
[46/664] Building CXX object _deps/protobuf-build/CMakeFiles/libprotobuf.dir/src/google/protobuf/compiler/parser.cc.o
In file included from /home/tina.guest/tinylsm-goal3-62e0496/build/benchmark/_deps/protobuf-src/src/google/protobuf/extension_set.h:36,
                 from /home/tina.guest/tinylsm-goal3-62e0496/build/benchmark/_deps/protobuf-src/src/google/protobuf/descriptor.h:56,
                 from /home/tina.guest/tinylsm-goal3-62e0496/build/benchmark/_deps/protobuf-src/src/google/protobuf/compiler/parser.h:24,
                 from /home/tina.guest/tinylsm-goal3-62e0496/build/benchmark/_deps/protobuf-src/src/google/protobuf/compiler/parser.cc:14:
/home/tina.guest/tinylsm-goal3-62e0496/build/benchmark/_deps/protobuf-src/src/google/protobuf/port.h: In function ‘void google::protobuf::internal::AssertDownCast(From*)’:
/home/tina.guest/tinylsm-goal3-62e0496/build/benchmark/_deps/protobuf-src/src/google/protobuf/port.h:181:5: warning: testing if a concept-id is a valid expression; add ‘requires’ to check satisfaction [-Wmissing-requires]
  181 |     std::derived_from<std::remove_pointer_t<To>,
      |     ^
      |     requires
[47/664] Building CXX object _deps/protobuf-build/CMakeFiles/libprotobuf.dir/src/google/protobuf/descriptor.pb.cc.o
In file included from /home/tina.guest/tinylsm-goal3-62e0496/build/benchmark/_deps/protobuf-src/src/google/protobuf/arena.h:38,
                 from /home/tina.guest/tinylsm-goal3-62e0496/build/benchmark/_deps/protobuf-src/src/google/protobuf/descriptor.pb.h:21,
                 from /home/tina.guest/tinylsm-goal3-62e0496/build/benchmark/_deps/protobuf-src/src/google/protobuf/descriptor.pb.cc:6:
/home/tina.guest/tinylsm-goal3-62e0496/build/benchmark/_deps/protobuf-src/src/google/protobuf/port.h: In function ‘void google::protobuf::internal::AssertDownCast(From*)’:
/home/tina.guest/tinylsm-goal3-62e0496/build/benchmark/_deps/protobuf-src/src/google/protobuf/port.h:181:5: warning: testing if a concept-id is a valid expression; add ‘requires’ to check satisfaction [-Wmissing-requires]
  181 |     std::derived_from<std::remove_pointer_t<To>,
      |     ^
      |     requires
[48/664] Building CXX object _deps/protobuf-build/CMakeFiles/libprotobuf.dir/src/google/protobuf/generated_enum_util.cc.o
In file included from /home/tina.guest/tinylsm-goal3-62e0496/build/benchmark/_deps/protobuf-src/src/google/protobuf/arena.h:38,
                 from /home/tina.guest/tinylsm-goal3-62e0496/build/benchmark/_deps/protobuf-src/src/google/protobuf/message_lite.h:34,
                 from /home/tina.guest/tinylsm-goal3-62e0496/build/benchmark/_deps/protobuf-src/src/google/protobuf/generated_enum_util.h:20,
                 from /home/tina.guest/tinylsm-goal3-62e0496/build/benchmark/_deps/protobuf-src/src/google/protobuf/generated_enum_util.cc:8:
/home/tina.guest/tinylsm-goal3-62e0496/build/benchmark/_deps/protobuf-src/src/google/protobuf/port.h: In function ‘void google::protobuf::internal::AssertDownCast(From*)’:
/home/tina.guest/tinylsm-goal3-62e0496/build/benchmark/_deps/protobuf-src/src/google/protobuf/port.h:181:5: warning: testing if a concept-id is a valid expression; add ‘requires’ to check satisfaction [-Wmissing-requires]
  181 |     std::derived_from<std::remove_pointer_t<To>,
      |     ^
      |     requires
[49/664] Building CXX object _deps/protobuf-build/CMakeFiles/libprotobuf.dir/src/google/protobuf/generated_message_bases.cc.o
In file included from /home/tina.guest/tinylsm-goal3-62e0496/build/benchmark/_deps/protobuf-src/src/google/protobuf/arena.h:38,
                 from /home/tina.guest/tinylsm-goal3-62e0496/build/benchmark/_deps/protobuf-src/src/google/protobuf/generated_message_bases.h:15,
                 from /home/tina.guest/tinylsm-goal3-62e0496/build/benchmark/_deps/protobuf-src/src/google/protobuf/generated_message_bases.cc:8:
/home/tina.guest/tinylsm-goal3-62e0496/build/benchmark/_deps/protobuf-src/src/google/protobuf/port.h: In function ‘void google::protobuf::internal::AssertDownCast(From*)’:
/home/tina.guest/tinylsm-goal3-62e0496/build/benchmark/_deps/protobuf-src/src/google/protobuf/port.h:181:5: warning: testing if a concept-id is a valid expression; add ‘requires’ to check satisfaction [-Wmissing-requires]
  181 |     std::derived_from<std::remove_pointer_t<To>,
      |     ^
      |     requires
[50/664] Building CXX object _deps/protobuf-build/CMakeFiles/libprotobuf.dir/src/google/protobuf/extension_set_heavy.cc.o
In file included from /home/tina.guest/tinylsm-goal3-62e0496/build/benchmark/_deps/protobuf-src/src/google/protobuf/arena.h:38,
                 from /home/tina.guest/tinylsm-goal3-62e0496/build/benchmark/_deps/protobuf-src/src/google/protobuf/extension_set_heavy.cc:22:
/home/tina.guest/tinylsm-goal3-62e0496/build/benchmark/_deps/protobuf-src/src/google/protobuf/port.h: In function ‘void google::protobuf::internal::AssertDownCast(From*)’:
/home/tina.guest/tinylsm-goal3-62e0496/build/benchmark/_deps/protobuf-src/src/google/protobuf/port.h:181:5: warning: testing if a concept-id is a valid expression; add ‘requires’ to check satisfaction [-Wmissing-requires]
  181 |     std::derived_from<std::remove_pointer_t<To>,
      |     ^
      |     requires
[51/664] Building CXX object _deps/protobuf-build/CMakeFiles/libprotobuf.dir/src/google/protobuf/feature_resolver.cc.o
In file included from /home/tina.guest/tinylsm-goal3-62e0496/build/benchmark/_deps/protobuf-src/src/google/protobuf/extension_set.h:36,
                 from /home/tina.guest/tinylsm-goal3-62e0496/build/benchmark/_deps/protobuf-src/src/google/protobuf/descriptor.h:56,
                 from /home/tina.guest/tinylsm-goal3-62e0496/build/benchmark/_deps/protobuf-src/src/google/protobuf/feature_resolver.h:21,
                 from /home/tina.guest/tinylsm-goal3-62e0496/build/benchmark/_deps/protobuf-src/src/google/protobuf/feature_resolver.cc:8:
/home/tina.guest/tinylsm-goal3-62e0496/build/benchmark/_deps/protobuf-src/src/google/protobuf/port.h: In function ‘void google::protobuf::internal::AssertDownCast(From*)’:
/home/tina.guest/tinylsm-goal3-62e0496/build/benchmark/_deps/protobuf-src/src/google/protobuf/port.h:181:5: warning: testing if a concept-id is a valid expression; add ‘requires’ to check satisfaction [-Wmissing-requires]
  181 |     std::derived_from<std::remove_pointer_t<To>,
      |     ^
      |     requires
[52/664] Building CXX object _deps/protobuf-build/CMakeFiles/libprotobuf.dir/src/google/protobuf/extension_set.cc.o
In file included from /home/tina.guest/tinylsm-goal3-62e0496/build/benchmark/_deps/protobuf-src/src/google/protobuf/extension_set.h:36,
                 from /home/tina.guest/tinylsm-goal3-62e0496/build/benchmark/_deps/protobuf-src/src/google/protobuf/extension_set.cc:12:
/home/tina.guest/tinylsm-goal3-62e0496/build/benchmark/_deps/protobuf-src/src/google/protobuf/port.h: In function ‘void google::protobuf::internal::AssertDownCast(From*)’:
/home/tina.guest/tinylsm-goal3-62e0496/build/benchmark/_deps/protobuf-src/src/google/protobuf/port.h:181:5: warning: testing if a concept-id is a valid expression; add ‘requires’ to check satisfaction [-Wmissing-requires]
  181 |     std::derived_from<std::remove_pointer_t<To>,
      |     ^
      |     requires
[53/664] Building CXX object _deps/protobuf-build/CMakeFiles/libprotobuf.dir/src/google/protobuf/generated_message_tctable_full.cc.o
In file included from /home/tina.guest/tinylsm-goal3-62e0496/build/benchmark/_deps/protobuf-src/src/google/protobuf/extension_set.h:36,
                 from /home/tina.guest/tinylsm-goal3-62e0496/build/benchmark/_deps/protobuf-src/src/google/protobuf/generated_message_tctable_full.cc:33:
/home/tina.guest/tinylsm-goal3-62e0496/build/benchmark/_deps/protobuf-src/src/google/protobuf/port.h: In function ‘void google::protobuf::internal::AssertDownCast(From*)’:
/home/tina.guest/tinylsm-goal3-62e0496/build/benchmark/_deps/protobuf-src/src/google/protobuf/port.h:181:5: warning: testing if a concept-id is a valid expression; add ‘requires’ to check satisfaction [-Wmissing-requires]
  181 |     std::derived_from<std::remove_pointer_t<To>,
      |     ^
      |     requires
[54/664] Building CXX object _deps/protobuf-build/CMakeFiles/libprotobuf.dir/src/google/protobuf/generated_message_util.cc.o
In file included from /home/tina.guest/tinylsm-goal3-62e0496/build/benchmark/_deps/protobuf-src/src/google/protobuf/any.h:14,
                 from /home/tina.guest/tinylsm-goal3-62e0496/build/benchmark/_deps/protobuf-src/src/google/protobuf/generated_message_util.h:36,
                 from /home/tina.guest/tinylsm-goal3-62e0496/build/benchmark/_deps/protobuf-src/src/google/protobuf/generated_message_util.cc:12:
/home/tina.guest/tinylsm-goal3-62e0496/build/benchmark/_deps/protobuf-src/src/google/protobuf/port.h: In function ‘void google::protobuf::internal::AssertDownCast(From*)’:
/home/tina.guest/tinylsm-goal3-62e0496/build/benchmark/_deps/protobuf-src/src/google/protobuf/port.h:181:5: warning: testing if a concept-id is a valid expression; add ‘requires’ to check satisfaction [-Wmissing-requires]
  181 |     std::derived_from<std::remove_pointer_t<To>,
      |     ^
      |     requires
[55/664] Building CXX object _deps/protobuf-build/CMakeFiles/libprotobuf.dir/src/google/protobuf/generated_message_tctable_gen.cc.o
In file included from /home/tina.guest/tinylsm-goal3-62e0496/build/benchmark/_deps/protobuf-src/src/google/protobuf/extension_set.h:36,
                 from /home/tina.guest/tinylsm-goal3-62e0496/build/benchmark/_deps/protobuf-src/src/google/protobuf/descriptor.h:56,
                 from /home/tina.guest/tinylsm-goal3-62e0496/build/benchmark/_deps/protobuf-src/src/google/protobuf/generated_message_tctable_gen.h:19,
                 from /home/tina.guest/tinylsm-goal3-62e0496/build/benchmark/_deps/protobuf-src/src/google/protobuf/generated_message_tctable_gen.cc:8:
/home/tina.guest/tinylsm-goal3-62e0496/build/benchmark/_deps/protobuf-src/src/google/protobuf/port.h: In function ‘void google::protobuf::internal::AssertDownCast(From*)’:
/home/tina.guest/tinylsm-goal3-62e0496/build/benchmark/_deps/protobuf-src/src/google/protobuf/port.h:181:5: warning: testing if a concept-id is a valid expression; add ‘requires’ to check satisfaction [-Wmissing-requires]
  181 |     std::derived_from<std::remove_pointer_t<To>,
      |     ^
      |     requires
[56/664] Building CXX object _deps/protobuf-build/CMakeFiles/libprotobuf.dir/src/google/protobuf/implicit_weak_message.cc.o
In file included from /home/tina.guest/tinylsm-goal3-62e0496/build/benchmark/_deps/protobuf-src/src/google/protobuf/arena.h:38,
                 from /home/tina.guest/tinylsm-goal3-62e0496/build/benchmark/_deps/protobuf-src/src/google/protobuf/implicit_weak_message.h:14,
                 from /home/tina.guest/tinylsm-goal3-62e0496/build/benchmark/_deps/protobuf-src/src/google/protobuf/implicit_weak_message.cc:8:
/home/tina.guest/tinylsm-goal3-62e0496/build/benchmark/_deps/protobuf-src/src/google/protobuf/port.h: In function ‘void google::protobuf::internal::AssertDownCast(From*)’:
/home/tina.guest/tinylsm-goal3-62e0496/build/benchmark/_deps/protobuf-src/src/google/protobuf/port.h:181:5: warning: testing if a concept-id is a valid expression; add ‘requires’ to check satisfaction [-Wmissing-requires]
  181 |     std::derived_from<std::remove_pointer_t<To>,
      |     ^
      |     requires
[57/664] Building CXX object _deps/protobuf-build/CMakeFiles/libprotobuf.dir/src/google/protobuf/inlined_string_field.cc.o
In file included from /home/tina.guest/tinylsm-goal3-62e0496/build/benchmark/_deps/protobuf-src/src/google/protobuf/arena.h:38,
                 from /home/tina.guest/tinylsm-goal3-62e0496/build/benchmark/_deps/protobuf-src/src/google/protobuf/arenastring.h:19,
                 from /home/tina.guest/tinylsm-goal3-62e0496/build/benchmark/_deps/protobuf-src/src/google/protobuf/inlined_string_field.h:16,
                 from /home/tina.guest/tinylsm-goal3-62e0496/build/benchmark/_deps/protobuf-src/src/google/protobuf/inlined_string_field.cc:8:
/home/tina.guest/tinylsm-goal3-62e0496/build/benchmark/_deps/protobuf-src/src/google/protobuf/port.h: In function ‘void google::protobuf::internal::AssertDownCast(From*)’:
/home/tina.guest/tinylsm-goal3-62e0496/build/benchmark/_deps/protobuf-src/src/google/protobuf/port.h:181:5: warning: testing if a concept-id is a valid expression; add ‘requires’ to check satisfaction [-Wmissing-requires]
  181 |     std::derived_from<std::remove_pointer_t<To>,
      |     ^
      |     requires
[58/664] Building CXX object _deps/protobuf-build/CMakeFiles/libprotobuf.dir/src/google/protobuf/io/io_win32.cc.o
[59/664] Building CXX object _deps/protobuf-build/CMakeFiles/libprotobuf.dir/src/google/protobuf/io/coded_stream.cc.o
In file included from /home/tina.guest/tinylsm-goal3-62e0496/build/benchmark/_deps/protobuf-src/src/google/protobuf/arena.h:38,
                 from /home/tina.guest/tinylsm-goal3-62e0496/build/benchmark/_deps/protobuf-src/src/google/protobuf/io/coded_stream.cc:37:
/home/tina.guest/tinylsm-goal3-62e0496/build/benchmark/_deps/protobuf-src/src/google/protobuf/port.h: In function ‘void google::protobuf::internal::AssertDownCast(From*)’:
/home/tina.guest/tinylsm-goal3-62e0496/build/benchmark/_deps/protobuf-src/src/google/protobuf/port.h:181:5: warning: testing if a concept-id is a valid expression; add ‘requires’ to check satisfaction [-Wmissing-requires]
  181 |     std::derived_from<std::remove_pointer_t<To>,
      |     ^
      |     requires
[60/664] Building CXX object _deps/protobuf-build/CMakeFiles/libprotobuf.dir/src/google/protobuf/io/gzip_stream.cc.o
In file included from /home/tina.guest/tinylsm-goal3-62e0496/build/benchmark/_deps/protobuf-src/src/google/protobuf/io/zero_copy_stream.h:89,
                 from /home/tina.guest/tinylsm-goal3-62e0496/build/benchmark/_deps/protobuf-src/src/google/protobuf/io/gzip_stream.h:24,
                 from /home/tina.guest/tinylsm-goal3-62e0496/build/benchmark/_deps/protobuf-src/src/google/protobuf/io/gzip_stream.cc:15:
/home/tina.guest/tinylsm-goal3-62e0496/build/benchmark/_deps/protobuf-src/src/google/protobuf/port.h: In function ‘void google::protobuf::internal::AssertDownCast(From*)’:
/home/tina.guest/tinylsm-goal3-62e0496/build/benchmark/_deps/protobuf-src/src/google/protobuf/port.h:181:5: warning: testing if a concept-id is a valid expression; add ‘requires’ to check satisfaction [-Wmissing-requires]
  181 |     std::derived_from<std::remove_pointer_t<To>,
      |     ^
      |     requires
[61/664] Building CXX object _deps/protobuf-build/CMakeFiles/libprotobuf.dir/src/google/protobuf/io/strtod.cc.o
[62/664] Building CXX object _deps/protobuf-build/CMakeFiles/libprotobuf.dir/src/google/protobuf/generated_message_tctable_lite.cc.o
In file included from /home/tina.guest/tinylsm-goal3-62e0496/build/benchmark/_deps/protobuf-src/src/google/protobuf/arena.h:38,
                 from /home/tina.guest/tinylsm-goal3-62e0496/build/benchmark/_deps/protobuf-src/src/google/protobuf/arenastring.h:19,
                 from /home/tina.guest/tinylsm-goal3-62e0496/build/benchmark/_deps/protobuf-src/src/google/protobuf/generated_message_tctable_lite.cc:24:
/home/tina.guest/tinylsm-goal3-62e0496/build/benchmark/_deps/protobuf-src/src/google/protobuf/port.h: In function ‘void google::protobuf::internal::AssertDownCast(From*)’:
/home/tina.guest/tinylsm-goal3-62e0496/build/benchmark/_deps/protobuf-src/src/google/protobuf/port.h:181:5: warning: testing if a concept-id is a valid expression; add ‘requires’ to check satisfaction [-Wmissing-requires]
  181 |     std::derived_from<std::remove_pointer_t<To>,
      |     ^
      |     requires
[63/664] Building CXX object _deps/protobuf-build/CMakeFiles/libprotobuf.dir/src/google/protobuf/io/tokenizer.cc.o
In file included from /home/tina.guest/tinylsm-goal3-62e0496/build/benchmark/_deps/protobuf-src/src/google/protobuf/io/tokenizer.h:23,
                 from /home/tina.guest/tinylsm-goal3-62e0496/build/benchmark/_deps/protobuf-src/src/google/protobuf/io/tokenizer.cc:68:
/home/tina.guest/tinylsm-goal3-62e0496/build/benchmark/_deps/protobuf-src/src/google/protobuf/port.h: In function ‘void google::protobuf::internal::AssertDownCast(From*)’:
/home/tina.guest/tinylsm-goal3-62e0496/build/benchmark/_deps/protobuf-src/src/google/protobuf/port.h:181:5: warning: testing if a concept-id is a valid expression; add ‘requires’ to check satisfaction [-Wmissing-requires]
  181 |     std::derived_from<std::remove_pointer_t<To>,
      |     ^
      |     requires
[64/664] Building CXX object _deps/protobuf-build/CMakeFiles/libprotobuf.dir/src/google/protobuf/io/zero_copy_sink.cc.o
In file included from /home/tina.guest/tinylsm-goal3-62e0496/build/benchmark/_deps/protobuf-src/src/google/protobuf/io/zero_copy_stream.h:89,
                 from /home/tina.guest/tinylsm-goal3-62e0496/build/benchmark/_deps/protobuf-src/src/google/protobuf/io/zero_copy_sink.h:13,
                 from /home/tina.guest/tinylsm-goal3-62e0496/build/benchmark/_deps/protobuf-src/src/google/protobuf/io/zero_copy_sink.cc:8:
/home/tina.guest/tinylsm-goal3-62e0496/build/benchmark/_deps/protobuf-src/src/google/protobuf/port.h: In function ‘void google::protobuf::internal::AssertDownCast(From*)’:
/home/tina.guest/tinylsm-goal3-62e0496/build/benchmark/_deps/protobuf-src/src/google/protobuf/port.h:181:5: warning: testing if a concept-id is a valid expression; add ‘requires’ to check satisfaction [-Wmissing-requires]
  181 |     std::derived_from<std::remove_pointer_t<To>,
      |     ^
      |     requires
[65/664] Building CXX object _deps/protobuf-build/CMakeFiles/libprotobuf.dir/src/google/protobuf/io/zero_copy_stream.cc.o
In file included from /home/tina.guest/tinylsm-goal3-62e0496/build/benchmark/_deps/protobuf-src/src/google/protobuf/io/zero_copy_stream.h:89,
                 from /home/tina.guest/tinylsm-goal3-62e0496/build/benchmark/_deps/protobuf-src/src/google/protobuf/io/zero_copy_stream.cc:12:
/home/tina.guest/tinylsm-goal3-62e0496/build/benchmark/_deps/protobuf-src/src/google/protobuf/port.h: In function ‘void google::protobuf::internal::AssertDownCast(From*)’:
/home/tina.guest/tinylsm-goal3-62e0496/build/benchmark/_deps/protobuf-src/src/google/protobuf/port.h:181:5: warning: testing if a concept-id is a valid expression; add ‘requires’ to check satisfaction [-Wmissing-requires]
  181 |     std::derived_from<std::remove_pointer_t<To>,
      |     ^
      |     requires
[66/664] Building CXX object _deps/protobuf-build/CMakeFiles/libprotobuf.dir/src/google/protobuf/io/printer.cc.o
In file included from /home/tina.guest/tinylsm-goal3-62e0496/build/benchmark/_deps/protobuf-src/src/google/protobuf/io/zero_copy_stream.h:89,
                 from /home/tina.guest/tinylsm-goal3-62e0496/build/benchmark/_deps/protobuf-src/src/google/protobuf/io/zero_copy_sink.h:13,
                 from /home/tina.guest/tinylsm-goal3-62e0496/build/benchmark/_deps/protobuf-src/src/google/protobuf/io/printer.h:36,
                 from /home/tina.guest/tinylsm-goal3-62e0496/build/benchmark/_deps/protobuf-src/src/google/protobuf/io/printer.cc:12:
/home/tina.guest/tinylsm-goal3-62e0496/build/benchmark/_deps/protobuf-src/src/google/protobuf/port.h: In function ‘void google::protobuf::internal::AssertDownCast(From*)’:
/home/tina.guest/tinylsm-goal3-62e0496/build/benchmark/_deps/protobuf-src/src/google/protobuf/port.h:181:5: warning: testing if a concept-id is a valid expression; add ‘requires’ to check satisfaction [-Wmissing-requires]
  181 |     std::derived_from<std::remove_pointer_t<To>,
      |     ^
      |     requires
[67/664] Building CXX object _deps/protobuf-build/CMakeFiles/libprotobuf.dir/src/google/protobuf/io/zero_copy_stream_impl.cc.o
In file included from /home/tina.guest/tinylsm-goal3-62e0496/build/benchmark/_deps/protobuf-src/src/google/protobuf/io/zero_copy_stream.h:89,
                 from /home/tina.guest/tinylsm-goal3-62e0496/build/benchmark/_deps/protobuf-src/src/google/protobuf/io/zero_copy_stream_impl.h:24,
                 from /home/tina.guest/tinylsm-goal3-62e0496/build/benchmark/_deps/protobuf-src/src/google/protobuf/io/zero_copy_stream_impl.cc:28:
/home/tina.guest/tinylsm-goal3-62e0496/build/benchmark/_deps/protobuf-src/src/google/protobuf/port.h: In function ‘void google::protobuf::internal::AssertDownCast(From*)’:
/home/tina.guest/tinylsm-goal3-62e0496/build/benchmark/_deps/protobuf-src/src/google/protobuf/port.h:181:5: warning: testing if a concept-id is a valid expression; add ‘requires’ to check satisfaction [-Wmissing-requires]
  181 |     std::derived_from<std::remove_pointer_t<To>,
      |     ^
      |     requires
[68/664] Building CXX object _deps/protobuf-build/CMakeFiles/libprotobuf.dir/src/google/protobuf/generated_message_reflection.cc.o
In file included from /home/tina.guest/tinylsm-goal3-62e0496/build/benchmark/_deps/protobuf-src/src/google/protobuf/extension_set.h:36,
                 from /home/tina.guest/tinylsm-goal3-62e0496/build/benchmark/_deps/protobuf-src/src/google/protobuf/descriptor.h:56,
                 from /home/tina.guest/tinylsm-goal3-62e0496/build/benchmark/_deps/protobuf-src/src/google/protobuf/generated_message_reflection.h:25,
                 from /home/tina.guest/tinylsm-goal3-62e0496/build/benchmark/_deps/protobuf-src/src/google/protobuf/generated_message_reflection.cc:12:
/home/tina.guest/tinylsm-goal3-62e0496/build/benchmark/_deps/protobuf-src/src/google/protobuf/port.h: In function ‘void google::protobuf::internal::AssertDownCast(From*)’:
/home/tina.guest/tinylsm-goal3-62e0496/build/benchmark/_deps/protobuf-src/src/google/protobuf/port.h:181:5: warning: testing if a concept-id is a valid expression; add ‘requires’ to check satisfaction [-Wmissing-requires]
  181 |     std::derived_from<std::remove_pointer_t<To>,
      |     ^
      |     requires
[69/664] Building CXX object _deps/protobuf-build/CMakeFiles/libprotobuf.dir/src/google/protobuf/descriptor.cc.o
In file included from /home/tina.guest/tinylsm-goal3-62e0496/build/benchmark/_deps/protobuf-src/src/google/protobuf/extension_set.h:36,
                 from /home/tina.guest/tinylsm-goal3-62e0496/build/benchmark/_deps/protobuf-src/src/google/protobuf/descriptor.h:56,
                 from /home/tina.guest/tinylsm-goal3-62e0496/build/benchmark/_deps/protobuf-src/src/google/protobuf/descriptor.cc:12:
/home/tina.guest/tinylsm-goal3-62e0496/build/benchmark/_deps/protobuf-src/src/google/protobuf/port.h: In function ‘void google::protobuf::internal::AssertDownCast(From*)’:
/home/tina.guest/tinylsm-goal3-62e0496/build/benchmark/_deps/protobuf-src/src/google/protobuf/port.h:181:5: warning: testing if a concept-id is a valid expression; add ‘requires’ to check satisfaction [-Wmissing-requires]
  181 |     std::derived_from<std::remove_pointer_t<To>,
      |     ^
      |     requires
[70/664] Building CXX object _deps/protobuf-build/CMakeFiles/libprotobuf.dir/src/google/protobuf/io/zero_copy_stream_impl_lite.cc.o
In file included from /home/tina.guest/tinylsm-goal3-62e0496/build/benchmark/_deps/protobuf-src/src/google/protobuf/io/zero_copy_stream.h:89,
                 from /home/tina.guest/tinylsm-goal3-62e0496/build/benchmark/_deps/protobuf-src/src/google/protobuf/io/zero_copy_stream_impl_lite.h:35,
                 from /home/tina.guest/tinylsm-goal3-62e0496/build/benchmark/_deps/protobuf-src/src/google/protobuf/io/zero_copy_stream_impl_lite.cc:12:
/home/tina.guest/tinylsm-goal3-62e0496/build/benchmark/_deps/protobuf-src/src/google/protobuf/port.h: In function ‘void google::protobuf::internal::AssertDownCast(From*)’:
/home/tina.guest/tinylsm-goal3-62e0496/build/benchmark/_deps/protobuf-src/src/google/protobuf/port.h:181:5: warning: testing if a concept-id is a valid expression; add ‘requires’ to check satisfaction [-Wmissing-requires]
  181 |     std::derived_from<std::remove_pointer_t<To>,
      |     ^
      |     requires
[71/664] Building CXX object _deps/protobuf-build/CMakeFiles/libprotobuf.dir/src/google/protobuf/json/internal/writer.cc.o
In file included from /home/tina.guest/tinylsm-goal3-62e0496/build/benchmark/_deps/protobuf-src/src/google/protobuf/io/zero_copy_stream.h:89,
                 from /home/tina.guest/tinylsm-goal3-62e0496/build/benchmark/_deps/protobuf-src/src/google/protobuf/io/zero_copy_sink.h:13,
                 from /home/tina.guest/tinylsm-goal3-62e0496/build/benchmark/_deps/protobuf-src/src/google/protobuf/json/internal/writer.h:25,
                 from /home/tina.guest/tinylsm-goal3-62e0496/build/benchmark/_deps/protobuf-src/src/google/protobuf/json/internal/writer.cc:8:
/home/tina.guest/tinylsm-goal3-62e0496/build/benchmark/_deps/protobuf-src/src/google/protobuf/port.h: In function ‘void google::protobuf::internal::AssertDownCast(From*)’:
/home/tina.guest/tinylsm-goal3-62e0496/build/benchmark/_deps/protobuf-src/src/google/protobuf/port.h:181:5: warning: testing if a concept-id is a valid expression; add ‘requires’ to check satisfaction [-Wmissing-requires]
  181 |     std::derived_from<std::remove_pointer_t<To>,
      |     ^
      |     requires
[72/664] Building CXX object _deps/protobuf-build/CMakeFiles/libprotobuf.dir/src/google/protobuf/json/internal/message_path.cc.o
In file included from /home/tina.guest/tinylsm-goal3-62e0496/build/benchmark/_deps/protobuf-src/src/google/protobuf/extension_set.h:36,
                 from /home/tina.guest/tinylsm-goal3-62e0496/build/benchmark/_deps/protobuf-src/src/google/protobuf/descriptor.h:56,
                 from /home/tina.guest/tinylsm-goal3-62e0496/build/benchmark/_deps/protobuf-src/src/google/protobuf/json/internal/message_path.h:16,
                 from /home/tina.guest/tinylsm-goal3-62e0496/build/benchmark/_deps/protobuf-src/src/google/protobuf/json/internal/message_path.cc:8:
/home/tina.guest/tinylsm-goal3-62e0496/build/benchmark/_deps/protobuf-src/src/google/protobuf/port.h: In function ‘void google::protobuf::internal::AssertDownCast(From*)’:
/home/tina.guest/tinylsm-goal3-62e0496/build/benchmark/_deps/protobuf-src/src/google/protobuf/port.h:181:5: warning: testing if a concept-id is a valid expression; add ‘requires’ to check satisfaction [-Wmissing-requires]
  181 |     std::derived_from<std::remove_pointer_t<To>,
      |     ^
      |     requires
[73/664] Building CXX object _deps/protobuf-build/CMakeFiles/libprotobuf.dir/src/google/protobuf/json/internal/zero_copy_buffered_stream.cc.o
In file included from /home/tina.guest/tinylsm-goal3-62e0496/build/benchmark/_deps/protobuf-src/src/google/protobuf/io/zero_copy_stream.h:89,
                 from /home/tina.guest/tinylsm-goal3-62e0496/build/benchmark/_deps/protobuf-src/src/google/protobuf/json/internal/zero_copy_buffered_stream.h:24,
                 from /home/tina.guest/tinylsm-goal3-62e0496/build/benchmark/_deps/protobuf-src/src/google/protobuf/json/internal/zero_copy_buffered_stream.cc:8:
/home/tina.guest/tinylsm-goal3-62e0496/build/benchmark/_deps/protobuf-src/src/google/protobuf/port.h: In function ‘void google::protobuf::internal::AssertDownCast(From*)’:
/home/tina.guest/tinylsm-goal3-62e0496/build/benchmark/_deps/protobuf-src/src/google/protobuf/port.h:181:5: warning: testing if a concept-id is a valid expression; add ‘requires’ to check satisfaction [-Wmissing-requires]
  181 |     std::derived_from<std::remove_pointer_t<To>,
      |     ^
      |     requires
[74/664] Building CXX object _deps/protobuf-build/CMakeFiles/libprotobuf.dir/src/google/protobuf/json/internal/lexer.cc.o
In file included from /home/tina.guest/tinylsm-goal3-62e0496/build/benchmark/_deps/protobuf-src/src/google/protobuf/extension_set.h:36,
                 from /home/tina.guest/tinylsm-goal3-62e0496/build/benchmark/_deps/protobuf-src/src/google/protobuf/descriptor.h:56,
                 from /home/tina.guest/tinylsm-goal3-62e0496/build/benchmark/_deps/protobuf-src/src/google/protobuf/json/internal/lexer.h:27,
                 from /home/tina.guest/tinylsm-goal3-62e0496/build/benchmark/_deps/protobuf-src/src/google/protobuf/json/internal/lexer.cc:8:
/home/tina.guest/tinylsm-goal3-62e0496/build/benchmark/_deps/protobuf-src/src/google/protobuf/port.h: In function ‘void google::protobuf::internal::AssertDownCast(From*)’:
/home/tina.guest/tinylsm-goal3-62e0496/build/benchmark/_deps/protobuf-src/src/google/protobuf/port.h:181:5: warning: testing if a concept-id is a valid expression; add ‘requires’ to check satisfaction [-Wmissing-requires]
  181 |     std::derived_from<std::remove_pointer_t<To>,
      |     ^
      |     requires
[75/664] Building CXX object _deps/protobuf-build/CMakeFiles/libprotobuf.dir/src/google/protobuf/json/json.cc.o
In file included from /home/tina.guest/tinylsm-goal3-62e0496/build/benchmark/_deps/protobuf-src/src/google/protobuf/arena.h:38,
                 from /home/tina.guest/tinylsm-goal3-62e0496/build/benchmark/_deps/protobuf-src/src/google/protobuf/message.h:105,
                 from /home/tina.guest/tinylsm-goal3-62e0496/build/benchmark/_deps/protobuf-src/src/google/protobuf/json/json.h:17,
                 from /home/tina.guest/tinylsm-goal3-62e0496/build/benchmark/_deps/protobuf-src/src/google/protobuf/json/json.cc:8:
/home/tina.guest/tinylsm-goal3-62e0496/build/benchmark/_deps/protobuf-src/src/google/protobuf/port.h: In function ‘void google::protobuf::internal::AssertDownCast(From*)’:
/home/tina.guest/tinylsm-goal3-62e0496/build/benchmark/_deps/protobuf-src/src/google/protobuf/port.h:181:5: warning: testing if a concept-id is a valid expression; add ‘requires’ to check satisfaction [-Wmissing-requires]
  181 |     std::derived_from<std::remove_pointer_t<To>,
      |     ^
      |     requires
[76/664] Building CXX object _deps/protobuf-build/CMakeFiles/libprotobuf.dir/src/google/protobuf/json/internal/untyped_message.cc.o
In file included from /home/tina.guest/tinylsm-goal3-62e0496/build/benchmark/_deps/protobuf-src/src/google/protobuf/arena.h:38,
                 from /home/tina.guest/tinylsm-goal3-62e0496/build/benchmark/_deps/protobuf-src/src/google/protobuf/type.pb.h:21,
                 from /home/tina.guest/tinylsm-goal3-62e0496/build/benchmark/_deps/protobuf-src/src/google/protobuf/json/internal/untyped_message.h:19,
                 from /home/tina.guest/tinylsm-goal3-62e0496/build/benchmark/_deps/protobuf-src/src/google/protobuf/json/internal/untyped_message.cc:8:
/home/tina.guest/tinylsm-goal3-62e0496/build/benchmark/_deps/protobuf-src/src/google/protobuf/port.h: In function ‘void google::protobuf::internal::AssertDownCast(From*)’:
/home/tina.guest/tinylsm-goal3-62e0496/build/benchmark/_deps/protobuf-src/src/google/protobuf/port.h:181:5: warning: testing if a concept-id is a valid expression; add ‘requires’ to check satisfaction [-Wmissing-requires]
  181 |     std::derived_from<std::remove_pointer_t<To>,
      |     ^
      |     requires
[77/664] Building CXX object _deps/protobuf-build/CMakeFiles/libprotobuf.dir/src/google/protobuf/map.cc.o
In file included from /home/tina.guest/tinylsm-goal3-62e0496/build/benchmark/_deps/protobuf-src/src/google/protobuf/arena.h:38,
                 from /home/tina.guest/tinylsm-goal3-62e0496/build/benchmark/_deps/protobuf-src/src/google/protobuf/map.h:39,
                 from /home/tina.guest/tinylsm-goal3-62e0496/build/benchmark/_deps/protobuf-src/src/google/protobuf/map.cc:8:
/home/tina.guest/tinylsm-goal3-62e0496/build/benchmark/_deps/protobuf-src/src/google/protobuf/port.h: In function ‘void google::protobuf::internal::AssertDownCast(From*)’:
/home/tina.guest/tinylsm-goal3-62e0496/build/benchmark/_deps/protobuf-src/src/google/protobuf/port.h:181:5: warning: testing if a concept-id is a valid expression; add ‘requires’ to check satisfaction [-Wmissing-requires]
  181 |     std::derived_from<std::remove_pointer_t<To>,
      |     ^
      |     requires
/home/tina.guest/tinylsm-goal3-62e0496/build/benchmark/_deps/protobuf-src/src/google/protobuf/map.cc: In lambda function:
/home/tina.guest/tinylsm-goal3-62e0496/build/benchmark/_deps/protobuf-src/src/google/protobuf/map.cc:119:23: warning: implicit capture of ‘this’ via ‘[=]’ is deprecated in C++20 [-Wdeprecated]
  119 |     const auto loop = [=](auto destroy_node) {
      |                       ^
/home/tina.guest/tinylsm-goal3-62e0496/build/benchmark/_deps/protobuf-src/src/google/protobuf/map.cc:119:23: note: add explicit ‘this’ or ‘*this’ capture
[78/664] Building CXX object _deps/protobuf-build/CMakeFiles/libprotobuf.dir/src/google/protobuf/json/internal/unparser.cc.o
In file included from /home/tina.guest/tinylsm-goal3-62e0496/build/benchmark/_deps/protobuf-src/src/google/protobuf/io/zero_copy_stream.h:89,
                 from /home/tina.guest/tinylsm-goal3-62e0496/build/benchmark/_deps/protobuf-src/src/google/protobuf/io/zero_copy_sink.h:13,
                 from /home/tina.guest/tinylsm-goal3-62e0496/build/benchmark/_deps/protobuf-src/src/google/protobuf/json/internal/writer.h:25,
                 from /home/tina.guest/tinylsm-goal3-62e0496/build/benchmark/_deps/protobuf-src/src/google/protobuf/json/internal/unparser.h:14,
                 from /home/tina.guest/tinylsm-goal3-62e0496/build/benchmark/_deps/protobuf-src/src/google/protobuf/json/internal/unparser.cc:8:
/home/tina.guest/tinylsm-goal3-62e0496/build/benchmark/_deps/protobuf-src/src/google/protobuf/port.h: In function ‘void google::protobuf::internal::AssertDownCast(From*)’:
/home/tina.guest/tinylsm-goal3-62e0496/build/benchmark/_deps/protobuf-src/src/google/protobuf/port.h:181:5: warning: testing if a concept-id is a valid expression; add ‘requires’ to check satisfaction [-Wmissing-requires]
  181 |     std::derived_from<std::remove_pointer_t<To>,
      |     ^
      |     requires
[79/664] Building CXX object _deps/protobuf-build/CMakeFiles/libprotobuf.dir/src/google/protobuf/port.cc.o
In file included from /home/tina.guest/tinylsm-goal3-62e0496/build/benchmark/_deps/protobuf-src/src/google/protobuf/port.cc:8:
/home/tina.guest/tinylsm-goal3-62e0496/build/benchmark/_deps/protobuf-src/src/google/protobuf/port.h: In function ‘void google::protobuf::internal::AssertDownCast(From*)’:
/home/tina.guest/tinylsm-goal3-62e0496/build/benchmark/_deps/protobuf-src/src/google/protobuf/port.h:181:5: warning: testing if a concept-id is a valid expression; add ‘requires’ to check satisfaction [-Wmissing-requires]
  181 |     std::derived_from<std::remove_pointer_t<To>,
      |     ^
      |     requires
[80/664] Building CXX object _deps/protobuf-build/CMakeFiles/libprotobuf.dir/src/google/protobuf/raw_ptr.cc.o
[81/664] Building CXX object _deps/protobuf-build/CMakeFiles/libprotobuf.dir/src/google/protobuf/reflection_mode.cc.o
[82/664] Building CXX object _deps/protobuf-build/CMakeFiles/libprotobuf.dir/src/google/protobuf/map_field.cc.o
In file included from /home/tina.guest/tinylsm-goal3-62e0496/build/benchmark/_deps/protobuf-src/src/google/protobuf/arena.h:38,
                 from /home/tina.guest/tinylsm-goal3-62e0496/build/benchmark/_deps/protobuf-src/src/google/protobuf/map_field.h:23,
                 from /home/tina.guest/tinylsm-goal3-62e0496/build/benchmark/_deps/protobuf-src/src/google/protobuf/map_field.cc:8:
/home/tina.guest/tinylsm-goal3-62e0496/build/benchmark/_deps/protobuf-src/src/google/protobuf/port.h: In function ‘void google::protobuf::internal::AssertDownCast(From*)’:
/home/tina.guest/tinylsm-goal3-62e0496/build/benchmark/_deps/protobuf-src/src/google/protobuf/port.h:181:5: warning: testing if a concept-id is a valid expression; add ‘requires’ to check satisfaction [-Wmissing-requires]
  181 |     std::derived_from<std::remove_pointer_t<To>,
      |     ^
      |     requires
[83/664] Building CXX object _deps/protobuf-build/CMakeFiles/libprotobuf.dir/src/google/protobuf/json/internal/parser.cc.o
In file included from /home/tina.guest/tinylsm-goal3-62e0496/build/benchmark/_deps/protobuf-src/src/google/protobuf/extension_set.h:36,
                 from /home/tina.guest/tinylsm-goal3-62e0496/build/benchmark/_deps/protobuf-src/src/google/protobuf/descriptor.h:56,
                 from /home/tina.guest/tinylsm-goal3-62e0496/build/benchmark/_deps/protobuf-src/src/google/protobuf/json/internal/lexer.h:27,
                 from /home/tina.guest/tinylsm-goal3-62e0496/build/benchmark/_deps/protobuf-src/src/google/protobuf/json/internal/parser.h:13,
                 from /home/tina.guest/tinylsm-goal3-62e0496/build/benchmark/_deps/protobuf-src/src/google/protobuf/json/internal/parser.cc:8:
/home/tina.guest/tinylsm-goal3-62e0496/build/benchmark/_deps/protobuf-src/src/google/protobuf/port.h: In function ‘void google::protobuf::internal::AssertDownCast(From*)’:
/home/tina.guest/tinylsm-goal3-62e0496/build/benchmark/_deps/protobuf-src/src/google/protobuf/port.h:181:5: warning: testing if a concept-id is a valid expression; add ‘requires’ to check satisfaction [-Wmissing-requires]
  181 |     std::derived_from<std::remove_pointer_t<To>,
      |     ^
      |     requires
[84/664] Building CXX object _deps/protobuf-build/CMakeFiles/libprotobuf.dir/src/google/protobuf/parse_context.cc.o
In file included from /home/tina.guest/tinylsm-goal3-62e0496/build/benchmark/_deps/protobuf-src/src/google/protobuf/arena.h:38,
                 from /home/tina.guest/tinylsm-goal3-62e0496/build/benchmark/_deps/protobuf-src/src/google/protobuf/parse_context.h:24,
                 from /home/tina.guest/tinylsm-goal3-62e0496/build/benchmark/_deps/protobuf-src/src/google/protobuf/parse_context.cc:8:
/home/tina.guest/tinylsm-goal3-62e0496/build/benchmark/_deps/protobuf-src/src/google/protobuf/port.h: In function ‘void google::protobuf::internal::AssertDownCast(From*)’:
/home/tina.guest/tinylsm-goal3-62e0496/build/benchmark/_deps/protobuf-src/src/google/protobuf/port.h:181:5: warning: testing if a concept-id is a valid expression; add ‘requires’ to check satisfaction [-Wmissing-requires]
  181 |     std::derived_from<std::remove_pointer_t<To>,
      |     ^
      |     requires
[85/664] Building CXX object _deps/protobuf-build/CMakeFiles/libprotobuf.dir/src/google/protobuf/message_lite.cc.o
In file included from /home/tina.guest/tinylsm-goal3-62e0496/build/benchmark/_deps/protobuf-src/src/google/protobuf/arena.h:38,
                 from /home/tina.guest/tinylsm-goal3-62e0496/build/benchmark/_deps/protobuf-src/src/google/protobuf/message_lite.h:34,
                 from /home/tina.guest/tinylsm-goal3-62e0496/build/benchmark/_deps/protobuf-src/src/google/protobuf/message_lite.cc:13:
/home/tina.guest/tinylsm-goal3-62e0496/build/benchmark/_deps/protobuf-src/src/google/protobuf/port.h: In function ‘void google::protobuf::internal::AssertDownCast(From*)’:
/home/tina.guest/tinylsm-goal3-62e0496/build/benchmark/_deps/protobuf-src/src/google/protobuf/port.h:181:5: warning: testing if a concept-id is a valid expression; add ‘requires’ to check satisfaction [-Wmissing-requires]
  181 |     std::derived_from<std::remove_pointer_t<To>,
      |     ^
      |     requires
[86/664] Building CXX object _deps/protobuf-build/CMakeFiles/libprotobuf.dir/src/google/protobuf/service.cc.o
In file included from /home/tina.guest/tinylsm-goal3-62e0496/build/benchmark/_deps/protobuf-src/src/google/protobuf/service.h:84,
                 from /home/tina.guest/tinylsm-goal3-62e0496/build/benchmark/_deps/protobuf-src/src/google/protobuf/service.cc:12:
/home/tina.guest/tinylsm-goal3-62e0496/build/benchmark/_deps/protobuf-src/src/google/protobuf/port.h: In function ‘void google::protobuf::internal::AssertDownCast(From*)’:
/home/tina.guest/tinylsm-goal3-62e0496/build/benchmark/_deps/protobuf-src/src/google/protobuf/port.h:181:5: warning: testing if a concept-id is a valid expression; add ‘requires’ to check satisfaction [-Wmissing-requires]
  181 |     std::derived_from<std::remove_pointer_t<To>,
      |     ^
      |     requires
[87/664] Building CXX object _deps/protobuf-build/CMakeFiles/libprotobuf.dir/src/google/protobuf/repeated_field.cc.o
In file included from /home/tina.guest/tinylsm-goal3-62e0496/build/benchmark/_deps/protobuf-src/src/google/protobuf/arena.h:38,
                 from /home/tina.guest/tinylsm-goal3-62e0496/build/benchmark/_deps/protobuf-src/src/google/protobuf/repeated_field.h:40,
                 from /home/tina.guest/tinylsm-goal3-62e0496/build/benchmark/_deps/protobuf-src/src/google/protobuf/repeated_field.cc:12:
/home/tina.guest/tinylsm-goal3-62e0496/build/benchmark/_deps/protobuf-src/src/google/protobuf/port.h: In function ‘void google::protobuf::internal::AssertDownCast(From*)’:
/home/tina.guest/tinylsm-goal3-62e0496/build/benchmark/_deps/protobuf-src/src/google/protobuf/port.h:181:5: warning: testing if a concept-id is a valid expression; add ‘requires’ to check satisfaction [-Wmissing-requires]
  181 |     std::derived_from<std::remove_pointer_t<To>,
      |     ^
      |     requires
[88/664] Building CXX object _deps/protobuf-build/CMakeFiles/libprotobuf.dir/src/google/protobuf/repeated_ptr_field.cc.o
In file included from /home/tina.guest/tinylsm-goal3-62e0496/build/benchmark/_deps/protobuf-src/src/google/protobuf/arena.h:38,
                 from /home/tina.guest/tinylsm-goal3-62e0496/build/benchmark/_deps/protobuf-src/src/google/protobuf/repeated_ptr_field.h:38,
                 from /home/tina.guest/tinylsm-goal3-62e0496/build/benchmark/_deps/protobuf-src/src/google/protobuf/repeated_ptr_field.cc:12:
/home/tina.guest/tinylsm-goal3-62e0496/build/benchmark/_deps/protobuf-src/src/google/protobuf/port.h: In function ‘void google::protobuf::internal::AssertDownCast(From*)’:
/home/tina.guest/tinylsm-goal3-62e0496/build/benchmark/_deps/protobuf-src/src/google/protobuf/port.h:181:5: warning: testing if a concept-id is a valid expression; add ‘requires’ to check satisfaction [-Wmissing-requires]
  181 |     std::derived_from<std::remove_pointer_t<To>,
      |     ^
      |     requires
[89/664] Building CXX object _deps/protobuf-build/CMakeFiles/libprotobuf.dir/src/google/protobuf/message.cc.o
In file included from /home/tina.guest/tinylsm-goal3-62e0496/build/benchmark/_deps/protobuf-src/src/google/protobuf/arena.h:38,
                 from /home/tina.guest/tinylsm-goal3-62e0496/build/benchmark/_deps/protobuf-src/src/google/protobuf/message.h:105,
                 from /home/tina.guest/tinylsm-goal3-62e0496/build/benchmark/_deps/protobuf-src/src/google/protobuf/message.cc:12:
/home/tina.guest/tinylsm-goal3-62e0496/build/benchmark/_deps/protobuf-src/src/google/protobuf/port.h: In function ‘void google::protobuf::internal::AssertDownCast(From*)’:
/home/tina.guest/tinylsm-goal3-62e0496/build/benchmark/_deps/protobuf-src/src/google/protobuf/port.h:181:5: warning: testing if a concept-id is a valid expression; add ‘requires’ to check satisfaction [-Wmissing-requires]
  181 |     std::derived_from<std::remove_pointer_t<To>,
      |     ^
      |     requires
[90/664] Building CXX object _deps/protobuf-build/CMakeFiles/libprotobuf.dir/src/google/protobuf/stubs/common.cc.o
[91/664] Building CXX object _deps/protobuf-build/CMakeFiles/libprotobuf.dir/src/google/protobuf/util/delimited_message_util.cc.o
In file included from /home/tina.guest/tinylsm-goal3-62e0496/build/benchmark/_deps/protobuf-src/src/google/protobuf/io/zero_copy_stream.h:89,
                 from /home/tina.guest/tinylsm-goal3-62e0496/build/benchmark/_deps/protobuf-src/src/google/protobuf/io/zero_copy_stream_impl.h:24,
                 from /home/tina.guest/tinylsm-goal3-62e0496/build/benchmark/_deps/protobuf-src/src/google/protobuf/util/delimited_message_util.h:17,
                 from /home/tina.guest/tinylsm-goal3-62e0496/build/benchmark/_deps/protobuf-src/src/google/protobuf/util/delimited_message_util.cc:11:
/home/tina.guest/tinylsm-goal3-62e0496/build/benchmark/_deps/protobuf-src/src/google/protobuf/port.h: In function ‘void google::protobuf::internal::AssertDownCast(From*)’:
/home/tina.guest/tinylsm-goal3-62e0496/build/benchmark/_deps/protobuf-src/src/google/protobuf/port.h:181:5: warning: testing if a concept-id is a valid expression; add ‘requires’ to check satisfaction [-Wmissing-requires]
  181 |     std::derived_from<std::remove_pointer_t<To>,
      |     ^
      |     requires
[92/664] Building CXX object _deps/protobuf-build/CMakeFiles/libprotobuf.dir/src/google/protobuf/reflection_ops.cc.o
In file included from /home/tina.guest/tinylsm-goal3-62e0496/build/benchmark/_deps/protobuf-src/src/google/protobuf/arena.h:38,
                 from /home/tina.guest/tinylsm-goal3-62e0496/build/benchmark/_deps/protobuf-src/src/google/protobuf/message.h:105,
                 from /home/tina.guest/tinylsm-goal3-62e0496/build/benchmark/_deps/protobuf-src/src/google/protobuf/reflection_ops.h:18,
                 from /home/tina.guest/tinylsm-goal3-62e0496/build/benchmark/_deps/protobuf-src/src/google/protobuf/reflection_ops.cc:11:
/home/tina.guest/tinylsm-goal3-62e0496/build/benchmark/_deps/protobuf-src/src/google/protobuf/port.h: In function ‘void google::protobuf::internal::AssertDownCast(From*)’:
/home/tina.guest/tinylsm-goal3-62e0496/build/benchmark/_deps/protobuf-src/src/google/protobuf/port.h:181:5: warning: testing if a concept-id is a valid expression; add ‘requires’ to check satisfaction [-Wmissing-requires]
  181 |     std::derived_from<std::remove_pointer_t<To>,
      |     ^
      |     requires
[93/664] Building CXX object _deps/protobuf-build/CMakeFiles/libprotobuf.dir/src/google/protobuf/unknown_field_set.cc.o
In file included from /home/tina.guest/tinylsm-goal3-62e0496/build/benchmark/_deps/protobuf-src/src/google/protobuf/arena.h:38,
                 from /home/tina.guest/tinylsm-goal3-62e0496/build/benchmark/_deps/protobuf-src/src/google/protobuf/unknown_field_set.h:27,
                 from /home/tina.guest/tinylsm-goal3-62e0496/build/benchmark/_deps/protobuf-src/src/google/protobuf/unknown_field_set.cc:12:
/home/tina.guest/tinylsm-goal3-62e0496/build/benchmark/_deps/protobuf-src/src/google/protobuf/port.h: In function ‘void google::protobuf::internal::AssertDownCast(From*)’:
/home/tina.guest/tinylsm-goal3-62e0496/build/benchmark/_deps/protobuf-src/src/google/protobuf/port.h:181:5: warning: testing if a concept-id is a valid expression; add ‘requires’ to check satisfaction [-Wmissing-requires]
  181 |     std::derived_from<std::remove_pointer_t<To>,
      |     ^
      |     requires
[94/664] Building CXX object _deps/protobuf-build/CMakeFiles/libprotobuf.dir/src/google/protobuf/util/field_comparator.cc.o
In file included from /home/tina.guest/tinylsm-goal3-62e0496/build/benchmark/_deps/protobuf-src/src/google/protobuf/util/field_comparator.h:19,
                 from /home/tina.guest/tinylsm-goal3-62e0496/build/benchmark/_deps/protobuf-src/src/google/protobuf/util/field_comparator.cc:10:
/home/tina.guest/tinylsm-goal3-62e0496/build/benchmark/_deps/protobuf-src/src/google/protobuf/port.h: In function ‘void google::protobuf::internal::AssertDownCast(From*)’:
/home/tina.guest/tinylsm-goal3-62e0496/build/benchmark/_deps/protobuf-src/src/google/protobuf/port.h:181:5: warning: testing if a concept-id is a valid expression; add ‘requires’ to check satisfaction [-Wmissing-requires]
  181 |     std::derived_from<std::remove_pointer_t<To>,
      |     ^
      |     requires
[95/664] Building CXX object _deps/protobuf-build/CMakeFiles/libprotobuf.dir/src/google/protobuf/util/time_util.cc.o
In file included from /home/tina.guest/tinylsm-goal3-62e0496/build/benchmark/_deps/protobuf-src/src/google/protobuf/arena.h:38,
                 from /home/tina.guest/tinylsm-goal3-62e0496/build/benchmark/_deps/protobuf-src/src/google/protobuf/duration.pb.h:21,
                 from /home/tina.guest/tinylsm-goal3-62e0496/build/benchmark/_deps/protobuf-src/src/google/protobuf/util/time_util.h:30,
                 from /home/tina.guest/tinylsm-goal3-62e0496/build/benchmark/_deps/protobuf-src/src/google/protobuf/util/time_util.cc:8:
/home/tina.guest/tinylsm-goal3-62e0496/build/benchmark/_deps/protobuf-src/src/google/protobuf/port.h: In function ‘void google::protobuf::internal::AssertDownCast(From*)’:
/home/tina.guest/tinylsm-goal3-62e0496/build/benchmark/_deps/protobuf-src/src/google/protobuf/port.h:181:5: warning: testing if a concept-id is a valid expression; add ‘requires’ to check satisfaction [-Wmissing-requires]
  181 |     std::derived_from<std::remove_pointer_t<To>,
      |     ^
      |     requires
[96/664] Building CXX object _deps/protobuf-build/CMakeFiles/libprotobuf.dir/src/google/protobuf/util/type_resolver_util.cc.o
In file included from /home/tina.guest/tinylsm-goal3-62e0496/build/benchmark/_deps/protobuf-src/src/google/protobuf/arena.h:38,
                 from /home/tina.guest/tinylsm-goal3-62e0496/build/benchmark/_deps/protobuf-src/src/google/protobuf/type.pb.h:21,
                 from /home/tina.guest/tinylsm-goal3-62e0496/build/benchmark/_deps/protobuf-src/src/google/protobuf/util/type_resolver_util.h:13,
                 from /home/tina.guest/tinylsm-goal3-62e0496/build/benchmark/_deps/protobuf-src/src/google/protobuf/util/type_resolver_util.cc:8:
/home/tina.guest/tinylsm-goal3-62e0496/build/benchmark/_deps/protobuf-src/src/google/protobuf/port.h: In function ‘void google::protobuf::internal::AssertDownCast(From*)’:
/home/tina.guest/tinylsm-goal3-62e0496/build/benchmark/_deps/protobuf-src/src/google/protobuf/port.h:181:5: warning: testing if a concept-id is a valid expression; add ‘requires’ to check satisfaction [-Wmissing-requires]
  181 |     std::derived_from<std::remove_pointer_t<To>,
      |     ^
      |     requires
[97/664] Building CXX object _deps/protobuf-build/CMakeFiles/libprotobuf.dir/src/google/protobuf/util/field_mask_util.cc.o
In file included from /home/tina.guest/tinylsm-goal3-62e0496/build/benchmark/_deps/protobuf-src/src/google/protobuf/arena.h:38,
                 from /home/tina.guest/tinylsm-goal3-62e0496/build/benchmark/_deps/protobuf-src/src/google/protobuf/field_mask.pb.h:21,
                 from /home/tina.guest/tinylsm-goal3-62e0496/build/benchmark/_deps/protobuf-src/src/google/protobuf/util/field_mask_util.h:17,
                 from /home/tina.guest/tinylsm-goal3-62e0496/build/benchmark/_deps/protobuf-src/src/google/protobuf/util/field_mask_util.cc:8:
/home/tina.guest/tinylsm-goal3-62e0496/build/benchmark/_deps/protobuf-src/src/google/protobuf/port.h: In function ‘void google::protobuf::internal::AssertDownCast(From*)’:
/home/tina.guest/tinylsm-goal3-62e0496/build/benchmark/_deps/protobuf-src/src/google/protobuf/port.h:181:5: warning: testing if a concept-id is a valid expression; add ‘requires’ to check satisfaction [-Wmissing-requires]
  181 |     std::derived_from<std::remove_pointer_t<To>,
      |     ^
      |     requires
[98/664] Building CXX object _deps/protobuf-build/CMakeFiles/libprotoc.dir/src/google/protobuf/compiler/code_generator_lite.cc.o
[99/664] Building CXX object _deps/protobuf-build/CMakeFiles/libprotobuf.dir/src/google/protobuf/wire_format_lite.cc.o
In file included from /home/tina.guest/tinylsm-goal3-62e0496/build/benchmark/_deps/protobuf-src/src/google/protobuf/arena.h:38,
                 from /home/tina.guest/tinylsm-goal3-62e0496/build/benchmark/_deps/protobuf-src/src/google/protobuf/arenastring.h:19,
                 from /home/tina.guest/tinylsm-goal3-62e0496/build/benchmark/_deps/protobuf-src/src/google/protobuf/wire_format_lite.h:30,
                 from /home/tina.guest/tinylsm-goal3-62e0496/build/benchmark/_deps/protobuf-src/src/google/protobuf/wire_format_lite.cc:12:
/home/tina.guest/tinylsm-goal3-62e0496/build/benchmark/_deps/protobuf-src/src/google/protobuf/port.h: In function ‘void google::protobuf::internal::AssertDownCast(From*)’:
/home/tina.guest/tinylsm-goal3-62e0496/build/benchmark/_deps/protobuf-src/src/google/protobuf/port.h:181:5: warning: testing if a concept-id is a valid expression; add ‘requires’ to check satisfaction [-Wmissing-requires]
  181 |     std::derived_from<std::remove_pointer_t<To>,
      |     ^
      |     requires
[100/664] Building CXX object _deps/protobuf-build/CMakeFiles/libprotobuf.dir/src/google/protobuf/text_format.cc.o
In file included from /home/tina.guest/tinylsm-goal3-62e0496/build/benchmark/_deps/protobuf-src/src/google/protobuf/extension_set.h:36,
                 from /home/tina.guest/tinylsm-goal3-62e0496/build/benchmark/_deps/protobuf-src/src/google/protobuf/descriptor.h:56,
                 from /home/tina.guest/tinylsm-goal3-62e0496/build/benchmark/_deps/protobuf-src/src/google/protobuf/text_format.h:27,
                 from /home/tina.guest/tinylsm-goal3-62e0496/build/benchmark/_deps/protobuf-src/src/google/protobuf/text_format.cc:12:
/home/tina.guest/tinylsm-goal3-62e0496/build/benchmark/_deps/protobuf-src/src/google/protobuf/port.h: In function ‘void google::protobuf::internal::AssertDownCast(From*)’:
/home/tina.guest/tinylsm-goal3-62e0496/build/benchmark/_deps/protobuf-src/src/google/protobuf/port.h:181:5: warning: testing if a concept-id is a valid expression; add ‘requires’ to check satisfaction [-Wmissing-requires]
  181 |     std::derived_from<std::remove_pointer_t<To>,
      |     ^
      |     requires
[101/664] Building CXX object _deps/protobuf-build/CMakeFiles/libprotoc.dir/src/google/protobuf/compiler/code_generator.cc.o
In file included from /home/tina.guest/tinylsm-goal3-62e0496/build/benchmark/_deps/protobuf-src/src/google/protobuf/extension_set.h:36,
                 from /home/tina.guest/tinylsm-goal3-62e0496/build/benchmark/_deps/protobuf-src/src/google/protobuf/descriptor.h:56,
                 from /home/tina.guest/tinylsm-goal3-62e0496/build/benchmark/_deps/protobuf-src/src/google/protobuf/compiler/code_generator.h:26,
                 from /home/tina.guest/tinylsm-goal3-62e0496/build/benchmark/_deps/protobuf-src/src/google/protobuf/compiler/code_generator.cc:12:
/home/tina.guest/tinylsm-goal3-62e0496/build/benchmark/_deps/protobuf-src/src/google/protobuf/port.h: In function ‘void google::protobuf::internal::AssertDownCast(From*)’:
/home/tina.guest/tinylsm-goal3-62e0496/build/benchmark/_deps/protobuf-src/src/google/protobuf/port.h:181:5: warning: testing if a concept-id is a valid expression; add ‘requires’ to check satisfaction [-Wmissing-requires]
  181 |     std::derived_from<std::remove_pointer_t<To>,
      |     ^
      |     requires
[102/664] Building CXX object _deps/protobuf-build/CMakeFiles/libprotobuf.dir/src/google/protobuf/wire_format.cc.o
In file included from /home/tina.guest/tinylsm-goal3-62e0496/build/benchmark/_deps/protobuf-src/src/google/protobuf/extension_set.h:36,
                 from /home/tina.guest/tinylsm-goal3-62e0496/build/benchmark/_deps/protobuf-src/src/google/protobuf/descriptor.h:56,
                 from /home/tina.guest/tinylsm-goal3-62e0496/build/benchmark/_deps/protobuf-src/src/google/protobuf/wire_format.h:26,
                 from /home/tina.guest/tinylsm-goal3-62e0496/build/benchmark/_deps/protobuf-src/src/google/protobuf/wire_format.cc:12:
/home/tina.guest/tinylsm-goal3-62e0496/build/benchmark/_deps/protobuf-src/src/google/protobuf/port.h: In function ‘void google::protobuf::internal::AssertDownCast(From*)’:
/home/tina.guest/tinylsm-goal3-62e0496/build/benchmark/_deps/protobuf-src/src/google/protobuf/port.h:181:5: warning: testing if a concept-id is a valid expression; add ‘requires’ to check satisfaction [-Wmissing-requires]
  181 |     std::derived_from<std::remove_pointer_t<To>,
      |     ^
      |     requires
[103/664] Building CXX object _deps/protobuf-build/CMakeFiles/libprotobuf.dir/src/google/protobuf/util/message_differencer.cc.o
In file included from /home/tina.guest/tinylsm-goal3-62e0496/build/benchmark/_deps/protobuf-src/src/google/protobuf/extension_set.h:36,
                 from /home/tina.guest/tinylsm-goal3-62e0496/build/benchmark/_deps/protobuf-src/src/google/protobuf/descriptor.h:56,
                 from /home/tina.guest/tinylsm-goal3-62e0496/build/benchmark/_deps/protobuf-src/src/google/protobuf/util/message_differencer.h:33,
                 from /home/tina.guest/tinylsm-goal3-62e0496/build/benchmark/_deps/protobuf-src/src/google/protobuf/util/message_differencer.cc:12:
/home/tina.guest/tinylsm-goal3-62e0496/build/benchmark/_deps/protobuf-src/src/google/protobuf/port.h: In function ‘void google::protobuf::internal::AssertDownCast(From*)’:
/home/tina.guest/tinylsm-goal3-62e0496/build/benchmark/_deps/protobuf-src/src/google/protobuf/port.h:181:5: warning: testing if a concept-id is a valid expression; add ‘requires’ to check satisfaction [-Wmissing-requires]
  181 |     std::derived_from<std::remove_pointer_t<To>,
      |     ^
      |     requires
[104/664] Building CXX object _deps/protobuf-build/CMakeFiles/libprotoc.dir/src/google/protobuf/compiler/cpp/field.cc.o
In file included from /home/tina.guest/tinylsm-goal3-62e0496/build/benchmark/_deps/protobuf-src/src/google/protobuf/extension_set.h:36,
                 from /home/tina.guest/tinylsm-goal3-62e0496/build/benchmark/_deps/protobuf-src/src/google/protobuf/descriptor.h:56,
                 from /home/tina.guest/tinylsm-goal3-62e0496/build/benchmark/_deps/protobuf-src/src/google/protobuf/compiler/code_generator.h:26,
                 from /home/tina.guest/tinylsm-goal3-62e0496/build/benchmark/_deps/protobuf-src/src/google/protobuf/compiler/cpp/helpers.h:28,
                 from /home/tina.guest/tinylsm-goal3-62e0496/build/benchmark/_deps/protobuf-src/src/google/protobuf/compiler/cpp/field.h:26,
                 from /home/tina.guest/tinylsm-goal3-62e0496/build/benchmark/_deps/protobuf-src/src/google/protobuf/compiler/cpp/field.cc:12:
/home/tina.guest/tinylsm-goal3-62e0496/build/benchmark/_deps/protobuf-src/src/google/protobuf/port.h: In function ‘void google::protobuf::internal::AssertDownCast(From*)’:
/home/tina.guest/tinylsm-goal3-62e0496/build/benchmark/_deps/protobuf-src/src/google/protobuf/port.h:181:5: warning: testing if a concept-id is a valid expression; add ‘requires’ to check satisfaction [-Wmissing-requires]
  181 |     std::derived_from<std::remove_pointer_t<To>,
      |     ^
      |     requires
[105/664] Building CXX object _deps/protobuf-build/CMakeFiles/libprotoc.dir/src/google/protobuf/compiler/cpp/extension.cc.o
In file included from /home/tina.guest/tinylsm-goal3-62e0496/build/benchmark/_deps/protobuf-src/src/google/protobuf/extension_set.h:36,
                 from /home/tina.guest/tinylsm-goal3-62e0496/build/benchmark/_deps/protobuf-src/src/google/protobuf/descriptor.h:56,
                 from /home/tina.guest/tinylsm-goal3-62e0496/build/benchmark/_deps/protobuf-src/src/google/protobuf/compiler/code_generator.h:26,
                 from /home/tina.guest/tinylsm-goal3-62e0496/build/benchmark/_deps/protobuf-src/src/google/protobuf/compiler/cpp/helpers.h:28,
                 from /home/tina.guest/tinylsm-goal3-62e0496/build/benchmark/_deps/protobuf-src/src/google/protobuf/compiler/cpp/extension.h:19,
                 from /home/tina.guest/tinylsm-goal3-62e0496/build/benchmark/_deps/protobuf-src/src/google/protobuf/compiler/cpp/extension.cc:12:
/home/tina.guest/tinylsm-goal3-62e0496/build/benchmark/_deps/protobuf-src/src/google/protobuf/port.h: In function ‘void google::protobuf::internal::AssertDownCast(From*)’:
/home/tina.guest/tinylsm-goal3-62e0496/build/benchmark/_deps/protobuf-src/src/google/protobuf/port.h:181:5: warning: testing if a concept-id is a valid expression; add ‘requires’ to check satisfaction [-Wmissing-requires]
  181 |     std::derived_from<std::remove_pointer_t<To>,
      |     ^
      |     requires
[106/664] Building CXX object _deps/protobuf-build/CMakeFiles/libprotoc.dir/src/google/protobuf/compiler/cpp/field_generators/cord_field.cc.o
In file included from /home/tina.guest/tinylsm-goal3-62e0496/build/benchmark/_deps/protobuf-src/src/google/protobuf/extension_set.h:36,
                 from /home/tina.guest/tinylsm-goal3-62e0496/build/benchmark/_deps/protobuf-src/src/google/protobuf/descriptor.h:56,
                 from /home/tina.guest/tinylsm-goal3-62e0496/build/benchmark/_deps/protobuf-src/src/google/protobuf/compiler/code_generator.h:26,
                 from /home/tina.guest/tinylsm-goal3-62e0496/build/benchmark/_deps/protobuf-src/src/google/protobuf/compiler/cpp/helpers.h:28,
                 from /home/tina.guest/tinylsm-goal3-62e0496/build/benchmark/_deps/protobuf-src/src/google/protobuf/compiler/cpp/field.h:26,
                 from /home/tina.guest/tinylsm-goal3-62e0496/build/benchmark/_deps/protobuf-src/src/google/protobuf/compiler/cpp/field_generators/cord_field.cc:23:
/home/tina.guest/tinylsm-goal3-62e0496/build/benchmark/_deps/protobuf-src/src/google/protobuf/port.h: In function ‘void google::protobuf::internal::AssertDownCast(From*)’:
/home/tina.guest/tinylsm-goal3-62e0496/build/benchmark/_deps/protobuf-src/src/google/protobuf/port.h:181:5: warning: testing if a concept-id is a valid expression; add ‘requires’ to check satisfaction [-Wmissing-requires]
  181 |     std::derived_from<std::remove_pointer_t<To>,
      |     ^
      |     requires
[107/664] Building CXX object _deps/protobuf-build/CMakeFiles/libprotoc.dir/src/google/protobuf/compiler/command_line_interface.cc.o
In file included from /home/tina.guest/tinylsm-goal3-62e0496/build/benchmark/_deps/protobuf-src/src/google/protobuf/arena.h:38,
                 from /home/tina.guest/tinylsm-goal3-62e0496/build/benchmark/_deps/protobuf-src/src/google/protobuf/descriptor.pb.h:21,
                 from /home/tina.guest/tinylsm-goal3-62e0496/build/benchmark/_deps/protobuf-src/src/google/protobuf/compiler/command_line_interface.h:29,
                 from /home/tina.guest/tinylsm-goal3-62e0496/build/benchmark/_deps/protobuf-src/src/google/protobuf/compiler/command_line_interface.cc:12:
/home/tina.guest/tinylsm-goal3-62e0496/build/benchmark/_deps/protobuf-src/src/google/protobuf/port.h: In function ‘void google::protobuf::internal::AssertDownCast(From*)’:
/home/tina.guest/tinylsm-goal3-62e0496/build/benchmark/_deps/protobuf-src/src/google/protobuf/port.h:181:5: warning: testing if a concept-id is a valid expression; add ‘requires’ to check satisfaction [-Wmissing-requires]
  181 |     std::derived_from<std::remove_pointer_t<To>,
      |     ^
      |     requires
[108/664] Building CXX object _deps/protobuf-build/CMakeFiles/libprotoc.dir/src/google/protobuf/compiler/cpp/enum.cc.o
In file included from /home/tina.guest/tinylsm-goal3-62e0496/build/benchmark/_deps/protobuf-src/src/google/protobuf/extension_set.h:36,
                 from /home/tina.guest/tinylsm-goal3-62e0496/build/benchmark/_deps/protobuf-src/src/google/protobuf/descriptor.h:56,
                 from /home/tina.guest/tinylsm-goal3-62e0496/build/benchmark/_deps/protobuf-src/src/google/protobuf/compiler/cpp/enum.h:18,
                 from /home/tina.guest/tinylsm-goal3-62e0496/build/benchmark/_deps/protobuf-src/src/google/protobuf/compiler/cpp/enum.cc:12:
/home/tina.guest/tinylsm-goal3-62e0496/build/benchmark/_deps/protobuf-src/src/google/protobuf/port.h: In function ‘void google::protobuf::internal::AssertDownCast(From*)’:
/home/tina.guest/tinylsm-goal3-62e0496/build/benchmark/_deps/protobuf-src/src/google/protobuf/port.h:181:5: warning: testing if a concept-id is a valid expression; add ‘requires’ to check satisfaction [-Wmissing-requires]
  181 |     std::derived_from<std::remove_pointer_t<To>,
      |     ^
      |     requires
[109/664] Building CXX object _deps/protobuf-build/CMakeFiles/libprotoc.dir/src/google/protobuf/compiler/cpp/field_generators/enum_field.cc.o
In file included from /home/tina.guest/tinylsm-goal3-62e0496/build/benchmark/_deps/protobuf-src/src/google/protobuf/extension_set.h:36,
                 from /home/tina.guest/tinylsm-goal3-62e0496/build/benchmark/_deps/protobuf-src/src/google/protobuf/descriptor.h:56,
                 from /home/tina.guest/tinylsm-goal3-62e0496/build/benchmark/_deps/protobuf-src/src/google/protobuf/compiler/code_generator.h:26,
                 from /home/tina.guest/tinylsm-goal3-62e0496/build/benchmark/_deps/protobuf-src/src/google/protobuf/compiler/cpp/helpers.h:28,
                 from /home/tina.guest/tinylsm-goal3-62e0496/build/benchmark/_deps/protobuf-src/src/google/protobuf/compiler/cpp/field.h:26,
                 from /home/tina.guest/tinylsm-goal3-62e0496/build/benchmark/_deps/protobuf-src/src/google/protobuf/compiler/cpp/field_generators/enum_field.cc:20:
/home/tina.guest/tinylsm-goal3-62e0496/build/benchmark/_deps/protobuf-src/src/google/protobuf/port.h: In function ‘void google::protobuf::internal::AssertDownCast(From*)’:
/home/tina.guest/tinylsm-goal3-62e0496/build/benchmark/_deps/protobuf-src/src/google/protobuf/port.h:181:5: warning: testing if a concept-id is a valid expression; add ‘requires’ to check satisfaction [-Wmissing-requires]
  181 |     std::derived_from<std::remove_pointer_t<To>,
      |     ^
      |     requires
[110/664] Building CXX object _deps/protobuf-build/CMakeFiles/libprotoc.dir/src/google/protobuf/compiler/cpp/field_generators/primitive_field.cc.o
In file included from /home/tina.guest/tinylsm-goal3-62e0496/build/benchmark/_deps/protobuf-src/src/google/protobuf/extension_set.h:36,
                 from /home/tina.guest/tinylsm-goal3-62e0496/build/benchmark/_deps/protobuf-src/src/google/protobuf/descriptor.h:56,
                 from /home/tina.guest/tinylsm-goal3-62e0496/build/benchmark/_deps/protobuf-src/src/google/protobuf/compiler/code_generator.h:26,
                 from /home/tina.guest/tinylsm-goal3-62e0496/build/benchmark/_deps/protobuf-src/src/google/protobuf/compiler/cpp/helpers.h:28,
                 from /home/tina.guest/tinylsm-goal3-62e0496/build/benchmark/_deps/protobuf-src/src/google/protobuf/compiler/cpp/field.h:26,
                 from /home/tina.guest/tinylsm-goal3-62e0496/build/benchmark/_deps/protobuf-src/src/google/protobuf/compiler/cpp/field_generators/primitive_field.cc:21:
/home/tina.guest/tinylsm-goal3-62e0496/build/benchmark/_deps/protobuf-src/src/google/protobuf/port.h: In function ‘void google::protobuf::internal::AssertDownCast(From*)’:
/home/tina.guest/tinylsm-goal3-62e0496/build/benchmark/_deps/protobuf-src/src/google/protobuf/port.h:181:5: warning: testing if a concept-id is a valid expression; add ‘requires’ to check satisfaction [-Wmissing-requires]
  181 |     std::derived_from<std::remove_pointer_t<To>,
      |     ^
      |     requires
[111/664] Building CXX object _deps/protobuf-build/CMakeFiles/libprotoc.dir/src/google/protobuf/compiler/cpp/field_generators/message_field.cc.o
In file included from /home/tina.guest/tinylsm-goal3-62e0496/build/benchmark/_deps/protobuf-src/src/google/protobuf/extension_set.h:36,
                 from /home/tina.guest/tinylsm-goal3-62e0496/build/benchmark/_deps/protobuf-src/src/google/protobuf/descriptor.h:56,
                 from /home/tina.guest/tinylsm-goal3-62e0496/build/benchmark/_deps/protobuf-src/src/google/protobuf/compiler/code_generator.h:26,
                 from /home/tina.guest/tinylsm-goal3-62e0496/build/benchmark/_deps/protobuf-src/src/google/protobuf/compiler/cpp/helpers.h:28,
                 from /home/tina.guest/tinylsm-goal3-62e0496/build/benchmark/_deps/protobuf-src/src/google/protobuf/compiler/cpp/field.h:26,
                 from /home/tina.guest/tinylsm-goal3-62e0496/build/benchmark/_deps/protobuf-src/src/google/protobuf/compiler/cpp/field_generators/message_field.cc:21:
/home/tina.guest/tinylsm-goal3-62e0496/build/benchmark/_deps/protobuf-src/src/google/protobuf/port.h: In function ‘void google::protobuf::internal::AssertDownCast(From*)’:
/home/tina.guest/tinylsm-goal3-62e0496/build/benchmark/_deps/protobuf-src/src/google/protobuf/port.h:181:5: warning: testing if a concept-id is a valid expression; add ‘requires’ to check satisfaction [-Wmissing-requires]
  181 |     std::derived_from<std::remove_pointer_t<To>,
      |     ^
      |     requires
[112/664] Building CXX object _deps/protobuf-build/CMakeFiles/libprotoc.dir/src/google/protobuf/compiler/cpp/field_generators/map_field.cc.o
In file included from /home/tina.guest/tinylsm-goal3-62e0496/build/benchmark/_deps/protobuf-src/src/google/protobuf/extension_set.h:36,
                 from /home/tina.guest/tinylsm-goal3-62e0496/build/benchmark/_deps/protobuf-src/src/google/protobuf/descriptor.h:56,
                 from /home/tina.guest/tinylsm-goal3-62e0496/build/benchmark/_deps/protobuf-src/src/google/protobuf/compiler/code_generator.h:26,
                 from /home/tina.guest/tinylsm-goal3-62e0496/build/benchmark/_deps/protobuf-src/src/google/protobuf/compiler/cpp/helpers.h:28,
                 from /home/tina.guest/tinylsm-goal3-62e0496/build/benchmark/_deps/protobuf-src/src/google/protobuf/compiler/cpp/field.h:26,
                 from /home/tina.guest/tinylsm-goal3-62e0496/build/benchmark/_deps/protobuf-src/src/google/protobuf/compiler/cpp/field_generators/map_field.cc:16:
/home/tina.guest/tinylsm-goal3-62e0496/build/benchmark/_deps/protobuf-src/src/google/protobuf/port.h: In function ‘void google::protobuf::internal::AssertDownCast(From*)’:
/home/tina.guest/tinylsm-goal3-62e0496/build/benchmark/_deps/protobuf-src/src/google/protobuf/port.h:181:5: warning: testing if a concept-id is a valid expression; add ‘requires’ to check satisfaction [-Wmissing-requires]
  181 |     std::derived_from<std::remove_pointer_t<To>,
      |     ^
      |     requires
[113/664] Building CXX object _deps/protobuf-build/CMakeFiles/libprotoc.dir/src/google/protobuf/compiler/cpp/field_generators/string_view_field.cc.o
In file included from /home/tina.guest/tinylsm-goal3-62e0496/build/benchmark/_deps/protobuf-src/src/google/protobuf/extension_set.h:36,
                 from /home/tina.guest/tinylsm-goal3-62e0496/build/benchmark/_deps/protobuf-src/src/google/protobuf/descriptor.h:56,
                 from /home/tina.guest/tinylsm-goal3-62e0496/build/benchmark/_deps/protobuf-src/src/google/protobuf/compiler/code_generator.h:26,
                 from /home/tina.guest/tinylsm-goal3-62e0496/build/benchmark/_deps/protobuf-src/src/google/protobuf/compiler/cpp/helpers.h:28,
                 from /home/tina.guest/tinylsm-goal3-62e0496/build/benchmark/_deps/protobuf-src/src/google/protobuf/compiler/cpp/field.h:26,
                 from /home/tina.guest/tinylsm-goal3-62e0496/build/benchmark/_deps/protobuf-src/src/google/protobuf/compiler/cpp/field_generators/string_view_field.cc:19:
/home/tina.guest/tinylsm-goal3-62e0496/build/benchmark/_deps/protobuf-src/src/google/protobuf/port.h: In function ‘void google::protobuf::internal::AssertDownCast(From*)’:
/home/tina.guest/tinylsm-goal3-62e0496/build/benchmark/_deps/protobuf-src/src/google/protobuf/port.h:181:5: warning: testing if a concept-id is a valid expression; add ‘requires’ to check satisfaction [-Wmissing-requires]
  181 |     std::derived_from<std::remove_pointer_t<To>,
      |     ^
      |     requires
[114/664] Building CXX object _deps/protobuf-build/CMakeFiles/libprotoc.dir/src/google/protobuf/compiler/cpp/field_generators/string_field.cc.o
In file included from /home/tina.guest/tinylsm-goal3-62e0496/build/benchmark/_deps/protobuf-src/src/google/protobuf/extension_set.h:36,
                 from /home/tina.guest/tinylsm-goal3-62e0496/build/benchmark/_deps/protobuf-src/src/google/protobuf/descriptor.h:56,
                 from /home/tina.guest/tinylsm-goal3-62e0496/build/benchmark/_deps/protobuf-src/src/google/protobuf/compiler/code_generator.h:26,
                 from /home/tina.guest/tinylsm-goal3-62e0496/build/benchmark/_deps/protobuf-src/src/google/protobuf/compiler/cpp/helpers.h:28,
                 from /home/tina.guest/tinylsm-goal3-62e0496/build/benchmark/_deps/protobuf-src/src/google/protobuf/compiler/cpp/field.h:26,
                 from /home/tina.guest/tinylsm-goal3-62e0496/build/benchmark/_deps/protobuf-src/src/google/protobuf/compiler/cpp/field_generators/string_field.cc:19:
/home/tina.guest/tinylsm-goal3-62e0496/build/benchmark/_deps/protobuf-src/src/google/protobuf/port.h: In function ‘void google::protobuf::internal::AssertDownCast(From*)’:
/home/tina.guest/tinylsm-goal3-62e0496/build/benchmark/_deps/protobuf-src/src/google/protobuf/port.h:181:5: warning: testing if a concept-id is a valid expression; add ‘requires’ to check satisfaction [-Wmissing-requires]
  181 |     std::derived_from<std::remove_pointer_t<To>,
      |     ^
      |     requires
[115/664] Building CXX object _deps/protobuf-build/CMakeFiles/libprotoc.dir/src/google/protobuf/compiler/cpp/ifndef_guard.cc.o
In file included from /home/tina.guest/tinylsm-goal3-62e0496/build/benchmark/_deps/protobuf-src/src/google/protobuf/io/zero_copy_stream.h:89,
                 from /home/tina.guest/tinylsm-goal3-62e0496/build/benchmark/_deps/protobuf-src/src/google/protobuf/io/zero_copy_sink.h:13,
                 from /home/tina.guest/tinylsm-goal3-62e0496/build/benchmark/_deps/protobuf-src/src/google/protobuf/io/printer.h:36,
                 from /home/tina.guest/tinylsm-goal3-62e0496/build/benchmark/_deps/protobuf-src/src/google/protobuf/compiler/cpp/ifndef_guard.h:33,
                 from /home/tina.guest/tinylsm-goal3-62e0496/build/benchmark/_deps/protobuf-src/src/google/protobuf/compiler/cpp/ifndef_guard.cc:8:
/home/tina.guest/tinylsm-goal3-62e0496/build/benchmark/_deps/protobuf-src/src/google/protobuf/port.h: In function ‘void google::protobuf::internal::AssertDownCast(From*)’:
/home/tina.guest/tinylsm-goal3-62e0496/build/benchmark/_deps/protobuf-src/src/google/protobuf/port.h:181:5: warning: testing if a concept-id is a valid expression; add ‘requires’ to check satisfaction [-Wmissing-requires]
  181 |     std::derived_from<std::remove_pointer_t<To>,
      |     ^
      |     requires
[116/664] Building CXX object _deps/protobuf-build/CMakeFiles/libprotoc.dir/src/google/protobuf/compiler/cpp/namespace_printer.cc.o
In file included from /home/tina.guest/tinylsm-goal3-62e0496/build/benchmark/_deps/protobuf-src/src/google/protobuf/io/zero_copy_stream.h:89,
                 from /home/tina.guest/tinylsm-goal3-62e0496/build/benchmark/_deps/protobuf-src/src/google/protobuf/io/zero_copy_sink.h:13,
                 from /home/tina.guest/tinylsm-goal3-62e0496/build/benchmark/_deps/protobuf-src/src/google/protobuf/io/printer.h:36,
                 from /home/tina.guest/tinylsm-goal3-62e0496/build/benchmark/_deps/protobuf-src/src/google/protobuf/compiler/cpp/namespace_printer.h:29,
                 from /home/tina.guest/tinylsm-goal3-62e0496/build/benchmark/_deps/protobuf-src/src/google/protobuf/compiler/cpp/namespace_printer.cc:1:
/home/tina.guest/tinylsm-goal3-62e0496/build/benchmark/_deps/protobuf-src/src/google/protobuf/port.h: In function ‘void google::protobuf::internal::AssertDownCast(From*)’:
/home/tina.guest/tinylsm-goal3-62e0496/build/benchmark/_deps/protobuf-src/src/google/protobuf/port.h:181:5: warning: testing if a concept-id is a valid expression; add ‘requires’ to check satisfaction [-Wmissing-requires]
  181 |     std::derived_from<std::remove_pointer_t<To>,
      |     ^
      |     requires
[117/664] Building CXX object _deps/protobuf-build/CMakeFiles/libprotoc.dir/src/google/protobuf/compiler/cpp/generator.cc.o
In file included from /home/tina.guest/tinylsm-goal3-62e0496/build/benchmark/_deps/protobuf-src/src/google/protobuf/extension_set.h:36,
                 from /home/tina.guest/tinylsm-goal3-62e0496/build/benchmark/_deps/protobuf-src/src/google/protobuf/descriptor.h:56,
                 from /home/tina.guest/tinylsm-goal3-62e0496/build/benchmark/_deps/protobuf-src/src/google/protobuf/compiler/code_generator.h:26,
                 from /home/tina.guest/tinylsm-goal3-62e0496/build/benchmark/_deps/protobuf-src/src/google/protobuf/compiler/cpp/generator.h:24,
                 from /home/tina.guest/tinylsm-goal3-62e0496/build/benchmark/_deps/protobuf-src/src/google/protobuf/compiler/cpp/generator.cc:12:
/home/tina.guest/tinylsm-goal3-62e0496/build/benchmark/_deps/protobuf-src/src/google/protobuf/port.h: In function ‘void google::protobuf::internal::AssertDownCast(From*)’:
/home/tina.guest/tinylsm-goal3-62e0496/build/benchmark/_deps/protobuf-src/src/google/protobuf/port.h:181:5: warning: testing if a concept-id is a valid expression; add ‘requires’ to check satisfaction [-Wmissing-requires]
  181 |     std::derived_from<std::remove_pointer_t<To>,
      |     ^
      |     requires
[118/664] Building CXX object _deps/protobuf-build/CMakeFiles/libprotoc.dir/src/google/protobuf/compiler/cpp/padding_optimizer.cc.o
In file included from /home/tina.guest/tinylsm-goal3-62e0496/build/benchmark/_deps/protobuf-src/src/google/protobuf/extension_set.h:36,
                 from /home/tina.guest/tinylsm-goal3-62e0496/build/benchmark/_deps/protobuf-src/src/google/protobuf/descriptor.h:56,
                 from /home/tina.guest/tinylsm-goal3-62e0496/build/benchmark/_deps/protobuf-src/src/google/protobuf/compiler/cpp/message_layout_helper.h:16,
                 from /home/tina.guest/tinylsm-goal3-62e0496/build/benchmark/_deps/protobuf-src/src/google/protobuf/compiler/cpp/padding_optimizer.h:15,
                 from /home/tina.guest/tinylsm-goal3-62e0496/build/benchmark/_deps/protobuf-src/src/google/protobuf/compiler/cpp/padding_optimizer.cc:8:
/home/tina.guest/tinylsm-goal3-62e0496/build/benchmark/_deps/protobuf-src/src/google/protobuf/port.h: In function ‘void google::protobuf::internal::AssertDownCast(From*)’:
/home/tina.guest/tinylsm-goal3-62e0496/build/benchmark/_deps/protobuf-src/src/google/protobuf/port.h:181:5: warning: testing if a concept-id is a valid expression; add ‘requires’ to check satisfaction [-Wmissing-requires]
  181 |     std::derived_from<std::remove_pointer_t<To>,
      |     ^
      |     requires
[119/664] Building CXX object _deps/protobuf-build/CMakeFiles/libprotoc.dir/src/google/protobuf/compiler/cpp/file.cc.o
In file included from /home/tina.guest/tinylsm-goal3-62e0496/build/benchmark/_deps/protobuf-src/src/google/protobuf/extension_set.h:36,
                 from /home/tina.guest/tinylsm-goal3-62e0496/build/benchmark/_deps/protobuf-src/src/google/protobuf/descriptor.h:56,
                 from /home/tina.guest/tinylsm-goal3-62e0496/build/benchmark/_deps/protobuf-src/src/google/protobuf/compiler/cpp/enum.h:18,
                 from /home/tina.guest/tinylsm-goal3-62e0496/build/benchmark/_deps/protobuf-src/src/google/protobuf/compiler/cpp/file.h:25,
                 from /home/tina.guest/tinylsm-goal3-62e0496/build/benchmark/_deps/protobuf-src/src/google/protobuf/compiler/cpp/file.cc:12:
/home/tina.guest/tinylsm-goal3-62e0496/build/benchmark/_deps/protobuf-src/src/google/protobuf/port.h: In function ‘void google::protobuf::internal::AssertDownCast(From*)’:
/home/tina.guest/tinylsm-goal3-62e0496/build/benchmark/_deps/protobuf-src/src/google/protobuf/port.h:181:5: warning: testing if a concept-id is a valid expression; add ‘requires’ to check satisfaction [-Wmissing-requires]
  181 |     std::derived_from<std::remove_pointer_t<To>,
      |     ^
      |     requires
[120/664] Building CXX object _deps/protobuf-build/CMakeFiles/libprotoc.dir/src/google/protobuf/compiler/cpp/helpers.cc.o
In file included from /home/tina.guest/tinylsm-goal3-62e0496/build/benchmark/_deps/protobuf-src/src/google/protobuf/extension_set.h:36,
                 from /home/tina.guest/tinylsm-goal3-62e0496/build/benchmark/_deps/protobuf-src/src/google/protobuf/descriptor.h:56,
                 from /home/tina.guest/tinylsm-goal3-62e0496/build/benchmark/_deps/protobuf-src/src/google/protobuf/compiler/code_generator.h:26,
                 from /home/tina.guest/tinylsm-goal3-62e0496/build/benchmark/_deps/protobuf-src/src/google/protobuf/compiler/cpp/helpers.h:28,
                 from /home/tina.guest/tinylsm-goal3-62e0496/build/benchmark/_deps/protobuf-src/src/google/protobuf/compiler/cpp/helpers.cc:12:
/home/tina.guest/tinylsm-goal3-62e0496/build/benchmark/_deps/protobuf-src/src/google/protobuf/port.h: In function ‘void google::protobuf::internal::AssertDownCast(From*)’:
/home/tina.guest/tinylsm-goal3-62e0496/build/benchmark/_deps/protobuf-src/src/google/protobuf/port.h:181:5: warning: testing if a concept-id is a valid expression; add ‘requires’ to check satisfaction [-Wmissing-requires]
  181 |     std::derived_from<std::remove_pointer_t<To>,
      |     ^
      |     requires
[121/664] Building CXX object _deps/protobuf-build/CMakeFiles/libprotoc.dir/src/google/protobuf/compiler/cpp/parse_function_generator.cc.o
In file included from /home/tina.guest/tinylsm-goal3-62e0496/build/benchmark/_deps/protobuf-src/src/google/protobuf/extension_set.h:36,
                 from /home/tina.guest/tinylsm-goal3-62e0496/build/benchmark/_deps/protobuf-src/src/google/protobuf/descriptor.h:56,
                 from /home/tina.guest/tinylsm-goal3-62e0496/build/benchmark/_deps/protobuf-src/src/google/protobuf/compiler/code_generator.h:26,
                 from /home/tina.guest/tinylsm-goal3-62e0496/build/benchmark/_deps/protobuf-src/src/google/protobuf/compiler/cpp/helpers.h:28,
                 from /home/tina.guest/tinylsm-goal3-62e0496/build/benchmark/_deps/protobuf-src/src/google/protobuf/compiler/cpp/parse_function_generator.h:17,
                 from /home/tina.guest/tinylsm-goal3-62e0496/build/benchmark/_deps/protobuf-src/src/google/protobuf/compiler/cpp/parse_function_generator.cc:8:
/home/tina.guest/tinylsm-goal3-62e0496/build/benchmark/_deps/protobuf-src/src/google/protobuf/port.h: In function ‘void google::protobuf::internal::AssertDownCast(From*)’:
/home/tina.guest/tinylsm-goal3-62e0496/build/benchmark/_deps/protobuf-src/src/google/protobuf/port.h:181:5: warning: testing if a concept-id is a valid expression; add ‘requires’ to check satisfaction [-Wmissing-requires]
  181 |     std::derived_from<std::remove_pointer_t<To>,
      |     ^
      |     requires
[122/664] Building CXX object _deps/protobuf-build/CMakeFiles/libprotoc.dir/src/google/protobuf/compiler/cpp/service.cc.o
In file included from /home/tina.guest/tinylsm-goal3-62e0496/build/benchmark/_deps/protobuf-src/src/google/protobuf/extension_set.h:36,
                 from /home/tina.guest/tinylsm-goal3-62e0496/build/benchmark/_deps/protobuf-src/src/google/protobuf/descriptor.h:56,
                 from /home/tina.guest/tinylsm-goal3-62e0496/build/benchmark/_deps/protobuf-src/src/google/protobuf/compiler/cpp/service.h:20,
                 from /home/tina.guest/tinylsm-goal3-62e0496/build/benchmark/_deps/protobuf-src/src/google/protobuf/compiler/cpp/service.cc:12:
/home/tina.guest/tinylsm-goal3-62e0496/build/benchmark/_deps/protobuf-src/src/google/protobuf/port.h: In function ‘void google::protobuf::internal::AssertDownCast(From*)’:
/home/tina.guest/tinylsm-goal3-62e0496/build/benchmark/_deps/protobuf-src/src/google/protobuf/port.h:181:5: warning: testing if a concept-id is a valid expression; add ‘requires’ to check satisfaction [-Wmissing-requires]
  181 |     std::derived_from<std::remove_pointer_t<To>,
      |     ^
      |     requires
[123/664] Building CXX object _deps/protobuf-build/CMakeFiles/libprotoc.dir/src/google/protobuf/compiler/csharp/csharp_doc_comment.cc.o
In file included from /home/tina.guest/tinylsm-goal3-62e0496/build/benchmark/_deps/protobuf-src/src/google/protobuf/extension_set.h:36,
                 from /home/tina.guest/tinylsm-goal3-62e0496/build/benchmark/_deps/protobuf-src/src/google/protobuf/descriptor.h:56,
                 from /home/tina.guest/tinylsm-goal3-62e0496/build/benchmark/_deps/protobuf-src/src/google/protobuf/compiler/csharp/csharp_doc_comment.h:13,
                 from /home/tina.guest/tinylsm-goal3-62e0496/build/benchmark/_deps/protobuf-src/src/google/protobuf/compiler/csharp/csharp_doc_comment.cc:11:
/home/tina.guest/tinylsm-goal3-62e0496/build/benchmark/_deps/protobuf-src/src/google/protobuf/port.h: In function ‘void google::protobuf::internal::AssertDownCast(From*)’:
/home/tina.guest/tinylsm-goal3-62e0496/build/benchmark/_deps/protobuf-src/src/google/protobuf/port.h:181:5: warning: testing if a concept-id is a valid expression; add ‘requires’ to check satisfaction [-Wmissing-requires]
  181 |     std::derived_from<std::remove_pointer_t<To>,
      |     ^
      |     requires
[124/664] Building CXX object _deps/protobuf-build/CMakeFiles/libprotoc.dir/src/google/protobuf/compiler/cpp/tracker.cc.o
In file included from /home/tina.guest/tinylsm-goal3-62e0496/build/benchmark/_deps/protobuf-src/src/google/protobuf/extension_set.h:36,
                 from /home/tina.guest/tinylsm-goal3-62e0496/build/benchmark/_deps/protobuf-src/src/google/protobuf/descriptor.h:56,
                 from /home/tina.guest/tinylsm-goal3-62e0496/build/benchmark/_deps/protobuf-src/src/google/protobuf/compiler/cpp/tracker.h:14,
                 from /home/tina.guest/tinylsm-goal3-62e0496/build/benchmark/_deps/protobuf-src/src/google/protobuf/compiler/cpp/tracker.cc:8:
/home/tina.guest/tinylsm-goal3-62e0496/build/benchmark/_deps/protobuf-src/src/google/protobuf/port.h: In function ‘void google::protobuf::internal::AssertDownCast(From*)’:
/home/tina.guest/tinylsm-goal3-62e0496/build/benchmark/_deps/protobuf-src/src/google/protobuf/port.h:181:5: warning: testing if a concept-id is a valid expression; add ‘requires’ to check satisfaction [-Wmissing-requires]
  181 |     std::derived_from<std::remove_pointer_t<To>,
      |     ^
      |     requires
[125/664] Building CXX object _deps/protobuf-build/CMakeFiles/libprotoc.dir/src/google/protobuf/compiler/csharp/csharp_enum.cc.o
In file included from /home/tina.guest/tinylsm-goal3-62e0496/build/benchmark/_deps/protobuf-src/src/google/protobuf/extension_set.h:36,
                 from /home/tina.guest/tinylsm-goal3-62e0496/build/benchmark/_deps/protobuf-src/src/google/protobuf/descriptor.h:56,
                 from /home/tina.guest/tinylsm-goal3-62e0496/build/benchmark/_deps/protobuf-src/src/google/protobuf/compiler/code_generator.h:26,
                 from /home/tina.guest/tinylsm-goal3-62e0496/build/benchmark/_deps/protobuf-src/src/google/protobuf/compiler/csharp/csharp_enum.h:13,
                 from /home/tina.guest/tinylsm-goal3-62e0496/build/benchmark/_deps/protobuf-src/src/google/protobuf/compiler/csharp/csharp_enum.cc:8:
/home/tina.guest/tinylsm-goal3-62e0496/build/benchmark/_deps/protobuf-src/src/google/protobuf/port.h: In function ‘void google::protobuf::internal::AssertDownCast(From*)’:
/home/tina.guest/tinylsm-goal3-62e0496/build/benchmark/_deps/protobuf-src/src/google/protobuf/port.h:181:5: warning: testing if a concept-id is a valid expression; add ‘requires’ to check satisfaction [-Wmissing-requires]
  181 |     std::derived_from<std::remove_pointer_t<To>,
      |     ^
      |     requires
[126/664] Building CXX object _deps/protobuf-build/CMakeFiles/libprotoc.dir/src/google/protobuf/compiler/csharp/csharp_enum_field.cc.o
In file included from /home/tina.guest/tinylsm-goal3-62e0496/build/benchmark/_deps/protobuf-src/src/google/protobuf/extension_set.h:36,
                 from /home/tina.guest/tinylsm-goal3-62e0496/build/benchmark/_deps/protobuf-src/src/google/protobuf/descriptor.h:56,
                 from /home/tina.guest/tinylsm-goal3-62e0496/build/benchmark/_deps/protobuf-src/src/google/protobuf/compiler/code_generator.h:26,
                 from /home/tina.guest/tinylsm-goal3-62e0496/build/benchmark/_deps/protobuf-src/src/google/protobuf/compiler/csharp/csharp_enum_field.h:11,
                 from /home/tina.guest/tinylsm-goal3-62e0496/build/benchmark/_deps/protobuf-src/src/google/protobuf/compiler/csharp/csharp_enum_field.cc:8:
/home/tina.guest/tinylsm-goal3-62e0496/build/benchmark/_deps/protobuf-src/src/google/protobuf/port.h: In function ‘void google::protobuf::internal::AssertDownCast(From*)’:
/home/tina.guest/tinylsm-goal3-62e0496/build/benchmark/_deps/protobuf-src/src/google/protobuf/port.h:181:5: warning: testing if a concept-id is a valid expression; add ‘requires’ to check satisfaction [-Wmissing-requires]
  181 |     std::derived_from<std::remove_pointer_t<To>,
      |     ^
      |     requires
[127/664] Building CXX object _deps/protobuf-build/CMakeFiles/libprotoc.dir/src/google/protobuf/compiler/csharp/csharp_field_base.cc.o
In file included from /home/tina.guest/tinylsm-goal3-62e0496/build/benchmark/_deps/protobuf-src/src/google/protobuf/extension_set.h:36,
                 from /home/tina.guest/tinylsm-goal3-62e0496/build/benchmark/_deps/protobuf-src/src/google/protobuf/descriptor.h:56,
                 from /home/tina.guest/tinylsm-goal3-62e0496/build/benchmark/_deps/protobuf-src/src/google/protobuf/compiler/code_generator.h:26,
                 from /home/tina.guest/tinylsm-goal3-62e0496/build/benchmark/_deps/protobuf-src/src/google/protobuf/compiler/csharp/csharp_field_base.h:13,
                 from /home/tina.guest/tinylsm-goal3-62e0496/build/benchmark/_deps/protobuf-src/src/google/protobuf/compiler/csharp/csharp_field_base.cc:8:
/home/tina.guest/tinylsm-goal3-62e0496/build/benchmark/_deps/protobuf-src/src/google/protobuf/port.h: In function ‘void google::protobuf::internal::AssertDownCast(From*)’:
/home/tina.guest/tinylsm-goal3-62e0496/build/benchmark/_deps/protobuf-src/src/google/protobuf/port.h:181:5: warning: testing if a concept-id is a valid expression; add ‘requires’ to check satisfaction [-Wmissing-requires]
  181 |     std::derived_from<std::remove_pointer_t<To>,
      |     ^
      |     requires
[128/664] Building CXX object _deps/protobuf-build/CMakeFiles/libprotoc.dir/src/google/protobuf/compiler/csharp/csharp_helpers.cc.o
In file included from /home/tina.guest/tinylsm-goal3-62e0496/build/benchmark/_deps/protobuf-src/src/google/protobuf/extension_set.h:36,
                 from /home/tina.guest/tinylsm-goal3-62e0496/build/benchmark/_deps/protobuf-src/src/google/protobuf/descriptor.h:56,
                 from /home/tina.guest/tinylsm-goal3-62e0496/build/benchmark/_deps/protobuf-src/src/google/protobuf/compiler/code_generator.h:26,
                 from /home/tina.guest/tinylsm-goal3-62e0496/build/benchmark/_deps/protobuf-src/src/google/protobuf/compiler/csharp/csharp_helpers.h:17,
                 from /home/tina.guest/tinylsm-goal3-62e0496/build/benchmark/_deps/protobuf-src/src/google/protobuf/compiler/csharp/csharp_helpers.cc:12:
/home/tina.guest/tinylsm-goal3-62e0496/build/benchmark/_deps/protobuf-src/src/google/protobuf/port.h: In function ‘void google::protobuf::internal::AssertDownCast(From*)’:
/home/tina.guest/tinylsm-goal3-62e0496/build/benchmark/_deps/protobuf-src/src/google/protobuf/port.h:181:5: warning: testing if a concept-id is a valid expression; add ‘requires’ to check satisfaction [-Wmissing-requires]
  181 |     std::derived_from<std::remove_pointer_t<To>,
      |     ^
      |     requires
[129/664] Building CXX object _deps/protobuf-build/CMakeFiles/libprotoc.dir/src/google/protobuf/compiler/csharp/csharp_generator.cc.o
In file included from /home/tina.guest/tinylsm-goal3-62e0496/build/benchmark/_deps/protobuf-src/src/google/protobuf/extension_set.h:36,
                 from /home/tina.guest/tinylsm-goal3-62e0496/build/benchmark/_deps/protobuf-src/src/google/protobuf/descriptor.h:56,
                 from /home/tina.guest/tinylsm-goal3-62e0496/build/benchmark/_deps/protobuf-src/src/google/protobuf/compiler/code_generator.h:26,
                 from /home/tina.guest/tinylsm-goal3-62e0496/build/benchmark/_deps/protobuf-src/src/google/protobuf/compiler/csharp/csharp_generator.h:15,
                 from /home/tina.guest/tinylsm-goal3-62e0496/build/benchmark/_deps/protobuf-src/src/google/protobuf/compiler/csharp/csharp_generator.cc:8:
/home/tina.guest/tinylsm-goal3-62e0496/build/benchmark/_deps/protobuf-src/src/google/protobuf/port.h: In function ‘void google::protobuf::internal::AssertDownCast(From*)’:
/home/tina.guest/tinylsm-goal3-62e0496/build/benchmark/_deps/protobuf-src/src/google/protobuf/port.h:181:5: warning: testing if a concept-id is a valid expression; add ‘requires’ to check satisfaction [-Wmissing-requires]
  181 |     std::derived_from<std::remove_pointer_t<To>,
      |     ^
      |     requires
[130/664] Building CXX object _deps/protobuf-build/CMakeFiles/libprotoc.dir/src/google/protobuf/compiler/csharp/csharp_map_field.cc.o
In file included from /home/tina.guest/tinylsm-goal3-62e0496/build/benchmark/_deps/protobuf-src/src/google/protobuf/extension_set.h:36,
                 from /home/tina.guest/tinylsm-goal3-62e0496/build/benchmark/_deps/protobuf-src/src/google/protobuf/descriptor.h:56,
                 from /home/tina.guest/tinylsm-goal3-62e0496/build/benchmark/_deps/protobuf-src/src/google/protobuf/compiler/code_generator.h:26,
                 from /home/tina.guest/tinylsm-goal3-62e0496/build/benchmark/_deps/protobuf-src/src/google/protobuf/compiler/csharp/csharp_map_field.h:11,
                 from /home/tina.guest/tinylsm-goal3-62e0496/build/benchmark/_deps/protobuf-src/src/google/protobuf/compiler/csharp/csharp_map_field.cc:8:
/home/tina.guest/tinylsm-goal3-62e0496/build/benchmark/_deps/protobuf-src/src/google/protobuf/port.h: In function ‘void google::protobuf::internal::AssertDownCast(From*)’:
/home/tina.guest/tinylsm-goal3-62e0496/build/benchmark/_deps/protobuf-src/src/google/protobuf/port.h:181:5: warning: testing if a concept-id is a valid expression; add ‘requires’ to check satisfaction [-Wmissing-requires]
  181 |     std::derived_from<std::remove_pointer_t<To>,
      |     ^
      |     requires
[131/664] Building CXX object _deps/protobuf-build/CMakeFiles/libprotoc.dir/src/google/protobuf/compiler/cpp/message.cc.o
In file included from /home/tina.guest/tinylsm-goal3-62e0496/build/benchmark/_deps/protobuf-src/src/google/protobuf/extension_set.h:36,
                 from /home/tina.guest/tinylsm-goal3-62e0496/build/benchmark/_deps/protobuf-src/src/google/protobuf/descriptor.h:56,
                 from /home/tina.guest/tinylsm-goal3-62e0496/build/benchmark/_deps/protobuf-src/src/google/protobuf/compiler/cpp/enum.h:18,
                 from /home/tina.guest/tinylsm-goal3-62e0496/build/benchmark/_deps/protobuf-src/src/google/protobuf/compiler/cpp/message.h:24,
                 from /home/tina.guest/tinylsm-goal3-62e0496/build/benchmark/_deps/protobuf-src/src/google/protobuf/compiler/cpp/message.cc:12:
/home/tina.guest/tinylsm-goal3-62e0496/build/benchmark/_deps/protobuf-src/src/google/protobuf/port.h: In function ‘void google::protobuf::internal::AssertDownCast(From*)’:
/home/tina.guest/tinylsm-goal3-62e0496/build/benchmark/_deps/protobuf-src/src/google/protobuf/port.h:181:5: warning: testing if a concept-id is a valid expression; add ‘requires’ to check satisfaction [-Wmissing-requires]
  181 |     std::derived_from<std::remove_pointer_t<To>,
      |     ^
      |     requires
[132/664] Building CXX object _deps/protobuf-build/CMakeFiles/libprotoc.dir/src/google/protobuf/compiler/csharp/csharp_message_field.cc.o
In file included from /home/tina.guest/tinylsm-goal3-62e0496/build/benchmark/_deps/protobuf-src/src/google/protobuf/extension_set.h:36,
                 from /home/tina.guest/tinylsm-goal3-62e0496/build/benchmark/_deps/protobuf-src/src/google/protobuf/descriptor.h:56,
                 from /home/tina.guest/tinylsm-goal3-62e0496/build/benchmark/_deps/protobuf-src/src/google/protobuf/compiler/code_generator.h:26,
                 from /home/tina.guest/tinylsm-goal3-62e0496/build/benchmark/_deps/protobuf-src/src/google/protobuf/compiler/csharp/csharp_message_field.h:11,
                 from /home/tina.guest/tinylsm-goal3-62e0496/build/benchmark/_deps/protobuf-src/src/google/protobuf/compiler/csharp/csharp_message_field.cc:8:
/home/tina.guest/tinylsm-goal3-62e0496/build/benchmark/_deps/protobuf-src/src/google/protobuf/port.h: In function ‘void google::protobuf::internal::AssertDownCast(From*)’:
/home/tina.guest/tinylsm-goal3-62e0496/build/benchmark/_deps/protobuf-src/src/google/protobuf/port.h:181:5: warning: testing if a concept-id is a valid expression; add ‘requires’ to check satisfaction [-Wmissing-requires]
  181 |     std::derived_from<std::remove_pointer_t<To>,
      |     ^
      |     requires
[133/664] Building CXX object _deps/protobuf-build/CMakeFiles/libprotoc.dir/src/google/protobuf/compiler/csharp/csharp_primitive_field.cc.o
In file included from /home/tina.guest/tinylsm-goal3-62e0496/build/benchmark/_deps/protobuf-src/src/google/protobuf/extension_set.h:36,
                 from /home/tina.guest/tinylsm-goal3-62e0496/build/benchmark/_deps/protobuf-src/src/google/protobuf/descriptor.h:56,
                 from /home/tina.guest/tinylsm-goal3-62e0496/build/benchmark/_deps/protobuf-src/src/google/protobuf/compiler/code_generator.h:26,
                 from /home/tina.guest/tinylsm-goal3-62e0496/build/benchmark/_deps/protobuf-src/src/google/protobuf/compiler/csharp/csharp_primitive_field.h:11,
                 from /home/tina.guest/tinylsm-goal3-62e0496/build/benchmark/_deps/protobuf-src/src/google/protobuf/compiler/csharp/csharp_primitive_field.cc:8:
/home/tina.guest/tinylsm-goal3-62e0496/build/benchmark/_deps/protobuf-src/src/google/protobuf/port.h: In function ‘void google::protobuf::internal::AssertDownCast(From*)’:
/home/tina.guest/tinylsm-goal3-62e0496/build/benchmark/_deps/protobuf-src/src/google/protobuf/port.h:181:5: warning: testing if a concept-id is a valid expression; add ‘requires’ to check satisfaction [-Wmissing-requires]
  181 |     std::derived_from<std::remove_pointer_t<To>,
      |     ^
      |     requires
[134/664] Building CXX object _deps/protobuf-build/CMakeFiles/libprotoc.dir/src/google/protobuf/compiler/csharp/csharp_message.cc.o
In file included from /home/tina.guest/tinylsm-goal3-62e0496/build/benchmark/_deps/protobuf-src/src/google/protobuf/extension_set.h:36,
                 from /home/tina.guest/tinylsm-goal3-62e0496/build/benchmark/_deps/protobuf-src/src/google/protobuf/descriptor.h:56,
                 from /home/tina.guest/tinylsm-goal3-62e0496/build/benchmark/_deps/protobuf-src/src/google/protobuf/compiler/code_generator.h:26,
                 from /home/tina.guest/tinylsm-goal3-62e0496/build/benchmark/_deps/protobuf-src/src/google/protobuf/compiler/csharp/csharp_message.h:14,
                 from /home/tina.guest/tinylsm-goal3-62e0496/build/benchmark/_deps/protobuf-src/src/google/protobuf/compiler/csharp/csharp_message.cc:8:
/home/tina.guest/tinylsm-goal3-62e0496/build/benchmark/_deps/protobuf-src/src/google/protobuf/port.h: In function ‘void google::protobuf::internal::AssertDownCast(From*)’:
/home/tina.guest/tinylsm-goal3-62e0496/build/benchmark/_deps/protobuf-src/src/google/protobuf/port.h:181:5: warning: testing if a concept-id is a valid expression; add ‘requires’ to check satisfaction [-Wmissing-requires]
  181 |     std::derived_from<std::remove_pointer_t<To>,
      |     ^
      |     requires
[135/664] Building CXX object _deps/protobuf-build/CMakeFiles/libprotoc.dir/src/google/protobuf/compiler/csharp/csharp_reflection_class.cc.o
In file included from /home/tina.guest/tinylsm-goal3-62e0496/build/benchmark/_deps/protobuf-src/src/google/protobuf/extension_set.h:36,
                 from /home/tina.guest/tinylsm-goal3-62e0496/build/benchmark/_deps/protobuf-src/src/google/protobuf/descriptor.h:56,
                 from /home/tina.guest/tinylsm-goal3-62e0496/build/benchmark/_deps/protobuf-src/src/google/protobuf/compiler/code_generator.h:26,
                 from /home/tina.guest/tinylsm-goal3-62e0496/build/benchmark/_deps/protobuf-src/src/google/protobuf/compiler/csharp/csharp_reflection_class.h:13,
                 from /home/tina.guest/tinylsm-goal3-62e0496/build/benchmark/_deps/protobuf-src/src/google/protobuf/compiler/csharp/csharp_reflection_class.cc:8:
/home/tina.guest/tinylsm-goal3-62e0496/build/benchmark/_deps/protobuf-src/src/google/protobuf/port.h: In function ‘void google::protobuf::internal::AssertDownCast(From*)’:
/home/tina.guest/tinylsm-goal3-62e0496/build/benchmark/_deps/protobuf-src/src/google/protobuf/port.h:181:5: warning: testing if a concept-id is a valid expression; add ‘requires’ to check satisfaction [-Wmissing-requires]
  181 |     std::derived_from<std::remove_pointer_t<To>,
      |     ^
      |     requires
[136/664] Building CXX object _deps/protobuf-build/CMakeFiles/libprotoc.dir/src/google/protobuf/compiler/csharp/csharp_repeated_enum_field.cc.o
In file included from /home/tina.guest/tinylsm-goal3-62e0496/build/benchmark/_deps/protobuf-src/src/google/protobuf/extension_set.h:36,
                 from /home/tina.guest/tinylsm-goal3-62e0496/build/benchmark/_deps/protobuf-src/src/google/protobuf/descriptor.h:56,
                 from /home/tina.guest/tinylsm-goal3-62e0496/build/benchmark/_deps/protobuf-src/src/google/protobuf/compiler/code_generator.h:26,
                 from /home/tina.guest/tinylsm-goal3-62e0496/build/benchmark/_deps/protobuf-src/src/google/protobuf/compiler/csharp/csharp_repeated_enum_field.h:11,
                 from /home/tina.guest/tinylsm-goal3-62e0496/build/benchmark/_deps/protobuf-src/src/google/protobuf/compiler/csharp/csharp_repeated_enum_field.cc:8:
/home/tina.guest/tinylsm-goal3-62e0496/build/benchmark/_deps/protobuf-src/src/google/protobuf/port.h: In function ‘void google::protobuf::internal::AssertDownCast(From*)’:
/home/tina.guest/tinylsm-goal3-62e0496/build/benchmark/_deps/protobuf-src/src/google/protobuf/port.h:181:5: warning: testing if a concept-id is a valid expression; add ‘requires’ to check satisfaction [-Wmissing-requires]
  181 |     std::derived_from<std::remove_pointer_t<To>,
      |     ^
      |     requires
[137/664] Building CXX object _deps/protobuf-build/CMakeFiles/libprotoc.dir/src/google/protobuf/compiler/csharp/csharp_repeated_primitive_field.cc.o
In file included from /home/tina.guest/tinylsm-goal3-62e0496/build/benchmark/_deps/protobuf-src/src/google/protobuf/extension_set.h:36,
                 from /home/tina.guest/tinylsm-goal3-62e0496/build/benchmark/_deps/protobuf-src/src/google/protobuf/descriptor.h:56,
                 from /home/tina.guest/tinylsm-goal3-62e0496/build/benchmark/_deps/protobuf-src/src/google/protobuf/compiler/code_generator.h:26,
                 from /home/tina.guest/tinylsm-goal3-62e0496/build/benchmark/_deps/protobuf-src/src/google/protobuf/compiler/csharp/csharp_repeated_primitive_field.h:11,
                 from /home/tina.guest/tinylsm-goal3-62e0496/build/benchmark/_deps/protobuf-src/src/google/protobuf/compiler/csharp/csharp_repeated_primitive_field.cc:8:
/home/tina.guest/tinylsm-goal3-62e0496/build/benchmark/_deps/protobuf-src/src/google/protobuf/port.h: In function ‘void google::protobuf::internal::AssertDownCast(From*)’:
/home/tina.guest/tinylsm-goal3-62e0496/build/benchmark/_deps/protobuf-src/src/google/protobuf/port.h:181:5: warning: testing if a concept-id is a valid expression; add ‘requires’ to check satisfaction [-Wmissing-requires]
  181 |     std::derived_from<std::remove_pointer_t<To>,
      |     ^
      |     requires
[138/664] Building CXX object _deps/protobuf-build/CMakeFiles/libprotoc.dir/src/google/protobuf/compiler/csharp/csharp_repeated_message_field.cc.o
In file included from /home/tina.guest/tinylsm-goal3-62e0496/build/benchmark/_deps/protobuf-src/src/google/protobuf/extension_set.h:36,
                 from /home/tina.guest/tinylsm-goal3-62e0496/build/benchmark/_deps/protobuf-src/src/google/protobuf/descriptor.h:56,
                 from /home/tina.guest/tinylsm-goal3-62e0496/build/benchmark/_deps/protobuf-src/src/google/protobuf/compiler/code_generator.h:26,
                 from /home/tina.guest/tinylsm-goal3-62e0496/build/benchmark/_deps/protobuf-src/src/google/protobuf/compiler/csharp/csharp_repeated_message_field.h:11,
                 from /home/tina.guest/tinylsm-goal3-62e0496/build/benchmark/_deps/protobuf-src/src/google/protobuf/compiler/csharp/csharp_repeated_message_field.cc:8:
/home/tina.guest/tinylsm-goal3-62e0496/build/benchmark/_deps/protobuf-src/src/google/protobuf/port.h: In function ‘void google::protobuf::internal::AssertDownCast(From*)’:
/home/tina.guest/tinylsm-goal3-62e0496/build/benchmark/_deps/protobuf-src/src/google/protobuf/port.h:181:5: warning: testing if a concept-id is a valid expression; add ‘requires’ to check satisfaction [-Wmissing-requires]
  181 |     std::derived_from<std::remove_pointer_t<To>,
      |     ^
      |     requires
[139/664] Building CXX object _deps/protobuf-build/CMakeFiles/libprotoc.dir/src/google/protobuf/compiler/csharp/csharp_source_generator_base.cc.o
In file included from /home/tina.guest/tinylsm-goal3-62e0496/build/benchmark/_deps/protobuf-src/src/google/protobuf/extension_set.h:36,
                 from /home/tina.guest/tinylsm-goal3-62e0496/build/benchmark/_deps/protobuf-src/src/google/protobuf/descriptor.h:56,
                 from /home/tina.guest/tinylsm-goal3-62e0496/build/benchmark/_deps/protobuf-src/src/google/protobuf/compiler/code_generator.h:26,
                 from /home/tina.guest/tinylsm-goal3-62e0496/build/benchmark/_deps/protobuf-src/src/google/protobuf/compiler/csharp/csharp_source_generator_base.h:13,
                 from /home/tina.guest/tinylsm-goal3-62e0496/build/benchmark/_deps/protobuf-src/src/google/protobuf/compiler/csharp/csharp_source_generator_base.cc:8:
/home/tina.guest/tinylsm-goal3-62e0496/build/benchmark/_deps/protobuf-src/src/google/protobuf/port.h: In function ‘void google::protobuf::internal::AssertDownCast(From*)’:
/home/tina.guest/tinylsm-goal3-62e0496/build/benchmark/_deps/protobuf-src/src/google/protobuf/port.h:181:5: warning: testing if a concept-id is a valid expression; add ‘requires’ to check satisfaction [-Wmissing-requires]
  181 |     std::derived_from<std::remove_pointer_t<To>,
      |     ^
      |     requires
[140/664] Building CXX object _deps/protobuf-build/CMakeFiles/libprotoc.dir/src/google/protobuf/compiler/csharp/csharp_wrapper_field.cc.o
In file included from /home/tina.guest/tinylsm-goal3-62e0496/build/benchmark/_deps/protobuf-src/src/google/protobuf/extension_set.h:36,
                 from /home/tina.guest/tinylsm-goal3-62e0496/build/benchmark/_deps/protobuf-src/src/google/protobuf/descriptor.h:56,
                 from /home/tina.guest/tinylsm-goal3-62e0496/build/benchmark/_deps/protobuf-src/src/google/protobuf/compiler/code_generator.h:26,
                 from /home/tina.guest/tinylsm-goal3-62e0496/build/benchmark/_deps/protobuf-src/src/google/protobuf/compiler/csharp/csharp_wrapper_field.h:11,
                 from /home/tina.guest/tinylsm-goal3-62e0496/build/benchmark/_deps/protobuf-src/src/google/protobuf/compiler/csharp/csharp_wrapper_field.cc:8:
/home/tina.guest/tinylsm-goal3-62e0496/build/benchmark/_deps/protobuf-src/src/google/protobuf/port.h: In function ‘void google::protobuf::internal::AssertDownCast(From*)’:
/home/tina.guest/tinylsm-goal3-62e0496/build/benchmark/_deps/protobuf-src/src/google/protobuf/port.h:181:5: warning: testing if a concept-id is a valid expression; add ‘requires’ to check satisfaction [-Wmissing-requires]
  181 |     std::derived_from<std::remove_pointer_t<To>,
      |     ^
      |     requires
[141/664] Building CXX object _deps/protobuf-build/CMakeFiles/libprotoc.dir/src/google/protobuf/compiler/csharp/names.cc.o
In file included from /home/tina.guest/tinylsm-goal3-62e0496/build/benchmark/_deps/protobuf-src/src/google/protobuf/arena.h:38,
                 from /home/tina.guest/tinylsm-goal3-62e0496/build/benchmark/_deps/protobuf-src/src/google/protobuf/descriptor.pb.h:21,
                 from /home/tina.guest/tinylsm-goal3-62e0496/build/benchmark/_deps/protobuf-src/src/google/protobuf/compiler/csharp/names.cc:21:
/home/tina.guest/tinylsm-goal3-62e0496/build/benchmark/_deps/protobuf-src/src/google/protobuf/port.h: In function ‘void google::protobuf::internal::AssertDownCast(From*)’:
/home/tina.guest/tinylsm-goal3-62e0496/build/benchmark/_deps/protobuf-src/src/google/protobuf/port.h:181:5: warning: testing if a concept-id is a valid expression; add ‘requires’ to check satisfaction [-Wmissing-requires]
  181 |     std::derived_from<std::remove_pointer_t<To>,
      |     ^
      |     requires
[142/664] Building CXX object _deps/protobuf-build/CMakeFiles/libprotoc.dir/src/google/protobuf/compiler/java/context.cc.o
In file included from /home/tina.guest/tinylsm-goal3-62e0496/build/benchmark/_deps/protobuf-src/src/google/protobuf/compiler/java/options.h:13,
                 from /home/tina.guest/tinylsm-goal3-62e0496/build/benchmark/_deps/protobuf-src/src/google/protobuf/compiler/java/names.h:21,
                 from /home/tina.guest/tinylsm-goal3-62e0496/build/benchmark/_deps/protobuf-src/src/google/protobuf/compiler/java/helpers.h:19,
                 from /home/tina.guest/tinylsm-goal3-62e0496/build/benchmark/_deps/protobuf-src/src/google/protobuf/compiler/java/context.h:15,
                 from /home/tina.guest/tinylsm-goal3-62e0496/build/benchmark/_deps/protobuf-src/src/google/protobuf/compiler/java/context.cc:8:
/home/tina.guest/tinylsm-goal3-62e0496/build/benchmark/_deps/protobuf-src/src/google/protobuf/port.h: In function ‘void google::protobuf::internal::AssertDownCast(From*)’:
/home/tina.guest/tinylsm-goal3-62e0496/build/benchmark/_deps/protobuf-src/src/google/protobuf/port.h:181:5: warning: testing if a concept-id is a valid expression; add ‘requires’ to check satisfaction [-Wmissing-requires]
  181 |     std::derived_from<std::remove_pointer_t<To>,
      |     ^
      |     requires
[143/664] Building CXX object _deps/protobuf-build/CMakeFiles/libprotoc.dir/src/google/protobuf/compiler/java/field_common.cc.o
In file included from /home/tina.guest/tinylsm-goal3-62e0496/build/benchmark/_deps/protobuf-src/src/google/protobuf/compiler/java/options.h:13,
                 from /home/tina.guest/tinylsm-goal3-62e0496/build/benchmark/_deps/protobuf-src/src/google/protobuf/compiler/java/field_common.h:6,
                 from /home/tina.guest/tinylsm-goal3-62e0496/build/benchmark/_deps/protobuf-src/src/google/protobuf/compiler/java/field_common.cc:1:
/home/tina.guest/tinylsm-goal3-62e0496/build/benchmark/_deps/protobuf-src/src/google/protobuf/port.h: In function ‘void google::protobuf::internal::AssertDownCast(From*)’:
/home/tina.guest/tinylsm-goal3-62e0496/build/benchmark/_deps/protobuf-src/src/google/protobuf/port.h:181:5: warning: testing if a concept-id is a valid expression; add ‘requires’ to check satisfaction [-Wmissing-requires]
  181 |     std::derived_from<std::remove_pointer_t<To>,
      |     ^
      |     requires
[144/664] Building CXX object _deps/protobuf-build/CMakeFiles/libprotoc.dir/src/google/protobuf/compiler/java/doc_comment.cc.o
In file included from /home/tina.guest/tinylsm-goal3-62e0496/build/benchmark/_deps/protobuf-src/src/google/protobuf/compiler/java/options.h:13,
                 from /home/tina.guest/tinylsm-goal3-62e0496/build/benchmark/_deps/protobuf-src/src/google/protobuf/compiler/java/doc_comment.h:16,
                 from /home/tina.guest/tinylsm-goal3-62e0496/build/benchmark/_deps/protobuf-src/src/google/protobuf/compiler/java/doc_comment.cc:12:
/home/tina.guest/tinylsm-goal3-62e0496/build/benchmark/_deps/protobuf-src/src/google/protobuf/port.h: In function ‘void google::protobuf::internal::AssertDownCast(From*)’:
/home/tina.guest/tinylsm-goal3-62e0496/build/benchmark/_deps/protobuf-src/src/google/protobuf/port.h:181:5: warning: testing if a concept-id is a valid expression; add ‘requires’ to check satisfaction [-Wmissing-requires]
  181 |     std::derived_from<std::remove_pointer_t<To>,
      |     ^
      |     requires
[145/664] Building CXX object _deps/protobuf-build/CMakeFiles/libprotoc.dir/src/google/protobuf/compiler/java/full/enum.cc.o
In file included from /home/tina.guest/tinylsm-goal3-62e0496/build/benchmark/_deps/protobuf-src/src/google/protobuf/compiler/java/options.h:13,
                 from /home/tina.guest/tinylsm-goal3-62e0496/build/benchmark/_deps/protobuf-src/src/google/protobuf/compiler/java/names.h:21,
                 from /home/tina.guest/tinylsm-goal3-62e0496/build/benchmark/_deps/protobuf-src/src/google/protobuf/compiler/java/helpers.h:19,
                 from /home/tina.guest/tinylsm-goal3-62e0496/build/benchmark/_deps/protobuf-src/src/google/protobuf/compiler/java/context.h:15,
                 from /home/tina.guest/tinylsm-goal3-62e0496/build/benchmark/_deps/protobuf-src/src/google/protobuf/compiler/java/generator_factory.h:19,
                 from /home/tina.guest/tinylsm-goal3-62e0496/build/benchmark/_deps/protobuf-src/src/google/protobuf/compiler/java/full/enum.h:18,
                 from /home/tina.guest/tinylsm-goal3-62e0496/build/benchmark/_deps/protobuf-src/src/google/protobuf/compiler/java/full/enum.cc:12:
/home/tina.guest/tinylsm-goal3-62e0496/build/benchmark/_deps/protobuf-src/src/google/protobuf/port.h: In function ‘void google::protobuf::internal::AssertDownCast(From*)’:
/home/tina.guest/tinylsm-goal3-62e0496/build/benchmark/_deps/protobuf-src/src/google/protobuf/port.h:181:5: warning: testing if a concept-id is a valid expression; add ‘requires’ to check satisfaction [-Wmissing-requires]
  181 |     std::derived_from<std::remove_pointer_t<To>,
      |     ^
      |     requires
[146/664] Building CXX object _deps/protobuf-build/CMakeFiles/libprotoc.dir/src/google/protobuf/compiler/java/file.cc.o
In file included from /home/tina.guest/tinylsm-goal3-62e0496/build/benchmark/_deps/protobuf-src/src/google/protobuf/compiler/java/options.h:13,
                 from /home/tina.guest/tinylsm-goal3-62e0496/build/benchmark/_deps/protobuf-src/src/google/protobuf/compiler/java/file.h:19,
                 from /home/tina.guest/tinylsm-goal3-62e0496/build/benchmark/_deps/protobuf-src/src/google/protobuf/compiler/java/file.cc:12:
/home/tina.guest/tinylsm-goal3-62e0496/build/benchmark/_deps/protobuf-src/src/google/protobuf/port.h: In function ‘void google::protobuf::internal::AssertDownCast(From*)’:
/home/tina.guest/tinylsm-goal3-62e0496/build/benchmark/_deps/protobuf-src/src/google/protobuf/port.h:181:5: warning: testing if a concept-id is a valid expression; add ‘requires’ to check satisfaction [-Wmissing-requires]
  181 |     std::derived_from<std::remove_pointer_t<To>,
      |     ^
      |     requires
[147/664] Building CXX object _deps/protobuf-build/CMakeFiles/libprotoc.dir/src/google/protobuf/compiler/java/full/extension.cc.o
In file included from /home/tina.guest/tinylsm-goal3-62e0496/build/benchmark/_deps/protobuf-src/src/google/protobuf/compiler/java/options.h:13,
                 from /home/tina.guest/tinylsm-goal3-62e0496/build/benchmark/_deps/protobuf-src/src/google/protobuf/compiler/java/names.h:21,
                 from /home/tina.guest/tinylsm-goal3-62e0496/build/benchmark/_deps/protobuf-src/src/google/protobuf/compiler/java/helpers.h:19,
                 from /home/tina.guest/tinylsm-goal3-62e0496/build/benchmark/_deps/protobuf-src/src/google/protobuf/compiler/java/context.h:15,
                 from /home/tina.guest/tinylsm-goal3-62e0496/build/benchmark/_deps/protobuf-src/src/google/protobuf/compiler/java/generator_factory.h:19,
                 from /home/tina.guest/tinylsm-goal3-62e0496/build/benchmark/_deps/protobuf-src/src/google/protobuf/compiler/java/full/extension.h:18,
                 from /home/tina.guest/tinylsm-goal3-62e0496/build/benchmark/_deps/protobuf-src/src/google/protobuf/compiler/java/full/extension.cc:12:
/home/tina.guest/tinylsm-goal3-62e0496/build/benchmark/_deps/protobuf-src/src/google/protobuf/port.h: In function ‘void google::protobuf::internal::AssertDownCast(From*)’:
/home/tina.guest/tinylsm-goal3-62e0496/build/benchmark/_deps/protobuf-src/src/google/protobuf/port.h:181:5: warning: testing if a concept-id is a valid expression; add ‘requires’ to check satisfaction [-Wmissing-requires]
  181 |     std::derived_from<std::remove_pointer_t<To>,
      |     ^
      |     requires
[148/664] Building CXX object _deps/protobuf-build/CMakeFiles/libprotoc.dir/src/google/protobuf/compiler/java/full/enum_field.cc.o
In file included from /home/tina.guest/tinylsm-goal3-62e0496/build/benchmark/_deps/protobuf-src/src/google/protobuf/compiler/java/options.h:13,
                 from /home/tina.guest/tinylsm-goal3-62e0496/build/benchmark/_deps/protobuf-src/src/google/protobuf/compiler/java/names.h:21,
                 from /home/tina.guest/tinylsm-goal3-62e0496/build/benchmark/_deps/protobuf-src/src/google/protobuf/compiler/java/helpers.h:19,
                 from /home/tina.guest/tinylsm-goal3-62e0496/build/benchmark/_deps/protobuf-src/src/google/protobuf/compiler/java/context.h:15,
                 from /home/tina.guest/tinylsm-goal3-62e0496/build/benchmark/_deps/protobuf-src/src/google/protobuf/compiler/java/generator_common.h:10,
                 from /home/tina.guest/tinylsm-goal3-62e0496/build/benchmark/_deps/protobuf-src/src/google/protobuf/compiler/java/full/field_generator.h:6,
                 from /home/tina.guest/tinylsm-goal3-62e0496/build/benchmark/_deps/protobuf-src/src/google/protobuf/compiler/java/full/enum_field.h:18,
                 from /home/tina.guest/tinylsm-goal3-62e0496/build/benchmark/_deps/protobuf-src/src/google/protobuf/compiler/java/full/enum_field.cc:12:
/home/tina.guest/tinylsm-goal3-62e0496/build/benchmark/_deps/protobuf-src/src/google/protobuf/port.h: In function ‘void google::protobuf::internal::AssertDownCast(From*)’:
/home/tina.guest/tinylsm-goal3-62e0496/build/benchmark/_deps/protobuf-src/src/google/protobuf/port.h:181:5: warning: testing if a concept-id is a valid expression; add ‘requires’ to check satisfaction [-Wmissing-requires]
  181 |     std::derived_from<std::remove_pointer_t<To>,
      |     ^
      |     requires
[149/664] Building CXX object _deps/protobuf-build/CMakeFiles/libprotoc.dir/src/google/protobuf/compiler/java/full/generator_factory.cc.o
In file included from /home/tina.guest/tinylsm-goal3-62e0496/build/benchmark/_deps/protobuf-src/src/google/protobuf/compiler/java/options.h:13,
                 from /home/tina.guest/tinylsm-goal3-62e0496/build/benchmark/_deps/protobuf-src/src/google/protobuf/compiler/java/names.h:21,
                 from /home/tina.guest/tinylsm-goal3-62e0496/build/benchmark/_deps/protobuf-src/src/google/protobuf/compiler/java/helpers.h:19,
                 from /home/tina.guest/tinylsm-goal3-62e0496/build/benchmark/_deps/protobuf-src/src/google/protobuf/compiler/java/context.h:15,
                 from /home/tina.guest/tinylsm-goal3-62e0496/build/benchmark/_deps/protobuf-src/src/google/protobuf/compiler/java/generator_factory.h:19,
                 from /home/tina.guest/tinylsm-goal3-62e0496/build/benchmark/_deps/protobuf-src/src/google/protobuf/compiler/java/full/generator_factory.cc:10:
/home/tina.guest/tinylsm-goal3-62e0496/build/benchmark/_deps/protobuf-src/src/google/protobuf/port.h: In function ‘void google::protobuf::internal::AssertDownCast(From*)’:
/home/tina.guest/tinylsm-goal3-62e0496/build/benchmark/_deps/protobuf-src/src/google/protobuf/port.h:181:5: warning: testing if a concept-id is a valid expression; add ‘requires’ to check satisfaction [-Wmissing-requires]
  181 |     std::derived_from<std::remove_pointer_t<To>,
      |     ^
      |     requires
[150/664] Building CXX object _deps/protobuf-build/CMakeFiles/libprotoc.dir/src/google/protobuf/compiler/java/full/make_field_gens.cc.o
In file included from /home/tina.guest/tinylsm-goal3-62e0496/build/benchmark/_deps/protobuf-src/src/google/protobuf/compiler/java/options.h:13,
                 from /home/tina.guest/tinylsm-goal3-62e0496/build/benchmark/_deps/protobuf-src/src/google/protobuf/compiler/java/names.h:21,
                 from /home/tina.guest/tinylsm-goal3-62e0496/build/benchmark/_deps/protobuf-src/src/google/protobuf/compiler/java/helpers.h:19,
                 from /home/tina.guest/tinylsm-goal3-62e0496/build/benchmark/_deps/protobuf-src/src/google/protobuf/compiler/java/context.h:15,
                 from /home/tina.guest/tinylsm-goal3-62e0496/build/benchmark/_deps/protobuf-src/src/google/protobuf/compiler/java/full/make_field_gens.cc:15:
/home/tina.guest/tinylsm-goal3-62e0496/build/benchmark/_deps/protobuf-src/src/google/protobuf/port.h: In function ‘void google::protobuf::internal::AssertDownCast(From*)’:
/home/tina.guest/tinylsm-goal3-62e0496/build/benchmark/_deps/protobuf-src/src/google/protobuf/port.h:181:5: warning: testing if a concept-id is a valid expression; add ‘requires’ to check satisfaction [-Wmissing-requires]
  181 |     std::derived_from<std::remove_pointer_t<To>,
      |     ^
      |     requires
[151/664] Building CXX object _deps/protobuf-build/CMakeFiles/libprotoc.dir/src/google/protobuf/compiler/java/full/map_field.cc.o
In file included from /home/tina.guest/tinylsm-goal3-62e0496/build/benchmark/_deps/protobuf-src/src/google/protobuf/compiler/java/options.h:13,
                 from /home/tina.guest/tinylsm-goal3-62e0496/build/benchmark/_deps/protobuf-src/src/google/protobuf/compiler/java/names.h:21,
                 from /home/tina.guest/tinylsm-goal3-62e0496/build/benchmark/_deps/protobuf-src/src/google/protobuf/compiler/java/helpers.h:19,
                 from /home/tina.guest/tinylsm-goal3-62e0496/build/benchmark/_deps/protobuf-src/src/google/protobuf/compiler/java/context.h:15,
                 from /home/tina.guest/tinylsm-goal3-62e0496/build/benchmark/_deps/protobuf-src/src/google/protobuf/compiler/java/full/map_field.h:11,
                 from /home/tina.guest/tinylsm-goal3-62e0496/build/benchmark/_deps/protobuf-src/src/google/protobuf/compiler/java/full/map_field.cc:8:
/home/tina.guest/tinylsm-goal3-62e0496/build/benchmark/_deps/protobuf-src/src/google/protobuf/port.h: In function ‘void google::protobuf::internal::AssertDownCast(From*)’:
/home/tina.guest/tinylsm-goal3-62e0496/build/benchmark/_deps/protobuf-src/src/google/protobuf/port.h:181:5: warning: testing if a concept-id is a valid expression; add ‘requires’ to check satisfaction [-Wmissing-requires]
  181 |     std::derived_from<std::remove_pointer_t<To>,
      |     ^
      |     requires
[152/664] Building CXX object _deps/protobuf-build/CMakeFiles/libprotoc.dir/src/google/protobuf/compiler/java/full/message_builder.cc.o
In file included from /home/tina.guest/tinylsm-goal3-62e0496/build/benchmark/_deps/protobuf-src/src/google/protobuf/compiler/java/options.h:13,
                 from /home/tina.guest/tinylsm-goal3-62e0496/build/benchmark/_deps/protobuf-src/src/google/protobuf/compiler/java/names.h:21,
                 from /home/tina.guest/tinylsm-goal3-62e0496/build/benchmark/_deps/protobuf-src/src/google/protobuf/compiler/java/helpers.h:19,
                 from /home/tina.guest/tinylsm-goal3-62e0496/build/benchmark/_deps/protobuf-src/src/google/protobuf/compiler/java/context.h:15,
                 from /home/tina.guest/tinylsm-goal3-62e0496/build/benchmark/_deps/protobuf-src/src/google/protobuf/compiler/java/generator_common.h:10,
                 from /home/tina.guest/tinylsm-goal3-62e0496/build/benchmark/_deps/protobuf-src/src/google/protobuf/compiler/java/full/field_generator.h:6,
                 from /home/tina.guest/tinylsm-goal3-62e0496/build/benchmark/_deps/protobuf-src/src/google/protobuf/compiler/java/full/message_builder.h:20,
                 from /home/tina.guest/tinylsm-goal3-62e0496/build/benchmark/_deps/protobuf-src/src/google/protobuf/compiler/java/full/message_builder.cc:12:
/home/tina.guest/tinylsm-goal3-62e0496/build/benchmark/_deps/protobuf-src/src/google/protobuf/port.h: In function ‘void google::protobuf::internal::AssertDownCast(From*)’:
/home/tina.guest/tinylsm-goal3-62e0496/build/benchmark/_deps/protobuf-src/src/google/protobuf/port.h:181:5: warning: testing if a concept-id is a valid expression; add ‘requires’ to check satisfaction [-Wmissing-requires]
  181 |     std::derived_from<std::remove_pointer_t<To>,
      |     ^
      |     requires
[153/664] Building CXX object _deps/protobuf-build/CMakeFiles/libprotoc.dir/src/google/protobuf/compiler/java/full/message_field.cc.o
In file included from /home/tina.guest/tinylsm-goal3-62e0496/build/benchmark/_deps/protobuf-src/src/google/protobuf/compiler/java/options.h:13,
                 from /home/tina.guest/tinylsm-goal3-62e0496/build/benchmark/_deps/protobuf-src/src/google/protobuf/compiler/java/names.h:21,
                 from /home/tina.guest/tinylsm-goal3-62e0496/build/benchmark/_deps/protobuf-src/src/google/protobuf/compiler/java/helpers.h:19,
                 from /home/tina.guest/tinylsm-goal3-62e0496/build/benchmark/_deps/protobuf-src/src/google/protobuf/compiler/java/context.h:15,
                 from /home/tina.guest/tinylsm-goal3-62e0496/build/benchmark/_deps/protobuf-src/src/google/protobuf/compiler/java/generator_common.h:10,
                 from /home/tina.guest/tinylsm-goal3-62e0496/build/benchmark/_deps/protobuf-src/src/google/protobuf/compiler/java/full/field_generator.h:6,
                 from /home/tina.guest/tinylsm-goal3-62e0496/build/benchmark/_deps/protobuf-src/src/google/protobuf/compiler/java/full/message_field.h:17,
                 from /home/tina.guest/tinylsm-goal3-62e0496/build/benchmark/_deps/protobuf-src/src/google/protobuf/compiler/java/full/message_field.cc:12:
/home/tina.guest/tinylsm-goal3-62e0496/build/benchmark/_deps/protobuf-src/src/google/protobuf/port.h: In function ‘void google::protobuf::internal::AssertDownCast(From*)’:
/home/tina.guest/tinylsm-goal3-62e0496/build/benchmark/_deps/protobuf-src/src/google/protobuf/port.h:181:5: warning: testing if a concept-id is a valid expression; add ‘requires’ to check satisfaction [-Wmissing-requires]
  181 |     std::derived_from<std::remove_pointer_t<To>,
      |     ^
      |     requires
[154/664] Building CXX object _deps/protobuf-build/CMakeFiles/libprotoc.dir/src/google/protobuf/compiler/java/full/primitive_field.cc.o
In file included from /home/tina.guest/tinylsm-goal3-62e0496/build/benchmark/_deps/protobuf-src/src/google/protobuf/compiler/java/options.h:13,
                 from /home/tina.guest/tinylsm-goal3-62e0496/build/benchmark/_deps/protobuf-src/src/google/protobuf/compiler/java/names.h:21,
                 from /home/tina.guest/tinylsm-goal3-62e0496/build/benchmark/_deps/protobuf-src/src/google/protobuf/compiler/java/helpers.h:19,
                 from /home/tina.guest/tinylsm-goal3-62e0496/build/benchmark/_deps/protobuf-src/src/google/protobuf/compiler/java/context.h:15,
                 from /home/tina.guest/tinylsm-goal3-62e0496/build/benchmark/_deps/protobuf-src/src/google/protobuf/compiler/java/generator_common.h:10,
                 from /home/tina.guest/tinylsm-goal3-62e0496/build/benchmark/_deps/protobuf-src/src/google/protobuf/compiler/java/full/field_generator.h:6,
                 from /home/tina.guest/tinylsm-goal3-62e0496/build/benchmark/_deps/protobuf-src/src/google/protobuf/compiler/java/full/primitive_field.h:17,
                 from /home/tina.guest/tinylsm-goal3-62e0496/build/benchmark/_deps/protobuf-src/src/google/protobuf/compiler/java/full/primitive_field.cc:12:
/home/tina.guest/tinylsm-goal3-62e0496/build/benchmark/_deps/protobuf-src/src/google/protobuf/port.h: In function ‘void google::protobuf::internal::AssertDownCast(From*)’:
/home/tina.guest/tinylsm-goal3-62e0496/build/benchmark/_deps/protobuf-src/src/google/protobuf/port.h:181:5: warning: testing if a concept-id is a valid expression; add ‘requires’ to check satisfaction [-Wmissing-requires]
  181 |     std::derived_from<std::remove_pointer_t<To>,
      |     ^
      |     requires
[155/664] Building CXX object _deps/protobuf-build/CMakeFiles/libprotoc.dir/src/google/protobuf/compiler/java/full/message.cc.o
In file included from /home/tina.guest/tinylsm-goal3-62e0496/build/benchmark/_deps/protobuf-src/src/google/protobuf/compiler/java/options.h:13,
                 from /home/tina.guest/tinylsm-goal3-62e0496/build/benchmark/_deps/protobuf-src/src/google/protobuf/compiler/java/names.h:21,
                 from /home/tina.guest/tinylsm-goal3-62e0496/build/benchmark/_deps/protobuf-src/src/google/protobuf/compiler/java/helpers.h:19,
                 from /home/tina.guest/tinylsm-goal3-62e0496/build/benchmark/_deps/protobuf-src/src/google/protobuf/compiler/java/context.h:15,
                 from /home/tina.guest/tinylsm-goal3-62e0496/build/benchmark/_deps/protobuf-src/src/google/protobuf/compiler/java/generator_factory.h:19,
                 from /home/tina.guest/tinylsm-goal3-62e0496/build/benchmark/_deps/protobuf-src/src/google/protobuf/compiler/java/full/message.h:19,
                 from /home/tina.guest/tinylsm-goal3-62e0496/build/benchmark/_deps/protobuf-src/src/google/protobuf/compiler/java/full/message.cc:12:
/home/tina.guest/tinylsm-goal3-62e0496/build/benchmark/_deps/protobuf-src/src/google/protobuf/port.h: In function ‘void google::protobuf::internal::AssertDownCast(From*)’:
/home/tina.guest/tinylsm-goal3-62e0496/build/benchmark/_deps/protobuf-src/src/google/protobuf/port.h:181:5: warning: testing if a concept-id is a valid expression; add ‘requires’ to check satisfaction [-Wmissing-requires]
  181 |     std::derived_from<std::remove_pointer_t<To>,
      |     ^
      |     requires
[156/664] Building CXX object _deps/protobuf-build/CMakeFiles/libprotoc.dir/src/google/protobuf/compiler/java/full/service.cc.o
In file included from /home/tina.guest/tinylsm-goal3-62e0496/build/benchmark/_deps/protobuf-src/src/google/protobuf/compiler/java/options.h:13,
                 from /home/tina.guest/tinylsm-goal3-62e0496/build/benchmark/_deps/protobuf-src/src/google/protobuf/compiler/java/names.h:21,
                 from /home/tina.guest/tinylsm-goal3-62e0496/build/benchmark/_deps/protobuf-src/src/google/protobuf/compiler/java/helpers.h:19,
                 from /home/tina.guest/tinylsm-goal3-62e0496/build/benchmark/_deps/protobuf-src/src/google/protobuf/compiler/java/context.h:15,
                 from /home/tina.guest/tinylsm-goal3-62e0496/build/benchmark/_deps/protobuf-src/src/google/protobuf/compiler/java/generator_factory.h:19,
                 from /home/tina.guest/tinylsm-goal3-62e0496/build/benchmark/_deps/protobuf-src/src/google/protobuf/compiler/java/full/service.h:15,
                 from /home/tina.guest/tinylsm-goal3-62e0496/build/benchmark/_deps/protobuf-src/src/google/protobuf/compiler/java/full/service.cc:12:
/home/tina.guest/tinylsm-goal3-62e0496/build/benchmark/_deps/protobuf-src/src/google/protobuf/port.h: In function ‘void google::protobuf::internal::AssertDownCast(From*)’:
/home/tina.guest/tinylsm-goal3-62e0496/build/benchmark/_deps/protobuf-src/src/google/protobuf/port.h:181:5: warning: testing if a concept-id is a valid expression; add ‘requires’ to check satisfaction [-Wmissing-requires]
  181 |     std::derived_from<std::remove_pointer_t<To>,
      |     ^
      |     requires
[157/664] Building CXX object _deps/protobuf-build/CMakeFiles/libprotoc.dir/src/google/protobuf/compiler/java/java_features.pb.cc.o
In file included from /home/tina.guest/tinylsm-goal3-62e0496/build/benchmark/_deps/protobuf-src/src/google/protobuf/arena.h:38,
                 from /home/tina.guest/tinylsm-goal3-62e0496/build/benchmark/_deps/protobuf-src/src/google/protobuf/compiler/java/java_features.pb.h:21,
                 from /home/tina.guest/tinylsm-goal3-62e0496/build/benchmark/_deps/protobuf-src/src/google/protobuf/compiler/java/java_features.pb.cc:6:
/home/tina.guest/tinylsm-goal3-62e0496/build/benchmark/_deps/protobuf-src/src/google/protobuf/port.h: In function ‘void google::protobuf::internal::AssertDownCast(From*)’:
/home/tina.guest/tinylsm-goal3-62e0496/build/benchmark/_deps/protobuf-src/src/google/protobuf/port.h:181:5: warning: testing if a concept-id is a valid expression; add ‘requires’ to check satisfaction [-Wmissing-requires]
  181 |     std::derived_from<std::remove_pointer_t<To>,
      |     ^
      |     requires
[158/664] Building CXX object _deps/protobuf-build/CMakeFiles/libprotoc.dir/src/google/protobuf/compiler/java/full/string_field.cc.o
In file included from /home/tina.guest/tinylsm-goal3-62e0496/build/benchmark/_deps/protobuf-src/src/google/protobuf/compiler/java/options.h:13,
                 from /home/tina.guest/tinylsm-goal3-62e0496/build/benchmark/_deps/protobuf-src/src/google/protobuf/compiler/java/names.h:21,
                 from /home/tina.guest/tinylsm-goal3-62e0496/build/benchmark/_deps/protobuf-src/src/google/protobuf/compiler/java/helpers.h:19,
                 from /home/tina.guest/tinylsm-goal3-62e0496/build/benchmark/_deps/protobuf-src/src/google/protobuf/compiler/java/context.h:15,
                 from /home/tina.guest/tinylsm-goal3-62e0496/build/benchmark/_deps/protobuf-src/src/google/protobuf/compiler/java/generator_common.h:10,
                 from /home/tina.guest/tinylsm-goal3-62e0496/build/benchmark/_deps/protobuf-src/src/google/protobuf/compiler/java/full/field_generator.h:6,
                 from /home/tina.guest/tinylsm-goal3-62e0496/build/benchmark/_deps/protobuf-src/src/google/protobuf/compiler/java/full/string_field.h:18,
                 from /home/tina.guest/tinylsm-goal3-62e0496/build/benchmark/_deps/protobuf-src/src/google/protobuf/compiler/java/full/string_field.cc:13:
/home/tina.guest/tinylsm-goal3-62e0496/build/benchmark/_deps/protobuf-src/src/google/protobuf/port.h: In function ‘void google::protobuf::internal::AssertDownCast(From*)’:
/home/tina.guest/tinylsm-goal3-62e0496/build/benchmark/_deps/protobuf-src/src/google/protobuf/port.h:181:5: warning: testing if a concept-id is a valid expression; add ‘requires’ to check satisfaction [-Wmissing-requires]
  181 |     std::derived_from<std::remove_pointer_t<To>,
      |     ^
      |     requires
[159/664] Building CXX object _deps/protobuf-build/CMakeFiles/libprotoc.dir/src/google/protobuf/compiler/java/internal_helpers.cc.o
In file included from /home/tina.guest/tinylsm-goal3-62e0496/build/benchmark/_deps/protobuf-src/src/google/protobuf/arena.h:38,
                 from /home/tina.guest/tinylsm-goal3-62e0496/build/benchmark/_deps/protobuf-src/src/google/protobuf/compiler/java/java_features.pb.h:21,
                 from /home/tina.guest/tinylsm-goal3-62e0496/build/benchmark/_deps/protobuf-src/src/google/protobuf/compiler/java/internal_helpers.h:15,
                 from /home/tina.guest/tinylsm-goal3-62e0496/build/benchmark/_deps/protobuf-src/src/google/protobuf/compiler/java/internal_helpers.cc:12:
/home/tina.guest/tinylsm-goal3-62e0496/build/benchmark/_deps/protobuf-src/src/google/protobuf/port.h: In function ‘void google::protobuf::internal::AssertDownCast(From*)’:
/home/tina.guest/tinylsm-goal3-62e0496/build/benchmark/_deps/protobuf-src/src/google/protobuf/port.h:181:5: warning: testing if a concept-id is a valid expression; add ‘requires’ to check satisfaction [-Wmissing-requires]
  181 |     std::derived_from<std::remove_pointer_t<To>,
      |     ^
      |     requires
[160/664] Building CXX object _deps/protobuf-build/CMakeFiles/libprotoc.dir/src/google/protobuf/compiler/java/helpers.cc.o
In file included from /home/tina.guest/tinylsm-goal3-62e0496/build/benchmark/_deps/protobuf-src/src/google/protobuf/compiler/java/options.h:13,
                 from /home/tina.guest/tinylsm-goal3-62e0496/build/benchmark/_deps/protobuf-src/src/google/protobuf/compiler/java/names.h:21,
                 from /home/tina.guest/tinylsm-goal3-62e0496/build/benchmark/_deps/protobuf-src/src/google/protobuf/compiler/java/helpers.h:19,
                 from /home/tina.guest/tinylsm-goal3-62e0496/build/benchmark/_deps/protobuf-src/src/google/protobuf/compiler/java/helpers.cc:12:
/home/tina.guest/tinylsm-goal3-62e0496/build/benchmark/_deps/protobuf-src/src/google/protobuf/port.h: In function ‘void google::protobuf::internal::AssertDownCast(From*)’:
/home/tina.guest/tinylsm-goal3-62e0496/build/benchmark/_deps/protobuf-src/src/google/protobuf/port.h:181:5: warning: testing if a concept-id is a valid expression; add ‘requires’ to check satisfaction [-Wmissing-requires]
  181 |     std::derived_from<std::remove_pointer_t<To>,
      |     ^
      |     requires
[161/664] Building CXX object _deps/protobuf-build/CMakeFiles/libprotoc.dir/src/google/protobuf/compiler/java/generator.cc.o
In file included from /home/tina.guest/tinylsm-goal3-62e0496/build/benchmark/_deps/protobuf-src/src/google/protobuf/arena.h:38,
                 from /home/tina.guest/tinylsm-goal3-62e0496/build/benchmark/_deps/protobuf-src/src/google/protobuf/compiler/java/java_features.pb.h:21,
                 from /home/tina.guest/tinylsm-goal3-62e0496/build/benchmark/_deps/protobuf-src/src/google/protobuf/compiler/java/generator.h:21,
                 from /home/tina.guest/tinylsm-goal3-62e0496/build/benchmark/_deps/protobuf-src/src/google/protobuf/compiler/java/generator.cc:12:
/home/tina.guest/tinylsm-goal3-62e0496/build/benchmark/_deps/protobuf-src/src/google/protobuf/port.h: In function ‘void google::protobuf::internal::AssertDownCast(From*)’:
/home/tina.guest/tinylsm-goal3-62e0496/build/benchmark/_deps/protobuf-src/src/google/protobuf/port.h:181:5: warning: testing if a concept-id is a valid expression; add ‘requires’ to check satisfaction [-Wmissing-requires]
  181 |     std::derived_from<std::remove_pointer_t<To>,
      |     ^
      |     requires
[162/664] Building CXX object _deps/protobuf-build/CMakeFiles/libprotoc.dir/src/google/protobuf/compiler/java/lite/enum.cc.o
In file included from /home/tina.guest/tinylsm-goal3-62e0496/build/benchmark/_deps/protobuf-src/src/google/protobuf/compiler/java/options.h:13,
                 from /home/tina.guest/tinylsm-goal3-62e0496/build/benchmark/_deps/protobuf-src/src/google/protobuf/compiler/java/names.h:21,
                 from /home/tina.guest/tinylsm-goal3-62e0496/build/benchmark/_deps/protobuf-src/src/google/protobuf/compiler/java/helpers.h:19,
                 from /home/tina.guest/tinylsm-goal3-62e0496/build/benchmark/_deps/protobuf-src/src/google/protobuf/compiler/java/context.h:15,
                 from /home/tina.guest/tinylsm-goal3-62e0496/build/benchmark/_deps/protobuf-src/src/google/protobuf/compiler/java/generator_factory.h:19,
                 from /home/tina.guest/tinylsm-goal3-62e0496/build/benchmark/_deps/protobuf-src/src/google/protobuf/compiler/java/lite/enum.h:18,
                 from /home/tina.guest/tinylsm-goal3-62e0496/build/benchmark/_deps/protobuf-src/src/google/protobuf/compiler/java/lite/enum.cc:12:
/home/tina.guest/tinylsm-goal3-62e0496/build/benchmark/_deps/protobuf-src/src/google/protobuf/port.h: In function ‘void google::protobuf::internal::AssertDownCast(From*)’:
/home/tina.guest/tinylsm-goal3-62e0496/build/benchmark/_deps/protobuf-src/src/google/protobuf/port.h:181:5: warning: testing if a concept-id is a valid expression; add ‘requires’ to check satisfaction [-Wmissing-requires]
  181 |     std::derived_from<std::remove_pointer_t<To>,
      |     ^
      |     requires
[163/664] Building CXX object _deps/protobuf-build/CMakeFiles/libprotoc.dir/src/google/protobuf/compiler/java/lite/extension.cc.o
In file included from /home/tina.guest/tinylsm-goal3-62e0496/build/benchmark/_deps/protobuf-src/src/google/protobuf/compiler/java/options.h:13,
                 from /home/tina.guest/tinylsm-goal3-62e0496/build/benchmark/_deps/protobuf-src/src/google/protobuf/compiler/java/names.h:21,
                 from /home/tina.guest/tinylsm-goal3-62e0496/build/benchmark/_deps/protobuf-src/src/google/protobuf/compiler/java/helpers.h:19,
                 from /home/tina.guest/tinylsm-goal3-62e0496/build/benchmark/_deps/protobuf-src/src/google/protobuf/compiler/java/context.h:15,
                 from /home/tina.guest/tinylsm-goal3-62e0496/build/benchmark/_deps/protobuf-src/src/google/protobuf/compiler/java/generator_factory.h:19,
                 from /home/tina.guest/tinylsm-goal3-62e0496/build/benchmark/_deps/protobuf-src/src/google/protobuf/compiler/java/lite/extension.h:13,
                 from /home/tina.guest/tinylsm-goal3-62e0496/build/benchmark/_deps/protobuf-src/src/google/protobuf/compiler/java/lite/extension.cc:8:
/home/tina.guest/tinylsm-goal3-62e0496/build/benchmark/_deps/protobuf-src/src/google/protobuf/port.h: In function ‘void google::protobuf::internal::AssertDownCast(From*)’:
/home/tina.guest/tinylsm-goal3-62e0496/build/benchmark/_deps/protobuf-src/src/google/protobuf/port.h:181:5: warning: testing if a concept-id is a valid expression; add ‘requires’ to check satisfaction [-Wmissing-requires]
  181 |     std::derived_from<std::remove_pointer_t<To>,
      |     ^
      |     requires
[164/664] Building CXX object _deps/protobuf-build/CMakeFiles/libprotoc.dir/src/google/protobuf/compiler/java/lite/make_field_gens.cc.o
In file included from /home/tina.guest/tinylsm-goal3-62e0496/build/benchmark/_deps/protobuf-src/src/google/protobuf/compiler/java/options.h:13,
                 from /home/tina.guest/tinylsm-goal3-62e0496/build/benchmark/_deps/protobuf-src/src/google/protobuf/compiler/java/names.h:21,
                 from /home/tina.guest/tinylsm-goal3-62e0496/build/benchmark/_deps/protobuf-src/src/google/protobuf/compiler/java/helpers.h:19,
                 from /home/tina.guest/tinylsm-goal3-62e0496/build/benchmark/_deps/protobuf-src/src/google/protobuf/compiler/java/context.h:15,
                 from /home/tina.guest/tinylsm-goal3-62e0496/build/benchmark/_deps/protobuf-src/src/google/protobuf/compiler/java/lite/make_field_gens.h:14,
                 from /home/tina.guest/tinylsm-goal3-62e0496/build/benchmark/_deps/protobuf-src/src/google/protobuf/compiler/java/lite/make_field_gens.cc:12:
/home/tina.guest/tinylsm-goal3-62e0496/build/benchmark/_deps/protobuf-src/src/google/protobuf/port.h: In function ‘void google::protobuf::internal::AssertDownCast(From*)’:
/home/tina.guest/tinylsm-goal3-62e0496/build/benchmark/_deps/protobuf-src/src/google/protobuf/port.h:181:5: warning: testing if a concept-id is a valid expression; add ‘requires’ to check satisfaction [-Wmissing-requires]
  181 |     std::derived_from<std::remove_pointer_t<To>,
      |     ^
      |     requires
[165/664] Building CXX object _deps/protobuf-build/CMakeFiles/libprotoc.dir/src/google/protobuf/compiler/java/lite/generator_factory.cc.o
In file included from /home/tina.guest/tinylsm-goal3-62e0496/build/benchmark/_deps/protobuf-src/src/google/protobuf/compiler/java/options.h:13,
                 from /home/tina.guest/tinylsm-goal3-62e0496/build/benchmark/_deps/protobuf-src/src/google/protobuf/compiler/java/names.h:21,
                 from /home/tina.guest/tinylsm-goal3-62e0496/build/benchmark/_deps/protobuf-src/src/google/protobuf/compiler/java/helpers.h:19,
                 from /home/tina.guest/tinylsm-goal3-62e0496/build/benchmark/_deps/protobuf-src/src/google/protobuf/compiler/java/context.h:15,
                 from /home/tina.guest/tinylsm-goal3-62e0496/build/benchmark/_deps/protobuf-src/src/google/protobuf/compiler/java/generator_factory.h:19,
                 from /home/tina.guest/tinylsm-goal3-62e0496/build/benchmark/_deps/protobuf-src/src/google/protobuf/compiler/java/lite/generator_factory.cc:10:
/home/tina.guest/tinylsm-goal3-62e0496/build/benchmark/_deps/protobuf-src/src/google/protobuf/port.h: In function ‘void google::protobuf::internal::AssertDownCast(From*)’:
/home/tina.guest/tinylsm-goal3-62e0496/build/benchmark/_deps/protobuf-src/src/google/protobuf/port.h:181:5: warning: testing if a concept-id is a valid expression; add ‘requires’ to check satisfaction [-Wmissing-requires]
  181 |     std::derived_from<std::remove_pointer_t<To>,
      |     ^
      |     requires
[166/664] Building CXX object _deps/protobuf-build/CMakeFiles/libprotoc.dir/src/google/protobuf/compiler/java/lite/map_field.cc.o
In file included from /home/tina.guest/tinylsm-goal3-62e0496/build/benchmark/_deps/protobuf-src/src/google/protobuf/compiler/java/options.h:13,
                 from /home/tina.guest/tinylsm-goal3-62e0496/build/benchmark/_deps/protobuf-src/src/google/protobuf/compiler/java/names.h:21,
                 from /home/tina.guest/tinylsm-goal3-62e0496/build/benchmark/_deps/protobuf-src/src/google/protobuf/compiler/java/helpers.h:19,
                 from /home/tina.guest/tinylsm-goal3-62e0496/build/benchmark/_deps/protobuf-src/src/google/protobuf/compiler/java/context.h:15,
                 from /home/tina.guest/tinylsm-goal3-62e0496/build/benchmark/_deps/protobuf-src/src/google/protobuf/compiler/java/lite/map_field.h:17,
                 from /home/tina.guest/tinylsm-goal3-62e0496/build/benchmark/_deps/protobuf-src/src/google/protobuf/compiler/java/lite/map_field.cc:8:
/home/tina.guest/tinylsm-goal3-62e0496/build/benchmark/_deps/protobuf-src/src/google/protobuf/port.h: In function ‘void google::protobuf::internal::AssertDownCast(From*)’:
/home/tina.guest/tinylsm-goal3-62e0496/build/benchmark/_deps/protobuf-src/src/google/protobuf/port.h:181:5: warning: testing if a concept-id is a valid expression; add ‘requires’ to check satisfaction [-Wmissing-requires]
  181 |     std::derived_from<std::remove_pointer_t<To>,
      |     ^
      |     requires
[167/664] Building CXX object _deps/protobuf-build/CMakeFiles/libprotoc.dir/src/google/protobuf/compiler/java/lite/enum_field.cc.o
In file included from /home/tina.guest/tinylsm-goal3-62e0496/build/benchmark/_deps/protobuf-src/src/google/protobuf/compiler/java/options.h:13,
                 from /home/tina.guest/tinylsm-goal3-62e0496/build/benchmark/_deps/protobuf-src/src/google/protobuf/compiler/java/names.h:21,
                 from /home/tina.guest/tinylsm-goal3-62e0496/build/benchmark/_deps/protobuf-src/src/google/protobuf/compiler/java/helpers.h:19,
                 from /home/tina.guest/tinylsm-goal3-62e0496/build/benchmark/_deps/protobuf-src/src/google/protobuf/compiler/java/context.h:15,
                 from /home/tina.guest/tinylsm-goal3-62e0496/build/benchmark/_deps/protobuf-src/src/google/protobuf/compiler/java/generator_common.h:10,
                 from /home/tina.guest/tinylsm-goal3-62e0496/build/benchmark/_deps/protobuf-src/src/google/protobuf/compiler/java/lite/field_generator.h:7,
                 from /home/tina.guest/tinylsm-goal3-62e0496/build/benchmark/_deps/protobuf-src/src/google/protobuf/compiler/java/lite/enum_field.h:19,
                 from /home/tina.guest/tinylsm-goal3-62e0496/build/benchmark/_deps/protobuf-src/src/google/protobuf/compiler/java/lite/enum_field.cc:12:
/home/tina.guest/tinylsm-goal3-62e0496/build/benchmark/_deps/protobuf-src/src/google/protobuf/port.h: In function ‘void google::protobuf::internal::AssertDownCast(From*)’:
/home/tina.guest/tinylsm-goal3-62e0496/build/benchmark/_deps/protobuf-src/src/google/protobuf/port.h:181:5: warning: testing if a concept-id is a valid expression; add ‘requires’ to check satisfaction [-Wmissing-requires]
  181 |     std::derived_from<std::remove_pointer_t<To>,
      |     ^
      |     requires
[168/664] Building CXX object _deps/protobuf-build/CMakeFiles/libprotoc.dir/src/google/protobuf/compiler/java/lite/message_builder.cc.o
In file included from /home/tina.guest/tinylsm-goal3-62e0496/build/benchmark/_deps/protobuf-src/src/google/protobuf/compiler/java/options.h:13,
                 from /home/tina.guest/tinylsm-goal3-62e0496/build/benchmark/_deps/protobuf-src/src/google/protobuf/compiler/java/names.h:21,
                 from /home/tina.guest/tinylsm-goal3-62e0496/build/benchmark/_deps/protobuf-src/src/google/protobuf/compiler/java/helpers.h:19,
                 from /home/tina.guest/tinylsm-goal3-62e0496/build/benchmark/_deps/protobuf-src/src/google/protobuf/compiler/java/context.h:15,
                 from /home/tina.guest/tinylsm-goal3-62e0496/build/benchmark/_deps/protobuf-src/src/google/protobuf/compiler/java/generator_common.h:10,
                 from /home/tina.guest/tinylsm-goal3-62e0496/build/benchmark/_deps/protobuf-src/src/google/protobuf/compiler/java/lite/message_builder.h:18,
                 from /home/tina.guest/tinylsm-goal3-62e0496/build/benchmark/_deps/protobuf-src/src/google/protobuf/compiler/java/lite/message_builder.cc:12:
/home/tina.guest/tinylsm-goal3-62e0496/build/benchmark/_deps/protobuf-src/src/google/protobuf/port.h: In function ‘void google::protobuf::internal::AssertDownCast(From*)’:
/home/tina.guest/tinylsm-goal3-62e0496/build/benchmark/_deps/protobuf-src/src/google/protobuf/port.h:181:5: warning: testing if a concept-id is a valid expression; add ‘requires’ to check satisfaction [-Wmissing-requires]
  181 |     std::derived_from<std::remove_pointer_t<To>,
      |     ^
      |     requires
[169/664] Building CXX object _deps/protobuf-build/CMakeFiles/libprotoc.dir/src/google/protobuf/compiler/java/lite/message.cc.o
In file included from /home/tina.guest/tinylsm-goal3-62e0496/build/benchmark/_deps/protobuf-src/src/google/protobuf/compiler/java/options.h:13,
                 from /home/tina.guest/tinylsm-goal3-62e0496/build/benchmark/_deps/protobuf-src/src/google/protobuf/compiler/java/names.h:21,
                 from /home/tina.guest/tinylsm-goal3-62e0496/build/benchmark/_deps/protobuf-src/src/google/protobuf/compiler/java/helpers.h:19,
                 from /home/tina.guest/tinylsm-goal3-62e0496/build/benchmark/_deps/protobuf-src/src/google/protobuf/compiler/java/context.h:15,
                 from /home/tina.guest/tinylsm-goal3-62e0496/build/benchmark/_deps/protobuf-src/src/google/protobuf/compiler/java/lite/message.h:18,
                 from /home/tina.guest/tinylsm-goal3-62e0496/build/benchmark/_deps/protobuf-src/src/google/protobuf/compiler/java/lite/message.cc:12:
/home/tina.guest/tinylsm-goal3-62e0496/build/benchmark/_deps/protobuf-src/src/google/protobuf/port.h: In function ‘void google::protobuf::internal::AssertDownCast(From*)’:
/home/tina.guest/tinylsm-goal3-62e0496/build/benchmark/_deps/protobuf-src/src/google/protobuf/port.h:181:5: warning: testing if a concept-id is a valid expression; add ‘requires’ to check satisfaction [-Wmissing-requires]
  181 |     std::derived_from<std::remove_pointer_t<To>,
      |     ^
      |     requires
[170/664] Building CXX object _deps/protobuf-build/CMakeFiles/libprotoc.dir/src/google/protobuf/compiler/java/lite/message_field.cc.o
In file included from /home/tina.guest/tinylsm-goal3-62e0496/build/benchmark/_deps/protobuf-src/src/google/protobuf/compiler/java/options.h:13,
                 from /home/tina.guest/tinylsm-goal3-62e0496/build/benchmark/_deps/protobuf-src/src/google/protobuf/compiler/java/names.h:21,
                 from /home/tina.guest/tinylsm-goal3-62e0496/build/benchmark/_deps/protobuf-src/src/google/protobuf/compiler/java/helpers.h:19,
                 from /home/tina.guest/tinylsm-goal3-62e0496/build/benchmark/_deps/protobuf-src/src/google/protobuf/compiler/java/context.h:15,
                 from /home/tina.guest/tinylsm-goal3-62e0496/build/benchmark/_deps/protobuf-src/src/google/protobuf/compiler/java/generator_common.h:10,
                 from /home/tina.guest/tinylsm-goal3-62e0496/build/benchmark/_deps/protobuf-src/src/google/protobuf/compiler/java/lite/field_generator.h:7,
                 from /home/tina.guest/tinylsm-goal3-62e0496/build/benchmark/_deps/protobuf-src/src/google/protobuf/compiler/java/lite/message_field.h:21,
                 from /home/tina.guest/tinylsm-goal3-62e0496/build/benchmark/_deps/protobuf-src/src/google/protobuf/compiler/java/lite/message_field.cc:12:
/home/tina.guest/tinylsm-goal3-62e0496/build/benchmark/_deps/protobuf-src/src/google/protobuf/port.h: In function ‘void google::protobuf::internal::AssertDownCast(From*)’:
/home/tina.guest/tinylsm-goal3-62e0496/build/benchmark/_deps/protobuf-src/src/google/protobuf/port.h:181:5: warning: testing if a concept-id is a valid expression; add ‘requires’ to check satisfaction [-Wmissing-requires]
  181 |     std::derived_from<std::remove_pointer_t<To>,
      |     ^
      |     requires
[171/664] Building CXX object _deps/protobuf-build/CMakeFiles/libprotoc.dir/src/google/protobuf/compiler/java/message_serialization.cc.o
In file included from /home/tina.guest/tinylsm-goal3-62e0496/build/benchmark/_deps/protobuf-src/src/google/protobuf/compiler/java/options.h:13,
                 from /home/tina.guest/tinylsm-goal3-62e0496/build/benchmark/_deps/protobuf-src/src/google/protobuf/compiler/java/names.h:21,
                 from /home/tina.guest/tinylsm-goal3-62e0496/build/benchmark/_deps/protobuf-src/src/google/protobuf/compiler/java/helpers.h:19,
                 from /home/tina.guest/tinylsm-goal3-62e0496/build/benchmark/_deps/protobuf-src/src/google/protobuf/compiler/java/context.h:15,
                 from /home/tina.guest/tinylsm-goal3-62e0496/build/benchmark/_deps/protobuf-src/src/google/protobuf/compiler/java/generator_common.h:10,
                 from /home/tina.guest/tinylsm-goal3-62e0496/build/benchmark/_deps/protobuf-src/src/google/protobuf/compiler/java/message_serialization.h:16,
                 from /home/tina.guest/tinylsm-goal3-62e0496/build/benchmark/_deps/protobuf-src/src/google/protobuf/compiler/java/message_serialization.cc:8:
/home/tina.guest/tinylsm-goal3-62e0496/build/benchmark/_deps/protobuf-src/src/google/protobuf/port.h: In function ‘void google::protobuf::internal::AssertDownCast(From*)’:
/home/tina.guest/tinylsm-goal3-62e0496/build/benchmark/_deps/protobuf-src/src/google/protobuf/port.h:181:5: warning: testing if a concept-id is a valid expression; add ‘requires’ to check satisfaction [-Wmissing-requires]
  181 |     std::derived_from<std::remove_pointer_t<To>,
      |     ^
      |     requires
[172/664] Building CXX object _deps/protobuf-build/CMakeFiles/libprotoc.dir/src/google/protobuf/compiler/java/lite/string_field.cc.o
In file included from /home/tina.guest/tinylsm-goal3-62e0496/build/benchmark/_deps/protobuf-src/src/google/protobuf/compiler/java/options.h:13,
                 from /home/tina.guest/tinylsm-goal3-62e0496/build/benchmark/_deps/protobuf-src/src/google/protobuf/compiler/java/names.h:21,
                 from /home/tina.guest/tinylsm-goal3-62e0496/build/benchmark/_deps/protobuf-src/src/google/protobuf/compiler/java/helpers.h:19,
                 from /home/tina.guest/tinylsm-goal3-62e0496/build/benchmark/_deps/protobuf-src/src/google/protobuf/compiler/java/context.h:15,
                 from /home/tina.guest/tinylsm-goal3-62e0496/build/benchmark/_deps/protobuf-src/src/google/protobuf/compiler/java/generator_common.h:10,
                 from /home/tina.guest/tinylsm-goal3-62e0496/build/benchmark/_deps/protobuf-src/src/google/protobuf/compiler/java/lite/field_generator.h:7,
                 from /home/tina.guest/tinylsm-goal3-62e0496/build/benchmark/_deps/protobuf-src/src/google/protobuf/compiler/java/lite/string_field.h:22,
                 from /home/tina.guest/tinylsm-goal3-62e0496/build/benchmark/_deps/protobuf-src/src/google/protobuf/compiler/java/lite/string_field.cc:13:
/home/tina.guest/tinylsm-goal3-62e0496/build/benchmark/_deps/protobuf-src/src/google/protobuf/port.h: In function ‘void google::protobuf::internal::AssertDownCast(From*)’:
/home/tina.guest/tinylsm-goal3-62e0496/build/benchmark/_deps/protobuf-src/src/google/protobuf/port.h:181:5: warning: testing if a concept-id is a valid expression; add ‘requires’ to check satisfaction [-Wmissing-requires]
  181 |     std::derived_from<std::remove_pointer_t<To>,
      |     ^
      |     requires
[173/664] Building CXX object _deps/protobuf-build/CMakeFiles/libprotoc.dir/src/google/protobuf/compiler/java/lite/primitive_field.cc.o
In file included from /home/tina.guest/tinylsm-goal3-62e0496/build/benchmark/_deps/protobuf-src/src/google/protobuf/compiler/java/options.h:13,
                 from /home/tina.guest/tinylsm-goal3-62e0496/build/benchmark/_deps/protobuf-src/src/google/protobuf/compiler/java/names.h:21,
                 from /home/tina.guest/tinylsm-goal3-62e0496/build/benchmark/_deps/protobuf-src/src/google/protobuf/compiler/java/helpers.h:19,
                 from /home/tina.guest/tinylsm-goal3-62e0496/build/benchmark/_deps/protobuf-src/src/google/protobuf/compiler/java/context.h:15,
                 from /home/tina.guest/tinylsm-goal3-62e0496/build/benchmark/_deps/protobuf-src/src/google/protobuf/compiler/java/generator_common.h:10,
                 from /home/tina.guest/tinylsm-goal3-62e0496/build/benchmark/_deps/protobuf-src/src/google/protobuf/compiler/java/lite/field_generator.h:7,
                 from /home/tina.guest/tinylsm-goal3-62e0496/build/benchmark/_deps/protobuf-src/src/google/protobuf/compiler/java/lite/primitive_field.h:21,
                 from /home/tina.guest/tinylsm-goal3-62e0496/build/benchmark/_deps/protobuf-src/src/google/protobuf/compiler/java/lite/primitive_field.cc:12:
/home/tina.guest/tinylsm-goal3-62e0496/build/benchmark/_deps/protobuf-src/src/google/protobuf/port.h: In function ‘void google::protobuf::internal::AssertDownCast(From*)’:
/home/tina.guest/tinylsm-goal3-62e0496/build/benchmark/_deps/protobuf-src/src/google/protobuf/port.h:181:5: warning: testing if a concept-id is a valid expression; add ‘requires’ to check satisfaction [-Wmissing-requires]
  181 |     std::derived_from<std::remove_pointer_t<To>,
      |     ^
      |     requires
[174/664] Building CXX object _deps/protobuf-build/CMakeFiles/libprotoc.dir/src/google/protobuf/compiler/java/names.cc.o
In file included from /home/tina.guest/tinylsm-goal3-62e0496/build/benchmark/_deps/protobuf-src/src/google/protobuf/compiler/java/options.h:13,
                 from /home/tina.guest/tinylsm-goal3-62e0496/build/benchmark/_deps/protobuf-src/src/google/protobuf/compiler/java/names.h:21,
                 from /home/tina.guest/tinylsm-goal3-62e0496/build/benchmark/_deps/protobuf-src/src/google/protobuf/compiler/java/names.cc:12:
/home/tina.guest/tinylsm-goal3-62e0496/build/benchmark/_deps/protobuf-src/src/google/protobuf/port.h: In function ‘void google::protobuf::internal::AssertDownCast(From*)’:
/home/tina.guest/tinylsm-goal3-62e0496/build/benchmark/_deps/protobuf-src/src/google/protobuf/port.h:181:5: warning: testing if a concept-id is a valid expression; add ‘requires’ to check satisfaction [-Wmissing-requires]
  181 |     std::derived_from<std::remove_pointer_t<To>,
      |     ^
      |     requires
[175/664] Building CXX object _deps/protobuf-build/CMakeFiles/libprotoc.dir/src/google/protobuf/compiler/java/name_resolver.cc.o
In file included from /home/tina.guest/tinylsm-goal3-62e0496/build/benchmark/_deps/protobuf-src/src/google/protobuf/compiler/java/options.h:13,
                 from /home/tina.guest/tinylsm-goal3-62e0496/build/benchmark/_deps/protobuf-src/src/google/protobuf/compiler/java/name_resolver.h:14,
                 from /home/tina.guest/tinylsm-goal3-62e0496/build/benchmark/_deps/protobuf-src/src/google/protobuf/compiler/java/name_resolver.cc:8:
/home/tina.guest/tinylsm-goal3-62e0496/build/benchmark/_deps/protobuf-src/src/google/protobuf/port.h: In function ‘void google::protobuf::internal::AssertDownCast(From*)’:
/home/tina.guest/tinylsm-goal3-62e0496/build/benchmark/_deps/protobuf-src/src/google/protobuf/port.h:181:5: warning: testing if a concept-id is a valid expression; add ‘requires’ to check satisfaction [-Wmissing-requires]
  181 |     std::derived_from<std::remove_pointer_t<To>,
      |     ^
      |     requires
[176/664] Building CXX object _deps/protobuf-build/CMakeFiles/libprotoc.dir/src/google/protobuf/compiler/java/shared_code_generator.cc.o
In file included from /home/tina.guest/tinylsm-goal3-62e0496/build/benchmark/_deps/protobuf-src/src/google/protobuf/compiler/java/options.h:13,
                 from /home/tina.guest/tinylsm-goal3-62e0496/build/benchmark/_deps/protobuf-src/src/google/protobuf/compiler/java/shared_code_generator.h:19,
                 from /home/tina.guest/tinylsm-goal3-62e0496/build/benchmark/_deps/protobuf-src/src/google/protobuf/compiler/java/shared_code_generator.cc:10:
/home/tina.guest/tinylsm-goal3-62e0496/build/benchmark/_deps/protobuf-src/src/google/protobuf/port.h: In function ‘void google::protobuf::internal::AssertDownCast(From*)’:
/home/tina.guest/tinylsm-goal3-62e0496/build/benchmark/_deps/protobuf-src/src/google/protobuf/port.h:181:5: warning: testing if a concept-id is a valid expression; add ‘requires’ to check satisfaction [-Wmissing-requires]
  181 |     std::derived_from<std::remove_pointer_t<To>,
      |     ^
      |     requires
[177/664] Building CXX object _deps/protobuf-build/CMakeFiles/libprotoc.dir/src/google/protobuf/compiler/kotlin/generator.cc.o
In file included from /home/tina.guest/tinylsm-goal3-62e0496/build/benchmark/_deps/protobuf-src/src/google/protobuf/arena.h:38,
                 from /home/tina.guest/tinylsm-goal3-62e0496/build/benchmark/_deps/protobuf-src/src/google/protobuf/compiler/java/java_features.pb.h:21,
                 from /home/tina.guest/tinylsm-goal3-62e0496/build/benchmark/_deps/protobuf-src/src/google/protobuf/compiler/kotlin/generator.h:17,
                 from /home/tina.guest/tinylsm-goal3-62e0496/build/benchmark/_deps/protobuf-src/src/google/protobuf/compiler/kotlin/generator.cc:8:
/home/tina.guest/tinylsm-goal3-62e0496/build/benchmark/_deps/protobuf-src/src/google/protobuf/port.h: In function ‘void google::protobuf::internal::AssertDownCast(From*)’:
/home/tina.guest/tinylsm-goal3-62e0496/build/benchmark/_deps/protobuf-src/src/google/protobuf/port.h:181:5: warning: testing if a concept-id is a valid expression; add ‘requires’ to check satisfaction [-Wmissing-requires]
  181 |     std::derived_from<std::remove_pointer_t<To>,
      |     ^
      |     requires
[178/664] Building CXX object _deps/protobuf-build/CMakeFiles/libprotoc.dir/src/google/protobuf/compiler/kotlin/file.cc.o
In file included from /home/tina.guest/tinylsm-goal3-62e0496/build/benchmark/_deps/protobuf-src/src/google/protobuf/compiler/java/options.h:13,
                 from /home/tina.guest/tinylsm-goal3-62e0496/build/benchmark/_deps/protobuf-src/src/google/protobuf/compiler/kotlin/file.h:17,
                 from /home/tina.guest/tinylsm-goal3-62e0496/build/benchmark/_deps/protobuf-src/src/google/protobuf/compiler/kotlin/file.cc:8:
/home/tina.guest/tinylsm-goal3-62e0496/build/benchmark/_deps/protobuf-src/src/google/protobuf/port.h: In function ‘void google::protobuf::internal::AssertDownCast(From*)’:
/home/tina.guest/tinylsm-goal3-62e0496/build/benchmark/_deps/protobuf-src/src/google/protobuf/port.h:181:5: warning: testing if a concept-id is a valid expression; add ‘requires’ to check satisfaction [-Wmissing-requires]
  181 |     std::derived_from<std::remove_pointer_t<To>,
      |     ^
      |     requires
[179/664] Building CXX object _deps/protobuf-build/CMakeFiles/libprotoc.dir/src/google/protobuf/compiler/kotlin/message.cc.o
In file included from /home/tina.guest/tinylsm-goal3-62e0496/build/benchmark/_deps/protobuf-src/src/google/protobuf/compiler/java/options.h:13,
                 from /home/tina.guest/tinylsm-goal3-62e0496/build/benchmark/_deps/protobuf-src/src/google/protobuf/compiler/java/names.h:21,
                 from /home/tina.guest/tinylsm-goal3-62e0496/build/benchmark/_deps/protobuf-src/src/google/protobuf/compiler/java/helpers.h:19,
                 from /home/tina.guest/tinylsm-goal3-62e0496/build/benchmark/_deps/protobuf-src/src/google/protobuf/compiler/java/context.h:15,
                 from /home/tina.guest/tinylsm-goal3-62e0496/build/benchmark/_deps/protobuf-src/src/google/protobuf/compiler/kotlin/message.h:12,
                 from /home/tina.guest/tinylsm-goal3-62e0496/build/benchmark/_deps/protobuf-src/src/google/protobuf/compiler/kotlin/message.cc:8:
/home/tina.guest/tinylsm-goal3-62e0496/build/benchmark/_deps/protobuf-src/src/google/protobuf/port.h: In function ‘void google::protobuf::internal::AssertDownCast(From*)’:
/home/tina.guest/tinylsm-goal3-62e0496/build/benchmark/_deps/protobuf-src/src/google/protobuf/port.h:181:5: warning: testing if a concept-id is a valid expression; add ‘requires’ to check satisfaction [-Wmissing-requires]
  181 |     std::derived_from<std::remove_pointer_t<To>,
      |     ^
      |     requires
[180/664] Building CXX object _deps/protobuf-build/CMakeFiles/libprotoc.dir/src/google/protobuf/compiler/objectivec/enum.cc.o
In file included from /home/tina.guest/tinylsm-goal3-62e0496/build/benchmark/_deps/protobuf-src/src/google/protobuf/extension_set.h:36,
                 from /home/tina.guest/tinylsm-goal3-62e0496/build/benchmark/_deps/protobuf-src/src/google/protobuf/descriptor.h:56,
                 from /home/tina.guest/tinylsm-goal3-62e0496/build/benchmark/_deps/protobuf-src/src/google/protobuf/compiler/objectivec/enum.h:16,
                 from /home/tina.guest/tinylsm-goal3-62e0496/build/benchmark/_deps/protobuf-src/src/google/protobuf/compiler/objectivec/enum.cc:8:
/home/tina.guest/tinylsm-goal3-62e0496/build/benchmark/_deps/protobuf-src/src/google/protobuf/port.h: In function ‘void google::protobuf::internal::AssertDownCast(From*)’:
/home/tina.guest/tinylsm-goal3-62e0496/build/benchmark/_deps/protobuf-src/src/google/protobuf/port.h:181:5: warning: testing if a concept-id is a valid expression; add ‘requires’ to check satisfaction [-Wmissing-requires]
  181 |     std::derived_from<std::remove_pointer_t<To>,
      |     ^
      |     requires
[181/664] Building CXX object _deps/protobuf-build/CMakeFiles/libprotoc.dir/src/google/protobuf/compiler/objectivec/enum_field.cc.o
In file included from /home/tina.guest/tinylsm-goal3-62e0496/build/benchmark/_deps/protobuf-src/src/google/protobuf/extension_set.h:36,
                 from /home/tina.guest/tinylsm-goal3-62e0496/build/benchmark/_deps/protobuf-src/src/google/protobuf/descriptor.h:56,
                 from /home/tina.guest/tinylsm-goal3-62e0496/build/benchmark/_deps/protobuf-src/src/google/protobuf/compiler/objectivec/field.h:21,
                 from /home/tina.guest/tinylsm-goal3-62e0496/build/benchmark/_deps/protobuf-src/src/google/protobuf/compiler/objectivec/enum_field.h:15,
                 from /home/tina.guest/tinylsm-goal3-62e0496/build/benchmark/_deps/protobuf-src/src/google/protobuf/compiler/objectivec/enum_field.cc:8:
/home/tina.guest/tinylsm-goal3-62e0496/build/benchmark/_deps/protobuf-src/src/google/protobuf/port.h: In function ‘void google::protobuf::internal::AssertDownCast(From*)’:
/home/tina.guest/tinylsm-goal3-62e0496/build/benchmark/_deps/protobuf-src/src/google/protobuf/port.h:181:5: warning: testing if a concept-id is a valid expression; add ‘requires’ to check satisfaction [-Wmissing-requires]
  181 |     std::derived_from<std::remove_pointer_t<To>,
      |     ^
      |     requires
[182/664] Building CXX object _deps/protobuf-build/CMakeFiles/libprotoc.dir/src/google/protobuf/compiler/objectivec/extension.cc.o
In file included from /home/tina.guest/tinylsm-goal3-62e0496/build/benchmark/_deps/protobuf-src/src/google/protobuf/extension_set.h:36,
                 from /home/tina.guest/tinylsm-goal3-62e0496/build/benchmark/_deps/protobuf-src/src/google/protobuf/descriptor.h:56,
                 from /home/tina.guest/tinylsm-goal3-62e0496/build/benchmark/_deps/protobuf-src/src/google/protobuf/compiler/objectivec/extension.h:17,
                 from /home/tina.guest/tinylsm-goal3-62e0496/build/benchmark/_deps/protobuf-src/src/google/protobuf/compiler/objectivec/extension.cc:8:
/home/tina.guest/tinylsm-goal3-62e0496/build/benchmark/_deps/protobuf-src/src/google/protobuf/port.h: In function ‘void google::protobuf::internal::AssertDownCast(From*)’:
/home/tina.guest/tinylsm-goal3-62e0496/build/benchmark/_deps/protobuf-src/src/google/protobuf/port.h:181:5: warning: testing if a concept-id is a valid expression; add ‘requires’ to check satisfaction [-Wmissing-requires]
  181 |     std::derived_from<std::remove_pointer_t<To>,
      |     ^
      |     requires
[183/664] Building CXX object _deps/protobuf-build/CMakeFiles/libprotoc.dir/src/google/protobuf/compiler/objectivec/field.cc.o
In file included from /home/tina.guest/tinylsm-goal3-62e0496/build/benchmark/_deps/protobuf-src/src/google/protobuf/extension_set.h:36,
                 from /home/tina.guest/tinylsm-goal3-62e0496/build/benchmark/_deps/protobuf-src/src/google/protobuf/descriptor.h:56,
                 from /home/tina.guest/tinylsm-goal3-62e0496/build/benchmark/_deps/protobuf-src/src/google/protobuf/compiler/objectivec/field.h:21,
                 from /home/tina.guest/tinylsm-goal3-62e0496/build/benchmark/_deps/protobuf-src/src/google/protobuf/compiler/objectivec/field.cc:8:
/home/tina.guest/tinylsm-goal3-62e0496/build/benchmark/_deps/protobuf-src/src/google/protobuf/port.h: In function ‘void google::protobuf::internal::AssertDownCast(From*)’:
/home/tina.guest/tinylsm-goal3-62e0496/build/benchmark/_deps/protobuf-src/src/google/protobuf/port.h:181:5: warning: testing if a concept-id is a valid expression; add ‘requires’ to check satisfaction [-Wmissing-requires]
  181 |     std::derived_from<std::remove_pointer_t<To>,
      |     ^
      |     requires
[184/664] Building CXX object _deps/protobuf-build/CMakeFiles/libprotoc.dir/src/google/protobuf/compiler/objectivec/line_consumer.cc.o
In file included from /home/tina.guest/tinylsm-goal3-62e0496/build/benchmark/_deps/protobuf-src/src/google/protobuf/io/zero_copy_stream.h:89,
                 from /home/tina.guest/tinylsm-goal3-62e0496/build/benchmark/_deps/protobuf-src/src/google/protobuf/compiler/objectivec/line_consumer.h:14,
                 from /home/tina.guest/tinylsm-goal3-62e0496/build/benchmark/_deps/protobuf-src/src/google/protobuf/compiler/objectivec/line_consumer.cc:20:
/home/tina.guest/tinylsm-goal3-62e0496/build/benchmark/_deps/protobuf-src/src/google/protobuf/port.h: In function ‘void google::protobuf::internal::AssertDownCast(From*)’:
/home/tina.guest/tinylsm-goal3-62e0496/build/benchmark/_deps/protobuf-src/src/google/protobuf/port.h:181:5: warning: testing if a concept-id is a valid expression; add ‘requires’ to check satisfaction [-Wmissing-requires]
  181 |     std::derived_from<std::remove_pointer_t<To>,
      |     ^
      |     requires
[185/664] Building CXX object _deps/protobuf-build/CMakeFiles/libprotoc.dir/src/google/protobuf/compiler/objectivec/helpers.cc.o
In file included from /home/tina.guest/tinylsm-goal3-62e0496/build/benchmark/_deps/protobuf-src/src/google/protobuf/extension_set.h:36,
                 from /home/tina.guest/tinylsm-goal3-62e0496/build/benchmark/_deps/protobuf-src/src/google/protobuf/descriptor.h:56,
                 from /home/tina.guest/tinylsm-goal3-62e0496/build/benchmark/_deps/protobuf-src/src/google/protobuf/compiler/objectivec/helpers.h:19,
                 from /home/tina.guest/tinylsm-goal3-62e0496/build/benchmark/_deps/protobuf-src/src/google/protobuf/compiler/objectivec/helpers.cc:8:
/home/tina.guest/tinylsm-goal3-62e0496/build/benchmark/_deps/protobuf-src/src/google/protobuf/port.h: In function ‘void google::protobuf::internal::AssertDownCast(From*)’:
/home/tina.guest/tinylsm-goal3-62e0496/build/benchmark/_deps/protobuf-src/src/google/protobuf/port.h:181:5: warning: testing if a concept-id is a valid expression; add ‘requires’ to check satisfaction [-Wmissing-requires]
  181 |     std::derived_from<std::remove_pointer_t<To>,
      |     ^
      |     requires
[186/664] Building CXX object _deps/protobuf-build/CMakeFiles/libprotoc.dir/src/google/protobuf/compiler/objectivec/import_writer.cc.o
In file included from /home/tina.guest/tinylsm-goal3-62e0496/build/benchmark/_deps/protobuf-src/src/google/protobuf/extension_set.h:36,
                 from /home/tina.guest/tinylsm-goal3-62e0496/build/benchmark/_deps/protobuf-src/src/google/protobuf/descriptor.h:56,
                 from /home/tina.guest/tinylsm-goal3-62e0496/build/benchmark/_deps/protobuf-src/src/google/protobuf/compiler/objectivec/import_writer.h:15,
                 from /home/tina.guest/tinylsm-goal3-62e0496/build/benchmark/_deps/protobuf-src/src/google/protobuf/compiler/objectivec/import_writer.cc:8:
/home/tina.guest/tinylsm-goal3-62e0496/build/benchmark/_deps/protobuf-src/src/google/protobuf/port.h: In function ‘void google::protobuf::internal::AssertDownCast(From*)’:
/home/tina.guest/tinylsm-goal3-62e0496/build/benchmark/_deps/protobuf-src/src/google/protobuf/port.h:181:5: warning: testing if a concept-id is a valid expression; add ‘requires’ to check satisfaction [-Wmissing-requires]
  181 |     std::derived_from<std::remove_pointer_t<To>,
      |     ^
      |     requires
[187/664] Building CXX object _deps/protobuf-build/CMakeFiles/libprotoc.dir/src/google/protobuf/compiler/objectivec/generator.cc.o
In file included from /home/tina.guest/tinylsm-goal3-62e0496/build/benchmark/_deps/protobuf-src/src/google/protobuf/extension_set.h:36,
                 from /home/tina.guest/tinylsm-goal3-62e0496/build/benchmark/_deps/protobuf-src/src/google/protobuf/descriptor.h:56,
                 from /home/tina.guest/tinylsm-goal3-62e0496/build/benchmark/_deps/protobuf-src/src/google/protobuf/compiler/code_generator.h:26,
                 from /home/tina.guest/tinylsm-goal3-62e0496/build/benchmark/_deps/protobuf-src/src/google/protobuf/compiler/objectivec/generator.h:17,
                 from /home/tina.guest/tinylsm-goal3-62e0496/build/benchmark/_deps/protobuf-src/src/google/protobuf/compiler/objectivec/generator.cc:8:
/home/tina.guest/tinylsm-goal3-62e0496/build/benchmark/_deps/protobuf-src/src/google/protobuf/port.h: In function ‘void google::protobuf::internal::AssertDownCast(From*)’:
/home/tina.guest/tinylsm-goal3-62e0496/build/benchmark/_deps/protobuf-src/src/google/protobuf/port.h:181:5: warning: testing if a concept-id is a valid expression; add ‘requires’ to check satisfaction [-Wmissing-requires]
  181 |     std::derived_from<std::remove_pointer_t<To>,
      |     ^
      |     requires
[188/664] Building CXX object _deps/protobuf-build/CMakeFiles/libprotoc.dir/src/google/protobuf/compiler/objectivec/file.cc.o
In file included from /home/tina.guest/tinylsm-goal3-62e0496/build/benchmark/_deps/protobuf-src/src/google/protobuf/extension_set.h:36,
                 from /home/tina.guest/tinylsm-goal3-62e0496/build/benchmark/_deps/protobuf-src/src/google/protobuf/descriptor.h:56,
                 from /home/tina.guest/tinylsm-goal3-62e0496/build/benchmark/_deps/protobuf-src/src/google/protobuf/compiler/objectivec/enum.h:16,
                 from /home/tina.guest/tinylsm-goal3-62e0496/build/benchmark/_deps/protobuf-src/src/google/protobuf/compiler/objectivec/file.h:19,
                 from /home/tina.guest/tinylsm-goal3-62e0496/build/benchmark/_deps/protobuf-src/src/google/protobuf/compiler/objectivec/file.cc:8:
/home/tina.guest/tinylsm-goal3-62e0496/build/benchmark/_deps/protobuf-src/src/google/protobuf/port.h: In function ‘void google::protobuf::internal::AssertDownCast(From*)’:
/home/tina.guest/tinylsm-goal3-62e0496/build/benchmark/_deps/protobuf-src/src/google/protobuf/port.h:181:5: warning: testing if a concept-id is a valid expression; add ‘requires’ to check satisfaction [-Wmissing-requires]
  181 |     std::derived_from<std::remove_pointer_t<To>,
      |     ^
      |     requires
[189/664] Building CXX object _deps/protobuf-build/CMakeFiles/libprotoc.dir/src/google/protobuf/compiler/objectivec/message_field.cc.o
In file included from /home/tina.guest/tinylsm-goal3-62e0496/build/benchmark/_deps/protobuf-src/src/google/protobuf/extension_set.h:36,
                 from /home/tina.guest/tinylsm-goal3-62e0496/build/benchmark/_deps/protobuf-src/src/google/protobuf/descriptor.h:56,
                 from /home/tina.guest/tinylsm-goal3-62e0496/build/benchmark/_deps/protobuf-src/src/google/protobuf/compiler/objectivec/field.h:21,
                 from /home/tina.guest/tinylsm-goal3-62e0496/build/benchmark/_deps/protobuf-src/src/google/protobuf/compiler/objectivec/message_field.h:15,
                 from /home/tina.guest/tinylsm-goal3-62e0496/build/benchmark/_deps/protobuf-src/src/google/protobuf/compiler/objectivec/message_field.cc:8:
/home/tina.guest/tinylsm-goal3-62e0496/build/benchmark/_deps/protobuf-src/src/google/protobuf/port.h: In function ‘void google::protobuf::internal::AssertDownCast(From*)’:
/home/tina.guest/tinylsm-goal3-62e0496/build/benchmark/_deps/protobuf-src/src/google/protobuf/port.h:181:5: warning: testing if a concept-id is a valid expression; add ‘requires’ to check satisfaction [-Wmissing-requires]
  181 |     std::derived_from<std::remove_pointer_t<To>,
      |     ^
      |     requires
[190/664] Building CXX object _deps/protobuf-build/CMakeFiles/libprotoc.dir/src/google/protobuf/compiler/objectivec/map_field.cc.o
In file included from /home/tina.guest/tinylsm-goal3-62e0496/build/benchmark/_deps/protobuf-src/src/google/protobuf/extension_set.h:36,
                 from /home/tina.guest/tinylsm-goal3-62e0496/build/benchmark/_deps/protobuf-src/src/google/protobuf/descriptor.h:56,
                 from /home/tina.guest/tinylsm-goal3-62e0496/build/benchmark/_deps/protobuf-src/src/google/protobuf/compiler/objectivec/field.h:21,
                 from /home/tina.guest/tinylsm-goal3-62e0496/build/benchmark/_deps/protobuf-src/src/google/protobuf/compiler/objectivec/map_field.h:16,
                 from /home/tina.guest/tinylsm-goal3-62e0496/build/benchmark/_deps/protobuf-src/src/google/protobuf/compiler/objectivec/map_field.cc:8:
/home/tina.guest/tinylsm-goal3-62e0496/build/benchmark/_deps/protobuf-src/src/google/protobuf/port.h: In function ‘void google::protobuf::internal::AssertDownCast(From*)’:
/home/tina.guest/tinylsm-goal3-62e0496/build/benchmark/_deps/protobuf-src/src/google/protobuf/port.h:181:5: warning: testing if a concept-id is a valid expression; add ‘requires’ to check satisfaction [-Wmissing-requires]
  181 |     std::derived_from<std::remove_pointer_t<To>,
      |     ^
      |     requires
[191/664] Building CXX object _deps/protobuf-build/CMakeFiles/libprotoc.dir/src/google/protobuf/compiler/objectivec/oneof.cc.o
In file included from /home/tina.guest/tinylsm-goal3-62e0496/build/benchmark/_deps/protobuf-src/src/google/protobuf/extension_set.h:36,
                 from /home/tina.guest/tinylsm-goal3-62e0496/build/benchmark/_deps/protobuf-src/src/google/protobuf/descriptor.h:56,
                 from /home/tina.guest/tinylsm-goal3-62e0496/build/benchmark/_deps/protobuf-src/src/google/protobuf/compiler/objectivec/oneof.h:16,
                 from /home/tina.guest/tinylsm-goal3-62e0496/build/benchmark/_deps/protobuf-src/src/google/protobuf/compiler/objectivec/oneof.cc:8:
/home/tina.guest/tinylsm-goal3-62e0496/build/benchmark/_deps/protobuf-src/src/google/protobuf/port.h: In function ‘void google::protobuf::internal::AssertDownCast(From*)’:
/home/tina.guest/tinylsm-goal3-62e0496/build/benchmark/_deps/protobuf-src/src/google/protobuf/port.h:181:5: warning: testing if a concept-id is a valid expression; add ‘requires’ to check satisfaction [-Wmissing-requires]
  181 |     std::derived_from<std::remove_pointer_t<To>,
      |     ^
      |     requires
[192/664] Building CXX object _deps/protobuf-build/CMakeFiles/libprotoc.dir/src/google/protobuf/compiler/objectivec/names.cc.o
In file included from /home/tina.guest/tinylsm-goal3-62e0496/build/benchmark/_deps/protobuf-src/src/google/protobuf/extension_set.h:36,
                 from /home/tina.guest/tinylsm-goal3-62e0496/build/benchmark/_deps/protobuf-src/src/google/protobuf/descriptor.h:56,
                 from /home/tina.guest/tinylsm-goal3-62e0496/build/benchmark/_deps/protobuf-src/src/google/protobuf/compiler/objectivec/names.h:17,
                 from /home/tina.guest/tinylsm-goal3-62e0496/build/benchmark/_deps/protobuf-src/src/google/protobuf/compiler/objectivec/names.cc:8:
/home/tina.guest/tinylsm-goal3-62e0496/build/benchmark/_deps/protobuf-src/src/google/protobuf/port.h: In function ‘void google::protobuf::internal::AssertDownCast(From*)’:
/home/tina.guest/tinylsm-goal3-62e0496/build/benchmark/_deps/protobuf-src/src/google/protobuf/port.h:181:5: warning: testing if a concept-id is a valid expression; add ‘requires’ to check satisfaction [-Wmissing-requires]
  181 |     std::derived_from<std::remove_pointer_t<To>,
      |     ^
      |     requires
[193/664] Building CXX object _deps/protobuf-build/CMakeFiles/libprotoc.dir/src/google/protobuf/compiler/objectivec/primitive_field.cc.o
In file included from /home/tina.guest/tinylsm-goal3-62e0496/build/benchmark/_deps/protobuf-src/src/google/protobuf/extension_set.h:36,
                 from /home/tina.guest/tinylsm-goal3-62e0496/build/benchmark/_deps/protobuf-src/src/google/protobuf/descriptor.h:56,
                 from /home/tina.guest/tinylsm-goal3-62e0496/build/benchmark/_deps/protobuf-src/src/google/protobuf/compiler/objectivec/field.h:21,
                 from /home/tina.guest/tinylsm-goal3-62e0496/build/benchmark/_deps/protobuf-src/src/google/protobuf/compiler/objectivec/primitive_field.h:11,
                 from /home/tina.guest/tinylsm-goal3-62e0496/build/benchmark/_deps/protobuf-src/src/google/protobuf/compiler/objectivec/primitive_field.cc:8:
/home/tina.guest/tinylsm-goal3-62e0496/build/benchmark/_deps/protobuf-src/src/google/protobuf/port.h: In function ‘void google::protobuf::internal::AssertDownCast(From*)’:
/home/tina.guest/tinylsm-goal3-62e0496/build/benchmark/_deps/protobuf-src/src/google/protobuf/port.h:181:5: warning: testing if a concept-id is a valid expression; add ‘requires’ to check satisfaction [-Wmissing-requires]
  181 |     std::derived_from<std::remove_pointer_t<To>,
      |     ^
      |     requires
[194/664] Building CXX object _deps/protobuf-build/CMakeFiles/libprotoc.dir/src/google/protobuf/compiler/objectivec/tf_decode_data.cc.o
In file included from /home/tina.guest/tinylsm-goal3-62e0496/build/benchmark/_deps/protobuf-src/src/google/protobuf/io/zero_copy_stream.h:89,
                 from /home/tina.guest/tinylsm-goal3-62e0496/build/benchmark/_deps/protobuf-src/src/google/protobuf/io/zero_copy_stream_impl.h:24,
                 from /home/tina.guest/tinylsm-goal3-62e0496/build/benchmark/_deps/protobuf-src/src/google/protobuf/compiler/objectivec/tf_decode_data.cc:20:
/home/tina.guest/tinylsm-goal3-62e0496/build/benchmark/_deps/protobuf-src/src/google/protobuf/port.h: In function ‘void google::protobuf::internal::AssertDownCast(From*)’:
/home/tina.guest/tinylsm-goal3-62e0496/build/benchmark/_deps/protobuf-src/src/google/protobuf/port.h:181:5: warning: testing if a concept-id is a valid expression; add ‘requires’ to check satisfaction [-Wmissing-requires]
  181 |     std::derived_from<std::remove_pointer_t<To>,
      |     ^
      |     requires
[195/664] Building CXX object _deps/protobuf-build/CMakeFiles/libprotoc.dir/src/google/protobuf/compiler/objectivec/message.cc.o
In file included from /home/tina.guest/tinylsm-goal3-62e0496/build/benchmark/_deps/protobuf-src/src/google/protobuf/extension_set.h:36,
                 from /home/tina.guest/tinylsm-goal3-62e0496/build/benchmark/_deps/protobuf-src/src/google/protobuf/descriptor.h:56,
                 from /home/tina.guest/tinylsm-goal3-62e0496/build/benchmark/_deps/protobuf-src/src/google/protobuf/compiler/objectivec/field.h:21,
                 from /home/tina.guest/tinylsm-goal3-62e0496/build/benchmark/_deps/protobuf-src/src/google/protobuf/compiler/objectivec/message.h:18,
                 from /home/tina.guest/tinylsm-goal3-62e0496/build/benchmark/_deps/protobuf-src/src/google/protobuf/compiler/objectivec/message.cc:8:
/home/tina.guest/tinylsm-goal3-62e0496/build/benchmark/_deps/protobuf-src/src/google/protobuf/port.h: In function ‘void google::protobuf::internal::AssertDownCast(From*)’:
/home/tina.guest/tinylsm-goal3-62e0496/build/benchmark/_deps/protobuf-src/src/google/protobuf/port.h:181:5: warning: testing if a concept-id is a valid expression; add ‘requires’ to check satisfaction [-Wmissing-requires]
  181 |     std::derived_from<std::remove_pointer_t<To>,
      |     ^
      |     requires
[196/664] Building CXX object _deps/protobuf-build/CMakeFiles/libprotoc.dir/src/google/protobuf/compiler/php/names.cc.o
In file included from /home/tina.guest/tinylsm-goal3-62e0496/build/benchmark/_deps/protobuf-src/src/google/protobuf/extension_set.h:36,
                 from /home/tina.guest/tinylsm-goal3-62e0496/build/benchmark/_deps/protobuf-src/src/google/protobuf/descriptor.h:56,
                 from /home/tina.guest/tinylsm-goal3-62e0496/build/benchmark/_deps/protobuf-src/src/google/protobuf/compiler/php/names.h:11,
                 from /home/tina.guest/tinylsm-goal3-62e0496/build/benchmark/_deps/protobuf-src/src/google/protobuf/compiler/php/names.cc:8:
/home/tina.guest/tinylsm-goal3-62e0496/build/benchmark/_deps/protobuf-src/src/google/protobuf/port.h: In function ‘void google::protobuf::internal::AssertDownCast(From*)’:
/home/tina.guest/tinylsm-goal3-62e0496/build/benchmark/_deps/protobuf-src/src/google/protobuf/port.h:181:5: warning: testing if a concept-id is a valid expression; add ‘requires’ to check satisfaction [-Wmissing-requires]
  181 |     std::derived_from<std::remove_pointer_t<To>,
      |     ^
      |     requires
[197/664] Building CXX object _deps/protobuf-build/CMakeFiles/libprotoc.dir/src/google/protobuf/compiler/plugin.cc.o
In file included from /home/tina.guest/tinylsm-goal3-62e0496/build/benchmark/_deps/protobuf-src/src/google/protobuf/extension_set.h:36,
                 from /home/tina.guest/tinylsm-goal3-62e0496/build/benchmark/_deps/protobuf-src/src/google/protobuf/descriptor.h:56,
                 from /home/tina.guest/tinylsm-goal3-62e0496/build/benchmark/_deps/protobuf-src/src/google/protobuf/compiler/code_generator.h:26,
                 from /home/tina.guest/tinylsm-goal3-62e0496/build/benchmark/_deps/protobuf-src/src/google/protobuf/compiler/plugin.cc:26:
/home/tina.guest/tinylsm-goal3-62e0496/build/benchmark/_deps/protobuf-src/src/google/protobuf/port.h: In function ‘void google::protobuf::internal::AssertDownCast(From*)’:
/home/tina.guest/tinylsm-goal3-62e0496/build/benchmark/_deps/protobuf-src/src/google/protobuf/port.h:181:5: warning: testing if a concept-id is a valid expression; add ‘requires’ to check satisfaction [-Wmissing-requires]
  181 |     std::derived_from<std::remove_pointer_t<To>,
      |     ^
      |     requires
[198/664] Building CXX object _deps/protobuf-build/CMakeFiles/libprotoc.dir/src/google/protobuf/compiler/plugin.pb.cc.o
In file included from /home/tina.guest/tinylsm-goal3-62e0496/build/benchmark/_deps/protobuf-src/src/google/protobuf/arena.h:38,
                 from /home/tina.guest/tinylsm-goal3-62e0496/build/benchmark/_deps/protobuf-src/src/google/protobuf/compiler/plugin.pb.h:21,
                 from /home/tina.guest/tinylsm-goal3-62e0496/build/benchmark/_deps/protobuf-src/src/google/protobuf/compiler/plugin.pb.cc:6:
/home/tina.guest/tinylsm-goal3-62e0496/build/benchmark/_deps/protobuf-src/src/google/protobuf/port.h: In function ‘void google::protobuf::internal::AssertDownCast(From*)’:
/home/tina.guest/tinylsm-goal3-62e0496/build/benchmark/_deps/protobuf-src/src/google/protobuf/port.h:181:5: warning: testing if a concept-id is a valid expression; add ‘requires’ to check satisfaction [-Wmissing-requires]
  181 |     std::derived_from<std::remove_pointer_t<To>,
      |     ^
      |     requires
[199/664] Building CXX object _deps/protobuf-build/CMakeFiles/libprotoc.dir/src/google/protobuf/compiler/python/helpers.cc.o
In file included from /home/tina.guest/tinylsm-goal3-62e0496/build/benchmark/_deps/protobuf-src/src/google/protobuf/extension_set.h:36,
                 from /home/tina.guest/tinylsm-goal3-62e0496/build/benchmark/_deps/protobuf-src/src/google/protobuf/descriptor.h:56,
                 from /home/tina.guest/tinylsm-goal3-62e0496/build/benchmark/_deps/protobuf-src/src/google/protobuf/compiler/python/helpers.h:15,
                 from /home/tina.guest/tinylsm-goal3-62e0496/build/benchmark/_deps/protobuf-src/src/google/protobuf/compiler/python/helpers.cc:8:
/home/tina.guest/tinylsm-goal3-62e0496/build/benchmark/_deps/protobuf-src/src/google/protobuf/port.h: In function ‘void google::protobuf::internal::AssertDownCast(From*)’:
/home/tina.guest/tinylsm-goal3-62e0496/build/benchmark/_deps/protobuf-src/src/google/protobuf/port.h:181:5: warning: testing if a concept-id is a valid expression; add ‘requires’ to check satisfaction [-Wmissing-requires]
  181 |     std::derived_from<std::remove_pointer_t<To>,
      |     ^
      |     requires
[200/664] Building CXX object _deps/protobuf-build/CMakeFiles/libprotoc.dir/src/google/protobuf/compiler/rust/accessors/accessor_case.cc.o
[201/664] Building CXX object _deps/protobuf-build/CMakeFiles/libprotoc.dir/src/google/protobuf/compiler/php/php_generator.cc.o
In file included from /home/tina.guest/tinylsm-goal3-62e0496/build/benchmark/_deps/protobuf-src/src/google/protobuf/extension_set.h:36,
                 from /home/tina.guest/tinylsm-goal3-62e0496/build/benchmark/_deps/protobuf-src/src/google/protobuf/descriptor.h:56,
                 from /home/tina.guest/tinylsm-goal3-62e0496/build/benchmark/_deps/protobuf-src/src/google/protobuf/compiler/code_generator.h:26,
                 from /home/tina.guest/tinylsm-goal3-62e0496/build/benchmark/_deps/protobuf-src/src/google/protobuf/compiler/php/php_generator.h:14,
                 from /home/tina.guest/tinylsm-goal3-62e0496/build/benchmark/_deps/protobuf-src/src/google/protobuf/compiler/php/php_generator.cc:8:
/home/tina.guest/tinylsm-goal3-62e0496/build/benchmark/_deps/protobuf-src/src/google/protobuf/port.h: In function ‘void google::protobuf::internal::AssertDownCast(From*)’:
/home/tina.guest/tinylsm-goal3-62e0496/build/benchmark/_deps/protobuf-src/src/google/protobuf/port.h:181:5: warning: testing if a concept-id is a valid expression; add ‘requires’ to check satisfaction [-Wmissing-requires]
  181 |     std::derived_from<std::remove_pointer_t<To>,
      |     ^
      |     requires
[202/664] Building CXX object _deps/protobuf-build/CMakeFiles/libprotoc.dir/src/google/protobuf/compiler/retention.cc.o
In file included from /home/tina.guest/tinylsm-goal3-62e0496/build/benchmark/_deps/protobuf-src/src/google/protobuf/extension_set.h:36,
                 from /home/tina.guest/tinylsm-goal3-62e0496/build/benchmark/_deps/protobuf-src/src/google/protobuf/descriptor.h:56,
                 from /home/tina.guest/tinylsm-goal3-62e0496/build/benchmark/_deps/protobuf-src/src/google/protobuf/compiler/retention.h:11,
                 from /home/tina.guest/tinylsm-goal3-62e0496/build/benchmark/_deps/protobuf-src/src/google/protobuf/compiler/retention.cc:8:
/home/tina.guest/tinylsm-goal3-62e0496/build/benchmark/_deps/protobuf-src/src/google/protobuf/port.h: In function ‘void google::protobuf::internal::AssertDownCast(From*)’:
/home/tina.guest/tinylsm-goal3-62e0496/build/benchmark/_deps/protobuf-src/src/google/protobuf/port.h:181:5: warning: testing if a concept-id is a valid expression; add ‘requires’ to check satisfaction [-Wmissing-requires]
  181 |     std::derived_from<std::remove_pointer_t<To>,
      |     ^
      |     requires
[203/664] Building CXX object _deps/protobuf-build/CMakeFiles/libprotoc.dir/src/google/protobuf/compiler/python/generator.cc.o
In file included from /home/tina.guest/tinylsm-goal3-62e0496/build/benchmark/_deps/protobuf-src/src/google/protobuf/extension_set.h:36,
                 from /home/tina.guest/tinylsm-goal3-62e0496/build/benchmark/_deps/protobuf-src/src/google/protobuf/descriptor.h:56,
                 from /home/tina.guest/tinylsm-goal3-62e0496/build/benchmark/_deps/protobuf-src/src/google/protobuf/compiler/code_generator.h:26,
                 from /home/tina.guest/tinylsm-goal3-62e0496/build/benchmark/_deps/protobuf-src/src/google/protobuf/compiler/python/generator.h:21,
                 from /home/tina.guest/tinylsm-goal3-62e0496/build/benchmark/_deps/protobuf-src/src/google/protobuf/compiler/python/generator.cc:22:
/home/tina.guest/tinylsm-goal3-62e0496/build/benchmark/_deps/protobuf-src/src/google/protobuf/port.h: In function ‘void google::protobuf::internal::AssertDownCast(From*)’:
/home/tina.guest/tinylsm-goal3-62e0496/build/benchmark/_deps/protobuf-src/src/google/protobuf/port.h:181:5: warning: testing if a concept-id is a valid expression; add ‘requires’ to check satisfaction [-Wmissing-requires]
  181 |     std::derived_from<std::remove_pointer_t<To>,
      |     ^
      |     requires
[204/664] Building CXX object _deps/protobuf-build/CMakeFiles/libprotoc.dir/src/google/protobuf/compiler/ruby/ruby_generator.cc.o
In file included from /home/tina.guest/tinylsm-goal3-62e0496/build/benchmark/_deps/protobuf-src/src/google/protobuf/extension_set.h:36,
                 from /home/tina.guest/tinylsm-goal3-62e0496/build/benchmark/_deps/protobuf-src/src/google/protobuf/descriptor.h:56,
                 from /home/tina.guest/tinylsm-goal3-62e0496/build/benchmark/_deps/protobuf-src/src/google/protobuf/compiler/code_generator.h:26,
                 from /home/tina.guest/tinylsm-goal3-62e0496/build/benchmark/_deps/protobuf-src/src/google/protobuf/compiler/ruby/ruby_generator.h:15,
                 from /home/tina.guest/tinylsm-goal3-62e0496/build/benchmark/_deps/protobuf-src/src/google/protobuf/compiler/ruby/ruby_generator.cc:8:
/home/tina.guest/tinylsm-goal3-62e0496/build/benchmark/_deps/protobuf-src/src/google/protobuf/port.h: In function ‘void google::protobuf::internal::AssertDownCast(From*)’:
/home/tina.guest/tinylsm-goal3-62e0496/build/benchmark/_deps/protobuf-src/src/google/protobuf/port.h:181:5: warning: testing if a concept-id is a valid expression; add ‘requires’ to check satisfaction [-Wmissing-requires]
  181 |     std::derived_from<std::remove_pointer_t<To>,
      |     ^
      |     requires
[205/664] Building CXX object _deps/protobuf-build/CMakeFiles/libprotoc.dir/src/google/protobuf/compiler/python/pyi_generator.cc.o
In file included from /home/tina.guest/tinylsm-goal3-62e0496/build/benchmark/_deps/protobuf-src/src/google/protobuf/extension_set.h:36,
                 from /home/tina.guest/tinylsm-goal3-62e0496/build/benchmark/_deps/protobuf-src/src/google/protobuf/descriptor.h:56,
                 from /home/tina.guest/tinylsm-goal3-62e0496/build/benchmark/_deps/protobuf-src/src/google/protobuf/compiler/code_generator.h:26,
                 from /home/tina.guest/tinylsm-goal3-62e0496/build/benchmark/_deps/protobuf-src/src/google/protobuf/compiler/python/pyi_generator.h:21,
                 from /home/tina.guest/tinylsm-goal3-62e0496/build/benchmark/_deps/protobuf-src/src/google/protobuf/compiler/python/pyi_generator.cc:8:
/home/tina.guest/tinylsm-goal3-62e0496/build/benchmark/_deps/protobuf-src/src/google/protobuf/port.h: In function ‘void google::protobuf::internal::AssertDownCast(From*)’:
/home/tina.guest/tinylsm-goal3-62e0496/build/benchmark/_deps/protobuf-src/src/google/protobuf/port.h:181:5: warning: testing if a concept-id is a valid expression; add ‘requires’ to check satisfaction [-Wmissing-requires]
  181 |     std::derived_from<std::remove_pointer_t<To>,
      |     ^
      |     requires
[206/664] Building CXX object _deps/protobuf-build/CMakeFiles/libprotoc.dir/src/google/protobuf/compiler/rust/accessors/accessors.cc.o
In file included from /home/tina.guest/tinylsm-goal3-62e0496/build/benchmark/_deps/protobuf-src/src/google/protobuf/extension_set.h:36,
                 from /home/tina.guest/tinylsm-goal3-62e0496/build/benchmark/_deps/protobuf-src/src/google/protobuf/descriptor.h:56,
                 from /home/tina.guest/tinylsm-goal3-62e0496/build/benchmark/_deps/protobuf-src/src/google/protobuf/compiler/rust/context.h:20,
                 from /home/tina.guest/tinylsm-goal3-62e0496/build/benchmark/_deps/protobuf-src/src/google/protobuf/compiler/rust/accessors/accessors.h:12,
                 from /home/tina.guest/tinylsm-goal3-62e0496/build/benchmark/_deps/protobuf-src/src/google/protobuf/compiler/rust/accessors/accessors.cc:8:
/home/tina.guest/tinylsm-goal3-62e0496/build/benchmark/_deps/protobuf-src/src/google/protobuf/port.h: In function ‘void google::protobuf::internal::AssertDownCast(From*)’:
/home/tina.guest/tinylsm-goal3-62e0496/build/benchmark/_deps/protobuf-src/src/google/protobuf/port.h:181:5: warning: testing if a concept-id is a valid expression; add ‘requires’ to check satisfaction [-Wmissing-requires]
  181 |     std::derived_from<std::remove_pointer_t<To>,
      |     ^
      |     requires
[207/664] Building CXX object _deps/protobuf-build/CMakeFiles/libprotoc.dir/src/google/protobuf/compiler/rust/accessors/default_value.cc.o
In file included from /home/tina.guest/tinylsm-goal3-62e0496/build/benchmark/_deps/protobuf-src/src/google/protobuf/extension_set.h:36,
                 from /home/tina.guest/tinylsm-goal3-62e0496/build/benchmark/_deps/protobuf-src/src/google/protobuf/descriptor.h:56,
                 from /home/tina.guest/tinylsm-goal3-62e0496/build/benchmark/_deps/protobuf-src/src/google/protobuf/compiler/rust/context.h:20,
                 from /home/tina.guest/tinylsm-goal3-62e0496/build/benchmark/_deps/protobuf-src/src/google/protobuf/compiler/rust/accessors/default_value.h:13,
                 from /home/tina.guest/tinylsm-goal3-62e0496/build/benchmark/_deps/protobuf-src/src/google/protobuf/compiler/rust/accessors/default_value.cc:8:
/home/tina.guest/tinylsm-goal3-62e0496/build/benchmark/_deps/protobuf-src/src/google/protobuf/port.h: In function ‘void google::protobuf::internal::AssertDownCast(From*)’:
/home/tina.guest/tinylsm-goal3-62e0496/build/benchmark/_deps/protobuf-src/src/google/protobuf/port.h:181:5: warning: testing if a concept-id is a valid expression; add ‘requires’ to check satisfaction [-Wmissing-requires]
  181 |     std::derived_from<std::remove_pointer_t<To>,
      |     ^
      |     requires
[208/664] Building CXX object _deps/protobuf-build/CMakeFiles/libprotoc.dir/src/google/protobuf/compiler/rust/accessors/map.cc.o
In file included from /home/tina.guest/tinylsm-goal3-62e0496/build/benchmark/_deps/protobuf-src/src/google/protobuf/extension_set.h:36,
                 from /home/tina.guest/tinylsm-goal3-62e0496/build/benchmark/_deps/protobuf-src/src/google/protobuf/descriptor.h:56,
                 from /home/tina.guest/tinylsm-goal3-62e0496/build/benchmark/_deps/protobuf-src/src/google/protobuf/compiler/code_generator.h:26,
                 from /home/tina.guest/tinylsm-goal3-62e0496/build/benchmark/_deps/protobuf-src/src/google/protobuf/compiler/cpp/helpers.h:28,
                 from /home/tina.guest/tinylsm-goal3-62e0496/build/benchmark/_deps/protobuf-src/src/google/protobuf/compiler/rust/accessors/map.cc:11:
/home/tina.guest/tinylsm-goal3-62e0496/build/benchmark/_deps/protobuf-src/src/google/protobuf/port.h: In function ‘void google::protobuf::internal::AssertDownCast(From*)’:
/home/tina.guest/tinylsm-goal3-62e0496/build/benchmark/_deps/protobuf-src/src/google/protobuf/port.h:181:5: warning: testing if a concept-id is a valid expression; add ‘requires’ to check satisfaction [-Wmissing-requires]
  181 |     std::derived_from<std::remove_pointer_t<To>,
      |     ^
      |     requires
[209/664] Building CXX object _deps/protobuf-build/CMakeFiles/libprotoc.dir/src/google/protobuf/compiler/rust/accessors/repeated_field.cc.o
In file included from /home/tina.guest/tinylsm-goal3-62e0496/build/benchmark/_deps/protobuf-src/src/google/protobuf/extension_set.h:36,
                 from /home/tina.guest/tinylsm-goal3-62e0496/build/benchmark/_deps/protobuf-src/src/google/protobuf/descriptor.h:56,
                 from /home/tina.guest/tinylsm-goal3-62e0496/build/benchmark/_deps/protobuf-src/src/google/protobuf/compiler/code_generator.h:26,
                 from /home/tina.guest/tinylsm-goal3-62e0496/build/benchmark/_deps/protobuf-src/src/google/protobuf/compiler/cpp/helpers.h:28,
                 from /home/tina.guest/tinylsm-goal3-62e0496/build/benchmark/_deps/protobuf-src/src/google/protobuf/compiler/rust/accessors/repeated_field.cc:12:
/home/tina.guest/tinylsm-goal3-62e0496/build/benchmark/_deps/protobuf-src/src/google/protobuf/port.h: In function ‘void google::protobuf::internal::AssertDownCast(From*)’:
/home/tina.guest/tinylsm-goal3-62e0496/build/benchmark/_deps/protobuf-src/src/google/protobuf/port.h:181:5: warning: testing if a concept-id is a valid expression; add ‘requires’ to check satisfaction [-Wmissing-requires]
  181 |     std::derived_from<std::remove_pointer_t<To>,
      |     ^
      |     requires
[210/664] Building CXX object _deps/protobuf-build/CMakeFiles/libprotoc.dir/src/google/protobuf/compiler/rust/accessors/singular_cord.cc.o
In file included from /home/tina.guest/tinylsm-goal3-62e0496/build/benchmark/_deps/protobuf-src/src/google/protobuf/extension_set.h:36,
                 from /home/tina.guest/tinylsm-goal3-62e0496/build/benchmark/_deps/protobuf-src/src/google/protobuf/descriptor.h:56,
                 from /home/tina.guest/tinylsm-goal3-62e0496/build/benchmark/_deps/protobuf-src/src/google/protobuf/compiler/code_generator.h:26,
                 from /home/tina.guest/tinylsm-goal3-62e0496/build/benchmark/_deps/protobuf-src/src/google/protobuf/compiler/cpp/helpers.h:28,
                 from /home/tina.guest/tinylsm-goal3-62e0496/build/benchmark/_deps/protobuf-src/src/google/protobuf/compiler/rust/accessors/singular_cord.cc:12:
/home/tina.guest/tinylsm-goal3-62e0496/build/benchmark/_deps/protobuf-src/src/google/protobuf/port.h: In function ‘void google::protobuf::internal::AssertDownCast(From*)’:
/home/tina.guest/tinylsm-goal3-62e0496/build/benchmark/_deps/protobuf-src/src/google/protobuf/port.h:181:5: warning: testing if a concept-id is a valid expression; add ‘requires’ to check satisfaction [-Wmissing-requires]
  181 |     std::derived_from<std::remove_pointer_t<To>,
      |     ^
      |     requires
[211/664] Building CXX object _deps/protobuf-build/CMakeFiles/libprotoc.dir/src/google/protobuf/compiler/rust/accessors/singular_message.cc.o
In file included from /home/tina.guest/tinylsm-goal3-62e0496/build/benchmark/_deps/protobuf-src/src/google/protobuf/extension_set.h:36,
                 from /home/tina.guest/tinylsm-goal3-62e0496/build/benchmark/_deps/protobuf-src/src/google/protobuf/descriptor.h:56,
                 from /home/tina.guest/tinylsm-goal3-62e0496/build/benchmark/_deps/protobuf-src/src/google/protobuf/compiler/code_generator.h:26,
                 from /home/tina.guest/tinylsm-goal3-62e0496/build/benchmark/_deps/protobuf-src/src/google/protobuf/compiler/cpp/helpers.h:28,
                 from /home/tina.guest/tinylsm-goal3-62e0496/build/benchmark/_deps/protobuf-src/src/google/protobuf/compiler/rust/accessors/singular_message.cc:12:
/home/tina.guest/tinylsm-goal3-62e0496/build/benchmark/_deps/protobuf-src/src/google/protobuf/port.h: In function ‘void google::protobuf::internal::AssertDownCast(From*)’:
/home/tina.guest/tinylsm-goal3-62e0496/build/benchmark/_deps/protobuf-src/src/google/protobuf/port.h:181:5: warning: testing if a concept-id is a valid expression; add ‘requires’ to check satisfaction [-Wmissing-requires]
  181 |     std::derived_from<std::remove_pointer_t<To>,
      |     ^
      |     requires
[212/664] Building CXX object _deps/protobuf-build/CMakeFiles/libprotoc.dir/src/google/protobuf/compiler/rust/accessors/singular_scalar.cc.o
In file included from /home/tina.guest/tinylsm-goal3-62e0496/build/benchmark/_deps/protobuf-src/src/google/protobuf/extension_set.h:36,
                 from /home/tina.guest/tinylsm-goal3-62e0496/build/benchmark/_deps/protobuf-src/src/google/protobuf/descriptor.h:56,
                 from /home/tina.guest/tinylsm-goal3-62e0496/build/benchmark/_deps/protobuf-src/src/google/protobuf/compiler/code_generator.h:26,
                 from /home/tina.guest/tinylsm-goal3-62e0496/build/benchmark/_deps/protobuf-src/src/google/protobuf/compiler/cpp/helpers.h:28,
                 from /home/tina.guest/tinylsm-goal3-62e0496/build/benchmark/_deps/protobuf-src/src/google/protobuf/compiler/rust/accessors/singular_scalar.cc:12:
/home/tina.guest/tinylsm-goal3-62e0496/build/benchmark/_deps/protobuf-src/src/google/protobuf/port.h: In function ‘void google::protobuf::internal::AssertDownCast(From*)’:
/home/tina.guest/tinylsm-goal3-62e0496/build/benchmark/_deps/protobuf-src/src/google/protobuf/port.h:181:5: warning: testing if a concept-id is a valid expression; add ‘requires’ to check satisfaction [-Wmissing-requires]
  181 |     std::derived_from<std::remove_pointer_t<To>,
      |     ^
      |     requires
[213/664] Building CXX object _deps/protobuf-build/CMakeFiles/libprotoc.dir/src/google/protobuf/compiler/rust/accessors/unsupported_field.cc.o
In file included from /home/tina.guest/tinylsm-goal3-62e0496/build/benchmark/_deps/protobuf-src/src/google/protobuf/extension_set.h:36,
                 from /home/tina.guest/tinylsm-goal3-62e0496/build/benchmark/_deps/protobuf-src/src/google/protobuf/descriptor.h:56,
                 from /home/tina.guest/tinylsm-goal3-62e0496/build/benchmark/_deps/protobuf-src/src/google/protobuf/compiler/rust/context.h:20,
                 from /home/tina.guest/tinylsm-goal3-62e0496/build/benchmark/_deps/protobuf-src/src/google/protobuf/compiler/rust/accessors/generator.h:17,
                 from /home/tina.guest/tinylsm-goal3-62e0496/build/benchmark/_deps/protobuf-src/src/google/protobuf/compiler/rust/accessors/unsupported_field.cc:10:
/home/tina.guest/tinylsm-goal3-62e0496/build/benchmark/_deps/protobuf-src/src/google/protobuf/port.h: In function ‘void google::protobuf::internal::AssertDownCast(From*)’:
/home/tina.guest/tinylsm-goal3-62e0496/build/benchmark/_deps/protobuf-src/src/google/protobuf/port.h:181:5: warning: testing if a concept-id is a valid expression; add ‘requires’ to check satisfaction [-Wmissing-requires]
  181 |     std::derived_from<std::remove_pointer_t<To>,
      |     ^
      |     requires
[214/664] Building CXX object _deps/protobuf-build/CMakeFiles/libprotoc.dir/src/google/protobuf/compiler/rust/accessors/with_presence.cc.o
In file included from /home/tina.guest/tinylsm-goal3-62e0496/build/benchmark/_deps/protobuf-src/src/google/protobuf/extension_set.h:36,
                 from /home/tina.guest/tinylsm-goal3-62e0496/build/benchmark/_deps/protobuf-src/src/google/protobuf/descriptor.h:56,
                 from /home/tina.guest/tinylsm-goal3-62e0496/build/benchmark/_deps/protobuf-src/src/google/protobuf/compiler/rust/context.h:20,
                 from /home/tina.guest/tinylsm-goal3-62e0496/build/benchmark/_deps/protobuf-src/src/google/protobuf/compiler/rust/accessors/with_presence.h:12,
                 from /home/tina.guest/tinylsm-goal3-62e0496/build/benchmark/_deps/protobuf-src/src/google/protobuf/compiler/rust/accessors/with_presence.cc:8:
/home/tina.guest/tinylsm-goal3-62e0496/build/benchmark/_deps/protobuf-src/src/google/protobuf/port.h: In function ‘void google::protobuf::internal::AssertDownCast(From*)’:
/home/tina.guest/tinylsm-goal3-62e0496/build/benchmark/_deps/protobuf-src/src/google/protobuf/port.h:181:5: warning: testing if a concept-id is a valid expression; add ‘requires’ to check satisfaction [-Wmissing-requires]
  181 |     std::derived_from<std::remove_pointer_t<To>,
      |     ^
      |     requires
[215/664] Building CXX object _deps/protobuf-build/CMakeFiles/libprotoc.dir/src/google/protobuf/compiler/rust/accessors/singular_string.cc.o
In file included from /home/tina.guest/tinylsm-goal3-62e0496/build/benchmark/_deps/protobuf-src/src/google/protobuf/extension_set.h:36,
                 from /home/tina.guest/tinylsm-goal3-62e0496/build/benchmark/_deps/protobuf-src/src/google/protobuf/descriptor.h:56,
                 from /home/tina.guest/tinylsm-goal3-62e0496/build/benchmark/_deps/protobuf-src/src/google/protobuf/compiler/code_generator.h:26,
                 from /home/tina.guest/tinylsm-goal3-62e0496/build/benchmark/_deps/protobuf-src/src/google/protobuf/compiler/cpp/helpers.h:28,
                 from /home/tina.guest/tinylsm-goal3-62e0496/build/benchmark/_deps/protobuf-src/src/google/protobuf/compiler/rust/accessors/singular_string.cc:12:
/home/tina.guest/tinylsm-goal3-62e0496/build/benchmark/_deps/protobuf-src/src/google/protobuf/port.h: In function ‘void google::protobuf::internal::AssertDownCast(From*)’:
/home/tina.guest/tinylsm-goal3-62e0496/build/benchmark/_deps/protobuf-src/src/google/protobuf/port.h:181:5: warning: testing if a concept-id is a valid expression; add ‘requires’ to check satisfaction [-Wmissing-requires]
  181 |     std::derived_from<std::remove_pointer_t<To>,
      |     ^
      |     requires
[216/664] Building CXX object _deps/protobuf-build/CMakeFiles/libprotoc.dir/src/google/protobuf/compiler/rust/context.cc.o
In file included from /home/tina.guest/tinylsm-goal3-62e0496/build/benchmark/_deps/protobuf-src/src/google/protobuf/extension_set.h:36,
                 from /home/tina.guest/tinylsm-goal3-62e0496/build/benchmark/_deps/protobuf-src/src/google/protobuf/descriptor.h:56,
                 from /home/tina.guest/tinylsm-goal3-62e0496/build/benchmark/_deps/protobuf-src/src/google/protobuf/compiler/rust/context.h:20,
                 from /home/tina.guest/tinylsm-goal3-62e0496/build/benchmark/_deps/protobuf-src/src/google/protobuf/compiler/rust/context.cc:8:
/home/tina.guest/tinylsm-goal3-62e0496/build/benchmark/_deps/protobuf-src/src/google/protobuf/port.h: In function ‘void google::protobuf::internal::AssertDownCast(From*)’:
/home/tina.guest/tinylsm-goal3-62e0496/build/benchmark/_deps/protobuf-src/src/google/protobuf/port.h:181:5: warning: testing if a concept-id is a valid expression; add ‘requires’ to check satisfaction [-Wmissing-requires]
  181 |     std::derived_from<std::remove_pointer_t<To>,
      |     ^
      |     requires
[217/664] Building CXX object _deps/protobuf-build/CMakeFiles/libprotoc.dir/src/google/protobuf/compiler/rust/crate_mapping.cc.o
In file included from /home/tina.guest/tinylsm-goal3-62e0496/build/benchmark/_deps/protobuf-src/src/google/protobuf/extension_set.h:36,
                 from /home/tina.guest/tinylsm-goal3-62e0496/build/benchmark/_deps/protobuf-src/src/google/protobuf/descriptor.h:56,
                 from /home/tina.guest/tinylsm-goal3-62e0496/build/benchmark/_deps/protobuf-src/src/google/protobuf/compiler/rust/context.h:20,
                 from /home/tina.guest/tinylsm-goal3-62e0496/build/benchmark/_deps/protobuf-src/src/google/protobuf/compiler/rust/crate_mapping.h:8,
                 from /home/tina.guest/tinylsm-goal3-62e0496/build/benchmark/_deps/protobuf-src/src/google/protobuf/compiler/rust/crate_mapping.cc:1:
/home/tina.guest/tinylsm-goal3-62e0496/build/benchmark/_deps/protobuf-src/src/google/protobuf/port.h: In function ‘void google::protobuf::internal::AssertDownCast(From*)’:
/home/tina.guest/tinylsm-goal3-62e0496/build/benchmark/_deps/protobuf-src/src/google/protobuf/port.h:181:5: warning: testing if a concept-id is a valid expression; add ‘requires’ to check satisfaction [-Wmissing-requires]
  181 |     std::derived_from<std::remove_pointer_t<To>,
      |     ^
      |     requires
[218/664] Building CXX object _deps/protobuf-build/CMakeFiles/libprotoc.dir/src/google/protobuf/compiler/rust/relative_path.cc.o
[219/664] Building CXX object _deps/protobuf-build/CMakeFiles/libprotoc.dir/src/google/protobuf/compiler/rust/generator.cc.o
In file included from /home/tina.guest/tinylsm-goal3-62e0496/build/benchmark/_deps/protobuf-src/src/google/protobuf/extension_set.h:36,
                 from /home/tina.guest/tinylsm-goal3-62e0496/build/benchmark/_deps/protobuf-src/src/google/protobuf/descriptor.h:56,
                 from /home/tina.guest/tinylsm-goal3-62e0496/build/benchmark/_deps/protobuf-src/src/google/protobuf/compiler/code_generator.h:26,
                 from /home/tina.guest/tinylsm-goal3-62e0496/build/benchmark/_deps/protobuf-src/src/google/protobuf/compiler/rust/generator.h:14,
                 from /home/tina.guest/tinylsm-goal3-62e0496/build/benchmark/_deps/protobuf-src/src/google/protobuf/compiler/rust/generator.cc:8:
/home/tina.guest/tinylsm-goal3-62e0496/build/benchmark/_deps/protobuf-src/src/google/protobuf/port.h: In function ‘void google::protobuf::internal::AssertDownCast(From*)’:
/home/tina.guest/tinylsm-goal3-62e0496/build/benchmark/_deps/protobuf-src/src/google/protobuf/port.h:181:5: warning: testing if a concept-id is a valid expression; add ‘requires’ to check satisfaction [-Wmissing-requires]
  181 |     std::derived_from<std::remove_pointer_t<To>,
      |     ^
      |     requires
[220/664] Building CXX object _deps/protobuf-build/CMakeFiles/libprotoc.dir/src/google/protobuf/compiler/rust/rust_field_type.cc.o
In file included from /home/tina.guest/tinylsm-goal3-62e0496/build/benchmark/_deps/protobuf-src/src/google/protobuf/extension_set.h:36,
                 from /home/tina.guest/tinylsm-goal3-62e0496/build/benchmark/_deps/protobuf-src/src/google/protobuf/descriptor.h:56,
                 from /home/tina.guest/tinylsm-goal3-62e0496/build/benchmark/_deps/protobuf-src/src/google/protobuf/compiler/rust/rust_field_type.h:4,
                 from /home/tina.guest/tinylsm-goal3-62e0496/build/benchmark/_deps/protobuf-src/src/google/protobuf/compiler/rust/rust_field_type.cc:1:
/home/tina.guest/tinylsm-goal3-62e0496/build/benchmark/_deps/protobuf-src/src/google/protobuf/port.h: In function ‘void google::protobuf::internal::AssertDownCast(From*)’:
/home/tina.guest/tinylsm-goal3-62e0496/build/benchmark/_deps/protobuf-src/src/google/protobuf/port.h:181:5: warning: testing if a concept-id is a valid expression; add ‘requires’ to check satisfaction [-Wmissing-requires]
  181 |     std::derived_from<std::remove_pointer_t<To>,
      |     ^
      |     requires
[221/664] Building CXX object _deps/protobuf-build/CMakeFiles/libprotoc.dir/src/google/protobuf/compiler/rust/oneof.cc.o
In file included from /home/tina.guest/tinylsm-goal3-62e0496/build/benchmark/_deps/protobuf-src/src/google/protobuf/extension_set.h:36,
                 from /home/tina.guest/tinylsm-goal3-62e0496/build/benchmark/_deps/protobuf-src/src/google/protobuf/descriptor.h:56,
                 from /home/tina.guest/tinylsm-goal3-62e0496/build/benchmark/_deps/protobuf-src/src/google/protobuf/compiler/rust/context.h:20,
                 from /home/tina.guest/tinylsm-goal3-62e0496/build/benchmark/_deps/protobuf-src/src/google/protobuf/compiler/rust/oneof.h:12,
                 from /home/tina.guest/tinylsm-goal3-62e0496/build/benchmark/_deps/protobuf-src/src/google/protobuf/compiler/rust/oneof.cc:8:
/home/tina.guest/tinylsm-goal3-62e0496/build/benchmark/_deps/protobuf-src/src/google/protobuf/port.h: In function ‘void google::protobuf::internal::AssertDownCast(From*)’:
/home/tina.guest/tinylsm-goal3-62e0496/build/benchmark/_deps/protobuf-src/src/google/protobuf/port.h:181:5: warning: testing if a concept-id is a valid expression; add ‘requires’ to check satisfaction [-Wmissing-requires]
  181 |     std::derived_from<std::remove_pointer_t<To>,
      |     ^
      |     requires
[222/664] Building CXX object _deps/protobuf-build/CMakeFiles/libprotoc.dir/src/google/protobuf/compiler/rust/enum.cc.o
In file included from /home/tina.guest/tinylsm-goal3-62e0496/build/benchmark/_deps/protobuf-src/src/google/protobuf/extension_set.h:36,
                 from /home/tina.guest/tinylsm-goal3-62e0496/build/benchmark/_deps/protobuf-src/src/google/protobuf/descriptor.h:56,
                 from /home/tina.guest/tinylsm-goal3-62e0496/build/benchmark/_deps/protobuf-src/src/google/protobuf/compiler/rust/context.h:20,
                 from /home/tina.guest/tinylsm-goal3-62e0496/build/benchmark/_deps/protobuf-src/src/google/protobuf/compiler/rust/enum.h:18,
                 from /home/tina.guest/tinylsm-goal3-62e0496/build/benchmark/_deps/protobuf-src/src/google/protobuf/compiler/rust/enum.cc:8:
/home/tina.guest/tinylsm-goal3-62e0496/build/benchmark/_deps/protobuf-src/src/google/protobuf/port.h: In function ‘void google::protobuf::internal::AssertDownCast(From*)’:
/home/tina.guest/tinylsm-goal3-62e0496/build/benchmark/_deps/protobuf-src/src/google/protobuf/port.h:181:5: warning: testing if a concept-id is a valid expression; add ‘requires’ to check satisfaction [-Wmissing-requires]
  181 |     std::derived_from<std::remove_pointer_t<To>,
      |     ^
      |     requires
[223/664] Building CXX object _deps/protobuf-build/CMakeFiles/libprotoc.dir/src/google/protobuf/compiler/rust/naming.cc.o
In file included from /home/tina.guest/tinylsm-goal3-62e0496/build/benchmark/_deps/protobuf-src/src/google/protobuf/extension_set.h:36,
                 from /home/tina.guest/tinylsm-goal3-62e0496/build/benchmark/_deps/protobuf-src/src/google/protobuf/descriptor.h:56,
                 from /home/tina.guest/tinylsm-goal3-62e0496/build/benchmark/_deps/protobuf-src/src/google/protobuf/compiler/rust/context.h:20,
                 from /home/tina.guest/tinylsm-goal3-62e0496/build/benchmark/_deps/protobuf-src/src/google/protobuf/compiler/rust/naming.h:15,
                 from /home/tina.guest/tinylsm-goal3-62e0496/build/benchmark/_deps/protobuf-src/src/google/protobuf/compiler/rust/naming.cc:8:
/home/tina.guest/tinylsm-goal3-62e0496/build/benchmark/_deps/protobuf-src/src/google/protobuf/port.h: In function ‘void google::protobuf::internal::AssertDownCast(From*)’:
/home/tina.guest/tinylsm-goal3-62e0496/build/benchmark/_deps/protobuf-src/src/google/protobuf/port.h:181:5: warning: testing if a concept-id is a valid expression; add ‘requires’ to check satisfaction [-Wmissing-requires]
  181 |     std::derived_from<std::remove_pointer_t<To>,
      |     ^
      |     requires
[224/664] Building CXX object _deps/protobuf-build/CMakeFiles/libprotoc.dir/src/google/protobuf/compiler/rust/message.cc.o
In file included from /home/tina.guest/tinylsm-goal3-62e0496/build/benchmark/_deps/protobuf-src/src/google/protobuf/extension_set.h:36,
                 from /home/tina.guest/tinylsm-goal3-62e0496/build/benchmark/_deps/protobuf-src/src/google/protobuf/descriptor.h:56,
                 from /home/tina.guest/tinylsm-goal3-62e0496/build/benchmark/_deps/protobuf-src/src/google/protobuf/compiler/rust/context.h:20,
                 from /home/tina.guest/tinylsm-goal3-62e0496/build/benchmark/_deps/protobuf-src/src/google/protobuf/compiler/rust/accessors/accessors.h:12,
                 from /home/tina.guest/tinylsm-goal3-62e0496/build/benchmark/_deps/protobuf-src/src/google/protobuf/compiler/rust/message.h:14,
                 from /home/tina.guest/tinylsm-goal3-62e0496/build/benchmark/_deps/protobuf-src/src/google/protobuf/compiler/rust/message.cc:8:
/home/tina.guest/tinylsm-goal3-62e0496/build/benchmark/_deps/protobuf-src/src/google/protobuf/port.h: In function ‘void google::protobuf::internal::AssertDownCast(From*)’:
/home/tina.guest/tinylsm-goal3-62e0496/build/benchmark/_deps/protobuf-src/src/google/protobuf/port.h:181:5: warning: testing if a concept-id is a valid expression; add ‘requires’ to check satisfaction [-Wmissing-requires]
  181 |     std::derived_from<std::remove_pointer_t<To>,
      |     ^
      |     requires
[225/664] Building CXX object _deps/protobuf-build/CMakeFiles/libprotoc.dir/src/google/protobuf/compiler/zip_writer.cc.o
In file included from /home/tina.guest/tinylsm-goal3-62e0496/build/benchmark/_deps/protobuf-src/src/google/protobuf/io/zero_copy_stream.h:89,
                 from /home/tina.guest/tinylsm-goal3-62e0496/build/benchmark/_deps/protobuf-src/src/google/protobuf/compiler/zip_writer.h:16,
                 from /home/tina.guest/tinylsm-goal3-62e0496/build/benchmark/_deps/protobuf-src/src/google/protobuf/compiler/zip_writer.cc:13:
/home/tina.guest/tinylsm-goal3-62e0496/build/benchmark/_deps/protobuf-src/src/google/protobuf/port.h: In function ‘void google::protobuf::internal::AssertDownCast(From*)’:
/home/tina.guest/tinylsm-goal3-62e0496/build/benchmark/_deps/protobuf-src/src/google/protobuf/port.h:181:5: warning: testing if a concept-id is a valid expression; add ‘requires’ to check satisfaction [-Wmissing-requires]
  181 |     std::derived_from<std::remove_pointer_t<To>,
      |     ^
      |     requires
[226/664] Building CXX object _deps/protobuf-build/CMakeFiles/libprotoc.dir/src/google/protobuf/compiler/rust/upb_helpers.cc.o
In file included from /home/tina.guest/tinylsm-goal3-62e0496/build/benchmark/_deps/protobuf-src/src/google/protobuf/extension_set.h:36,
                 from /home/tina.guest/tinylsm-goal3-62e0496/build/benchmark/_deps/protobuf-src/src/google/protobuf/descriptor.h:56,
                 from /home/tina.guest/tinylsm-goal3-62e0496/build/benchmark/_deps/protobuf-src/src/google/protobuf/compiler/rust/upb_helpers.h:14,
                 from /home/tina.guest/tinylsm-goal3-62e0496/build/benchmark/_deps/protobuf-src/src/google/protobuf/compiler/rust/upb_helpers.cc:1:
/home/tina.guest/tinylsm-goal3-62e0496/build/benchmark/_deps/protobuf-src/src/google/protobuf/port.h: In function ‘void google::protobuf::internal::AssertDownCast(From*)’:
/home/tina.guest/tinylsm-goal3-62e0496/build/benchmark/_deps/protobuf-src/src/google/protobuf/port.h:181:5: warning: testing if a concept-id is a valid expression; add ‘requires’ to check satisfaction [-Wmissing-requires]
  181 |     std::derived_from<std::remove_pointer_t<To>,
      |     ^
      |     requires
[227/664] Building CXX object _deps/protobuf-build/CMakeFiles/libprotoc.dir/src/google/protobuf/compiler/versions.cc.o
In file included from /home/tina.guest/tinylsm-goal3-62e0496/build/benchmark/_deps/protobuf-src/src/google/protobuf/arena.h:38,
                 from /home/tina.guest/tinylsm-goal3-62e0496/build/benchmark/_deps/protobuf-src/src/google/protobuf/compiler/plugin.pb.h:21,
                 from /home/tina.guest/tinylsm-goal3-62e0496/build/benchmark/_deps/protobuf-src/src/google/protobuf/compiler/versions.h:35,
                 from /home/tina.guest/tinylsm-goal3-62e0496/build/benchmark/_deps/protobuf-src/src/google/protobuf/compiler/versions.cc:8:
/home/tina.guest/tinylsm-goal3-62e0496/build/benchmark/_deps/protobuf-src/src/google/protobuf/port.h: In function ‘void google::protobuf::internal::AssertDownCast(From*)’:
/home/tina.guest/tinylsm-goal3-62e0496/build/benchmark/_deps/protobuf-src/src/google/protobuf/port.h:181:5: warning: testing if a concept-id is a valid expression; add ‘requires’ to check satisfaction [-Wmissing-requires]
  181 |     std::derived_from<std::remove_pointer_t<To>,
      |     ^
      |     requires
[228/664] Building CXX object _deps/protobuf-build/CMakeFiles/libprotoc.dir/src/google/protobuf/compiler/subprocess.cc.o
In file included from /home/tina.guest/tinylsm-goal3-62e0496/build/benchmark/_deps/protobuf-src/src/google/protobuf/compiler/subprocess.h:24,
                 from /home/tina.guest/tinylsm-goal3-62e0496/build/benchmark/_deps/protobuf-src/src/google/protobuf/compiler/subprocess.cc:10:
/home/tina.guest/tinylsm-goal3-62e0496/build/benchmark/_deps/protobuf-src/src/google/protobuf/port.h: In function ‘void google::protobuf::internal::AssertDownCast(From*)’:
/home/tina.guest/tinylsm-goal3-62e0496/build/benchmark/_deps/protobuf-src/src/google/protobuf/port.h:181:5: warning: testing if a concept-id is a valid expression; add ‘requires’ to check satisfaction [-Wmissing-requires]
  181 |     std::derived_from<std::remove_pointer_t<To>,
      |     ^
      |     requires
[229/664] Building C object _deps/protobuf-build/CMakeFiles/libupb.dir/upb/base/status.c.o
[230/664] Building CXX object _deps/protobuf-build/CMakeFiles/libprotoc.dir/src/google/protobuf/compiler/rust/rust_keywords.cc.o
[231/664] Building CXX object _deps/protobuf-build/CMakeFiles/libprotoc.dir/upb_generator/minitable/names.cc.o
[232/664] Building CXX object _deps/protobuf-build/CMakeFiles/libprotoc.dir/upb_generator/minitable/names_internal.cc.o
[233/664] Building C object _deps/protobuf-build/CMakeFiles/libupb.dir/upb/hash/common.c.o
[234/664] Building C object _deps/protobuf-build/CMakeFiles/libupb.dir/upb/lex/round_trip.c.o
[235/664] Building C object _deps/protobuf-build/CMakeFiles/libupb.dir/upb/lex/atoi.c.o
[236/664] Building C object _deps/protobuf-build/CMakeFiles/libupb.dir/upb/lex/strtod.c.o
[237/664] Building C object _deps/protobuf-build/CMakeFiles/libupb.dir/upb/lex/unicode.c.o
[238/664] Building C object _deps/protobuf-build/CMakeFiles/libupb.dir/upb/mem/alloc.c.o
[239/664] Building CXX object _deps/protobuf-build/CMakeFiles/libprotoc.dir/src/google/protobuf/testing/file.cc.o
[240/664] Building C object _deps/protobuf-build/CMakeFiles/libupb.dir/upb/json/encode.c.o
[241/664] Building C object _deps/protobuf-build/CMakeFiles/libupb.dir/upb/message/accessors.c.o
[242/664] Building C object _deps/protobuf-build/CMakeFiles/libupb.dir/upb/message/array.c.o
[243/664] Building C object _deps/protobuf-build/CMakeFiles/libupb.dir/upb/message/compat.c.o
[244/664] Building C object _deps/protobuf-build/CMakeFiles/libupb.dir/upb/mem/arena.c.o
[245/664] Building C object _deps/protobuf-build/CMakeFiles/libupb.dir/upb/message/internal/extension.c.o
[246/664] Building CXX object _deps/protobuf-build/CMakeFiles/libprotoc.dir/upb_generator/common/names.cc.o
[247/664] Building C object _deps/protobuf-build/CMakeFiles/libupb.dir/upb/message/internal/iterator.c.o
[248/664] Building C object _deps/protobuf-build/CMakeFiles/libupb.dir/upb/message/compare.c.o
[249/664] Building C object _deps/protobuf-build/CMakeFiles/libupb.dir/upb/message/internal/compare_unknown.c.o
[250/664] Building C object _deps/protobuf-build/CMakeFiles/libupb.dir/upb/message/map.c.o
[251/664] Building C object _deps/protobuf-build/CMakeFiles/libupb.dir/upb/message/map_sorter.c.o
[252/664] Building C object _deps/protobuf-build/CMakeFiles/libupb.dir/upb/message/internal/message.c.o
[253/664] Building C object _deps/protobuf-build/CMakeFiles/libupb.dir/upb/message/merge.c.o
[254/664] Building C object _deps/protobuf-build/CMakeFiles/libupb.dir/upb/json/decode.c.o
[255/664] Building C object _deps/protobuf-build/CMakeFiles/libupb.dir/upb/message/copy.c.o
[256/664] Building C object _deps/protobuf-build/CMakeFiles/libupb.dir/upb/mini_descriptor/internal/base92.c.o
[257/664] Building C object _deps/protobuf-build/CMakeFiles/libupb.dir/upb/mini_descriptor/link.c.o
[258/664] Building C object _deps/protobuf-build/CMakeFiles/libupb.dir/upb/mini_table/internal/message.c.o
[259/664] Building C object _deps/protobuf-build/CMakeFiles/libupb.dir/upb/mini_descriptor/internal/encode.c.o
[260/664] Building C object _deps/protobuf-build/CMakeFiles/libupb.dir/upb/mini_table/extension_registry.c.o
[261/664] Building C object _deps/protobuf-build/CMakeFiles/libupb.dir/upb/mini_descriptor/build_enum.c.o
[262/664] Building C object _deps/protobuf-build/CMakeFiles/libupb.dir/upb/mini_table/message.c.o
[263/664] Building C object _deps/protobuf-build/CMakeFiles/libupb.dir/upb/reflection/def_type.c.o
[264/664] Building C object _deps/protobuf-build/CMakeFiles/libupb.dir/upb/message/message.c.o
[265/664] Building C object _deps/protobuf-build/CMakeFiles/libupb.dir/upb/reflection/desc_state.c.o
[266/664] Building C object _deps/protobuf-build/CMakeFiles/libupb.dir/upb/mini_descriptor/decode.c.o
[267/664] Building C object _deps/protobuf-build/CMakeFiles/libupb.dir/upb/reflection/enum_value_def.c.o
[268/664] Building C object _deps/protobuf-build/CMakeFiles/libupb.dir/upb/reflection/enum_def.c.o
[269/664] Building C object _deps/protobuf-build/CMakeFiles/libupb.dir/upb/reflection/enum_reserved_range.c.o
[270/664] Building C object _deps/protobuf-build/CMakeFiles/libupb.dir/upb/reflection/extension_range.c.o
[271/664] Building C object _deps/protobuf-build/CMakeFiles/libupb.dir/upb/reflection/internal/strdup2.c.o
[272/664] Building C object _deps/protobuf-build/CMakeFiles/libupb.dir/upb/reflection/def_pool.c.o
[273/664] Building C object _deps/protobuf-build/CMakeFiles/libupb.dir/upb/reflection/message_reserved_range.c.o
[274/664] Building C object _deps/protobuf-build/CMakeFiles/libupb.dir/upb/reflection/file_def.c.o
[275/664] Building C object _deps/protobuf-build/CMakeFiles/libupb.dir/upb/reflection/message.c.o
[276/664] Building C object _deps/protobuf-build/CMakeFiles/libupb.dir/upb/reflection/internal/def_builder.c.o
[277/664] Building C object _deps/protobuf-build/CMakeFiles/libupb.dir/upb/reflection/oneof_def.c.o
[278/664] Building C object _deps/protobuf-build/CMakeFiles/libupb.dir/upb/reflection/method_def.c.o
[279/664] Building C object _deps/protobuf-build/CMakeFiles/libupb.dir/upb/reflection/service_def.c.o
[280/664] Building C object _deps/protobuf-build/CMakeFiles/libupb.dir/upb/reflection/field_def.c.o
[281/664] Building C object _deps/protobuf-build/CMakeFiles/libupb.dir/upb/text/encode.c.o
[282/664] Building C object _deps/protobuf-build/CMakeFiles/libupb.dir/upb/reflection/message_def.c.o
[283/664] Building C object _deps/protobuf-build/CMakeFiles/libupb.dir/upb/wire/byte_size.c.o
[284/664] Building C object _deps/protobuf-build/CMakeFiles/libupb.dir/upb/wire/eps_copy_input_stream.c.o
[285/664] Building C object _deps/protobuf-build/CMakeFiles/libupb.dir/upb/util/required_fields.c.o
[286/664] Building C object _deps/protobuf-build/CMakeFiles/libupb.dir/upb/text/internal/encode.c.o
[287/664] Building C object _deps/protobuf-build/CMakeFiles/libupb.dir/upb/wire/internal/decode_fast.c.o
[288/664] Building C object _deps/protobuf-build/CMakeFiles/libupb.dir/upb/reflection/cmake/google/protobuf/descriptor.upb_minitable.c.o
[289/664] Building C object _deps/protobuf-build/CMakeFiles/libupb.dir/upb/wire/reader.c.o
[290/664] Building C object _deps/protobuf-build/CMakeFiles/libupb.dir/upb/wire/encode.c.o
[291/664] Building C object _deps/protobuf-build/CMakeFiles/libupb.dir/upb/wire/decode.c.o
[292/664] Building C object _deps/protobuf-build/CMakeFiles/libupb.dir/upb/util/def_to_proto.c.o
[293/664] Building CXX object _deps/protobuf-build/CMakeFiles/protoc-gen-upb.dir/src/google/protobuf/compiler/code_generator_lite.cc.o
[294/664] Building CXX object _deps/protobuf-build/CMakeFiles/protoc-gen-upb.dir/src/google/protobuf/port.cc.o
In file included from /home/tina.guest/tinylsm-goal3-62e0496/build/benchmark/_deps/protobuf-src/src/google/protobuf/port.cc:8:
/home/tina.guest/tinylsm-goal3-62e0496/build/benchmark/_deps/protobuf-src/src/google/protobuf/port.h: In function ‘void google::protobuf::internal::AssertDownCast(From*)’:
/home/tina.guest/tinylsm-goal3-62e0496/build/benchmark/_deps/protobuf-src/src/google/protobuf/port.h:181:5: warning: testing if a concept-id is a valid expression; add ‘requires’ to check satisfaction [-Wmissing-requires]
  181 |     std::derived_from<std::remove_pointer_t<To>,
      |     ^
      |     requires
[295/664] Building CXX object _deps/protobuf-build/CMakeFiles/protoc-gen-upb.dir/upb_generator/c/names_internal.cc.o
[296/664] Building CXX object _deps/protobuf-build/CMakeFiles/protoc-gen-upb.dir/upb_generator/common.cc.o
[297/664] Building CXX object _deps/protobuf-build/CMakeFiles/protoc-gen-upb.dir/upb_generator/common/names.cc.o
[298/664] Building C object _deps/protobuf-build/CMakeFiles/protoc-gen-upb.dir/upb_generator/cmake/google/protobuf/compiler/plugin.upb_minitable.c.o
[299/664] Building CXX object _deps/protobuf-build/CMakeFiles/protoc-gen-upb.dir/upb_generator/minitable/names.cc.o
[300/664] Building CXX object _deps/protobuf-build/CMakeFiles/protoc-gen-upb.dir/upb_generator/minitable/names_internal.cc.o
[301/664] Building CXX object _deps/protobuf-build/CMakeFiles/protoc-gen-upb.dir/upb_generator/c/names.cc.o
[302/664] Building CXX object _deps/protobuf-build/CMakeFiles/protoc-gen-upbdefs.dir/src/google/protobuf/compiler/code_generator_lite.cc.o
[303/664] Building CXX object _deps/protobuf-build/CMakeFiles/protoc-gen-upbdefs.dir/upb_generator/common.cc.o
[304/664] Building CXX object _deps/protobuf-build/CMakeFiles/protoc-gen-upbdefs.dir/src/google/protobuf/port.cc.o
In file included from /home/tina.guest/tinylsm-goal3-62e0496/build/benchmark/_deps/protobuf-src/src/google/protobuf/port.cc:8:
/home/tina.guest/tinylsm-goal3-62e0496/build/benchmark/_deps/protobuf-src/src/google/protobuf/port.h: In function ‘void google::protobuf::internal::AssertDownCast(From*)’:
/home/tina.guest/tinylsm-goal3-62e0496/build/benchmark/_deps/protobuf-src/src/google/protobuf/port.h:181:5: warning: testing if a concept-id is a valid expression; add ‘requires’ to check satisfaction [-Wmissing-requires]
  181 |     std::derived_from<std::remove_pointer_t<To>,
      |     ^
      |     requires
[305/664] Building CXX object _deps/protobuf-build/CMakeFiles/protoc-gen-upb.dir/upb_generator/file_layout.cc.o
[306/664] Building CXX object _deps/protobuf-build/CMakeFiles/protoc-gen-upbdefs.dir/upb_generator/common/names.cc.o
[307/664] Building CXX object _deps/protobuf-build/CMakeFiles/protoc-gen-upbdefs.dir/upb_generator/minitable/names.cc.o
[308/664] Building C object _deps/protobuf-build/CMakeFiles/protoc-gen-upbdefs.dir/upb_generator/cmake/google/protobuf/compiler/plugin.upb_minitable.c.o
[309/664] Building CXX object _deps/protobuf-build/CMakeFiles/protoc-gen-upbdefs.dir/upb_generator/minitable/names_internal.cc.o
[310/664] Building CXX object _deps/protobuf-build/CMakeFiles/protoc-gen-upbdefs.dir/upb_generator/reflection/names.cc.o
[311/664] Building CXX object _deps/protobuf-build/CMakeFiles/protoc-gen-upb_minitable.dir/src/google/protobuf/compiler/code_generator_lite.cc.o
[312/664] Building CXX object _deps/protobuf-build/CMakeFiles/protoc-gen-upb_minitable.dir/src/google/protobuf/port.cc.o
In file included from /home/tina.guest/tinylsm-goal3-62e0496/build/benchmark/_deps/protobuf-src/src/google/protobuf/port.cc:8:
/home/tina.guest/tinylsm-goal3-62e0496/build/benchmark/_deps/protobuf-src/src/google/protobuf/port.h: In function ‘void google::protobuf::internal::AssertDownCast(From*)’:
/home/tina.guest/tinylsm-goal3-62e0496/build/benchmark/_deps/protobuf-src/src/google/protobuf/port.h:181:5: warning: testing if a concept-id is a valid expression; add ‘requires’ to check satisfaction [-Wmissing-requires]
  181 |     std::derived_from<std::remove_pointer_t<To>,
      |     ^
      |     requires
[313/664] Building CXX object _deps/protobuf-build/CMakeFiles/protoc-gen-upb.dir/upb_generator/c/generator.cc.o
[314/664] Building CXX object _deps/protobuf-build/CMakeFiles/protoc-gen-upb_minitable.dir/upb_generator/common.cc.o
[315/664] Building CXX object _deps/protobuf-build/CMakeFiles/protoc-gen-upb_minitable.dir/upb_generator/common/names.cc.o
[316/664] Building CXX object _deps/protobuf-build/CMakeFiles/protoc-gen-upbdefs.dir/upb_generator/file_layout.cc.o
[317/664] Building CXX object _deps/protobuf-build/CMakeFiles/protoc-gen-upbdefs.dir/upb_generator/reflection/generator.cc.o
[318/664] Building CXX object _deps/protobuf-build/CMakeFiles/protoc-gen-upb_minitable.dir/upb_generator/file_layout.cc.o
[319/664] Building CXX object _deps/protobuf-build/CMakeFiles/protoc-gen-upb_minitable.dir/upb_generator/minitable/names.cc.o
[320/664] Building C object _deps/protobuf-build/CMakeFiles/protoc-gen-upb_minitable.dir/upb_generator/cmake/google/protobuf/compiler/plugin.upb_minitable.c.o
[321/664] Building CXX object _deps/protobuf-build/CMakeFiles/protoc-gen-upb_minitable.dir/upb_generator/minitable/fasttable.cc.o
[322/664] Building CXX object _deps/protobuf-build/third_party/abseil-cpp/absl/base/CMakeFiles/absl_log_severity.dir/log_severity.cc.o
[323/664] Linking CXX static library _deps/protobuf-build/third_party/abseil-cpp/absl/base/libabsl_log_severity.a
[324/664] Building CXX object _deps/protobuf-build/third_party/abseil-cpp/absl/base/CMakeFiles/absl_raw_logging_internal.dir/internal/raw_logging.cc.o
[325/664] Linking CXX static library _deps/protobuf-build/third_party/abseil-cpp/absl/base/libabsl_raw_logging_internal.a
[326/664] Building CXX object _deps/protobuf-build/third_party/abseil-cpp/absl/base/CMakeFiles/absl_spinlock_wait.dir/internal/spinlock_wait.cc.o
[327/664] Linking CXX static library _deps/protobuf-build/third_party/abseil-cpp/absl/base/libabsl_spinlock_wait.a
[328/664] Building CXX object _deps/protobuf-build/CMakeFiles/protoc-gen-upb_minitable.dir/upb_generator/minitable/names_internal.cc.o
[329/664] Building CXX object _deps/protobuf-build/CMakeFiles/protoc-gen-upb_minitable.dir/upb_generator/minitable/main.cc.o
[330/664] Building CXX object _deps/protobuf-build/CMakeFiles/protoc-gen-upb_minitable.dir/upb_generator/minitable/generator.cc.o
[331/664] Building CXX object _deps/protobuf-build/third_party/abseil-cpp/absl/base/CMakeFiles/absl_base.dir/internal/cycleclock.cc.o
[332/664] Building CXX object _deps/protobuf-build/third_party/abseil-cpp/absl/base/CMakeFiles/absl_base.dir/internal/sysinfo.cc.o
[333/664] Building CXX object _deps/protobuf-build/third_party/abseil-cpp/absl/base/CMakeFiles/absl_base.dir/internal/unscaledcycleclock.cc.o
[334/664] Building CXX object _deps/protobuf-build/third_party/abseil-cpp/absl/base/CMakeFiles/absl_malloc_internal.dir/internal/low_level_alloc.cc.o
[335/664] Building CXX object _deps/protobuf-build/third_party/abseil-cpp/absl/base/CMakeFiles/absl_base.dir/internal/spinlock.cc.o
[336/664] Building CXX object _deps/protobuf-build/third_party/abseil-cpp/absl/base/CMakeFiles/absl_base.dir/internal/thread_identity.cc.o
[337/664] Linking CXX static library _deps/protobuf-build/third_party/abseil-cpp/absl/base/libabsl_base.a
[338/664] Linking CXX static library _deps/protobuf-build/third_party/abseil-cpp/absl/base/libabsl_malloc_internal.a
[339/664] Building CXX object _deps/protobuf-build/third_party/abseil-cpp/absl/base/CMakeFiles/absl_strerror.dir/internal/strerror.cc.o
[340/664] Linking CXX static library _deps/protobuf-build/third_party/abseil-cpp/absl/base/libabsl_strerror.a
[341/664] Building CXX object _deps/protobuf-build/third_party/abseil-cpp/absl/base/CMakeFiles/absl_throw_delegate.dir/internal/throw_delegate.cc.o
[342/664] Building CXX object _deps/protobuf-build/third_party/abseil-cpp/absl/base/CMakeFiles/absl_scoped_set_env.dir/internal/scoped_set_env.cc.o
[343/664] Linking CXX static library _deps/protobuf-build/third_party/abseil-cpp/absl/base/libabsl_throw_delegate.a
[344/664] Linking CXX static library _deps/protobuf-build/third_party/abseil-cpp/absl/base/libabsl_scoped_set_env.a
[345/664] Building CXX object _deps/protobuf-build/third_party/abseil-cpp/absl/crc/CMakeFiles/absl_crc_cpu_detect.dir/internal/cpu_detect.cc.o
[346/664] Linking CXX static library _deps/protobuf-build/third_party/abseil-cpp/absl/crc/libabsl_crc_cpu_detect.a
[347/664] Building CXX object _deps/protobuf-build/third_party/abseil-cpp/absl/crc/CMakeFiles/absl_crc_internal.dir/internal/crc.cc.o
[348/664] Building CXX object _deps/protobuf-build/third_party/abseil-cpp/absl/container/CMakeFiles/absl_hashtablez_sampler.dir/internal/hashtablez_sampler.cc.o
[349/664] Building CXX object _deps/protobuf-build/third_party/abseil-cpp/absl/container/CMakeFiles/absl_hashtablez_sampler.dir/internal/hashtablez_sampler_force_weak_definition.cc.o
[350/664] Building CXX object _deps/protobuf-build/third_party/abseil-cpp/absl/crc/CMakeFiles/absl_crc_internal.dir/internal/crc_x86_arm_combined.cc.o
[351/664] Linking CXX static library _deps/protobuf-build/third_party/abseil-cpp/absl/crc/libabsl_crc_internal.a
[352/664] Building CXX object _deps/protobuf-build/CMakeFiles/protoc.dir/src/google/protobuf/compiler/main.cc.o
In file included from /home/tina.guest/tinylsm-goal3-62e0496/build/benchmark/_deps/protobuf-src/src/google/protobuf/arena.h:38,
                 from /home/tina.guest/tinylsm-goal3-62e0496/build/benchmark/_deps/protobuf-src/src/google/protobuf/descriptor.pb.h:21,
                 from /home/tina.guest/tinylsm-goal3-62e0496/build/benchmark/_deps/protobuf-src/src/google/protobuf/compiler/command_line_interface.h:29,
                 from /home/tina.guest/tinylsm-goal3-62e0496/build/benchmark/_deps/protobuf-src/src/google/protobuf/compiler/main.cc:9:
/home/tina.guest/tinylsm-goal3-62e0496/build/benchmark/_deps/protobuf-src/src/google/protobuf/port.h: In function ‘void google::protobuf::internal::AssertDownCast(From*)’:
/home/tina.guest/tinylsm-goal3-62e0496/build/benchmark/_deps/protobuf-src/src/google/protobuf/port.h:181:5: warning: testing if a concept-id is a valid expression; add ‘requires’ to check satisfaction [-Wmissing-requires]
  181 |     std::derived_from<std::remove_pointer_t<To>,
      |     ^
      |     requires
[353/664] Building CXX object _deps/protobuf-build/third_party/abseil-cpp/absl/crc/CMakeFiles/absl_crc32c.dir/crc32c.cc.o
[354/664] Building CXX object _deps/protobuf-build/third_party/abseil-cpp/absl/crc/CMakeFiles/absl_crc32c.dir/internal/crc_memcpy_fallback.cc.o
[355/664] Building CXX object _deps/protobuf-build/third_party/abseil-cpp/absl/crc/CMakeFiles/absl_crc32c.dir/internal/crc_memcpy_x86_arm_combined.cc.o
[356/664] Building CXX object _deps/protobuf-build/third_party/abseil-cpp/absl/container/CMakeFiles/absl_raw_hash_set.dir/internal/raw_hash_set.cc.o
[357/664] Building CXX object _deps/protobuf-build/third_party/abseil-cpp/absl/debugging/CMakeFiles/absl_stacktrace.dir/stacktrace.cc.o
[358/664] Building CXX object _deps/protobuf-build/third_party/abseil-cpp/absl/debugging/CMakeFiles/absl_examine_stack.dir/internal/examine_stack.cc.o
[359/664] Building CXX object _deps/protobuf-build/third_party/abseil-cpp/absl/crc/CMakeFiles/absl_crc32c.dir/internal/crc_non_temporal_memcpy.cc.o
[360/664] Building CXX object _deps/protobuf-build/third_party/abseil-cpp/absl/debugging/CMakeFiles/absl_debugging_internal.dir/internal/address_is_readable.cc.o
[361/664] Building CXX object _deps/protobuf-build/third_party/abseil-cpp/absl/debugging/CMakeFiles/absl_failure_signal_handler.dir/failure_signal_handler.cc.o
[362/664] Building CXX object _deps/protobuf-build/third_party/abseil-cpp/absl/debugging/CMakeFiles/absl_debugging_internal.dir/internal/elf_mem_image.cc.o
[363/664] Building CXX object _deps/protobuf-build/third_party/abseil-cpp/absl/debugging/CMakeFiles/absl_leak_check.dir/leak_check.cc.o
[364/664] Linking CXX static library _deps/protobuf-build/third_party/abseil-cpp/absl/debugging/libabsl_leak_check.a
[365/664] Building CXX object _deps/protobuf-build/third_party/abseil-cpp/absl/debugging/CMakeFiles/absl_symbolize.dir/symbolize.cc.o
[366/664] Building CXX object _deps/protobuf-build/third_party/abseil-cpp/absl/crc/CMakeFiles/absl_crc_cord_state.dir/internal/crc_cord_state.cc.o
[367/664] Building CXX object _deps/protobuf-build/third_party/abseil-cpp/absl/debugging/CMakeFiles/absl_debugging_internal.dir/internal/vdso_support.cc.o
[368/664] Building CXX object _deps/protobuf-build/third_party/abseil-cpp/absl/flags/CMakeFiles/absl_flags_commandlineflag_internal.dir/internal/commandlineflag.cc.o
[369/664] Linking CXX static library _deps/protobuf-build/third_party/abseil-cpp/absl/debugging/libabsl_debugging_internal.a
[370/664] Linking CXX static library _deps/protobuf-build/third_party/abseil-cpp/absl/flags/libabsl_flags_commandlineflag_internal.a
[371/664] Linking CXX static library _deps/protobuf-build/third_party/abseil-cpp/absl/debugging/libabsl_stacktrace.a
[372/664] Building CXX object _deps/protobuf-build/third_party/abseil-cpp/absl/flags/CMakeFiles/absl_flags_commandlineflag.dir/commandlineflag.cc.o
[373/664] Building CXX object _deps/protobuf-build/third_party/abseil-cpp/absl/debugging/CMakeFiles/absl_demangle_internal.dir/internal/demangle.cc.o
[374/664] Linking CXX static library _deps/protobuf-build/third_party/abseil-cpp/absl/debugging/libabsl_demangle_internal.a
[375/664] Building CXX object _deps/protobuf-build/third_party/abseil-cpp/absl/flags/CMakeFiles/absl_flags_private_handle_accessor.dir/internal/private_handle_accessor.cc.o
[376/664] Building CXX object _deps/protobuf-build/third_party/abseil-cpp/absl/flags/CMakeFiles/absl_flags_program_name.dir/internal/program_name.cc.o
[377/664] Building CXX object _deps/protobuf-build/third_party/abseil-cpp/absl/flags/CMakeFiles/absl_flags_config.dir/usage_config.cc.o
[378/664] Building CXX object _deps/protobuf-build/third_party/abseil-cpp/absl/flags/CMakeFiles/absl_flags_marshalling.dir/marshalling.cc.o
[379/664] Building CXX object _deps/protobuf-build/third_party/abseil-cpp/absl/flags/CMakeFiles/absl_flags_internal.dir/internal/flag.cc.o
[380/664] Building CXX object _deps/protobuf-build/third_party/abseil-cpp/absl/flags/CMakeFiles/absl_flags_usage.dir/usage.cc.o
[381/664] Building CXX object _deps/protobuf-build/third_party/abseil-cpp/absl/hash/CMakeFiles/absl_hash.dir/internal/hash.cc.o
[382/664] Building CXX object _deps/protobuf-build/third_party/abseil-cpp/absl/hash/CMakeFiles/absl_low_level_hash.dir/internal/low_level_hash.cc.o
[383/664] Building CXX object _deps/protobuf-build/third_party/abseil-cpp/absl/hash/CMakeFiles/absl_city.dir/internal/city.cc.o
[384/664] Building CXX object _deps/protobuf-build/third_party/abseil-cpp/absl/flags/CMakeFiles/absl_flags_reflection.dir/reflection.cc.o
[385/664] Linking CXX static library _deps/protobuf-build/third_party/abseil-cpp/absl/hash/libabsl_city.a
[386/664] Building CXX object _deps/protobuf-build/third_party/abseil-cpp/absl/log/CMakeFiles/absl_log_internal_conditions.dir/internal/conditions.cc.o
[387/664] Linking CXX static library _deps/protobuf-build/third_party/abseil-cpp/absl/log/libabsl_log_internal_conditions.a
[388/664] Building CXX object _deps/protobuf-build/third_party/abseil-cpp/absl/flags/CMakeFiles/absl_flags_usage_internal.dir/internal/usage.cc.o
[389/664] Building CXX object _deps/protobuf-build/third_party/abseil-cpp/absl/log/CMakeFiles/absl_log_internal_proto.dir/internal/proto.cc.o
[390/664] Building CXX object _deps/protobuf-build/third_party/abseil-cpp/absl/log/CMakeFiles/absl_log_internal_check_op.dir/internal/check_op.cc.o
[391/664] Building CXX object _deps/protobuf-build/third_party/abseil-cpp/absl/log/CMakeFiles/absl_log_internal_nullguard.dir/internal/nullguard.cc.o
[392/664] Linking CXX static library _deps/protobuf-build/third_party/abseil-cpp/absl/log/libabsl_log_internal_nullguard.a
[393/664] Building CXX object _deps/protobuf-build/third_party/abseil-cpp/absl/log/CMakeFiles/absl_log_internal_globals.dir/internal/globals.cc.o
[394/664] Building CXX object _deps/protobuf-build/third_party/abseil-cpp/absl/log/CMakeFiles/absl_log_internal_format.dir/internal/log_format.cc.o
[395/664] Building CXX object _deps/protobuf-build/third_party/abseil-cpp/absl/flags/CMakeFiles/absl_flags_parse.dir/parse.cc.o
[396/664] Building CXX object _deps/protobuf-build/third_party/abseil-cpp/absl/log/CMakeFiles/absl_log_internal_message.dir/internal/log_message.cc.o
[397/664] Building CXX object _deps/protobuf-build/third_party/abseil-cpp/absl/log/CMakeFiles/absl_die_if_null.dir/die_if_null.cc.o
[398/664] Building CXX object _deps/protobuf-build/third_party/abseil-cpp/absl/log/CMakeFiles/absl_log_internal_log_sink_set.dir/internal/log_sink_set.cc.o
[399/664] Building CXX object _deps/protobuf-build/third_party/abseil-cpp/absl/log/CMakeFiles/absl_log_globals.dir/globals.cc.o
[400/664] Building CXX object _deps/protobuf-build/third_party/abseil-cpp/absl/log/CMakeFiles/absl_log_initialize.dir/initialize.cc.o
[401/664] Building CXX object _deps/protobuf-build/third_party/abseil-cpp/absl/log/CMakeFiles/absl_log_flags.dir/flags.cc.o
[402/664] Building CXX object _deps/protobuf-build/third_party/abseil-cpp/absl/log/CMakeFiles/absl_log_entry.dir/log_entry.cc.o
[403/664] Building CXX object _deps/protobuf-build/third_party/abseil-cpp/absl/profiling/CMakeFiles/absl_periodic_sampler.dir/internal/periodic_sampler.cc.o
[404/664] Building CXX object _deps/protobuf-build/third_party/abseil-cpp/absl/profiling/CMakeFiles/absl_exponential_biased.dir/internal/exponential_biased.cc.o
[405/664] Linking CXX static library _deps/protobuf-build/third_party/abseil-cpp/absl/profiling/libabsl_exponential_biased.a
[406/664] Building CXX object _deps/protobuf-build/third_party/abseil-cpp/absl/log/CMakeFiles/absl_log_sink.dir/log_sink.cc.o
[407/664] Linking CXX static library _deps/protobuf-build/third_party/abseil-cpp/absl/profiling/libabsl_periodic_sampler.a
[408/664] Building CXX object _deps/protobuf-build/third_party/abseil-cpp/absl/log/CMakeFiles/absl_log_internal_fnmatch.dir/internal/fnmatch.cc.o
[409/664] Building CXX object _deps/protobuf-build/third_party/abseil-cpp/absl/numeric/CMakeFiles/absl_int128.dir/int128.cc.o
[410/664] Linking CXX static library _deps/protobuf-build/third_party/abseil-cpp/absl/numeric/libabsl_int128.a
[411/664] Building CXX object _deps/protobuf-build/third_party/abseil-cpp/absl/random/CMakeFiles/absl_random_seed_gen_exception.dir/seed_gen_exception.cc.o
[412/664] Linking CXX static library _deps/protobuf-build/third_party/abseil-cpp/absl/hash/libabsl_low_level_hash.a
[413/664] Linking CXX static library _deps/protobuf-build/third_party/abseil-cpp/absl/random/libabsl_random_seed_gen_exception.a
[414/664] Building CXX object _deps/protobuf-build/third_party/abseil-cpp/absl/log/CMakeFiles/absl_vlog_config_internal.dir/internal/vlog_config.cc.o
[415/664] Building CXX object _deps/protobuf-build/third_party/abseil-cpp/absl/random/CMakeFiles/absl_random_distributions.dir/discrete_distribution.cc.o
[416/664] Building CXX object _deps/protobuf-build/third_party/abseil-cpp/absl/random/CMakeFiles/absl_random_internal_platform.dir/internal/randen_round_keys.cc.o
[417/664] Linking CXX static library _deps/protobuf-build/third_party/abseil-cpp/absl/random/libabsl_random_internal_platform.a
[418/664] Building CXX object _deps/protobuf-build/third_party/abseil-cpp/absl/random/CMakeFiles/absl_random_distributions.dir/gaussian_distribution.cc.o
[419/664] Building CXX object _deps/protobuf-build/third_party/abseil-cpp/absl/random/CMakeFiles/absl_random_internal_randen_hwaes.dir/internal/randen_detect.cc.o
[420/664] Building CXX object _deps/protobuf-build/third_party/abseil-cpp/absl/random/CMakeFiles/absl_random_internal_randen.dir/internal/randen.cc.o
[421/664] Building CXX object _deps/protobuf-build/third_party/abseil-cpp/absl/random/CMakeFiles/absl_random_internal_pool_urbg.dir/internal/pool_urbg.cc.o
[422/664] Building CXX object _deps/protobuf-build/third_party/abseil-cpp/absl/random/CMakeFiles/absl_random_seed_sequences.dir/seed_sequences.cc.o
[423/664] Building CXX object _deps/protobuf-build/third_party/abseil-cpp/absl/random/CMakeFiles/absl_random_internal_randen_hwaes_impl.dir/internal/randen_hwaes.cc.o
[424/664] Building CXX object _deps/protobuf-build/third_party/abseil-cpp/absl/random/CMakeFiles/absl_random_internal_seed_material.dir/internal/seed_material.cc.o
[425/664] Linking CXX static library _deps/protobuf-build/third_party/abseil-cpp/absl/random/libabsl_random_internal_randen_hwaes_impl.a
[426/664] Linking CXX static library _deps/protobuf-build/third_party/abseil-cpp/absl/random/libabsl_random_internal_randen_hwaes.a
[427/664] Building CXX object _deps/protobuf-build/third_party/abseil-cpp/absl/random/CMakeFiles/absl_random_internal_randen_slow.dir/internal/randen_slow.cc.o
[428/664] Linking CXX static library _deps/protobuf-build/third_party/abseil-cpp/absl/random/libabsl_random_internal_randen_slow.a
[429/664] Building CXX object _deps/protobuf-build/third_party/abseil-cpp/absl/random/CMakeFiles/absl_random_internal_distribution_test_util.dir/internal/chi_square.cc.o
[430/664] Linking CXX static library _deps/protobuf-build/third_party/abseil-cpp/absl/random/libabsl_random_internal_randen.a
[431/664] Building CXX object _deps/protobuf-build/third_party/abseil-cpp/absl/strings/CMakeFiles/absl_string_view.dir/string_view.cc.o
[432/664] Linking CXX static library _deps/protobuf-build/third_party/abseil-cpp/absl/strings/libabsl_string_view.a
[433/664] Building CXX object _deps/protobuf-build/third_party/abseil-cpp/absl/random/CMakeFiles/absl_random_internal_distribution_test_util.dir/internal/distribution_test_util.cc.o
[434/664] Building CXX object _deps/protobuf-build/third_party/abseil-cpp/absl/status/CMakeFiles/absl_status.dir/status_payload_printer.cc.o
[435/664] Building CXX object _deps/protobuf-build/third_party/abseil-cpp/absl/status/CMakeFiles/absl_status.dir/internal/status_internal.cc.o
[436/664] Building CXX object _deps/protobuf-build/third_party/abseil-cpp/absl/strings/CMakeFiles/absl_strings.dir/ascii.cc.o
[437/664] Building CXX object _deps/protobuf-build/third_party/abseil-cpp/absl/status/CMakeFiles/absl_statusor.dir/statusor.cc.o
[438/664] Building CXX object _deps/protobuf-build/third_party/abseil-cpp/absl/strings/CMakeFiles/absl_strings.dir/internal/charconv_parse.cc.o
[439/664] Building CXX object _deps/protobuf-build/third_party/abseil-cpp/absl/status/CMakeFiles/absl_status.dir/status.cc.o
[440/664] Building CXX object _deps/protobuf-build/third_party/abseil-cpp/absl/strings/CMakeFiles/absl_strings.dir/charconv.cc.o
[441/664] Building CXX object _deps/protobuf-build/third_party/abseil-cpp/absl/strings/CMakeFiles/absl_strings.dir/internal/damerau_levenshtein_distance.cc.o
[442/664] Building CXX object _deps/protobuf-build/third_party/abseil-cpp/absl/strings/CMakeFiles/absl_strings.dir/internal/stringify_sink.cc.o
[443/664] Building CXX object _deps/protobuf-build/third_party/abseil-cpp/absl/strings/CMakeFiles/absl_strings.dir/escaping.cc.o
[444/664] Building CXX object _deps/protobuf-build/third_party/abseil-cpp/absl/strings/CMakeFiles/absl_strings.dir/match.cc.o
[445/664] Building CXX object _deps/protobuf-build/third_party/abseil-cpp/absl/strings/CMakeFiles/absl_strings.dir/internal/memutil.cc.o
[446/664] Building CXX object _deps/protobuf-build/third_party/abseil-cpp/absl/strings/CMakeFiles/absl_strings.dir/internal/charconv_bigint.cc.o
[447/664] Building CXX object _deps/protobuf-build/third_party/abseil-cpp/absl/strings/CMakeFiles/absl_strings.dir/str_split.cc.o
[448/664] Building CXX object _deps/protobuf-build/third_party/abseil-cpp/absl/strings/CMakeFiles/absl_strings.dir/str_replace.cc.o
[449/664] Building CXX object _deps/protobuf-build/third_party/abseil-cpp/absl/strings/CMakeFiles/absl_strings_internal.dir/internal/utf8.cc.o
[450/664] Building CXX object _deps/protobuf-build/third_party/abseil-cpp/absl/strings/CMakeFiles/absl_strings_internal.dir/internal/ostringstream.cc.o
[451/664] Building CXX object _deps/protobuf-build/third_party/abseil-cpp/absl/strings/CMakeFiles/absl_strings.dir/numbers.cc.o
[452/664] Building CXX object _deps/protobuf-build/third_party/abseil-cpp/absl/strings/CMakeFiles/absl_strings.dir/substitute.cc.o
[453/664] Building CXX object _deps/protobuf-build/third_party/abseil-cpp/absl/strings/CMakeFiles/absl_strings.dir/str_cat.cc.o
[454/664] Building CXX object _deps/protobuf-build/third_party/abseil-cpp/absl/strings/CMakeFiles/absl_strings_internal.dir/internal/escaping.cc.o
[455/664] Linking CXX static library _deps/protobuf-build/third_party/abseil-cpp/absl/strings/libabsl_strings_internal.a
[456/664] Linking CXX static library _deps/protobuf-build/third_party/abseil-cpp/absl/strings/libabsl_strings.a
[457/664] Linking CXX static library _deps/protobuf-build/third_party/abseil-cpp/absl/debugging/libabsl_symbolize.a
[458/664] Linking CXX static library _deps/protobuf-build/third_party/abseil-cpp/absl/debugging/libabsl_examine_stack.a
[459/664] Linking CXX static library _deps/protobuf-build/third_party/abseil-cpp/absl/debugging/libabsl_failure_signal_handler.a
[460/664] Linking CXX static library _deps/protobuf-build/third_party/abseil-cpp/absl/log/libabsl_log_internal_proto.a
[461/664] Building CXX object _deps/protobuf-build/third_party/abseil-cpp/absl/strings/CMakeFiles/absl_str_format_internal.dir/internal/str_format/extension.cc.o
[462/664] Linking CXX static library _deps/protobuf-build/third_party/abseil-cpp/absl/log/libabsl_log_internal_fnmatch.a
[463/664] Building CXX object _deps/protobuf-build/third_party/abseil-cpp/absl/strings/CMakeFiles/absl_str_format_internal.dir/internal/str_format/output.cc.o
[464/664] Linking CXX static library _deps/protobuf-build/third_party/abseil-cpp/absl/random/libabsl_random_distributions.a
[465/664] Building CXX object _deps/protobuf-build/third_party/abseil-cpp/absl/strings/CMakeFiles/absl_str_format_internal.dir/internal/str_format/bind.cc.o
[466/664] Building CXX object _deps/protobuf-build/third_party/abseil-cpp/absl/strings/CMakeFiles/absl_str_format_internal.dir/internal/str_format/arg.cc.o
[467/664] Building CXX object _deps/protobuf-build/third_party/abseil-cpp/absl/strings/CMakeFiles/absl_cord_internal.dir/internal/cord_internal.cc.o
[468/664] Building CXX object _deps/protobuf-build/third_party/abseil-cpp/absl/strings/CMakeFiles/absl_str_format_internal.dir/internal/str_format/parser.cc.o
[469/664] Building CXX object _deps/protobuf-build/third_party/abseil-cpp/absl/strings/CMakeFiles/absl_cord_internal.dir/internal/cord_rep_btree_navigator.cc.o
[470/664] Building CXX object _deps/protobuf-build/third_party/abseil-cpp/absl/strings/CMakeFiles/absl_str_format_internal.dir/internal/str_format/float_conversion.cc.o
[471/664] Linking CXX static library _deps/protobuf-build/third_party/abseil-cpp/absl/strings/libabsl_str_format_internal.a
[472/664] Linking CXX static library _deps/protobuf-build/third_party/abseil-cpp/absl/crc/libabsl_crc32c.a
[473/664] Linking CXX static library _deps/protobuf-build/third_party/abseil-cpp/absl/crc/libabsl_crc_cord_state.a
[474/664] Linking CXX static library _deps/protobuf-build/third_party/abseil-cpp/absl/random/libabsl_random_internal_distribution_test_util.a
[475/664] Building CXX object _deps/protobuf-build/third_party/abseil-cpp/absl/strings/CMakeFiles/absl_cord_internal.dir/internal/cord_rep_btree_reader.cc.o
[476/664] Building CXX object _deps/protobuf-build/third_party/abseil-cpp/absl/strings/CMakeFiles/absl_cordz_functions.dir/internal/cordz_functions.cc.o
[477/664] Building CXX object _deps/protobuf-build/third_party/abseil-cpp/absl/strings/CMakeFiles/absl_cord_internal.dir/internal/cord_rep_consume.cc.o
[478/664] Linking CXX static library _deps/protobuf-build/third_party/abseil-cpp/absl/strings/libabsl_cordz_functions.a
[479/664] Building CXX object _deps/protobuf-build/third_party/abseil-cpp/absl/strings/CMakeFiles/absl_cord_internal.dir/internal/cord_rep_crc.cc.o
[480/664] Building CXX object _deps/protobuf-build/third_party/abseil-cpp/absl/strings/CMakeFiles/absl_cordz_handle.dir/internal/cordz_handle.cc.o
[481/664] Building CXX object _deps/protobuf-build/third_party/abseil-cpp/absl/strings/CMakeFiles/absl_cord_internal.dir/internal/cord_rep_btree.cc.o
[482/664] Linking CXX static library _deps/protobuf-build/third_party/abseil-cpp/absl/strings/libabsl_cord_internal.a
[483/664] Building CXX object _deps/protobuf-build/third_party/abseil-cpp/absl/strings/CMakeFiles/absl_cord.dir/cord_analysis.cc.o
[484/664] Building CXX object _deps/protobuf-build/third_party/abseil-cpp/absl/strings/CMakeFiles/absl_cordz_info.dir/internal/cordz_info.cc.o
[485/664] Building CXX object _deps/protobuf-build/third_party/abseil-cpp/absl/strings/CMakeFiles/absl_cordz_sample_token.dir/internal/cordz_sample_token.cc.o
[486/664] Building CXX object _deps/protobuf-build/third_party/abseil-cpp/absl/strings/CMakeFiles/absl_cord.dir/cord_buffer.cc.o
[487/664] Building CXX object _deps/protobuf-build/third_party/abseil-cpp/absl/synchronization/CMakeFiles/absl_graphcycles_internal.dir/internal/graphcycles.cc.o
[488/664] Linking CXX static library _deps/protobuf-build/third_party/abseil-cpp/absl/synchronization/libabsl_graphcycles_internal.a
[489/664] Building CXX object _deps/protobuf-build/third_party/abseil-cpp/absl/synchronization/CMakeFiles/absl_kernel_timeout_internal.dir/internal/kernel_timeout.cc.o
[490/664] Building CXX object _deps/protobuf-build/third_party/abseil-cpp/absl/synchronization/CMakeFiles/absl_synchronization.dir/blocking_counter.cc.o
[491/664] Building CXX object _deps/protobuf-build/third_party/abseil-cpp/absl/synchronization/CMakeFiles/absl_synchronization.dir/barrier.cc.o
[492/664] Building CXX object _deps/protobuf-build/third_party/abseil-cpp/absl/synchronization/CMakeFiles/absl_synchronization.dir/internal/per_thread_sem.cc.o
[493/664] Building CXX object _deps/protobuf-build/third_party/abseil-cpp/absl/synchronization/CMakeFiles/absl_synchronization.dir/internal/create_thread_identity.cc.o
[494/664] Building CXX object _deps/protobuf-build/third_party/abseil-cpp/absl/synchronization/CMakeFiles/absl_synchronization.dir/internal/pthread_waiter.cc.o
[495/664] Building CXX object _deps/protobuf-build/third_party/abseil-cpp/absl/synchronization/CMakeFiles/absl_synchronization.dir/internal/win32_waiter.cc.o
[496/664] Building CXX object _deps/protobuf-build/third_party/abseil-cpp/absl/strings/CMakeFiles/absl_cord.dir/cord.cc.o
[497/664] Building CXX object _deps/protobuf-build/third_party/abseil-cpp/absl/synchronization/CMakeFiles/absl_synchronization.dir/internal/sem_waiter.cc.o
[498/664] Building CXX object _deps/protobuf-build/third_party/abseil-cpp/absl/synchronization/CMakeFiles/absl_synchronization.dir/internal/futex_waiter.cc.o
[499/664] Building CXX object _deps/protobuf-build/third_party/abseil-cpp/absl/synchronization/CMakeFiles/absl_synchronization.dir/internal/waiter_base.cc.o
[500/664] Building CXX object _deps/protobuf-build/third_party/abseil-cpp/absl/synchronization/CMakeFiles/absl_synchronization.dir/internal/stdcpp_waiter.cc.o
[501/664] Building CXX object _deps/protobuf-build/third_party/abseil-cpp/absl/time/CMakeFiles/absl_time.dir/clock.cc.o
[502/664] Building CXX object _deps/protobuf-build/third_party/abseil-cpp/absl/synchronization/CMakeFiles/absl_synchronization.dir/notification.cc.o
[503/664] Building CXX object _deps/protobuf-build/third_party/abseil-cpp/absl/time/CMakeFiles/absl_civil_time.dir/internal/cctz/src/civil_time_detail.cc.o
[504/664] Linking CXX static library _deps/protobuf-build/third_party/abseil-cpp/absl/time/libabsl_civil_time.a
[505/664] Building CXX object _deps/protobuf-build/third_party/abseil-cpp/absl/time/CMakeFiles/absl_time.dir/format.cc.o
[506/664] Building CXX object _deps/protobuf-build/third_party/abseil-cpp/absl/synchronization/CMakeFiles/absl_synchronization.dir/mutex.cc.o
[507/664] Building CXX object _deps/protobuf-build/third_party/abseil-cpp/absl/time/CMakeFiles/absl_time.dir/civil_time.cc.o
[508/664] Building CXX object _deps/protobuf-build/third_party/abseil-cpp/absl/time/CMakeFiles/absl_time.dir/duration.cc.o
[509/664] Building CXX object _deps/protobuf-build/third_party/abseil-cpp/absl/time/CMakeFiles/absl_time_zone.dir/internal/cctz/src/time_zone_fixed.cc.o
[510/664] Building CXX object _deps/protobuf-build/third_party/abseil-cpp/absl/time/CMakeFiles/absl_time.dir/time.cc.o
[511/664] Building CXX object _deps/protobuf-build/third_party/abseil-cpp/absl/time/CMakeFiles/absl_time_zone.dir/internal/cctz/src/time_zone_if.cc.o
[512/664] Building CXX object _deps/protobuf-build/third_party/abseil-cpp/absl/time/CMakeFiles/absl_time_zone.dir/internal/cctz/src/time_zone_posix.cc.o
[513/664] Building CXX object _deps/protobuf-build/third_party/abseil-cpp/absl/time/CMakeFiles/absl_time_zone.dir/internal/cctz/src/time_zone_impl.cc.o
[514/664] Building CXX object _deps/protobuf-build/third_party/abseil-cpp/absl/types/CMakeFiles/absl_bad_any_cast_impl.dir/bad_any_cast.cc.o
[515/664] Linking CXX static library _deps/protobuf-build/third_party/abseil-cpp/absl/types/libabsl_bad_any_cast_impl.a
[516/664] Building CXX object _deps/protobuf-build/third_party/abseil-cpp/absl/types/CMakeFiles/absl_bad_optional_access.dir/bad_optional_access.cc.o
[517/664] Building CXX object _deps/protobuf-build/third_party/abseil-cpp/absl/time/CMakeFiles/absl_time_zone.dir/internal/cctz/src/time_zone_libc.cc.o
[518/664] Building CXX object _deps/protobuf-build/third_party/abseil-cpp/absl/time/CMakeFiles/absl_time_zone.dir/internal/cctz/src/time_zone_lookup.cc.o
[519/664] Building CXX object _deps/protobuf-build/third_party/abseil-cpp/absl/time/CMakeFiles/absl_time_zone.dir/internal/cctz/src/zone_info_source.cc.o
[520/664] Linking CXX static library _deps/protobuf-build/third_party/abseil-cpp/absl/types/libabsl_bad_optional_access.a
[521/664] Linking CXX static library _deps/protobuf-build/third_party/abseil-cpp/absl/flags/libabsl_flags_marshalling.a
[522/664] Building C object _deps/protobuf-build/third_party/utf8_range/CMakeFiles/utf8_range.dir/utf8_range.c.o
[523/664] Linking CXX static library _deps/protobuf-build/third_party/abseil-cpp/absl/flags/libabsl_flags_commandlineflag.a
[524/664] Linking CXX static library _deps/protobuf-build/third_party/abseil-cpp/absl/random/libabsl_random_internal_seed_material.a
[525/664] Linking CXX static library _deps/protobuf-build/third_party/abseil-cpp/absl/flags/libabsl_flags_private_handle_accessor.a
[526/664] Building CXX object _deps/protobuf-build/third_party/abseil-cpp/absl/types/CMakeFiles/absl_bad_variant_access.dir/bad_variant_access.cc.o
[527/664] Linking CXX static library _deps/protobuf-build/third_party/abseil-cpp/absl/random/libabsl_random_internal_pool_urbg.a
[528/664] Linking C static library _deps/protobuf-build/third_party/utf8_range/libutf8_range.a
[529/664] Linking CXX static library _deps/protobuf-build/third_party/abseil-cpp/absl/types/libabsl_bad_variant_access.a
[530/664] Linking CXX static library _deps/protobuf-build/third_party/abseil-cpp/absl/random/libabsl_random_seed_sequences.a
[531/664] Linking CXX static library _deps/protobuf-build/third_party/abseil-cpp/absl/hash/libabsl_hash.a
[532/664] Linking C static library _deps/protobuf-build/libupb.a
[533/664] Building C object _deps/protobuf-build/third_party/utf8_range/CMakeFiles/utf8_validity.dir/utf8_range.c.o
[534/664] Building CXX object _deps/protobuf-build/third_party/abseil-cpp/absl/time/CMakeFiles/absl_time_zone.dir/internal/cctz/src/time_zone_format.cc.o
[535/664] Building CXX object _deps/protobuf-build/third_party/utf8_range/CMakeFiles/utf8_validity.dir/utf8_validity.cc.o
[536/664] Linking CXX static library _deps/protobuf-build/third_party/utf8_range/libutf8_validity.a
[537/664] Building CXX object _deps/google_benchmark-build/src/CMakeFiles/benchmark.dir/benchmark_name.cc.o
[538/664] Building CXX object _deps/google_benchmark-build/src/CMakeFiles/benchmark.dir/benchmark_api_internal.cc.o
[539/664] Building CXX object _deps/google_benchmark-build/src/CMakeFiles/benchmark.dir/check.cc.o
[540/664] Building CXX object _deps/protobuf-build/third_party/abseil-cpp/absl/time/CMakeFiles/absl_time_zone.dir/internal/cctz/src/time_zone_info.cc.o
[541/664] Linking CXX static library _deps/protobuf-build/third_party/abseil-cpp/absl/time/libabsl_time_zone.a
[542/664] Building CXX object _deps/google_benchmark-build/src/CMakeFiles/benchmark.dir/colorprint.cc.o
[543/664] Linking CXX static library _deps/protobuf-build/third_party/abseil-cpp/absl/time/libabsl_time.a
[544/664] Linking CXX static library _deps/protobuf-build/third_party/abseil-cpp/absl/log/libabsl_log_internal_globals.a
[545/664] Linking CXX static library _deps/protobuf-build/third_party/abseil-cpp/absl/log/libabsl_log_internal_format.a
[546/664] Linking CXX static library _deps/protobuf-build/third_party/abseil-cpp/absl/log/libabsl_log_entry.a
[547/664] Linking CXX static library _deps/protobuf-build/third_party/abseil-cpp/absl/log/libabsl_log_sink.a
[548/664] Linking CXX static library _deps/protobuf-build/third_party/abseil-cpp/absl/synchronization/libabsl_kernel_timeout_internal.a
[549/664] Linking CXX static library _deps/protobuf-build/third_party/abseil-cpp/absl/synchronization/libabsl_synchronization.a
[550/664] Linking CXX static library _deps/protobuf-build/third_party/abseil-cpp/absl/container/libabsl_hashtablez_sampler.a
[551/664] Linking CXX static library _deps/protobuf-build/third_party/abseil-cpp/absl/container/libabsl_raw_hash_set.a
[552/664] Linking CXX static library _deps/protobuf-build/third_party/abseil-cpp/absl/flags/libabsl_flags_program_name.a
[553/664] Linking CXX static library _deps/protobuf-build/third_party/abseil-cpp/absl/flags/libabsl_flags_config.a
[554/664] Linking CXX static library _deps/protobuf-build/third_party/abseil-cpp/absl/flags/libabsl_flags_internal.a
[555/664] Building CXX object _deps/google_benchmark-build/src/CMakeFiles/benchmark.dir/benchmark_runner.cc.o
[556/664] Linking CXX static library _deps/protobuf-build/third_party/abseil-cpp/absl/log/libabsl_vlog_config_internal.a
[557/664] Linking CXX static library _deps/protobuf-build/third_party/abseil-cpp/absl/strings/libabsl_cordz_handle.a
[558/664] Linking CXX static library _deps/protobuf-build/third_party/abseil-cpp/absl/log/libabsl_log_globals.a
[559/664] Linking CXX static library _deps/protobuf-build/third_party/abseil-cpp/absl/strings/libabsl_cordz_info.a
[560/664] Linking CXX static library _deps/protobuf-build/third_party/abseil-cpp/absl/log/libabsl_log_internal_log_sink_set.a
[561/664] Linking CXX static library _deps/protobuf-build/third_party/abseil-cpp/absl/log/libabsl_log_initialize.a
[562/664] Linking CXX static library _deps/protobuf-build/third_party/abseil-cpp/absl/log/libabsl_log_internal_message.a
[563/664] Linking CXX static library _deps/protobuf-build/third_party/abseil-cpp/absl/strings/libabsl_cordz_sample_token.a
[564/664] Linking CXX static library _deps/protobuf-build/third_party/abseil-cpp/absl/log/libabsl_die_if_null.a
[565/664] Linking CXX static library _deps/protobuf-build/third_party/abseil-cpp/absl/log/libabsl_log_internal_check_op.a
[566/664] Linking CXX static library _deps/protobuf-build/third_party/abseil-cpp/absl/strings/libabsl_cord.a
[567/664] Linking CXX static library _deps/protobuf-build/third_party/abseil-cpp/absl/flags/libabsl_flags_reflection.a
[568/664] Linking CXX static library _deps/protobuf-build/third_party/abseil-cpp/absl/flags/libabsl_flags_usage_internal.a
[569/664] Linking CXX static library _deps/protobuf-build/third_party/abseil-cpp/absl/flags/libabsl_flags_usage.a
[570/664] Linking CXX static library _deps/protobuf-build/third_party/abseil-cpp/absl/flags/libabsl_flags_parse.a
[571/664] Linking CXX static library _deps/protobuf-build/third_party/abseil-cpp/absl/log/libabsl_log_flags.a
[572/664] Linking CXX static library _deps/protobuf-build/third_party/abseil-cpp/absl/status/libabsl_status.a
[573/664] Linking CXX static library _deps/protobuf-build/third_party/abseil-cpp/absl/status/libabsl_statusor.a
[574/664] Building CXX object _deps/google_benchmark-build/src/CMakeFiles/benchmark.dir/commandlineflags.cc.o
[575/664] Linking CXX static library _deps/protobuf-build/libprotobuf-lite.a
[576/664] Linking CXX static library _deps/protobuf-build/libprotobuf.a
[577/664] Linking CXX static library _deps/protobuf-build/libprotoc.a
[578/664] Linking CXX executable _deps/protobuf-build/protoc-gen-upb-29.3.0
[579/664] Creating executable symlink _deps/protobuf-build/protoc-gen-upb
[580/664] Linking CXX executable _deps/protobuf-build/protoc-gen-upbdefs-29.3.0
[581/664] Creating executable symlink _deps/protobuf-build/protoc-gen-upbdefs
[582/664] Linking CXX executable _deps/protobuf-build/protoc-gen-upb_minitable-29.3.0
[583/664] Creating executable symlink _deps/protobuf-build/protoc-gen-upb_minitable
[584/664] Building CXX object _deps/google_benchmark-build/src/CMakeFiles/benchmark.dir/complexity.cc.o
[585/664] Building CXX object _deps/google_benchmark-build/src/CMakeFiles/benchmark.dir/console_reporter.cc.o
[586/664] Linking CXX executable _deps/protobuf-build/protoc-29.3.0
[587/664] Creating executable symlink _deps/protobuf-build/protoc
[588/664] Running cpp protocol buffer compiler on /home/tina.guest/tinylsm-goal3-62e0496/proto/manifest.proto
[589/664] Building CXX object _deps/google_benchmark-build/src/CMakeFiles/benchmark.dir/benchmark.cc.o
[590/664] Building CXX object _deps/google_benchmark-build/src/CMakeFiles/benchmark.dir/counter.cc.o
[591/664] Building CXX object _deps/google_benchmark-build/src/CMakeFiles/benchmark.dir/csv_reporter.cc.o
[592/664] Building CXX object src/CMakeFiles/tinylsm.dir/db/diagnostic_snapshot.cpp.o
[593/664] Building CXX object _deps/google_benchmark-build/src/CMakeFiles/benchmark.dir/json_reporter.cc.o
[594/664] Building CXX object src/CMakeFiles/tinylsm.dir/db/db.cpp.o
[595/664] Building CXX object src/CMakeFiles/tinylsm.dir/db/filename.cpp.o
[596/664] Building CXX object _deps/google_benchmark-build/src/CMakeFiles/benchmark.dir/benchmark_register.cc.o
[597/664] Building CXX object src/CMakeFiles/tinylsm.dir/iterator/internal_iterator.cpp.o
[598/664] Building CXX object src/CMakeFiles/tinylsm.dir/manifest/manifest_state.cpp.o
[599/664] Building CXX object src/CMakeFiles/tinylsm.dir/io/file.cpp.o
[600/664] Building CXX object src/CMakeFiles/tinylsm.dir/memtable/memtable.cpp.o
[601/664] Building CXX object src/CMakeFiles/tinylsm.dir/sstable/block_cache.cpp.o
[602/664] Building CXX object src/CMakeFiles/tinylsm.dir/util/coding.cpp.o
[603/664] Building CXX object src/CMakeFiles/tinylsm.dir/util/crc32c.cpp.o
[604/664] Building CXX object src/CMakeFiles/tinylsm.dir/manifest/manifest_codec.cpp.o
In file included from /home/tina.guest/tinylsm-goal3-62e0496/build/benchmark/_deps/protobuf-src/third_party/abseil-cpp/absl/strings/internal/str_format/arg.h:35,
                 from /home/tina.guest/tinylsm-goal3-62e0496/build/benchmark/_deps/protobuf-src/third_party/abseil-cpp/absl/strings/str_format.h:83,
                 from /home/tina.guest/tinylsm-goal3-62e0496/build/benchmark/_deps/protobuf-src/third_party/abseil-cpp/absl/crc/crc32c.h:32,
                 from /home/tina.guest/tinylsm-goal3-62e0496/build/benchmark/_deps/protobuf-src/third_party/abseil-cpp/absl/crc/internal/crc_cord_state.h:23,
                 from /home/tina.guest/tinylsm-goal3-62e0496/build/benchmark/_deps/protobuf-src/third_party/abseil-cpp/absl/strings/cord.h:80,
                 from /home/tina.guest/tinylsm-goal3-62e0496/build/benchmark/_deps/protobuf-src/src/google/protobuf/io/coded_stream.h:111,
                 from /home/tina.guest/tinylsm-goal3-62e0496/build/benchmark/src/manifest.pb.h:20,
                 from /home/tina.guest/tinylsm-goal3-62e0496/src/manifest/manifest_codec.cpp:7:
/home/tina.guest/tinylsm-goal3-62e0496/build/benchmark/_deps/protobuf-src/third_party/abseil-cpp/absl/numeric/int128.h:107:22: warning: ISO C++ does not support ‘__int128’ for ‘type name’ [-Wpedantic]
  107 |     alignas(unsigned __int128)
      |                      ^~~~~~~~
/home/tina.guest/tinylsm-goal3-62e0496/build/benchmark/_deps/protobuf-src/third_party/abseil-cpp/absl/numeric/int128.h:121:21: warning: ISO C++ does not support ‘__int128’ for ‘v’ [-Wpedantic]
  121 |   constexpr uint128(__int128 v);           // NOLINT(runtime/explicit)
      |                     ^~~~~~~~
/home/tina.guest/tinylsm-goal3-62e0496/build/benchmark/_deps/protobuf-src/third_party/abseil-cpp/absl/numeric/int128.h:122:30: warning: ISO C++ does not support ‘__int128’ for ‘v’ [-Wpedantic]
  122 |   constexpr uint128(unsigned __int128 v);  // NOLINT(runtime/explicit)
      |                              ^~~~~~~~
/home/tina.guest/tinylsm-goal3-62e0496/build/benchmark/_deps/protobuf-src/third_party/abseil-cpp/absl/numeric/int128.h:137:22: warning: ISO C++ does not support ‘__int128’ for ‘v’ [-Wpedantic]
  137 |   uint128& operator=(__int128 v);
      |                      ^~~~~~~~
/home/tina.guest/tinylsm-goal3-62e0496/build/benchmark/_deps/protobuf-src/third_party/abseil-cpp/absl/numeric/int128.h:138:31: warning: ISO C++ does not support ‘__int128’ for ‘v’ [-Wpedantic]
  138 |   uint128& operator=(unsigned __int128 v);
      |                               ^~~~~~~~
/home/tina.guest/tinylsm-goal3-62e0496/build/benchmark/_deps/protobuf-src/third_party/abseil-cpp/absl/numeric/int128.h:163:31: warning: ISO C++ does not support ‘__int128’ for ‘type name’ [-Wpedantic]
  163 |   constexpr explicit operator __int128() const;
      |                               ^~~~~~~~
/home/tina.guest/tinylsm-goal3-62e0496/build/benchmark/_deps/protobuf-src/third_party/abseil-cpp/absl/numeric/int128.h:163:31: warning: ISO C++ does not support ‘__int128’ for ‘type name’ [-Wpedantic]
/home/tina.guest/tinylsm-goal3-62e0496/build/benchmark/_deps/protobuf-src/third_party/abseil-cpp/absl/numeric/int128.h:164:40: warning: ISO C++ does not support ‘__int128’ for ‘type name’ [-Wpedantic]
  164 |   constexpr explicit operator unsigned __int128() const;
      |                                        ^~~~~~~~
/home/tina.guest/tinylsm-goal3-62e0496/build/benchmark/_deps/protobuf-src/third_party/abseil-cpp/absl/numeric/int128.h:164:40: warning: ISO C++ does not support ‘__int128’ for ‘type name’ [-Wpedantic]
/home/tina.guest/tinylsm-goal3-62e0496/build/benchmark/_deps/protobuf-src/third_party/abseil-cpp/absl/numeric/int128.h:292:57: warning: ISO C++ does not support ‘__int128’ for ‘type name’ [-Wpedantic]
  292 |   static constexpr bool traps = numeric_limits<unsigned __int128>::traps;
      |                                                         ^~~~~~~~
/home/tina.guest/tinylsm-goal3-62e0496/build/benchmark/_deps/protobuf-src/third_party/abseil-cpp/absl/numeric/int128.h:359:20: warning: ISO C++ does not support ‘__int128’ for ‘v’ [-Wpedantic]
  359 |   constexpr int128(__int128 v);  // NOLINT(runtime/explicit)
      |                    ^~~~~~~~
/home/tina.guest/tinylsm-goal3-62e0496/build/benchmark/_deps/protobuf-src/third_party/abseil-cpp/absl/numeric/int128.h:360:38: warning: ISO C++ does not support ‘__int128’ for ‘v’ [-Wpedantic]
  360 |   constexpr explicit int128(unsigned __int128 v);
      |                                      ^~~~~~~~
/home/tina.guest/tinylsm-goal3-62e0496/build/benchmark/_deps/protobuf-src/third_party/abseil-cpp/absl/numeric/int128.h:375:21: warning: ISO C++ does not support ‘__int128’ for ‘v’ [-Wpedantic]
  375 |   int128& operator=(__int128 v);
      |                     ^~~~~~~~
/home/tina.guest/tinylsm-goal3-62e0496/build/benchmark/_deps/protobuf-src/third_party/abseil-cpp/absl/numeric/int128.h:399:31: warning: ISO C++ does not support ‘__int128’ for ‘type name’ [-Wpedantic]
  399 |   constexpr explicit operator __int128() const;
      |                               ^~~~~~~~
/home/tina.guest/tinylsm-goal3-62e0496/build/benchmark/_deps/protobuf-src/third_party/abseil-cpp/absl/numeric/int128.h:399:31: warning: ISO C++ does not support ‘__int128’ for ‘type name’ [-Wpedantic]
/home/tina.guest/tinylsm-goal3-62e0496/build/benchmark/_deps/protobuf-src/third_party/abseil-cpp/absl/numeric/int128.h:400:40: warning: ISO C++ does not support ‘__int128’ for ‘type name’ [-Wpedantic]
  400 |   constexpr explicit operator unsigned __int128() const;
      |                                        ^~~~~~~~
/home/tina.guest/tinylsm-goal3-62e0496/build/benchmark/_deps/protobuf-src/third_party/abseil-cpp/absl/numeric/int128.h:400:40: warning: ISO C++ does not support ‘__int128’ for ‘type name’ [-Wpedantic]
/home/tina.guest/tinylsm-goal3-62e0496/build/benchmark/_deps/protobuf-src/third_party/abseil-cpp/absl/numeric/int128.h:478:3: warning: ISO C++ does not support ‘__int128’ for ‘v_’ [-Wpedantic]
  478 |   __int128 v_;
      |   ^~~~~~~~
/home/tina.guest/tinylsm-goal3-62e0496/build/benchmark/_deps/protobuf-src/third_party/abseil-cpp/absl/numeric/int128.h:535:48: warning: ISO C++ does not support ‘__int128’ for ‘type name’ [-Wpedantic]
  535 |   static constexpr bool traps = numeric_limits<__int128>::traps;
      |                                                ^~~~~~~~
/home/tina.guest/tinylsm-goal3-62e0496/build/benchmark/_deps/protobuf-src/third_party/abseil-cpp/absl/numeric/int128.h:589:36: warning: ISO C++ does not support ‘__int128’ for ‘v’ [-Wpedantic]
  589 | inline uint128& uint128::operator=(__int128 v) { return *this = uint128(v); }
      |                                    ^~~~~~~~
/home/tina.guest/tinylsm-goal3-62e0496/build/benchmark/_deps/protobuf-src/third_party/abseil-cpp/absl/numeric/int128.h:591:45: warning: ISO C++ does not support ‘__int128’ for ‘v’ [-Wpedantic]
  591 | inline uint128& uint128::operator=(unsigned __int128 v) {
      |                                             ^~~~~~~~
/home/tina.guest/tinylsm-goal3-62e0496/build/benchmark/_deps/protobuf-src/third_party/abseil-cpp/absl/numeric/int128.h:670:28: warning: ISO C++ does not support ‘__int128’ for ‘v’ [-Wpedantic]
  670 | constexpr uint128::uint128(__int128 v)
      |                            ^~~~~~~~
/home/tina.guest/tinylsm-goal3-62e0496/build/benchmark/_deps/protobuf-src/third_party/abseil-cpp/absl/numeric/int128.h: In constructor ‘constexpr absl::lts_20240116::uint128::uint128(__int128)’:
/home/tina.guest/tinylsm-goal3-62e0496/build/benchmark/_deps/protobuf-src/third_party/abseil-cpp/absl/numeric/int128.h:672:54: warning: ISO C++ does not support ‘__int128’ for ‘type name’ [-Wpedantic]
  672 |       hi_{static_cast<uint64_t>(static_cast<unsigned __int128>(v) >> 64)} {}
      |                                                      ^~~~~~~~
/home/tina.guest/tinylsm-goal3-62e0496/build/benchmark/_deps/protobuf-src/third_party/abseil-cpp/absl/numeric/int128.h: At global scope:
/home/tina.guest/tinylsm-goal3-62e0496/build/benchmark/_deps/protobuf-src/third_party/abseil-cpp/absl/numeric/int128.h:673:37: warning: ISO C++ does not support ‘__int128’ for ‘v’ [-Wpedantic]
  673 | constexpr uint128::uint128(unsigned __int128 v)
      |                                     ^~~~~~~~
/home/tina.guest/tinylsm-goal3-62e0496/build/benchmark/_deps/protobuf-src/third_party/abseil-cpp/absl/numeric/int128.h:772:29: warning: ISO C++ does not support ‘__int128’ for ‘type name’ [-Wpedantic]
  772 | constexpr uint128::operator __int128() const {
      |                             ^~~~~~~~
/home/tina.guest/tinylsm-goal3-62e0496/build/benchmark/_deps/protobuf-src/third_party/abseil-cpp/absl/numeric/int128.h:772:29: warning: ISO C++ does not support ‘__int128’ for ‘type name’ [-Wpedantic]
/home/tina.guest/tinylsm-goal3-62e0496/build/benchmark/_deps/protobuf-src/third_party/abseil-cpp/absl/numeric/int128.h:772:29: warning: ISO C++ does not support ‘__int128’ for ‘type name’ [-Wpedantic]
/home/tina.guest/tinylsm-goal3-62e0496/build/benchmark/_deps/protobuf-src/third_party/abseil-cpp/absl/numeric/int128.h: In member function ‘constexpr absl::lts_20240116::uint128::operator __int128() const’:
/home/tina.guest/tinylsm-goal3-62e0496/build/benchmark/_deps/protobuf-src/third_party/abseil-cpp/absl/numeric/int128.h:773:23: warning: ISO C++ does not support ‘__int128’ for ‘type name’ [-Wpedantic]
  773 |   return (static_cast<__int128>(hi_) << 64) + lo_;
      |                       ^~~~~~~~
/home/tina.guest/tinylsm-goal3-62e0496/build/benchmark/_deps/protobuf-src/third_party/abseil-cpp/absl/numeric/int128.h: At global scope:
/home/tina.guest/tinylsm-goal3-62e0496/build/benchmark/_deps/protobuf-src/third_party/abseil-cpp/absl/numeric/int128.h:776:38: warning: ISO C++ does not support ‘__int128’ for ‘type name’ [-Wpedantic]
  776 | constexpr uint128::operator unsigned __int128() const {
      |                                      ^~~~~~~~
/home/tina.guest/tinylsm-goal3-62e0496/build/benchmark/_deps/protobuf-src/third_party/abseil-cpp/absl/numeric/int128.h:776:38: warning: ISO C++ does not support ‘__int128’ for ‘type name’ [-Wpedantic]
/home/tina.guest/tinylsm-goal3-62e0496/build/benchmark/_deps/protobuf-src/third_party/abseil-cpp/absl/numeric/int128.h:776:38: warning: ISO C++ does not support ‘__int128’ for ‘type name’ [-Wpedantic]
/home/tina.guest/tinylsm-goal3-62e0496/build/benchmark/_deps/protobuf-src/third_party/abseil-cpp/absl/numeric/int128.h: In member function ‘constexpr absl::lts_20240116::uint128::operator __int128 unsigned() const’:
/home/tina.guest/tinylsm-goal3-62e0496/build/benchmark/_deps/protobuf-src/third_party/abseil-cpp/absl/numeric/int128.h:777:32: warning: ISO C++ does not support ‘__int128’ for ‘type name’ [-Wpedantic]
  777 |   return (static_cast<unsigned __int128>(hi_) << 64) + lo_;
      |                                ^~~~~~~~
/home/tina.guest/tinylsm-goal3-62e0496/build/benchmark/_deps/protobuf-src/third_party/abseil-cpp/absl/numeric/int128.h: In function ‘constexpr bool absl::lts_20240116::operator==(uint128, uint128)’:
/home/tina.guest/tinylsm-goal3-62e0496/build/benchmark/_deps/protobuf-src/third_party/abseil-cpp/absl/numeric/int128.h:800:31: warning: ISO C++ does not support ‘__int128’ for ‘type name’ [-Wpedantic]
  800 |   return static_cast<unsigned __int128>(lhs) ==
      |                               ^~~~~~~~
/home/tina.guest/tinylsm-goal3-62e0496/build/benchmark/_deps/protobuf-src/third_party/abseil-cpp/absl/numeric/int128.h:801:31: warning: ISO C++ does not support ‘__int128’ for ‘type name’ [-Wpedantic]
  801 |          static_cast<unsigned __int128>(rhs);
      |                               ^~~~~~~~
/home/tina.guest/tinylsm-goal3-62e0496/build/benchmark/_deps/protobuf-src/third_party/abseil-cpp/absl/numeric/int128.h: In function ‘constexpr bool absl::lts_20240116::operator<(uint128, uint128)’:
/home/tina.guest/tinylsm-goal3-62e0496/build/benchmark/_deps/protobuf-src/third_party/abseil-cpp/absl/numeric/int128.h:812:31: warning: ISO C++ does not support ‘__int128’ for ‘type name’ [-Wpedantic]
  812 |   return static_cast<unsigned __int128>(lhs) <
      |                               ^~~~~~~~
/home/tina.guest/tinylsm-goal3-62e0496/build/benchmark/_deps/protobuf-src/third_party/abseil-cpp/absl/numeric/int128.h:813:31: warning: ISO C++ does not support ‘__int128’ for ‘type name’ [-Wpedantic]
  813 |          static_cast<unsigned __int128>(rhs);
      |                               ^~~~~~~~
/home/tina.guest/tinylsm-goal3-62e0496/build/benchmark/_deps/protobuf-src/third_party/abseil-cpp/absl/numeric/int128.h: In function ‘constexpr absl::lts_20240116::uint128 absl::lts_20240116::operator-(uint128)’:
/home/tina.guest/tinylsm-goal3-62e0496/build/benchmark/_deps/protobuf-src/third_party/abseil-cpp/absl/numeric/int128.h:835:32: warning: ISO C++ does not support ‘__int128’ for ‘type name’ [-Wpedantic]
  835 |   return -static_cast<unsigned __int128>(val);
      |                                ^~~~~~~~
/home/tina.guest/tinylsm-goal3-62e0496/build/benchmark/_deps/protobuf-src/third_party/abseil-cpp/absl/numeric/int128.h: In function ‘constexpr bool absl::lts_20240116::operator!(uint128)’:
/home/tina.guest/tinylsm-goal3-62e0496/build/benchmark/_deps/protobuf-src/third_party/abseil-cpp/absl/numeric/int128.h:845:32: warning: ISO C++ does not support ‘__int128’ for ‘type name’ [-Wpedantic]
  845 |   return !static_cast<unsigned __int128>(val);
      |                                ^~~~~~~~
/home/tina.guest/tinylsm-goal3-62e0496/build/benchmark/_deps/protobuf-src/third_party/abseil-cpp/absl/numeric/int128.h: In function ‘constexpr absl::lts_20240116::uint128 absl::lts_20240116::operator~(uint128)’:
/home/tina.guest/tinylsm-goal3-62e0496/build/benchmark/_deps/protobuf-src/third_party/abseil-cpp/absl/numeric/int128.h:855:32: warning: ISO C++ does not support ‘__int128’ for ‘type name’ [-Wpedantic]
  855 |   return ~static_cast<unsigned __int128>(val);
      |                                ^~~~~~~~
/home/tina.guest/tinylsm-goal3-62e0496/build/benchmark/_deps/protobuf-src/third_party/abseil-cpp/absl/numeric/int128.h: In function ‘constexpr absl::lts_20240116::uint128 absl::lts_20240116::operator|(uint128, uint128)’:
/home/tina.guest/tinylsm-goal3-62e0496/build/benchmark/_deps/protobuf-src/third_party/abseil-cpp/absl/numeric/int128.h:863:31: warning: ISO C++ does not support ‘__int128’ for ‘type name’ [-Wpedantic]
  863 |   return static_cast<unsigned __int128>(lhs) |
      |                               ^~~~~~~~
/home/tina.guest/tinylsm-goal3-62e0496/build/benchmark/_deps/protobuf-src/third_party/abseil-cpp/absl/numeric/int128.h:864:31: warning: ISO C++ does not support ‘__int128’ for ‘type name’ [-Wpedantic]
  864 |          static_cast<unsigned __int128>(rhs);
      |                               ^~~~~~~~
/home/tina.guest/tinylsm-goal3-62e0496/build/benchmark/_deps/protobuf-src/third_party/abseil-cpp/absl/numeric/int128.h: In function ‘constexpr absl::lts_20240116::uint128 absl::lts_20240116::operator&(uint128, uint128)’:
/home/tina.guest/tinylsm-goal3-62e0496/build/benchmark/_deps/protobuf-src/third_party/abseil-cpp/absl/numeric/int128.h:873:31: warning: ISO C++ does not support ‘__int128’ for ‘type name’ [-Wpedantic]
  873 |   return static_cast<unsigned __int128>(lhs) &
      |                               ^~~~~~~~
/home/tina.guest/tinylsm-goal3-62e0496/build/benchmark/_deps/protobuf-src/third_party/abseil-cpp/absl/numeric/int128.h:874:31: warning: ISO C++ does not support ‘__int128’ for ‘type name’ [-Wpedantic]
  874 |          static_cast<unsigned __int128>(rhs);
      |                               ^~~~~~~~
/home/tina.guest/tinylsm-goal3-62e0496/build/benchmark/_deps/protobuf-src/third_party/abseil-cpp/absl/numeric/int128.h: In function ‘constexpr absl::lts_20240116::uint128 absl::lts_20240116::operator^(uint128, uint128)’:
/home/tina.guest/tinylsm-goal3-62e0496/build/benchmark/_deps/protobuf-src/third_party/abseil-cpp/absl/numeric/int128.h:883:31: warning: ISO C++ does not support ‘__int128’ for ‘type name’ [-Wpedantic]
  883 |   return static_cast<unsigned __int128>(lhs) ^
      |                               ^~~~~~~~
/home/tina.guest/tinylsm-goal3-62e0496/build/benchmark/_deps/protobuf-src/third_party/abseil-cpp/absl/numeric/int128.h:884:31: warning: ISO C++ does not support ‘__int128’ for ‘type name’ [-Wpedantic]
  884 |          static_cast<unsigned __int128>(rhs);
      |                               ^~~~~~~~
/home/tina.guest/tinylsm-goal3-62e0496/build/benchmark/_deps/protobuf-src/third_party/abseil-cpp/absl/numeric/int128.h: In function ‘constexpr absl::lts_20240116::uint128 absl::lts_20240116::operator<<(uint128, int)’:
/home/tina.guest/tinylsm-goal3-62e0496/build/benchmark/_deps/protobuf-src/third_party/abseil-cpp/absl/numeric/int128.h:910:31: warning: ISO C++ does not support ‘__int128’ for ‘type name’ [-Wpedantic]
  910 |   return static_cast<unsigned __int128>(lhs) << amount;
      |                               ^~~~~~~~
/home/tina.guest/tinylsm-goal3-62e0496/build/benchmark/_deps/protobuf-src/third_party/abseil-cpp/absl/numeric/int128.h: In function ‘constexpr absl::lts_20240116::uint128 absl::lts_20240116::operator>>(uint128, int)’:
/home/tina.guest/tinylsm-goal3-62e0496/build/benchmark/_deps/protobuf-src/third_party/abseil-cpp/absl/numeric/int128.h:924:31: warning: ISO C++ does not support ‘__int128’ for ‘type name’ [-Wpedantic]
  924 |   return static_cast<unsigned __int128>(lhs) >> amount;
      |                               ^~~~~~~~
/home/tina.guest/tinylsm-goal3-62e0496/build/benchmark/_deps/protobuf-src/third_party/abseil-cpp/absl/numeric/int128.h: In function ‘constexpr absl::lts_20240116::uint128 absl::lts_20240116::operator+(uint128, uint128)’:
/home/tina.guest/tinylsm-goal3-62e0496/build/benchmark/_deps/protobuf-src/third_party/abseil-cpp/absl/numeric/int128.h:949:31: warning: ISO C++ does not support ‘__int128’ for ‘type name’ [-Wpedantic]
  949 |   return static_cast<unsigned __int128>(lhs) +
      |                               ^~~~~~~~
/home/tina.guest/tinylsm-goal3-62e0496/build/benchmark/_deps/protobuf-src/third_party/abseil-cpp/absl/numeric/int128.h:950:31: warning: ISO C++ does not support ‘__int128’ for ‘type name’ [-Wpedantic]
  950 |          static_cast<unsigned __int128>(rhs);
      |                               ^~~~~~~~
/home/tina.guest/tinylsm-goal3-62e0496/build/benchmark/_deps/protobuf-src/third_party/abseil-cpp/absl/numeric/int128.h: In function ‘constexpr absl::lts_20240116::uint128 absl::lts_20240116::operator-(uint128, uint128)’:
/home/tina.guest/tinylsm-goal3-62e0496/build/benchmark/_deps/protobuf-src/third_party/abseil-cpp/absl/numeric/int128.h:972:31: warning: ISO C++ does not support ‘__int128’ for ‘type name’ [-Wpedantic]
  972 |   return static_cast<unsigned __int128>(lhs) -
      |                               ^~~~~~~~
/home/tina.guest/tinylsm-goal3-62e0496/build/benchmark/_deps/protobuf-src/third_party/abseil-cpp/absl/numeric/int128.h:973:31: warning: ISO C++ does not support ‘__int128’ for ‘type name’ [-Wpedantic]
  973 |          static_cast<unsigned __int128>(rhs);
      |                               ^~~~~~~~
/home/tina.guest/tinylsm-goal3-62e0496/build/benchmark/_deps/protobuf-src/third_party/abseil-cpp/absl/numeric/int128.h: In function ‘absl::lts_20240116::uint128 absl::lts_20240116::operator*(uint128, uint128)’:
/home/tina.guest/tinylsm-goal3-62e0496/build/benchmark/_deps/protobuf-src/third_party/abseil-cpp/absl/numeric/int128.h:986:31: warning: ISO C++ does not support ‘__int128’ for ‘type name’ [-Wpedantic]
  986 |   return static_cast<unsigned __int128>(lhs) *
      |                               ^~~~~~~~
/home/tina.guest/tinylsm-goal3-62e0496/build/benchmark/_deps/protobuf-src/third_party/abseil-cpp/absl/numeric/int128.h:987:31: warning: ISO C++ does not support ‘__int128’ for ‘type name’ [-Wpedantic]
  987 |          static_cast<unsigned __int128>(rhs);
      |                               ^~~~~~~~
/home/tina.guest/tinylsm-goal3-62e0496/build/benchmark/_deps/protobuf-src/third_party/abseil-cpp/absl/numeric/int128.h: In function ‘absl::lts_20240116::uint128 absl::lts_20240116::operator/(uint128, uint128)’:
/home/tina.guest/tinylsm-goal3-62e0496/build/benchmark/_deps/protobuf-src/third_party/abseil-cpp/absl/numeric/int128.h:1011:31: warning: ISO C++ does not support ‘__int128’ for ‘type name’ [-Wpedantic]
 1011 |   return static_cast<unsigned __int128>(lhs) /
      |                               ^~~~~~~~
/home/tina.guest/tinylsm-goal3-62e0496/build/benchmark/_deps/protobuf-src/third_party/abseil-cpp/absl/numeric/int128.h:1012:31: warning: ISO C++ does not support ‘__int128’ for ‘type name’ [-Wpedantic]
 1012 |          static_cast<unsigned __int128>(rhs);
      |                               ^~~~~~~~
/home/tina.guest/tinylsm-goal3-62e0496/build/benchmark/_deps/protobuf-src/third_party/abseil-cpp/absl/numeric/int128.h: In function ‘absl::lts_20240116::uint128 absl::lts_20240116::operator%(uint128, uint128)’:
/home/tina.guest/tinylsm-goal3-62e0496/build/benchmark/_deps/protobuf-src/third_party/abseil-cpp/absl/numeric/int128.h:1016:31: warning: ISO C++ does not support ‘__int128’ for ‘type name’ [-Wpedantic]
 1016 |   return static_cast<unsigned __int128>(lhs) %
      |                               ^~~~~~~~
/home/tina.guest/tinylsm-goal3-62e0496/build/benchmark/_deps/protobuf-src/third_party/abseil-cpp/absl/numeric/int128.h:1017:31: warning: ISO C++ does not support ‘__int128’ for ‘type name’ [-Wpedantic]
 1017 |          static_cast<unsigned __int128>(rhs);
      |                               ^~~~~~~~
In file included from /home/tina.guest/tinylsm-goal3-62e0496/build/benchmark/_deps/protobuf-src/third_party/abseil-cpp/absl/numeric/int128.h:1152:
/home/tina.guest/tinylsm-goal3-62e0496/build/benchmark/_deps/protobuf-src/third_party/abseil-cpp/absl/numeric/int128_have_intrinsic.inc: At global scope:
/home/tina.guest/tinylsm-goal3-62e0496/build/benchmark/_deps/protobuf-src/third_party/abseil-cpp/absl/numeric/int128_have_intrinsic.inc:24:45: warning: ISO C++ does not support ‘__int128’ for ‘v’ [-Wpedantic]
   24 | constexpr __int128 BitCastToSigned(unsigned __int128 v) {
      |                                             ^~~~~~~~
/home/tina.guest/tinylsm-goal3-62e0496/build/benchmark/_deps/protobuf-src/third_party/abseil-cpp/absl/numeric/int128_have_intrinsic.inc:24:11: warning: ISO C++ does not support ‘__int128’ for ‘BitCastToSigned’ [-Wpedantic]
   24 | constexpr __int128 BitCastToSigned(unsigned __int128 v) {
      |           ^~~~~~~~
/home/tina.guest/tinylsm-goal3-62e0496/build/benchmark/_deps/protobuf-src/third_party/abseil-cpp/absl/numeric/int128_have_intrinsic.inc: In function ‘constexpr __int128 absl::lts_20240116::int128_internal::BitCastToSigned(__int128 unsigned)’:
/home/tina.guest/tinylsm-goal3-62e0496/build/benchmark/_deps/protobuf-src/third_party/abseil-cpp/absl/numeric/int128_have_intrinsic.inc:30:36: warning: ISO C++ does not support ‘__int128’ for ‘type name’ [-Wpedantic]
   30 |   return v & (static_cast<unsigned __int128>(1) << 127)
      |                                    ^~~~~~~~
/home/tina.guest/tinylsm-goal3-62e0496/build/benchmark/_deps/protobuf-src/third_party/abseil-cpp/absl/numeric/int128_have_intrinsic.inc:31:29: warning: ISO C++ does not support ‘__int128’ for ‘type name’ [-Wpedantic]
   31 |              ? ~static_cast<__int128>(~v)
      |                             ^~~~~~~~
/home/tina.guest/tinylsm-goal3-62e0496/build/benchmark/_deps/protobuf-src/third_party/abseil-cpp/absl/numeric/int128_have_intrinsic.inc:32:28: warning: ISO C++ does not support ‘__int128’ for ‘type name’ [-Wpedantic]
   32 |              : static_cast<__int128>(v);
      |                            ^~~~~~~~
/home/tina.guest/tinylsm-goal3-62e0496/build/benchmark/_deps/protobuf-src/third_party/abseil-cpp/absl/numeric/int128_have_intrinsic.inc: At global scope:
/home/tina.guest/tinylsm-goal3-62e0496/build/benchmark/_deps/protobuf-src/third_party/abseil-cpp/absl/numeric/int128_have_intrinsic.inc:37:34: warning: ISO C++ does not support ‘__int128’ for ‘v’ [-Wpedantic]
   37 | inline int128& int128::operator=(__int128 v) {
      |                                  ^~~~~~~~
/home/tina.guest/tinylsm-goal3-62e0496/build/benchmark/_deps/protobuf-src/third_party/abseil-cpp/absl/numeric/int128_have_intrinsic.inc: In function ‘constexpr int64_t absl::lts_20240116::Int128High64(int128)’:
/home/tina.guest/tinylsm-goal3-62e0496/build/benchmark/_deps/protobuf-src/third_party/abseil-cpp/absl/numeric/int128_have_intrinsic.inc:49:50: warning: ISO C++ does not support ‘__int128’ for ‘type name’ [-Wpedantic]
   49 |       static_cast<uint64_t>(static_cast<unsigned __int128>(v.v_) >> 64));
      |                                                  ^~~~~~~~
/home/tina.guest/tinylsm-goal3-62e0496/build/benchmark/_deps/protobuf-src/third_party/abseil-cpp/absl/numeric/int128_have_intrinsic.inc: In constructor ‘constexpr absl::lts_20240116::int128::int128(int64_t, uint64_t)’:
/home/tina.guest/tinylsm-goal3-62e0496/build/benchmark/_deps/protobuf-src/third_party/abseil-cpp/absl/numeric/int128_have_intrinsic.inc:54:64: warning: ISO C++ does not support ‘__int128’ for ‘type name’ [-Wpedantic]
   54 |     : v_(int128_internal::BitCastToSigned(static_cast<unsigned __int128>(high)
      |                                                                ^~~~~~~~
/home/tina.guest/tinylsm-goal3-62e0496/build/benchmark/_deps/protobuf-src/third_party/abseil-cpp/absl/numeric/int128_have_intrinsic.inc: At global scope:
/home/tina.guest/tinylsm-goal3-62e0496/build/benchmark/_deps/protobuf-src/third_party/abseil-cpp/absl/numeric/int128_have_intrinsic.inc:65:26: warning: ISO C++ does not support ‘__int128’ for ‘v’ [-Wpedantic]
   65 | constexpr int128::int128(__int128 v) : v_{v} {}
      |                          ^~~~~~~~
/home/tina.guest/tinylsm-goal3-62e0496/build/benchmark/_deps/protobuf-src/third_party/abseil-cpp/absl/numeric/int128_have_intrinsic.inc:74:35: warning: ISO C++ does not support ‘__int128’ for ‘v’ [-Wpedantic]
   74 | constexpr int128::int128(unsigned __int128 v) : v_{static_cast<__int128>(v)} {}
      |                                   ^~~~~~~~
/home/tina.guest/tinylsm-goal3-62e0496/build/benchmark/_deps/protobuf-src/third_party/abseil-cpp/absl/numeric/int128_have_intrinsic.inc: In constructor ‘constexpr absl::lts_20240116::int128::int128(__int128 unsigned)’:
/home/tina.guest/tinylsm-goal3-62e0496/build/benchmark/_deps/protobuf-src/third_party/abseil-cpp/absl/numeric/int128_have_intrinsic.inc:74:64: warning: ISO C++ does not support ‘__int128’ for ‘type name’ [-Wpedantic]
   74 | constexpr int128::int128(unsigned __int128 v) : v_{static_cast<__int128>(v)} {}
      |                                                                ^~~~~~~~
/home/tina.guest/tinylsm-goal3-62e0496/build/benchmark/_deps/protobuf-src/third_party/abseil-cpp/absl/numeric/int128_have_intrinsic.inc: In constructor ‘absl::lts_20240116::int128::int128(float)’:
/home/tina.guest/tinylsm-goal3-62e0496/build/benchmark/_deps/protobuf-src/third_party/abseil-cpp/absl/numeric/int128_have_intrinsic.inc:77:20: warning: ISO C++ does not support ‘__int128’ for ‘type name’ [-Wpedantic]
   77 |   v_ = static_cast<__int128>(v);
      |                    ^~~~~~~~
/home/tina.guest/tinylsm-goal3-62e0496/build/benchmark/_deps/protobuf-src/third_party/abseil-cpp/absl/numeric/int128_have_intrinsic.inc: In constructor ‘absl::lts_20240116::int128::int128(double)’:
/home/tina.guest/tinylsm-goal3-62e0496/build/benchmark/_deps/protobuf-src/third_party/abseil-cpp/absl/numeric/int128_have_intrinsic.inc:81:20: warning: ISO C++ does not support ‘__int128’ for ‘type name’ [-Wpedantic]
   81 |   v_ = static_cast<__int128>(v);
      |                    ^~~~~~~~
/home/tina.guest/tinylsm-goal3-62e0496/build/benchmark/_deps/protobuf-src/third_party/abseil-cpp/absl/numeric/int128_have_intrinsic.inc: In constructor ‘absl::lts_20240116::int128::int128(long double)’:
/home/tina.guest/tinylsm-goal3-62e0496/build/benchmark/_deps/protobuf-src/third_party/abseil-cpp/absl/numeric/int128_have_intrinsic.inc:85:20: warning: ISO C++ does not support ‘__int128’ for ‘type name’ [-Wpedantic]
   85 |   v_ = static_cast<__int128>(v);
      |                    ^~~~~~~~
/home/tina.guest/tinylsm-goal3-62e0496/build/benchmark/_deps/protobuf-src/third_party/abseil-cpp/absl/numeric/int128_have_intrinsic.inc: In constructor ‘constexpr absl::lts_20240116::int128::int128(absl::lts_20240116::uint128)’:
/home/tina.guest/tinylsm-goal3-62e0496/build/benchmark/_deps/protobuf-src/third_party/abseil-cpp/absl/numeric/int128_have_intrinsic.inc:88:54: warning: ISO C++ does not support ‘__int128’ for ‘type name’ [-Wpedantic]
   88 | constexpr int128::int128(uint128 v) : v_{static_cast<__int128>(v)} {}
      |                                                      ^~~~~~~~
/home/tina.guest/tinylsm-goal3-62e0496/build/benchmark/_deps/protobuf-src/third_party/abseil-cpp/absl/numeric/int128_have_intrinsic.inc: At global scope:
/home/tina.guest/tinylsm-goal3-62e0496/build/benchmark/_deps/protobuf-src/third_party/abseil-cpp/absl/numeric/int128_have_intrinsic.inc:146:28: warning: ISO C++ does not support ‘__int128’ for ‘type name’ [-Wpedantic]
  146 | constexpr int128::operator __int128() const { return v_; }
      |                            ^~~~~~~~
/home/tina.guest/tinylsm-goal3-62e0496/build/benchmark/_deps/protobuf-src/third_party/abseil-cpp/absl/numeric/int128_have_intrinsic.inc:146:28: warning: ISO C++ does not support ‘__int128’ for ‘type name’ [-Wpedantic]
/home/tina.guest/tinylsm-goal3-62e0496/build/benchmark/_deps/protobuf-src/third_party/abseil-cpp/absl/numeric/int128_have_intrinsic.inc:146:28: warning: ISO C++ does not support ‘__int128’ for ‘type name’ [-Wpedantic]
/home/tina.guest/tinylsm-goal3-62e0496/build/benchmark/_deps/protobuf-src/third_party/abseil-cpp/absl/numeric/int128_have_intrinsic.inc:148:37: warning: ISO C++ does not support ‘__int128’ for ‘type name’ [-Wpedantic]
  148 | constexpr int128::operator unsigned __int128() const {
      |                                     ^~~~~~~~
/home/tina.guest/tinylsm-goal3-62e0496/build/benchmark/_deps/protobuf-src/third_party/abseil-cpp/absl/numeric/int128_have_intrinsic.inc:148:37: warning: ISO C++ does not support ‘__int128’ for ‘type name’ [-Wpedantic]
/home/tina.guest/tinylsm-goal3-62e0496/build/benchmark/_deps/protobuf-src/third_party/abseil-cpp/absl/numeric/int128_have_intrinsic.inc:148:37: warning: ISO C++ does not support ‘__int128’ for ‘type name’ [-Wpedantic]
/home/tina.guest/tinylsm-goal3-62e0496/build/benchmark/_deps/protobuf-src/third_party/abseil-cpp/absl/numeric/int128_have_intrinsic.inc: In member function ‘constexpr absl::lts_20240116::int128::operator __int128 unsigned() const’:
/home/tina.guest/tinylsm-goal3-62e0496/build/benchmark/_deps/protobuf-src/third_party/abseil-cpp/absl/numeric/int128_have_intrinsic.inc:149:31: warning: ISO C++ does not support ‘__int128’ for ‘type name’ [-Wpedantic]
  149 |   return static_cast<unsigned __int128>(v_);
      |                               ^~~~~~~~
/home/tina.guest/tinylsm-goal3-62e0496/build/benchmark/_deps/protobuf-src/third_party/abseil-cpp/absl/numeric/int128_have_intrinsic.inc: In function ‘constexpr bool absl::lts_20240116::operator==(int128, int128)’:
/home/tina.guest/tinylsm-goal3-62e0496/build/benchmark/_deps/protobuf-src/third_party/abseil-cpp/absl/numeric/int128_have_intrinsic.inc:200:22: warning: ISO C++ does not support ‘__int128’ for ‘type name’ [-Wpedantic]
  200 |   return static_cast<__int128>(lhs) == static_cast<__int128>(rhs);
      |                      ^~~~~~~~
/home/tina.guest/tinylsm-goal3-62e0496/build/benchmark/_deps/protobuf-src/third_party/abseil-cpp/absl/numeric/int128_have_intrinsic.inc:200:52: warning: ISO C++ does not support ‘__int128’ for ‘type name’ [-Wpedantic]
  200 |   return static_cast<__int128>(lhs) == static_cast<__int128>(rhs);
      |                                                    ^~~~~~~~
/home/tina.guest/tinylsm-goal3-62e0496/build/benchmark/_deps/protobuf-src/third_party/abseil-cpp/absl/numeric/int128_have_intrinsic.inc: In function ‘constexpr bool absl::lts_20240116::operator!=(int128, int128)’:
/home/tina.guest/tinylsm-goal3-62e0496/build/benchmark/_deps/protobuf-src/third_party/abseil-cpp/absl/numeric/int128_have_intrinsic.inc:204:22: warning: ISO C++ does not support ‘__int128’ for ‘type name’ [-Wpedantic]
  204 |   return static_cast<__int128>(lhs) != static_cast<__int128>(rhs);
      |                      ^~~~~~~~
/home/tina.guest/tinylsm-goal3-62e0496/build/benchmark/_deps/protobuf-src/third_party/abseil-cpp/absl/numeric/int128_have_intrinsic.inc:204:52: warning: ISO C++ does not support ‘__int128’ for ‘type name’ [-Wpedantic]
  204 |   return static_cast<__int128>(lhs) != static_cast<__int128>(rhs);
      |                                                    ^~~~~~~~
/home/tina.guest/tinylsm-goal3-62e0496/build/benchmark/_deps/protobuf-src/third_party/abseil-cpp/absl/numeric/int128_have_intrinsic.inc: In function ‘constexpr bool absl::lts_20240116::operator<(int128, int128)’:
/home/tina.guest/tinylsm-goal3-62e0496/build/benchmark/_deps/protobuf-src/third_party/abseil-cpp/absl/numeric/int128_have_intrinsic.inc:208:22: warning: ISO C++ does not support ‘__int128’ for ‘type name’ [-Wpedantic]
  208 |   return static_cast<__int128>(lhs) < static_cast<__int128>(rhs);
      |                      ^~~~~~~~
/home/tina.guest/tinylsm-goal3-62e0496/build/benchmark/_deps/protobuf-src/third_party/abseil-cpp/absl/numeric/int128_have_intrinsic.inc:208:51: warning: ISO C++ does not support ‘__int128’ for ‘type name’ [-Wpedantic]
  208 |   return static_cast<__int128>(lhs) < static_cast<__int128>(rhs);
      |                                                   ^~~~~~~~
/home/tina.guest/tinylsm-goal3-62e0496/build/benchmark/_deps/protobuf-src/third_party/abseil-cpp/absl/numeric/int128_have_intrinsic.inc: In function ‘constexpr bool absl::lts_20240116::operator>(int128, int128)’:
/home/tina.guest/tinylsm-goal3-62e0496/build/benchmark/_deps/protobuf-src/third_party/abseil-cpp/absl/numeric/int128_have_intrinsic.inc:212:22: warning: ISO C++ does not support ‘__int128’ for ‘type name’ [-Wpedantic]
  212 |   return static_cast<__int128>(lhs) > static_cast<__int128>(rhs);
      |                      ^~~~~~~~
/home/tina.guest/tinylsm-goal3-62e0496/build/benchmark/_deps/protobuf-src/third_party/abseil-cpp/absl/numeric/int128_have_intrinsic.inc:212:51: warning: ISO C++ does not support ‘__int128’ for ‘type name’ [-Wpedantic]
  212 |   return static_cast<__int128>(lhs) > static_cast<__int128>(rhs);
      |                                                   ^~~~~~~~
/home/tina.guest/tinylsm-goal3-62e0496/build/benchmark/_deps/protobuf-src/third_party/abseil-cpp/absl/numeric/int128_have_intrinsic.inc: In function ‘constexpr bool absl::lts_20240116::operator<=(int128, int128)’:
/home/tina.guest/tinylsm-goal3-62e0496/build/benchmark/_deps/protobuf-src/third_party/abseil-cpp/absl/numeric/int128_have_intrinsic.inc:216:22: warning: ISO C++ does not support ‘__int128’ for ‘type name’ [-Wpedantic]
  216 |   return static_cast<__int128>(lhs) <= static_cast<__int128>(rhs);
      |                      ^~~~~~~~
/home/tina.guest/tinylsm-goal3-62e0496/build/benchmark/_deps/protobuf-src/third_party/abseil-cpp/absl/numeric/int128_have_intrinsic.inc:216:52: warning: ISO C++ does not support ‘__int128’ for ‘type name’ [-Wpedantic]
  216 |   return static_cast<__int128>(lhs) <= static_cast<__int128>(rhs);
      |                                                    ^~~~~~~~
/home/tina.guest/tinylsm-goal3-62e0496/build/benchmark/_deps/protobuf-src/third_party/abseil-cpp/absl/numeric/int128_have_intrinsic.inc: In function ‘constexpr bool absl::lts_20240116::operator>=(int128, int128)’:
/home/tina.guest/tinylsm-goal3-62e0496/build/benchmark/_deps/protobuf-src/third_party/abseil-cpp/absl/numeric/int128_have_intrinsic.inc:220:22: warning: ISO C++ does not support ‘__int128’ for ‘type name’ [-Wpedantic]
  220 |   return static_cast<__int128>(lhs) >= static_cast<__int128>(rhs);
      |                      ^~~~~~~~
/home/tina.guest/tinylsm-goal3-62e0496/build/benchmark/_deps/protobuf-src/third_party/abseil-cpp/absl/numeric/int128_have_intrinsic.inc:220:52: warning: ISO C++ does not support ‘__int128’ for ‘type name’ [-Wpedantic]
  220 |   return static_cast<__int128>(lhs) >= static_cast<__int128>(rhs);
      |                                                    ^~~~~~~~
/home/tina.guest/tinylsm-goal3-62e0496/build/benchmark/_deps/protobuf-src/third_party/abseil-cpp/absl/numeric/int128_have_intrinsic.inc: In function ‘constexpr absl::lts_20240116::int128 absl::lts_20240116::operator-(int128)’:
/home/tina.guest/tinylsm-goal3-62e0496/build/benchmark/_deps/protobuf-src/third_party/abseil-cpp/absl/numeric/int128_have_intrinsic.inc:225:60: warning: ISO C++ does not support ‘__int128’ for ‘type name’ [-Wpedantic]
  225 | constexpr int128 operator-(int128 v) { return -static_cast<__int128>(v); }
      |                                                            ^~~~~~~~
/home/tina.guest/tinylsm-goal3-62e0496/build/benchmark/_deps/protobuf-src/third_party/abseil-cpp/absl/numeric/int128_have_intrinsic.inc: In function ‘constexpr bool absl::lts_20240116::operator!(int128)’:
/home/tina.guest/tinylsm-goal3-62e0496/build/benchmark/_deps/protobuf-src/third_party/abseil-cpp/absl/numeric/int128_have_intrinsic.inc:227:58: warning: ISO C++ does not support ‘__int128’ for ‘type name’ [-Wpedantic]
  227 | constexpr bool operator!(int128 v) { return !static_cast<__int128>(v); }
      |                                                          ^~~~~~~~
/home/tina.guest/tinylsm-goal3-62e0496/build/benchmark/_deps/protobuf-src/third_party/abseil-cpp/absl/numeric/int128_have_intrinsic.inc: In function ‘constexpr absl::lts_20240116::int128 absl::lts_20240116::operator~(int128)’:
/home/tina.guest/tinylsm-goal3-62e0496/build/benchmark/_deps/protobuf-src/third_party/abseil-cpp/absl/numeric/int128_have_intrinsic.inc:229:62: warning: ISO C++ does not support ‘__int128’ for ‘type name’ [-Wpedantic]
  229 | constexpr int128 operator~(int128 val) { return ~static_cast<__int128>(val); }
      |                                                              ^~~~~~~~
/home/tina.guest/tinylsm-goal3-62e0496/build/benchmark/_deps/protobuf-src/third_party/abseil-cpp/absl/numeric/int128_have_intrinsic.inc: In function ‘constexpr absl::lts_20240116::int128 absl::lts_20240116::operator+(int128, int128)’:
/home/tina.guest/tinylsm-goal3-62e0496/build/benchmark/_deps/protobuf-src/third_party/abseil-cpp/absl/numeric/int128_have_intrinsic.inc:234:22: warning: ISO C++ does not support ‘__int128’ for ‘type name’ [-Wpedantic]
  234 |   return static_cast<__int128>(lhs) + static_cast<__int128>(rhs);
      |                      ^~~~~~~~
/home/tina.guest/tinylsm-goal3-62e0496/build/benchmark/_deps/protobuf-src/third_party/abseil-cpp/absl/numeric/int128_have_intrinsic.inc:234:51: warning: ISO C++ does not support ‘__int128’ for ‘type name’ [-Wpedantic]
  234 |   return static_cast<__int128>(lhs) + static_cast<__int128>(rhs);
      |                                                   ^~~~~~~~
/home/tina.guest/tinylsm-goal3-62e0496/build/benchmark/_deps/protobuf-src/third_party/abseil-cpp/absl/numeric/int128_have_intrinsic.inc: In function ‘constexpr absl::lts_20240116::int128 absl::lts_20240116::operator-(int128, int128)’:
/home/tina.guest/tinylsm-goal3-62e0496/build/benchmark/_deps/protobuf-src/third_party/abseil-cpp/absl/numeric/int128_have_intrinsic.inc:238:22: warning: ISO C++ does not support ‘__int128’ for ‘type name’ [-Wpedantic]
  238 |   return static_cast<__int128>(lhs) - static_cast<__int128>(rhs);
      |                      ^~~~~~~~
/home/tina.guest/tinylsm-goal3-62e0496/build/benchmark/_deps/protobuf-src/third_party/abseil-cpp/absl/numeric/int128_have_intrinsic.inc:238:51: warning: ISO C++ does not support ‘__int128’ for ‘type name’ [-Wpedantic]
  238 |   return static_cast<__int128>(lhs) - static_cast<__int128>(rhs);
      |                                                   ^~~~~~~~
/home/tina.guest/tinylsm-goal3-62e0496/build/benchmark/_deps/protobuf-src/third_party/abseil-cpp/absl/numeric/int128_have_intrinsic.inc: In function ‘absl::lts_20240116::int128 absl::lts_20240116::operator*(int128, int128)’:
/home/tina.guest/tinylsm-goal3-62e0496/build/benchmark/_deps/protobuf-src/third_party/abseil-cpp/absl/numeric/int128_have_intrinsic.inc:242:22: warning: ISO C++ does not support ‘__int128’ for ‘type name’ [-Wpedantic]
  242 |   return static_cast<__int128>(lhs) * static_cast<__int128>(rhs);
      |                      ^~~~~~~~
/home/tina.guest/tinylsm-goal3-62e0496/build/benchmark/_deps/protobuf-src/third_party/abseil-cpp/absl/numeric/int128_have_intrinsic.inc:242:51: warning: ISO C++ does not support ‘__int128’ for ‘type name’ [-Wpedantic]
  242 |   return static_cast<__int128>(lhs) * static_cast<__int128>(rhs);
      |                                                   ^~~~~~~~
/home/tina.guest/tinylsm-goal3-62e0496/build/benchmark/_deps/protobuf-src/third_party/abseil-cpp/absl/numeric/int128_have_intrinsic.inc: In function ‘absl::lts_20240116::int128 absl::lts_20240116::operator/(int128, int128)’:
/home/tina.guest/tinylsm-goal3-62e0496/build/benchmark/_deps/protobuf-src/third_party/abseil-cpp/absl/numeric/int128_have_intrinsic.inc:246:22: warning: ISO C++ does not support ‘__int128’ for ‘type name’ [-Wpedantic]
  246 |   return static_cast<__int128>(lhs) / static_cast<__int128>(rhs);
      |                      ^~~~~~~~
/home/tina.guest/tinylsm-goal3-62e0496/build/benchmark/_deps/protobuf-src/third_party/abseil-cpp/absl/numeric/int128_have_intrinsic.inc:246:51: warning: ISO C++ does not support ‘__int128’ for ‘type name’ [-Wpedantic]
  246 |   return static_cast<__int128>(lhs) / static_cast<__int128>(rhs);
      |                                                   ^~~~~~~~
/home/tina.guest/tinylsm-goal3-62e0496/build/benchmark/_deps/protobuf-src/third_party/abseil-cpp/absl/numeric/int128_have_intrinsic.inc: In function ‘absl::lts_20240116::int128 absl::lts_20240116::operator%(int128, int128)’:
/home/tina.guest/tinylsm-goal3-62e0496/build/benchmark/_deps/protobuf-src/third_party/abseil-cpp/absl/numeric/int128_have_intrinsic.inc:250:22: warning: ISO C++ does not support ‘__int128’ for ‘type name’ [-Wpedantic]
  250 |   return static_cast<__int128>(lhs) % static_cast<__int128>(rhs);
      |                      ^~~~~~~~
/home/tina.guest/tinylsm-goal3-62e0496/build/benchmark/_deps/protobuf-src/third_party/abseil-cpp/absl/numeric/int128_have_intrinsic.inc:250:51: warning: ISO C++ does not support ‘__int128’ for ‘type name’ [-Wpedantic]
  250 |   return static_cast<__int128>(lhs) % static_cast<__int128>(rhs);
      |                                                   ^~~~~~~~
/home/tina.guest/tinylsm-goal3-62e0496/build/benchmark/_deps/protobuf-src/third_party/abseil-cpp/absl/numeric/int128_have_intrinsic.inc: In function ‘constexpr absl::lts_20240116::int128 absl::lts_20240116::operator|(int128, int128)’:
/home/tina.guest/tinylsm-goal3-62e0496/build/benchmark/_deps/protobuf-src/third_party/abseil-cpp/absl/numeric/int128_have_intrinsic.inc:276:22: warning: ISO C++ does not support ‘__int128’ for ‘type name’ [-Wpedantic]
  276 |   return static_cast<__int128>(lhs) | static_cast<__int128>(rhs);
      |                      ^~~~~~~~
/home/tina.guest/tinylsm-goal3-62e0496/build/benchmark/_deps/protobuf-src/third_party/abseil-cpp/absl/numeric/int128_have_intrinsic.inc:276:51: warning: ISO C++ does not support ‘__int128’ for ‘type name’ [-Wpedantic]
  276 |   return static_cast<__int128>(lhs) | static_cast<__int128>(rhs);
      |                                                   ^~~~~~~~
/home/tina.guest/tinylsm-goal3-62e0496/build/benchmark/_deps/protobuf-src/third_party/abseil-cpp/absl/numeric/int128_have_intrinsic.inc: In function ‘constexpr absl::lts_20240116::int128 absl::lts_20240116::operator&(int128, int128)’:
/home/tina.guest/tinylsm-goal3-62e0496/build/benchmark/_deps/protobuf-src/third_party/abseil-cpp/absl/numeric/int128_have_intrinsic.inc:280:22: warning: ISO C++ does not support ‘__int128’ for ‘type name’ [-Wpedantic]
  280 |   return static_cast<__int128>(lhs) & static_cast<__int128>(rhs);
      |                      ^~~~~~~~
/home/tina.guest/tinylsm-goal3-62e0496/build/benchmark/_deps/protobuf-src/third_party/abseil-cpp/absl/numeric/int128_have_intrinsic.inc:280:51: warning: ISO C++ does not support ‘__int128’ for ‘type name’ [-Wpedantic]
  280 |   return static_cast<__int128>(lhs) & static_cast<__int128>(rhs);
      |                                                   ^~~~~~~~
/home/tina.guest/tinylsm-goal3-62e0496/build/benchmark/_deps/protobuf-src/third_party/abseil-cpp/absl/numeric/int128_have_intrinsic.inc: In function ‘constexpr absl::lts_20240116::int128 absl::lts_20240116::operator^(int128, int128)’:
/home/tina.guest/tinylsm-goal3-62e0496/build/benchmark/_deps/protobuf-src/third_party/abseil-cpp/absl/numeric/int128_have_intrinsic.inc:284:22: warning: ISO C++ does not support ‘__int128’ for ‘type name’ [-Wpedantic]
  284 |   return static_cast<__int128>(lhs) ^ static_cast<__int128>(rhs);
      |                      ^~~~~~~~
/home/tina.guest/tinylsm-goal3-62e0496/build/benchmark/_deps/protobuf-src/third_party/abseil-cpp/absl/numeric/int128_have_intrinsic.inc:284:51: warning: ISO C++ does not support ‘__int128’ for ‘type name’ [-Wpedantic]
  284 |   return static_cast<__int128>(lhs) ^ static_cast<__int128>(rhs);
      |                                                   ^~~~~~~~
/home/tina.guest/tinylsm-goal3-62e0496/build/benchmark/_deps/protobuf-src/third_party/abseil-cpp/absl/numeric/int128_have_intrinsic.inc: In function ‘constexpr absl::lts_20240116::int128 absl::lts_20240116::operator<<(int128, int)’:
/home/tina.guest/tinylsm-goal3-62e0496/build/benchmark/_deps/protobuf-src/third_party/abseil-cpp/absl/numeric/int128_have_intrinsic.inc:288:22: warning: ISO C++ does not support ‘__int128’ for ‘type name’ [-Wpedantic]
  288 |   return static_cast<__int128>(lhs) << amount;
      |                      ^~~~~~~~
/home/tina.guest/tinylsm-goal3-62e0496/build/benchmark/_deps/protobuf-src/third_party/abseil-cpp/absl/numeric/int128_have_intrinsic.inc: In function ‘constexpr absl::lts_20240116::int128 absl::lts_20240116::operator>>(int128, int)’:
/home/tina.guest/tinylsm-goal3-62e0496/build/benchmark/_deps/protobuf-src/third_party/abseil-cpp/absl/numeric/int128_have_intrinsic.inc:292:22: warning: ISO C++ does not support ‘__int128’ for ‘type name’ [-Wpedantic]
  292 |   return static_cast<__int128>(lhs) >> amount;
      |                      ^~~~~~~~
In file included from /home/tina.guest/tinylsm-goal3-62e0496/build/benchmark/_deps/protobuf-src/src/google/protobuf/arena.h:38,
                 from /home/tina.guest/tinylsm-goal3-62e0496/build/benchmark/src/manifest.pb.h:21:
/home/tina.guest/tinylsm-goal3-62e0496/build/benchmark/_deps/protobuf-src/src/google/protobuf/port.h: In function ‘void google::protobuf::internal::AssertDownCast(From*)’:
/home/tina.guest/tinylsm-goal3-62e0496/build/benchmark/_deps/protobuf-src/src/google/protobuf/port.h:181:5: warning: testing if a concept-id is a valid expression; add ‘requires’ to check satisfaction [-Wmissing-requires]
  181 |     std::derived_from<std::remove_pointer_t<To>,
      |     ^
      |     requires
[605/664] Building CXX object src/CMakeFiles/tinylsm.dir/wal/wal_record_codec.cpp.o
[606/664] Building CXX object src/CMakeFiles/tinylsm.dir/sstable/sstable_builder.cpp.o
[607/664] Building CXX object src/CMakeFiles/tinylsm.dir/wal/wal_reader.cpp.o
[608/664] Building CXX object src/CMakeFiles/tinylsm.dir/sstable/sstable_reader.cpp.o
[609/664] Building CXX object src/CMakeFiles/tinylsm.dir/wal/wal_writer.cpp.o
[610/664] Building CXX object src/CMakeFiles/tinylsm.dir/db/db_impl.cpp.o
[611/664] Building CXX object _deps/google_benchmark-build/src/CMakeFiles/benchmark.dir/perf_counters.cc.o
[612/664] Building CXX object _deps/google_benchmark-build/src/CMakeFiles/benchmark.dir/reporter.cc.o
[613/664] Building CXX object _deps/google_benchmark-build/src/CMakeFiles/benchmark.dir/timers.cc.o
[614/664] Building CXX object _deps/google_benchmark-build/src/CMakeFiles/benchmark.dir/string_util.cc.o
[615/664] Building CXX object _deps/google_benchmark-build/src/CMakeFiles/benchmark.dir/sysinfo.cc.o
[616/664] Building CXX object _deps/google_benchmark-build/src/CMakeFiles/benchmark.dir/statistics.cc.o
[617/664] Building CXX object _deps/google_benchmark-build/src/CMakeFiles/benchmark_main.dir/benchmark_main.cc.o
[618/664] Linking CXX static library _deps/google_benchmark-build/src/libbenchmark.a
[619/664] Linking CXX static library _deps/google_benchmark-build/src/libbenchmark_main.a
[620/664] Building CXX object _deps/leveldb-build/CMakeFiles/leveldb.dir/db/builder.cc.o
[621/664] Building CXX object src/CMakeFiles/tinylsm.dir/manifest.pb.cc.o
In file included from /home/tina.guest/tinylsm-goal3-62e0496/build/benchmark/_deps/protobuf-src/third_party/abseil-cpp/absl/strings/internal/str_format/arg.h:35,
                 from /home/tina.guest/tinylsm-goal3-62e0496/build/benchmark/_deps/protobuf-src/third_party/abseil-cpp/absl/strings/str_format.h:83,
                 from /home/tina.guest/tinylsm-goal3-62e0496/build/benchmark/_deps/protobuf-src/third_party/abseil-cpp/absl/crc/crc32c.h:32,
                 from /home/tina.guest/tinylsm-goal3-62e0496/build/benchmark/_deps/protobuf-src/third_party/abseil-cpp/absl/crc/internal/crc_cord_state.h:23,
                 from /home/tina.guest/tinylsm-goal3-62e0496/build/benchmark/_deps/protobuf-src/third_party/abseil-cpp/absl/strings/cord.h:80,
                 from /home/tina.guest/tinylsm-goal3-62e0496/build/benchmark/_deps/protobuf-src/src/google/protobuf/io/coded_stream.h:111,
                 from /home/tina.guest/tinylsm-goal3-62e0496/build/benchmark/src/manifest.pb.h:20,
                 from /home/tina.guest/tinylsm-goal3-62e0496/build/benchmark/src/manifest.pb.cc:6:
/home/tina.guest/tinylsm-goal3-62e0496/build/benchmark/_deps/protobuf-src/third_party/abseil-cpp/absl/numeric/int128.h:107:22: warning: ISO C++ does not support ‘__int128’ for ‘type name’ [-Wpedantic]
  107 |     alignas(unsigned __int128)
      |                      ^~~~~~~~
/home/tina.guest/tinylsm-goal3-62e0496/build/benchmark/_deps/protobuf-src/third_party/abseil-cpp/absl/numeric/int128.h:121:21: warning: ISO C++ does not support ‘__int128’ for ‘v’ [-Wpedantic]
  121 |   constexpr uint128(__int128 v);           // NOLINT(runtime/explicit)
      |                     ^~~~~~~~
/home/tina.guest/tinylsm-goal3-62e0496/build/benchmark/_deps/protobuf-src/third_party/abseil-cpp/absl/numeric/int128.h:122:30: warning: ISO C++ does not support ‘__int128’ for ‘v’ [-Wpedantic]
  122 |   constexpr uint128(unsigned __int128 v);  // NOLINT(runtime/explicit)
      |                              ^~~~~~~~
/home/tina.guest/tinylsm-goal3-62e0496/build/benchmark/_deps/protobuf-src/third_party/abseil-cpp/absl/numeric/int128.h:137:22: warning: ISO C++ does not support ‘__int128’ for ‘v’ [-Wpedantic]
  137 |   uint128& operator=(__int128 v);
      |                      ^~~~~~~~
/home/tina.guest/tinylsm-goal3-62e0496/build/benchmark/_deps/protobuf-src/third_party/abseil-cpp/absl/numeric/int128.h:138:31: warning: ISO C++ does not support ‘__int128’ for ‘v’ [-Wpedantic]
  138 |   uint128& operator=(unsigned __int128 v);
      |                               ^~~~~~~~
/home/tina.guest/tinylsm-goal3-62e0496/build/benchmark/_deps/protobuf-src/third_party/abseil-cpp/absl/numeric/int128.h:163:31: warning: ISO C++ does not support ‘__int128’ for ‘type name’ [-Wpedantic]
  163 |   constexpr explicit operator __int128() const;
      |                               ^~~~~~~~
/home/tina.guest/tinylsm-goal3-62e0496/build/benchmark/_deps/protobuf-src/third_party/abseil-cpp/absl/numeric/int128.h:163:31: warning: ISO C++ does not support ‘__int128’ for ‘type name’ [-Wpedantic]
/home/tina.guest/tinylsm-goal3-62e0496/build/benchmark/_deps/protobuf-src/third_party/abseil-cpp/absl/numeric/int128.h:164:40: warning: ISO C++ does not support ‘__int128’ for ‘type name’ [-Wpedantic]
  164 |   constexpr explicit operator unsigned __int128() const;
      |                                        ^~~~~~~~
/home/tina.guest/tinylsm-goal3-62e0496/build/benchmark/_deps/protobuf-src/third_party/abseil-cpp/absl/numeric/int128.h:164:40: warning: ISO C++ does not support ‘__int128’ for ‘type name’ [-Wpedantic]
/home/tina.guest/tinylsm-goal3-62e0496/build/benchmark/_deps/protobuf-src/third_party/abseil-cpp/absl/numeric/int128.h:292:57: warning: ISO C++ does not support ‘__int128’ for ‘type name’ [-Wpedantic]
  292 |   static constexpr bool traps = numeric_limits<unsigned __int128>::traps;
      |                                                         ^~~~~~~~
/home/tina.guest/tinylsm-goal3-62e0496/build/benchmark/_deps/protobuf-src/third_party/abseil-cpp/absl/numeric/int128.h:359:20: warning: ISO C++ does not support ‘__int128’ for ‘v’ [-Wpedantic]
  359 |   constexpr int128(__int128 v);  // NOLINT(runtime/explicit)
      |                    ^~~~~~~~
/home/tina.guest/tinylsm-goal3-62e0496/build/benchmark/_deps/protobuf-src/third_party/abseil-cpp/absl/numeric/int128.h:360:38: warning: ISO C++ does not support ‘__int128’ for ‘v’ [-Wpedantic]
  360 |   constexpr explicit int128(unsigned __int128 v);
      |                                      ^~~~~~~~
/home/tina.guest/tinylsm-goal3-62e0496/build/benchmark/_deps/protobuf-src/third_party/abseil-cpp/absl/numeric/int128.h:375:21: warning: ISO C++ does not support ‘__int128’ for ‘v’ [-Wpedantic]
  375 |   int128& operator=(__int128 v);
      |                     ^~~~~~~~
/home/tina.guest/tinylsm-goal3-62e0496/build/benchmark/_deps/protobuf-src/third_party/abseil-cpp/absl/numeric/int128.h:399:31: warning: ISO C++ does not support ‘__int128’ for ‘type name’ [-Wpedantic]
  399 |   constexpr explicit operator __int128() const;
      |                               ^~~~~~~~
/home/tina.guest/tinylsm-goal3-62e0496/build/benchmark/_deps/protobuf-src/third_party/abseil-cpp/absl/numeric/int128.h:399:31: warning: ISO C++ does not support ‘__int128’ for ‘type name’ [-Wpedantic]
/home/tina.guest/tinylsm-goal3-62e0496/build/benchmark/_deps/protobuf-src/third_party/abseil-cpp/absl/numeric/int128.h:400:40: warning: ISO C++ does not support ‘__int128’ for ‘type name’ [-Wpedantic]
  400 |   constexpr explicit operator unsigned __int128() const;
      |                                        ^~~~~~~~
/home/tina.guest/tinylsm-goal3-62e0496/build/benchmark/_deps/protobuf-src/third_party/abseil-cpp/absl/numeric/int128.h:400:40: warning: ISO C++ does not support ‘__int128’ for ‘type name’ [-Wpedantic]
/home/tina.guest/tinylsm-goal3-62e0496/build/benchmark/_deps/protobuf-src/third_party/abseil-cpp/absl/numeric/int128.h:478:3: warning: ISO C++ does not support ‘__int128’ for ‘v_’ [-Wpedantic]
  478 |   __int128 v_;
      |   ^~~~~~~~
/home/tina.guest/tinylsm-goal3-62e0496/build/benchmark/_deps/protobuf-src/third_party/abseil-cpp/absl/numeric/int128.h:535:48: warning: ISO C++ does not support ‘__int128’ for ‘type name’ [-Wpedantic]
  535 |   static constexpr bool traps = numeric_limits<__int128>::traps;
      |                                                ^~~~~~~~
/home/tina.guest/tinylsm-goal3-62e0496/build/benchmark/_deps/protobuf-src/third_party/abseil-cpp/absl/numeric/int128.h:589:36: warning: ISO C++ does not support ‘__int128’ for ‘v’ [-Wpedantic]
  589 | inline uint128& uint128::operator=(__int128 v) { return *this = uint128(v); }
      |                                    ^~~~~~~~
/home/tina.guest/tinylsm-goal3-62e0496/build/benchmark/_deps/protobuf-src/third_party/abseil-cpp/absl/numeric/int128.h:591:45: warning: ISO C++ does not support ‘__int128’ for ‘v’ [-Wpedantic]
  591 | inline uint128& uint128::operator=(unsigned __int128 v) {
      |                                             ^~~~~~~~
/home/tina.guest/tinylsm-goal3-62e0496/build/benchmark/_deps/protobuf-src/third_party/abseil-cpp/absl/numeric/int128.h:670:28: warning: ISO C++ does not support ‘__int128’ for ‘v’ [-Wpedantic]
  670 | constexpr uint128::uint128(__int128 v)
      |                            ^~~~~~~~
/home/tina.guest/tinylsm-goal3-62e0496/build/benchmark/_deps/protobuf-src/third_party/abseil-cpp/absl/numeric/int128.h: In constructor ‘constexpr absl::lts_20240116::uint128::uint128(__int128)’:
/home/tina.guest/tinylsm-goal3-62e0496/build/benchmark/_deps/protobuf-src/third_party/abseil-cpp/absl/numeric/int128.h:672:54: warning: ISO C++ does not support ‘__int128’ for ‘type name’ [-Wpedantic]
  672 |       hi_{static_cast<uint64_t>(static_cast<unsigned __int128>(v) >> 64)} {}
      |                                                      ^~~~~~~~
/home/tina.guest/tinylsm-goal3-62e0496/build/benchmark/_deps/protobuf-src/third_party/abseil-cpp/absl/numeric/int128.h: At global scope:
/home/tina.guest/tinylsm-goal3-62e0496/build/benchmark/_deps/protobuf-src/third_party/abseil-cpp/absl/numeric/int128.h:673:37: warning: ISO C++ does not support ‘__int128’ for ‘v’ [-Wpedantic]
  673 | constexpr uint128::uint128(unsigned __int128 v)
      |                                     ^~~~~~~~
/home/tina.guest/tinylsm-goal3-62e0496/build/benchmark/_deps/protobuf-src/third_party/abseil-cpp/absl/numeric/int128.h:772:29: warning: ISO C++ does not support ‘__int128’ for ‘type name’ [-Wpedantic]
  772 | constexpr uint128::operator __int128() const {
      |                             ^~~~~~~~
/home/tina.guest/tinylsm-goal3-62e0496/build/benchmark/_deps/protobuf-src/third_party/abseil-cpp/absl/numeric/int128.h:772:29: warning: ISO C++ does not support ‘__int128’ for ‘type name’ [-Wpedantic]
/home/tina.guest/tinylsm-goal3-62e0496/build/benchmark/_deps/protobuf-src/third_party/abseil-cpp/absl/numeric/int128.h:772:29: warning: ISO C++ does not support ‘__int128’ for ‘type name’ [-Wpedantic]
/home/tina.guest/tinylsm-goal3-62e0496/build/benchmark/_deps/protobuf-src/third_party/abseil-cpp/absl/numeric/int128.h: In member function ‘constexpr absl::lts_20240116::uint128::operator __int128() const’:
/home/tina.guest/tinylsm-goal3-62e0496/build/benchmark/_deps/protobuf-src/third_party/abseil-cpp/absl/numeric/int128.h:773:23: warning: ISO C++ does not support ‘__int128’ for ‘type name’ [-Wpedantic]
  773 |   return (static_cast<__int128>(hi_) << 64) + lo_;
      |                       ^~~~~~~~
/home/tina.guest/tinylsm-goal3-62e0496/build/benchmark/_deps/protobuf-src/third_party/abseil-cpp/absl/numeric/int128.h: At global scope:
/home/tina.guest/tinylsm-goal3-62e0496/build/benchmark/_deps/protobuf-src/third_party/abseil-cpp/absl/numeric/int128.h:776:38: warning: ISO C++ does not support ‘__int128’ for ‘type name’ [-Wpedantic]
  776 | constexpr uint128::operator unsigned __int128() const {
      |                                      ^~~~~~~~
/home/tina.guest/tinylsm-goal3-62e0496/build/benchmark/_deps/protobuf-src/third_party/abseil-cpp/absl/numeric/int128.h:776:38: warning: ISO C++ does not support ‘__int128’ for ‘type name’ [-Wpedantic]
/home/tina.guest/tinylsm-goal3-62e0496/build/benchmark/_deps/protobuf-src/third_party/abseil-cpp/absl/numeric/int128.h:776:38: warning: ISO C++ does not support ‘__int128’ for ‘type name’ [-Wpedantic]
/home/tina.guest/tinylsm-goal3-62e0496/build/benchmark/_deps/protobuf-src/third_party/abseil-cpp/absl/numeric/int128.h: In member function ‘constexpr absl::lts_20240116::uint128::operator __int128 unsigned() const’:
/home/tina.guest/tinylsm-goal3-62e0496/build/benchmark/_deps/protobuf-src/third_party/abseil-cpp/absl/numeric/int128.h:777:32: warning: ISO C++ does not support ‘__int128’ for ‘type name’ [-Wpedantic]
  777 |   return (static_cast<unsigned __int128>(hi_) << 64) + lo_;
      |                                ^~~~~~~~
/home/tina.guest/tinylsm-goal3-62e0496/build/benchmark/_deps/protobuf-src/third_party/abseil-cpp/absl/numeric/int128.h: In function ‘constexpr bool absl::lts_20240116::operator==(uint128, uint128)’:
/home/tina.guest/tinylsm-goal3-62e0496/build/benchmark/_deps/protobuf-src/third_party/abseil-cpp/absl/numeric/int128.h:800:31: warning: ISO C++ does not support ‘__int128’ for ‘type name’ [-Wpedantic]
  800 |   return static_cast<unsigned __int128>(lhs) ==
      |                               ^~~~~~~~
/home/tina.guest/tinylsm-goal3-62e0496/build/benchmark/_deps/protobuf-src/third_party/abseil-cpp/absl/numeric/int128.h:801:31: warning: ISO C++ does not support ‘__int128’ for ‘type name’ [-Wpedantic]
  801 |          static_cast<unsigned __int128>(rhs);
      |                               ^~~~~~~~
/home/tina.guest/tinylsm-goal3-62e0496/build/benchmark/_deps/protobuf-src/third_party/abseil-cpp/absl/numeric/int128.h: In function ‘constexpr bool absl::lts_20240116::operator<(uint128, uint128)’:
/home/tina.guest/tinylsm-goal3-62e0496/build/benchmark/_deps/protobuf-src/third_party/abseil-cpp/absl/numeric/int128.h:812:31: warning: ISO C++ does not support ‘__int128’ for ‘type name’ [-Wpedantic]
  812 |   return static_cast<unsigned __int128>(lhs) <
      |                               ^~~~~~~~
/home/tina.guest/tinylsm-goal3-62e0496/build/benchmark/_deps/protobuf-src/third_party/abseil-cpp/absl/numeric/int128.h:813:31: warning: ISO C++ does not support ‘__int128’ for ‘type name’ [-Wpedantic]
  813 |          static_cast<unsigned __int128>(rhs);
      |                               ^~~~~~~~
/home/tina.guest/tinylsm-goal3-62e0496/build/benchmark/_deps/protobuf-src/third_party/abseil-cpp/absl/numeric/int128.h: In function ‘constexpr absl::lts_20240116::uint128 absl::lts_20240116::operator-(uint128)’:
/home/tina.guest/tinylsm-goal3-62e0496/build/benchmark/_deps/protobuf-src/third_party/abseil-cpp/absl/numeric/int128.h:835:32: warning: ISO C++ does not support ‘__int128’ for ‘type name’ [-Wpedantic]
  835 |   return -static_cast<unsigned __int128>(val);
      |                                ^~~~~~~~
/home/tina.guest/tinylsm-goal3-62e0496/build/benchmark/_deps/protobuf-src/third_party/abseil-cpp/absl/numeric/int128.h: In function ‘constexpr bool absl::lts_20240116::operator!(uint128)’:
/home/tina.guest/tinylsm-goal3-62e0496/build/benchmark/_deps/protobuf-src/third_party/abseil-cpp/absl/numeric/int128.h:845:32: warning: ISO C++ does not support ‘__int128’ for ‘type name’ [-Wpedantic]
  845 |   return !static_cast<unsigned __int128>(val);
      |                                ^~~~~~~~
/home/tina.guest/tinylsm-goal3-62e0496/build/benchmark/_deps/protobuf-src/third_party/abseil-cpp/absl/numeric/int128.h: In function ‘constexpr absl::lts_20240116::uint128 absl::lts_20240116::operator~(uint128)’:
/home/tina.guest/tinylsm-goal3-62e0496/build/benchmark/_deps/protobuf-src/third_party/abseil-cpp/absl/numeric/int128.h:855:32: warning: ISO C++ does not support ‘__int128’ for ‘type name’ [-Wpedantic]
  855 |   return ~static_cast<unsigned __int128>(val);
      |                                ^~~~~~~~
/home/tina.guest/tinylsm-goal3-62e0496/build/benchmark/_deps/protobuf-src/third_party/abseil-cpp/absl/numeric/int128.h: In function ‘constexpr absl::lts_20240116::uint128 absl::lts_20240116::operator|(uint128, uint128)’:
/home/tina.guest/tinylsm-goal3-62e0496/build/benchmark/_deps/protobuf-src/third_party/abseil-cpp/absl/numeric/int128.h:863:31: warning: ISO C++ does not support ‘__int128’ for ‘type name’ [-Wpedantic]
  863 |   return static_cast<unsigned __int128>(lhs) |
      |                               ^~~~~~~~
/home/tina.guest/tinylsm-goal3-62e0496/build/benchmark/_deps/protobuf-src/third_party/abseil-cpp/absl/numeric/int128.h:864:31: warning: ISO C++ does not support ‘__int128’ for ‘type name’ [-Wpedantic]
  864 |          static_cast<unsigned __int128>(rhs);
      |                               ^~~~~~~~
/home/tina.guest/tinylsm-goal3-62e0496/build/benchmark/_deps/protobuf-src/third_party/abseil-cpp/absl/numeric/int128.h: In function ‘constexpr absl::lts_20240116::uint128 absl::lts_20240116::operator&(uint128, uint128)’:
/home/tina.guest/tinylsm-goal3-62e0496/build/benchmark/_deps/protobuf-src/third_party/abseil-cpp/absl/numeric/int128.h:873:31: warning: ISO C++ does not support ‘__int128’ for ‘type name’ [-Wpedantic]
  873 |   return static_cast<unsigned __int128>(lhs) &
      |                               ^~~~~~~~
/home/tina.guest/tinylsm-goal3-62e0496/build/benchmark/_deps/protobuf-src/third_party/abseil-cpp/absl/numeric/int128.h:874:31: warning: ISO C++ does not support ‘__int128’ for ‘type name’ [-Wpedantic]
  874 |          static_cast<unsigned __int128>(rhs);
      |                               ^~~~~~~~
/home/tina.guest/tinylsm-goal3-62e0496/build/benchmark/_deps/protobuf-src/third_party/abseil-cpp/absl/numeric/int128.h: In function ‘constexpr absl::lts_20240116::uint128 absl::lts_20240116::operator^(uint128, uint128)’:
/home/tina.guest/tinylsm-goal3-62e0496/build/benchmark/_deps/protobuf-src/third_party/abseil-cpp/absl/numeric/int128.h:883:31: warning: ISO C++ does not support ‘__int128’ for ‘type name’ [-Wpedantic]
  883 |   return static_cast<unsigned __int128>(lhs) ^
      |                               ^~~~~~~~
/home/tina.guest/tinylsm-goal3-62e0496/build/benchmark/_deps/protobuf-src/third_party/abseil-cpp/absl/numeric/int128.h:884:31: warning: ISO C++ does not support ‘__int128’ for ‘type name’ [-Wpedantic]
  884 |          static_cast<unsigned __int128>(rhs);
      |                               ^~~~~~~~
/home/tina.guest/tinylsm-goal3-62e0496/build/benchmark/_deps/protobuf-src/third_party/abseil-cpp/absl/numeric/int128.h: In function ‘constexpr absl::lts_20240116::uint128 absl::lts_20240116::operator<<(uint128, int)’:
/home/tina.guest/tinylsm-goal3-62e0496/build/benchmark/_deps/protobuf-src/third_party/abseil-cpp/absl/numeric/int128.h:910:31: warning: ISO C++ does not support ‘__int128’ for ‘type name’ [-Wpedantic]
  910 |   return static_cast<unsigned __int128>(lhs) << amount;
      |                               ^~~~~~~~
/home/tina.guest/tinylsm-goal3-62e0496/build/benchmark/_deps/protobuf-src/third_party/abseil-cpp/absl/numeric/int128.h: In function ‘constexpr absl::lts_20240116::uint128 absl::lts_20240116::operator>>(uint128, int)’:
/home/tina.guest/tinylsm-goal3-62e0496/build/benchmark/_deps/protobuf-src/third_party/abseil-cpp/absl/numeric/int128.h:924:31: warning: ISO C++ does not support ‘__int128’ for ‘type name’ [-Wpedantic]
  924 |   return static_cast<unsigned __int128>(lhs) >> amount;
      |                               ^~~~~~~~
/home/tina.guest/tinylsm-goal3-62e0496/build/benchmark/_deps/protobuf-src/third_party/abseil-cpp/absl/numeric/int128.h: In function ‘constexpr absl::lts_20240116::uint128 absl::lts_20240116::operator+(uint128, uint128)’:
/home/tina.guest/tinylsm-goal3-62e0496/build/benchmark/_deps/protobuf-src/third_party/abseil-cpp/absl/numeric/int128.h:949:31: warning: ISO C++ does not support ‘__int128’ for ‘type name’ [-Wpedantic]
  949 |   return static_cast<unsigned __int128>(lhs) +
      |                               ^~~~~~~~
/home/tina.guest/tinylsm-goal3-62e0496/build/benchmark/_deps/protobuf-src/third_party/abseil-cpp/absl/numeric/int128.h:950:31: warning: ISO C++ does not support ‘__int128’ for ‘type name’ [-Wpedantic]
  950 |          static_cast<unsigned __int128>(rhs);
      |                               ^~~~~~~~
/home/tina.guest/tinylsm-goal3-62e0496/build/benchmark/_deps/protobuf-src/third_party/abseil-cpp/absl/numeric/int128.h: In function ‘constexpr absl::lts_20240116::uint128 absl::lts_20240116::operator-(uint128, uint128)’:
/home/tina.guest/tinylsm-goal3-62e0496/build/benchmark/_deps/protobuf-src/third_party/abseil-cpp/absl/numeric/int128.h:972:31: warning: ISO C++ does not support ‘__int128’ for ‘type name’ [-Wpedantic]
  972 |   return static_cast<unsigned __int128>(lhs) -
      |                               ^~~~~~~~
/home/tina.guest/tinylsm-goal3-62e0496/build/benchmark/_deps/protobuf-src/third_party/abseil-cpp/absl/numeric/int128.h:973:31: warning: ISO C++ does not support ‘__int128’ for ‘type name’ [-Wpedantic]
  973 |          static_cast<unsigned __int128>(rhs);
      |                               ^~~~~~~~
/home/tina.guest/tinylsm-goal3-62e0496/build/benchmark/_deps/protobuf-src/third_party/abseil-cpp/absl/numeric/int128.h: In function ‘absl::lts_20240116::uint128 absl::lts_20240116::operator*(uint128, uint128)’:
/home/tina.guest/tinylsm-goal3-62e0496/build/benchmark/_deps/protobuf-src/third_party/abseil-cpp/absl/numeric/int128.h:986:31: warning: ISO C++ does not support ‘__int128’ for ‘type name’ [-Wpedantic]
  986 |   return static_cast<unsigned __int128>(lhs) *
      |                               ^~~~~~~~
/home/tina.guest/tinylsm-goal3-62e0496/build/benchmark/_deps/protobuf-src/third_party/abseil-cpp/absl/numeric/int128.h:987:31: warning: ISO C++ does not support ‘__int128’ for ‘type name’ [-Wpedantic]
  987 |          static_cast<unsigned __int128>(rhs);
      |                               ^~~~~~~~
/home/tina.guest/tinylsm-goal3-62e0496/build/benchmark/_deps/protobuf-src/third_party/abseil-cpp/absl/numeric/int128.h: In function ‘absl::lts_20240116::uint128 absl::lts_20240116::operator/(uint128, uint128)’:
/home/tina.guest/tinylsm-goal3-62e0496/build/benchmark/_deps/protobuf-src/third_party/abseil-cpp/absl/numeric/int128.h:1011:31: warning: ISO C++ does not support ‘__int128’ for ‘type name’ [-Wpedantic]
 1011 |   return static_cast<unsigned __int128>(lhs) /
      |                               ^~~~~~~~
/home/tina.guest/tinylsm-goal3-62e0496/build/benchmark/_deps/protobuf-src/third_party/abseil-cpp/absl/numeric/int128.h:1012:31: warning: ISO C++ does not support ‘__int128’ for ‘type name’ [-Wpedantic]
 1012 |          static_cast<unsigned __int128>(rhs);
      |                               ^~~~~~~~
/home/tina.guest/tinylsm-goal3-62e0496/build/benchmark/_deps/protobuf-src/third_party/abseil-cpp/absl/numeric/int128.h: In function ‘absl::lts_20240116::uint128 absl::lts_20240116::operator%(uint128, uint128)’:
/home/tina.guest/tinylsm-goal3-62e0496/build/benchmark/_deps/protobuf-src/third_party/abseil-cpp/absl/numeric/int128.h:1016:31: warning: ISO C++ does not support ‘__int128’ for ‘type name’ [-Wpedantic]
 1016 |   return static_cast<unsigned __int128>(lhs) %
      |                               ^~~~~~~~
/home/tina.guest/tinylsm-goal3-62e0496/build/benchmark/_deps/protobuf-src/third_party/abseil-cpp/absl/numeric/int128.h:1017:31: warning: ISO C++ does not support ‘__int128’ for ‘type name’ [-Wpedantic]
 1017 |          static_cast<unsigned __int128>(rhs);
      |                               ^~~~~~~~
In file included from /home/tina.guest/tinylsm-goal3-62e0496/build/benchmark/_deps/protobuf-src/third_party/abseil-cpp/absl/numeric/int128.h:1152:
/home/tina.guest/tinylsm-goal3-62e0496/build/benchmark/_deps/protobuf-src/third_party/abseil-cpp/absl/numeric/int128_have_intrinsic.inc: At global scope:
/home/tina.guest/tinylsm-goal3-62e0496/build/benchmark/_deps/protobuf-src/third_party/abseil-cpp/absl/numeric/int128_have_intrinsic.inc:24:45: warning: ISO C++ does not support ‘__int128’ for ‘v’ [-Wpedantic]
   24 | constexpr __int128 BitCastToSigned(unsigned __int128 v) {
      |                                             ^~~~~~~~
/home/tina.guest/tinylsm-goal3-62e0496/build/benchmark/_deps/protobuf-src/third_party/abseil-cpp/absl/numeric/int128_have_intrinsic.inc:24:11: warning: ISO C++ does not support ‘__int128’ for ‘BitCastToSigned’ [-Wpedantic]
   24 | constexpr __int128 BitCastToSigned(unsigned __int128 v) {
      |           ^~~~~~~~
/home/tina.guest/tinylsm-goal3-62e0496/build/benchmark/_deps/protobuf-src/third_party/abseil-cpp/absl/numeric/int128_have_intrinsic.inc: In function ‘constexpr __int128 absl::lts_20240116::int128_internal::BitCastToSigned(__int128 unsigned)’:
/home/tina.guest/tinylsm-goal3-62e0496/build/benchmark/_deps/protobuf-src/third_party/abseil-cpp/absl/numeric/int128_have_intrinsic.inc:30:36: warning: ISO C++ does not support ‘__int128’ for ‘type name’ [-Wpedantic]
   30 |   return v & (static_cast<unsigned __int128>(1) << 127)
      |                                    ^~~~~~~~
/home/tina.guest/tinylsm-goal3-62e0496/build/benchmark/_deps/protobuf-src/third_party/abseil-cpp/absl/numeric/int128_have_intrinsic.inc:31:29: warning: ISO C++ does not support ‘__int128’ for ‘type name’ [-Wpedantic]
   31 |              ? ~static_cast<__int128>(~v)
      |                             ^~~~~~~~
/home/tina.guest/tinylsm-goal3-62e0496/build/benchmark/_deps/protobuf-src/third_party/abseil-cpp/absl/numeric/int128_have_intrinsic.inc:32:28: warning: ISO C++ does not support ‘__int128’ for ‘type name’ [-Wpedantic]
   32 |              : static_cast<__int128>(v);
      |                            ^~~~~~~~
/home/tina.guest/tinylsm-goal3-62e0496/build/benchmark/_deps/protobuf-src/third_party/abseil-cpp/absl/numeric/int128_have_intrinsic.inc: At global scope:
/home/tina.guest/tinylsm-goal3-62e0496/build/benchmark/_deps/protobuf-src/third_party/abseil-cpp/absl/numeric/int128_have_intrinsic.inc:37:34: warning: ISO C++ does not support ‘__int128’ for ‘v’ [-Wpedantic]
   37 | inline int128& int128::operator=(__int128 v) {
      |                                  ^~~~~~~~
/home/tina.guest/tinylsm-goal3-62e0496/build/benchmark/_deps/protobuf-src/third_party/abseil-cpp/absl/numeric/int128_have_intrinsic.inc: In function ‘constexpr int64_t absl::lts_20240116::Int128High64(int128)’:
/home/tina.guest/tinylsm-goal3-62e0496/build/benchmark/_deps/protobuf-src/third_party/abseil-cpp/absl/numeric/int128_have_intrinsic.inc:49:50: warning: ISO C++ does not support ‘__int128’ for ‘type name’ [-Wpedantic]
   49 |       static_cast<uint64_t>(static_cast<unsigned __int128>(v.v_) >> 64));
      |                                                  ^~~~~~~~
/home/tina.guest/tinylsm-goal3-62e0496/build/benchmark/_deps/protobuf-src/third_party/abseil-cpp/absl/numeric/int128_have_intrinsic.inc: In constructor ‘constexpr absl::lts_20240116::int128::int128(int64_t, uint64_t)’:
/home/tina.guest/tinylsm-goal3-62e0496/build/benchmark/_deps/protobuf-src/third_party/abseil-cpp/absl/numeric/int128_have_intrinsic.inc:54:64: warning: ISO C++ does not support ‘__int128’ for ‘type name’ [-Wpedantic]
   54 |     : v_(int128_internal::BitCastToSigned(static_cast<unsigned __int128>(high)
      |                                                                ^~~~~~~~
/home/tina.guest/tinylsm-goal3-62e0496/build/benchmark/_deps/protobuf-src/third_party/abseil-cpp/absl/numeric/int128_have_intrinsic.inc: At global scope:
/home/tina.guest/tinylsm-goal3-62e0496/build/benchmark/_deps/protobuf-src/third_party/abseil-cpp/absl/numeric/int128_have_intrinsic.inc:65:26: warning: ISO C++ does not support ‘__int128’ for ‘v’ [-Wpedantic]
   65 | constexpr int128::int128(__int128 v) : v_{v} {}
      |                          ^~~~~~~~
/home/tina.guest/tinylsm-goal3-62e0496/build/benchmark/_deps/protobuf-src/third_party/abseil-cpp/absl/numeric/int128_have_intrinsic.inc:74:35: warning: ISO C++ does not support ‘__int128’ for ‘v’ [-Wpedantic]
   74 | constexpr int128::int128(unsigned __int128 v) : v_{static_cast<__int128>(v)} {}
      |                                   ^~~~~~~~
/home/tina.guest/tinylsm-goal3-62e0496/build/benchmark/_deps/protobuf-src/third_party/abseil-cpp/absl/numeric/int128_have_intrinsic.inc: In constructor ‘constexpr absl::lts_20240116::int128::int128(__int128 unsigned)’:
/home/tina.guest/tinylsm-goal3-62e0496/build/benchmark/_deps/protobuf-src/third_party/abseil-cpp/absl/numeric/int128_have_intrinsic.inc:74:64: warning: ISO C++ does not support ‘__int128’ for ‘type name’ [-Wpedantic]
   74 | constexpr int128::int128(unsigned __int128 v) : v_{static_cast<__int128>(v)} {}
      |                                                                ^~~~~~~~
/home/tina.guest/tinylsm-goal3-62e0496/build/benchmark/_deps/protobuf-src/third_party/abseil-cpp/absl/numeric/int128_have_intrinsic.inc: In constructor ‘absl::lts_20240116::int128::int128(float)’:
/home/tina.guest/tinylsm-goal3-62e0496/build/benchmark/_deps/protobuf-src/third_party/abseil-cpp/absl/numeric/int128_have_intrinsic.inc:77:20: warning: ISO C++ does not support ‘__int128’ for ‘type name’ [-Wpedantic]
   77 |   v_ = static_cast<__int128>(v);
      |                    ^~~~~~~~
/home/tina.guest/tinylsm-goal3-62e0496/build/benchmark/_deps/protobuf-src/third_party/abseil-cpp/absl/numeric/int128_have_intrinsic.inc: In constructor ‘absl::lts_20240116::int128::int128(double)’:
/home/tina.guest/tinylsm-goal3-62e0496/build/benchmark/_deps/protobuf-src/third_party/abseil-cpp/absl/numeric/int128_have_intrinsic.inc:81:20: warning: ISO C++ does not support ‘__int128’ for ‘type name’ [-Wpedantic]
   81 |   v_ = static_cast<__int128>(v);
      |                    ^~~~~~~~
/home/tina.guest/tinylsm-goal3-62e0496/build/benchmark/_deps/protobuf-src/third_party/abseil-cpp/absl/numeric/int128_have_intrinsic.inc: In constructor ‘absl::lts_20240116::int128::int128(long double)’:
/home/tina.guest/tinylsm-goal3-62e0496/build/benchmark/_deps/protobuf-src/third_party/abseil-cpp/absl/numeric/int128_have_intrinsic.inc:85:20: warning: ISO C++ does not support ‘__int128’ for ‘type name’ [-Wpedantic]
   85 |   v_ = static_cast<__int128>(v);
      |                    ^~~~~~~~
/home/tina.guest/tinylsm-goal3-62e0496/build/benchmark/_deps/protobuf-src/third_party/abseil-cpp/absl/numeric/int128_have_intrinsic.inc: In constructor ‘constexpr absl::lts_20240116::int128::int128(absl::lts_20240116::uint128)’:
/home/tina.guest/tinylsm-goal3-62e0496/build/benchmark/_deps/protobuf-src/third_party/abseil-cpp/absl/numeric/int128_have_intrinsic.inc:88:54: warning: ISO C++ does not support ‘__int128’ for ‘type name’ [-Wpedantic]
   88 | constexpr int128::int128(uint128 v) : v_{static_cast<__int128>(v)} {}
      |                                                      ^~~~~~~~
/home/tina.guest/tinylsm-goal3-62e0496/build/benchmark/_deps/protobuf-src/third_party/abseil-cpp/absl/numeric/int128_have_intrinsic.inc: At global scope:
/home/tina.guest/tinylsm-goal3-62e0496/build/benchmark/_deps/protobuf-src/third_party/abseil-cpp/absl/numeric/int128_have_intrinsic.inc:146:28: warning: ISO C++ does not support ‘__int128’ for ‘type name’ [-Wpedantic]
  146 | constexpr int128::operator __int128() const { return v_; }
      |                            ^~~~~~~~
/home/tina.guest/tinylsm-goal3-62e0496/build/benchmark/_deps/protobuf-src/third_party/abseil-cpp/absl/numeric/int128_have_intrinsic.inc:146:28: warning: ISO C++ does not support ‘__int128’ for ‘type name’ [-Wpedantic]
/home/tina.guest/tinylsm-goal3-62e0496/build/benchmark/_deps/protobuf-src/third_party/abseil-cpp/absl/numeric/int128_have_intrinsic.inc:146:28: warning: ISO C++ does not support ‘__int128’ for ‘type name’ [-Wpedantic]
/home/tina.guest/tinylsm-goal3-62e0496/build/benchmark/_deps/protobuf-src/third_party/abseil-cpp/absl/numeric/int128_have_intrinsic.inc:148:37: warning: ISO C++ does not support ‘__int128’ for ‘type name’ [-Wpedantic]
  148 | constexpr int128::operator unsigned __int128() const {
      |                                     ^~~~~~~~
/home/tina.guest/tinylsm-goal3-62e0496/build/benchmark/_deps/protobuf-src/third_party/abseil-cpp/absl/numeric/int128_have_intrinsic.inc:148:37: warning: ISO C++ does not support ‘__int128’ for ‘type name’ [-Wpedantic]
/home/tina.guest/tinylsm-goal3-62e0496/build/benchmark/_deps/protobuf-src/third_party/abseil-cpp/absl/numeric/int128_have_intrinsic.inc:148:37: warning: ISO C++ does not support ‘__int128’ for ‘type name’ [-Wpedantic]
/home/tina.guest/tinylsm-goal3-62e0496/build/benchmark/_deps/protobuf-src/third_party/abseil-cpp/absl/numeric/int128_have_intrinsic.inc: In member function ‘constexpr absl::lts_20240116::int128::operator __int128 unsigned() const’:
/home/tina.guest/tinylsm-goal3-62e0496/build/benchmark/_deps/protobuf-src/third_party/abseil-cpp/absl/numeric/int128_have_intrinsic.inc:149:31: warning: ISO C++ does not support ‘__int128’ for ‘type name’ [-Wpedantic]
  149 |   return static_cast<unsigned __int128>(v_);
      |                               ^~~~~~~~
/home/tina.guest/tinylsm-goal3-62e0496/build/benchmark/_deps/protobuf-src/third_party/abseil-cpp/absl/numeric/int128_have_intrinsic.inc: In function ‘constexpr bool absl::lts_20240116::operator==(int128, int128)’:
/home/tina.guest/tinylsm-goal3-62e0496/build/benchmark/_deps/protobuf-src/third_party/abseil-cpp/absl/numeric/int128_have_intrinsic.inc:200:22: warning: ISO C++ does not support ‘__int128’ for ‘type name’ [-Wpedantic]
  200 |   return static_cast<__int128>(lhs) == static_cast<__int128>(rhs);
      |                      ^~~~~~~~
/home/tina.guest/tinylsm-goal3-62e0496/build/benchmark/_deps/protobuf-src/third_party/abseil-cpp/absl/numeric/int128_have_intrinsic.inc:200:52: warning: ISO C++ does not support ‘__int128’ for ‘type name’ [-Wpedantic]
  200 |   return static_cast<__int128>(lhs) == static_cast<__int128>(rhs);
      |                                                    ^~~~~~~~
/home/tina.guest/tinylsm-goal3-62e0496/build/benchmark/_deps/protobuf-src/third_party/abseil-cpp/absl/numeric/int128_have_intrinsic.inc: In function ‘constexpr bool absl::lts_20240116::operator!=(int128, int128)’:
/home/tina.guest/tinylsm-goal3-62e0496/build/benchmark/_deps/protobuf-src/third_party/abseil-cpp/absl/numeric/int128_have_intrinsic.inc:204:22: warning: ISO C++ does not support ‘__int128’ for ‘type name’ [-Wpedantic]
  204 |   return static_cast<__int128>(lhs) != static_cast<__int128>(rhs);
      |                      ^~~~~~~~
/home/tina.guest/tinylsm-goal3-62e0496/build/benchmark/_deps/protobuf-src/third_party/abseil-cpp/absl/numeric/int128_have_intrinsic.inc:204:52: warning: ISO C++ does not support ‘__int128’ for ‘type name’ [-Wpedantic]
  204 |   return static_cast<__int128>(lhs) != static_cast<__int128>(rhs);
      |                                                    ^~~~~~~~
/home/tina.guest/tinylsm-goal3-62e0496/build/benchmark/_deps/protobuf-src/third_party/abseil-cpp/absl/numeric/int128_have_intrinsic.inc: In function ‘constexpr bool absl::lts_20240116::operator<(int128, int128)’:
/home/tina.guest/tinylsm-goal3-62e0496/build/benchmark/_deps/protobuf-src/third_party/abseil-cpp/absl/numeric/int128_have_intrinsic.inc:208:22: warning: ISO C++ does not support ‘__int128’ for ‘type name’ [-Wpedantic]
  208 |   return static_cast<__int128>(lhs) < static_cast<__int128>(rhs);
      |                      ^~~~~~~~
/home/tina.guest/tinylsm-goal3-62e0496/build/benchmark/_deps/protobuf-src/third_party/abseil-cpp/absl/numeric/int128_have_intrinsic.inc:208:51: warning: ISO C++ does not support ‘__int128’ for ‘type name’ [-Wpedantic]
  208 |   return static_cast<__int128>(lhs) < static_cast<__int128>(rhs);
      |                                                   ^~~~~~~~
/home/tina.guest/tinylsm-goal3-62e0496/build/benchmark/_deps/protobuf-src/third_party/abseil-cpp/absl/numeric/int128_have_intrinsic.inc: In function ‘constexpr bool absl::lts_20240116::operator>(int128, int128)’:
/home/tina.guest/tinylsm-goal3-62e0496/build/benchmark/_deps/protobuf-src/third_party/abseil-cpp/absl/numeric/int128_have_intrinsic.inc:212:22: warning: ISO C++ does not support ‘__int128’ for ‘type name’ [-Wpedantic]
  212 |   return static_cast<__int128>(lhs) > static_cast<__int128>(rhs);
      |                      ^~~~~~~~
/home/tina.guest/tinylsm-goal3-62e0496/build/benchmark/_deps/protobuf-src/third_party/abseil-cpp/absl/numeric/int128_have_intrinsic.inc:212:51: warning: ISO C++ does not support ‘__int128’ for ‘type name’ [-Wpedantic]
  212 |   return static_cast<__int128>(lhs) > static_cast<__int128>(rhs);
      |                                                   ^~~~~~~~
/home/tina.guest/tinylsm-goal3-62e0496/build/benchmark/_deps/protobuf-src/third_party/abseil-cpp/absl/numeric/int128_have_intrinsic.inc: In function ‘constexpr bool absl::lts_20240116::operator<=(int128, int128)’:
/home/tina.guest/tinylsm-goal3-62e0496/build/benchmark/_deps/protobuf-src/third_party/abseil-cpp/absl/numeric/int128_have_intrinsic.inc:216:22: warning: ISO C++ does not support ‘__int128’ for ‘type name’ [-Wpedantic]
  216 |   return static_cast<__int128>(lhs) <= static_cast<__int128>(rhs);
      |                      ^~~~~~~~
/home/tina.guest/tinylsm-goal3-62e0496/build/benchmark/_deps/protobuf-src/third_party/abseil-cpp/absl/numeric/int128_have_intrinsic.inc:216:52: warning: ISO C++ does not support ‘__int128’ for ‘type name’ [-Wpedantic]
  216 |   return static_cast<__int128>(lhs) <= static_cast<__int128>(rhs);
      |                                                    ^~~~~~~~
/home/tina.guest/tinylsm-goal3-62e0496/build/benchmark/_deps/protobuf-src/third_party/abseil-cpp/absl/numeric/int128_have_intrinsic.inc: In function ‘constexpr bool absl::lts_20240116::operator>=(int128, int128)’:
/home/tina.guest/tinylsm-goal3-62e0496/build/benchmark/_deps/protobuf-src/third_party/abseil-cpp/absl/numeric/int128_have_intrinsic.inc:220:22: warning: ISO C++ does not support ‘__int128’ for ‘type name’ [-Wpedantic]
  220 |   return static_cast<__int128>(lhs) >= static_cast<__int128>(rhs);
      |                      ^~~~~~~~
/home/tina.guest/tinylsm-goal3-62e0496/build/benchmark/_deps/protobuf-src/third_party/abseil-cpp/absl/numeric/int128_have_intrinsic.inc:220:52: warning: ISO C++ does not support ‘__int128’ for ‘type name’ [-Wpedantic]
  220 |   return static_cast<__int128>(lhs) >= static_cast<__int128>(rhs);
      |                                                    ^~~~~~~~
/home/tina.guest/tinylsm-goal3-62e0496/build/benchmark/_deps/protobuf-src/third_party/abseil-cpp/absl/numeric/int128_have_intrinsic.inc: In function ‘constexpr absl::lts_20240116::int128 absl::lts_20240116::operator-(int128)’:
/home/tina.guest/tinylsm-goal3-62e0496/build/benchmark/_deps/protobuf-src/third_party/abseil-cpp/absl/numeric/int128_have_intrinsic.inc:225:60: warning: ISO C++ does not support ‘__int128’ for ‘type name’ [-Wpedantic]
  225 | constexpr int128 operator-(int128 v) { return -static_cast<__int128>(v); }
      |                                                            ^~~~~~~~
/home/tina.guest/tinylsm-goal3-62e0496/build/benchmark/_deps/protobuf-src/third_party/abseil-cpp/absl/numeric/int128_have_intrinsic.inc: In function ‘constexpr bool absl::lts_20240116::operator!(int128)’:
/home/tina.guest/tinylsm-goal3-62e0496/build/benchmark/_deps/protobuf-src/third_party/abseil-cpp/absl/numeric/int128_have_intrinsic.inc:227:58: warning: ISO C++ does not support ‘__int128’ for ‘type name’ [-Wpedantic]
  227 | constexpr bool operator!(int128 v) { return !static_cast<__int128>(v); }
      |                                                          ^~~~~~~~
/home/tina.guest/tinylsm-goal3-62e0496/build/benchmark/_deps/protobuf-src/third_party/abseil-cpp/absl/numeric/int128_have_intrinsic.inc: In function ‘constexpr absl::lts_20240116::int128 absl::lts_20240116::operator~(int128)’:
/home/tina.guest/tinylsm-goal3-62e0496/build/benchmark/_deps/protobuf-src/third_party/abseil-cpp/absl/numeric/int128_have_intrinsic.inc:229:62: warning: ISO C++ does not support ‘__int128’ for ‘type name’ [-Wpedantic]
  229 | constexpr int128 operator~(int128 val) { return ~static_cast<__int128>(val); }
      |                                                              ^~~~~~~~
/home/tina.guest/tinylsm-goal3-62e0496/build/benchmark/_deps/protobuf-src/third_party/abseil-cpp/absl/numeric/int128_have_intrinsic.inc: In function ‘constexpr absl::lts_20240116::int128 absl::lts_20240116::operator+(int128, int128)’:
/home/tina.guest/tinylsm-goal3-62e0496/build/benchmark/_deps/protobuf-src/third_party/abseil-cpp/absl/numeric/int128_have_intrinsic.inc:234:22: warning: ISO C++ does not support ‘__int128’ for ‘type name’ [-Wpedantic]
  234 |   return static_cast<__int128>(lhs) + static_cast<__int128>(rhs);
      |                      ^~~~~~~~
/home/tina.guest/tinylsm-goal3-62e0496/build/benchmark/_deps/protobuf-src/third_party/abseil-cpp/absl/numeric/int128_have_intrinsic.inc:234:51: warning: ISO C++ does not support ‘__int128’ for ‘type name’ [-Wpedantic]
  234 |   return static_cast<__int128>(lhs) + static_cast<__int128>(rhs);
      |                                                   ^~~~~~~~
/home/tina.guest/tinylsm-goal3-62e0496/build/benchmark/_deps/protobuf-src/third_party/abseil-cpp/absl/numeric/int128_have_intrinsic.inc: In function ‘constexpr absl::lts_20240116::int128 absl::lts_20240116::operator-(int128, int128)’:
/home/tina.guest/tinylsm-goal3-62e0496/build/benchmark/_deps/protobuf-src/third_party/abseil-cpp/absl/numeric/int128_have_intrinsic.inc:238:22: warning: ISO C++ does not support ‘__int128’ for ‘type name’ [-Wpedantic]
  238 |   return static_cast<__int128>(lhs) - static_cast<__int128>(rhs);
      |                      ^~~~~~~~
/home/tina.guest/tinylsm-goal3-62e0496/build/benchmark/_deps/protobuf-src/third_party/abseil-cpp/absl/numeric/int128_have_intrinsic.inc:238:51: warning: ISO C++ does not support ‘__int128’ for ‘type name’ [-Wpedantic]
  238 |   return static_cast<__int128>(lhs) - static_cast<__int128>(rhs);
      |                                                   ^~~~~~~~
/home/tina.guest/tinylsm-goal3-62e0496/build/benchmark/_deps/protobuf-src/third_party/abseil-cpp/absl/numeric/int128_have_intrinsic.inc: In function ‘absl::lts_20240116::int128 absl::lts_20240116::operator*(int128, int128)’:
/home/tina.guest/tinylsm-goal3-62e0496/build/benchmark/_deps/protobuf-src/third_party/abseil-cpp/absl/numeric/int128_have_intrinsic.inc:242:22: warning: ISO C++ does not support ‘__int128’ for ‘type name’ [-Wpedantic]
  242 |   return static_cast<__int128>(lhs) * static_cast<__int128>(rhs);
      |                      ^~~~~~~~
/home/tina.guest/tinylsm-goal3-62e0496/build/benchmark/_deps/protobuf-src/third_party/abseil-cpp/absl/numeric/int128_have_intrinsic.inc:242:51: warning: ISO C++ does not support ‘__int128’ for ‘type name’ [-Wpedantic]
  242 |   return static_cast<__int128>(lhs) * static_cast<__int128>(rhs);
      |                                                   ^~~~~~~~
/home/tina.guest/tinylsm-goal3-62e0496/build/benchmark/_deps/protobuf-src/third_party/abseil-cpp/absl/numeric/int128_have_intrinsic.inc: In function ‘absl::lts_20240116::int128 absl::lts_20240116::operator/(int128, int128)’:
/home/tina.guest/tinylsm-goal3-62e0496/build/benchmark/_deps/protobuf-src/third_party/abseil-cpp/absl/numeric/int128_have_intrinsic.inc:246:22: warning: ISO C++ does not support ‘__int128’ for ‘type name’ [-Wpedantic]
  246 |   return static_cast<__int128>(lhs) / static_cast<__int128>(rhs);
      |                      ^~~~~~~~
/home/tina.guest/tinylsm-goal3-62e0496/build/benchmark/_deps/protobuf-src/third_party/abseil-cpp/absl/numeric/int128_have_intrinsic.inc:246:51: warning: ISO C++ does not support ‘__int128’ for ‘type name’ [-Wpedantic]
  246 |   return static_cast<__int128>(lhs) / static_cast<__int128>(rhs);
      |                                                   ^~~~~~~~
/home/tina.guest/tinylsm-goal3-62e0496/build/benchmark/_deps/protobuf-src/third_party/abseil-cpp/absl/numeric/int128_have_intrinsic.inc: In function ‘absl::lts_20240116::int128 absl::lts_20240116::operator%(int128, int128)’:
/home/tina.guest/tinylsm-goal3-62e0496/build/benchmark/_deps/protobuf-src/third_party/abseil-cpp/absl/numeric/int128_have_intrinsic.inc:250:22: warning: ISO C++ does not support ‘__int128’ for ‘type name’ [-Wpedantic]
  250 |   return static_cast<__int128>(lhs) % static_cast<__int128>(rhs);
      |                      ^~~~~~~~
/home/tina.guest/tinylsm-goal3-62e0496/build/benchmark/_deps/protobuf-src/third_party/abseil-cpp/absl/numeric/int128_have_intrinsic.inc:250:51: warning: ISO C++ does not support ‘__int128’ for ‘type name’ [-Wpedantic]
  250 |   return static_cast<__int128>(lhs) % static_cast<__int128>(rhs);
      |                                                   ^~~~~~~~
/home/tina.guest/tinylsm-goal3-62e0496/build/benchmark/_deps/protobuf-src/third_party/abseil-cpp/absl/numeric/int128_have_intrinsic.inc: In function ‘constexpr absl::lts_20240116::int128 absl::lts_20240116::operator|(int128, int128)’:
/home/tina.guest/tinylsm-goal3-62e0496/build/benchmark/_deps/protobuf-src/third_party/abseil-cpp/absl/numeric/int128_have_intrinsic.inc:276:22: warning: ISO C++ does not support ‘__int128’ for ‘type name’ [-Wpedantic]
  276 |   return static_cast<__int128>(lhs) | static_cast<__int128>(rhs);
      |                      ^~~~~~~~
/home/tina.guest/tinylsm-goal3-62e0496/build/benchmark/_deps/protobuf-src/third_party/abseil-cpp/absl/numeric/int128_have_intrinsic.inc:276:51: warning: ISO C++ does not support ‘__int128’ for ‘type name’ [-Wpedantic]
  276 |   return static_cast<__int128>(lhs) | static_cast<__int128>(rhs);
      |                                                   ^~~~~~~~
/home/tina.guest/tinylsm-goal3-62e0496/build/benchmark/_deps/protobuf-src/third_party/abseil-cpp/absl/numeric/int128_have_intrinsic.inc: In function ‘constexpr absl::lts_20240116::int128 absl::lts_20240116::operator&(int128, int128)’:
/home/tina.guest/tinylsm-goal3-62e0496/build/benchmark/_deps/protobuf-src/third_party/abseil-cpp/absl/numeric/int128_have_intrinsic.inc:280:22: warning: ISO C++ does not support ‘__int128’ for ‘type name’ [-Wpedantic]
  280 |   return static_cast<__int128>(lhs) & static_cast<__int128>(rhs);
      |                      ^~~~~~~~
/home/tina.guest/tinylsm-goal3-62e0496/build/benchmark/_deps/protobuf-src/third_party/abseil-cpp/absl/numeric/int128_have_intrinsic.inc:280:51: warning: ISO C++ does not support ‘__int128’ for ‘type name’ [-Wpedantic]
  280 |   return static_cast<__int128>(lhs) & static_cast<__int128>(rhs);
      |                                                   ^~~~~~~~
/home/tina.guest/tinylsm-goal3-62e0496/build/benchmark/_deps/protobuf-src/third_party/abseil-cpp/absl/numeric/int128_have_intrinsic.inc: In function ‘constexpr absl::lts_20240116::int128 absl::lts_20240116::operator^(int128, int128)’:
/home/tina.guest/tinylsm-goal3-62e0496/build/benchmark/_deps/protobuf-src/third_party/abseil-cpp/absl/numeric/int128_have_intrinsic.inc:284:22: warning: ISO C++ does not support ‘__int128’ for ‘type name’ [-Wpedantic]
  284 |   return static_cast<__int128>(lhs) ^ static_cast<__int128>(rhs);
      |                      ^~~~~~~~
/home/tina.guest/tinylsm-goal3-62e0496/build/benchmark/_deps/protobuf-src/third_party/abseil-cpp/absl/numeric/int128_have_intrinsic.inc:284:51: warning: ISO C++ does not support ‘__int128’ for ‘type name’ [-Wpedantic]
  284 |   return static_cast<__int128>(lhs) ^ static_cast<__int128>(rhs);
      |                                                   ^~~~~~~~
/home/tina.guest/tinylsm-goal3-62e0496/build/benchmark/_deps/protobuf-src/third_party/abseil-cpp/absl/numeric/int128_have_intrinsic.inc: In function ‘constexpr absl::lts_20240116::int128 absl::lts_20240116::operator<<(int128, int)’:
/home/tina.guest/tinylsm-goal3-62e0496/build/benchmark/_deps/protobuf-src/third_party/abseil-cpp/absl/numeric/int128_have_intrinsic.inc:288:22: warning: ISO C++ does not support ‘__int128’ for ‘type name’ [-Wpedantic]
  288 |   return static_cast<__int128>(lhs) << amount;
      |                      ^~~~~~~~
/home/tina.guest/tinylsm-goal3-62e0496/build/benchmark/_deps/protobuf-src/third_party/abseil-cpp/absl/numeric/int128_have_intrinsic.inc: In function ‘constexpr absl::lts_20240116::int128 absl::lts_20240116::operator>>(int128, int)’:
/home/tina.guest/tinylsm-goal3-62e0496/build/benchmark/_deps/protobuf-src/third_party/abseil-cpp/absl/numeric/int128_have_intrinsic.inc:292:22: warning: ISO C++ does not support ‘__int128’ for ‘type name’ [-Wpedantic]
  292 |   return static_cast<__int128>(lhs) >> amount;
      |                      ^~~~~~~~
In file included from /home/tina.guest/tinylsm-goal3-62e0496/build/benchmark/_deps/protobuf-src/src/google/protobuf/arena.h:38,
                 from /home/tina.guest/tinylsm-goal3-62e0496/build/benchmark/src/manifest.pb.h:21:
/home/tina.guest/tinylsm-goal3-62e0496/build/benchmark/_deps/protobuf-src/src/google/protobuf/port.h: In function ‘void google::protobuf::internal::AssertDownCast(From*)’:
/home/tina.guest/tinylsm-goal3-62e0496/build/benchmark/_deps/protobuf-src/src/google/protobuf/port.h:181:5: warning: testing if a concept-id is a valid expression; add ‘requires’ to check satisfaction [-Wmissing-requires]
  181 |     std::derived_from<std::remove_pointer_t<To>,
      |     ^
      |     requires
[622/664] Linking CXX static library src/libtinylsm.a
[623/664] Building CXX object _deps/leveldb-build/CMakeFiles/leveldb.dir/db/c.cc.o
[624/664] Building CXX object _deps/leveldb-build/CMakeFiles/leveldb.dir/db/db_iter.cc.o
[625/664] Building CXX object _deps/leveldb-build/CMakeFiles/leveldb.dir/db/dbformat.cc.o
[626/664] Building CXX object _deps/leveldb-build/CMakeFiles/leveldb.dir/db/filename.cc.o
[627/664] Building CXX object _deps/leveldb-build/CMakeFiles/leveldb.dir/db/dumpfile.cc.o
[628/664] Building CXX object _deps/leveldb-build/CMakeFiles/leveldb.dir/db/log_writer.cc.o
[629/664] Building CXX object benchmarks/CMakeFiles/tinylsm_bench.dir/db_benchmark.cpp.o
[630/664] Building CXX object _deps/leveldb-build/CMakeFiles/leveldb.dir/db/memtable.cc.o
[631/664] Building CXX object _deps/leveldb-build/CMakeFiles/leveldb.dir/db/db_impl.cc.o
[632/664] Building CXX object _deps/leveldb-build/CMakeFiles/leveldb.dir/db/log_reader.cc.o
[633/664] Building CXX object _deps/leveldb-build/CMakeFiles/leveldb.dir/db/table_cache.cc.o
[634/664] Building CXX object _deps/leveldb-build/CMakeFiles/leveldb.dir/table/block_builder.cc.o
[635/664] Building CXX object _deps/leveldb-build/CMakeFiles/leveldb.dir/db/version_edit.cc.o
[636/664] Building CXX object _deps/leveldb-build/CMakeFiles/leveldb.dir/db/write_batch.cc.o
[637/664] Building CXX object _deps/leveldb-build/CMakeFiles/leveldb.dir/table/block.cc.o
[638/664] Building CXX object _deps/leveldb-build/CMakeFiles/leveldb.dir/db/repair.cc.o
[639/664] Building CXX object _deps/leveldb-build/CMakeFiles/leveldb.dir/table/iterator.cc.o
[640/664] Building CXX object _deps/leveldb-build/CMakeFiles/leveldb.dir/table/format.cc.o
[641/664] Building CXX object _deps/leveldb-build/CMakeFiles/leveldb.dir/table/filter_block.cc.o
[642/664] Building CXX object _deps/leveldb-build/CMakeFiles/leveldb.dir/util/arena.cc.o
[643/664] Building CXX object _deps/leveldb-build/CMakeFiles/leveldb.dir/table/two_level_iterator.cc.o
[644/664] Building CXX object _deps/leveldb-build/CMakeFiles/leveldb.dir/table/table_builder.cc.o
[645/664] Building CXX object _deps/leveldb-build/CMakeFiles/leveldb.dir/util/bloom.cc.o
[646/664] Building CXX object _deps/leveldb-build/CMakeFiles/leveldb.dir/table/merger.cc.o
[647/664] Building CXX object _deps/leveldb-build/CMakeFiles/leveldb.dir/table/table.cc.o
[648/664] Building CXX object _deps/leveldb-build/CMakeFiles/leveldb.dir/db/version_set.cc.o
[649/664] Building CXX object _deps/leveldb-build/CMakeFiles/leveldb.dir/util/filter_policy.cc.o
[650/664] Building CXX object _deps/leveldb-build/CMakeFiles/leveldb.dir/util/cache.cc.o
[651/664] Building CXX object _deps/leveldb-build/CMakeFiles/leveldb.dir/util/coding.cc.o
[652/664] Building CXX object _deps/leveldb-build/CMakeFiles/leveldb.dir/util/env.cc.o
[653/664] Building CXX object _deps/leveldb-build/CMakeFiles/leveldb.dir/util/comparator.cc.o
[654/664] Building CXX object _deps/leveldb-build/CMakeFiles/leveldb.dir/util/crc32c.cc.o
[655/664] Building CXX object _deps/leveldb-build/CMakeFiles/leveldb.dir/util/options.cc.o
[656/664] Building CXX object _deps/leveldb-build/CMakeFiles/leveldb.dir/util/hash.cc.o
[657/664] Building CXX object _deps/leveldb-build/CMakeFiles/leveldbutil.dir/db/leveldbutil.cc.o
[658/664] Building CXX object _deps/leveldb-build/CMakeFiles/leveldb.dir/util/logging.cc.o
[659/664] Building CXX object _deps/leveldb-build/CMakeFiles/leveldb.dir/util/status.cc.o
[660/664] Building CXX object _deps/leveldb-build/CMakeFiles/leveldb.dir/helpers/memenv/memenv.cc.o
[661/664] Building CXX object _deps/leveldb-build/CMakeFiles/leveldb.dir/util/env_posix.cc.o
[662/664] Linking CXX static library _deps/leveldb-build/libleveldb.a
[663/664] Linking CXX executable _deps/leveldb-build/leveldbutil
[664/664] Linking CXX executable benchmarks/tinylsm_bench
+ /home/tina.guest/tinylsm-goal3-62e0496/build/benchmark/benchmarks/tinylsm_bench --benchmark_filter=\^TinyLSM/CompactionMixed\(Manual\|SizeTiered\)/ --benchmark_out=/home/tina.guest/tinylsm-goal3-results/run1/compaction-goal3.json --benchmark_out_format=json --benchmark_report_aggregates_only=true --benchmark_display_aggregates_only=true --benchmark_enable_random_interleaving=true
2026-09-08T12:02:10+08:00
Running /home/tina.guest/tinylsm-goal3-62e0496/build/benchmark/benchmarks/tinylsm_bench
Run on (4 X 48 MHz CPU s)
Load Average: 5.80, 4.69, 2.98
--------------------------------------------------------------------------------------------------------------------------------------
Benchmark                                                                            Time             CPU   Iterations UserCounters...
--------------------------------------------------------------------------------------------------------------------------------------
TinyLSM/CompactionMixedManual/iterations:1/repeats:5/manual_time_mean       1950345043 ns   1815290643 ns            5 background_compactions=0 bytes_per_second=2.60794Mi/s compaction_debt_bytes=0 compaction_debt_tables=0 compaction_input_bytes=5.59676M compaction_output_bytes=1.19172M compactions=1 flush_output_bytes=5.59676M foreground_reads=200 foreground_scans=200 foreground_writes=19.6k get_p50_us=867.499 get_p95_us=4.76716k get_p99_us=5.71484k items_per_second=10.2589k/s live_sstable_bytes=1.19172M logical_live_bytes=1.10187M logical_write_bytes=5.28M operations=20k ops_per_second=10.2589k/s point_lookups=200 put_p50_us=2.5094 put_p95_us=5.4108 put_p99_us=70.2012 read_amplification=16.417 scan_p50_us=6.61129k scan_p95_us=18.5257k scan_p99_us=20.9402k scan_table_inputs=10.0338k space_amplification=1.08154 table_count=1 table_probes=3.2834k write_amplification=1.2857
TinyLSM/CompactionMixedManual/iterations:1/repeats:5/manual_time_median     1930870634 ns   1815069757 ns            5 background_compactions=0 bytes_per_second=2.63313Mi/s compaction_debt_bytes=0 compaction_debt_tables=0 compaction_input_bytes=5.59676M compaction_output_bytes=1.19172M compactions=1 flush_output_bytes=5.59676M foreground_reads=200 foreground_scans=200 foreground_writes=19.6k get_p50_us=870.962 get_p95_us=4.76385k get_p99_us=5.70496k items_per_second=10.358k/s live_sstable_bytes=1.19172M logical_live_bytes=1.10187M logical_write_bytes=5.28M operations=20k ops_per_second=10.358k/s point_lookups=200 put_p50_us=2.508 put_p95_us=5.398 put_p99_us=69.677 read_amplification=16.42 scan_p50_us=6.69219k scan_p95_us=18.6669k scan_p99_us=20.9337k scan_table_inputs=10.034k space_amplification=1.08154 table_count=1 table_probes=3.284k write_amplification=1.2857
TinyLSM/CompactionMixedManual/iterations:1/repeats:5/manual_time_stddev       45453144 ns      4454608 ns            5 background_compactions=0 bytes_per_second=60.4372Ki/s compaction_debt_bytes=0 compaction_debt_tables=0 compaction_input_bytes=0.046621 compaction_output_bytes=9.92706m compactions=8.33n flush_output_bytes=0.046621 foreground_reads=1.666u foreground_scans=1.666u foreground_writes=163.268u get_p50_us=7.12499 get_p95_us=16.5455 get_p99_us=59.6666 items_per_second=232.172/s live_sstable_bytes=9.92706m logical_live_bytes=9.1786m logical_write_bytes=0.0439824 operations=166.6u ops_per_second=232.172/s point_lookups=1.666u put_p50_us=4.82701m put_p95_us=0.0404067 put_p99_us=3.47882 read_amplification=0.015248 scan_p50_us=141.996 scan_p95_us=387.822 scan_p99_us=194.003 scan_table_inputs=5.93296 space_amplification=5.06514n table_count=8.33n table_probes=3.04959 write_amplification=0
TinyLSM/CompactionMixedManual/iterations:1/repeats:5/manual_time_cv               2.33 %          0.25 %             5 background_compactions=0.00% bytes_per_second=2.26% compaction_debt_bytes=0.00% compaction_debt_tables=0.00% compaction_input_bytes=0.00% compaction_output_bytes=0.00% compactions=0.00% flush_output_bytes=0.00% foreground_reads=0.00% foreground_scans=0.00% foreground_writes=0.00% get_p50_us=0.82% get_p95_us=0.35% get_p99_us=1.04% items_per_second=2.26% live_sstable_bytes=0.00% logical_live_bytes=0.00% logical_write_bytes=0.00% operations=0.00% ops_per_second=2.26% point_lookups=0.00% put_p50_us=0.19% put_p95_us=0.75% put_p99_us=4.96% read_amplification=0.09% scan_p50_us=2.15% scan_p95_us=2.09% scan_p99_us=0.93% scan_table_inputs=0.06% space_amplification=0.00% table_count=0.00% table_probes=0.09% write_amplification=0.00%
TinyLSM/CompactionMixedSizeTiered/iterations:1/repeats:5/manual_time_mean   1082795208 ns    230176674 ns            5 background_compactions=33 bytes_per_second=4.72515Mi/s compaction_debt_bytes=0 compaction_debt_tables=0 compaction_input_bytes=36.2926M compaction_output_bytes=31.9976M compactions=33 flush_output_bytes=5.59676M foreground_reads=200 foreground_scans=200 foreground_writes=19.6k get_p50_us=204.499 get_p95_us=484.789 get_p99_us=630.439 items_per_second=18.5875k/s live_sstable_bytes=1.30172M logical_live_bytes=1.10187M logical_write_bytes=5.28M operations=20k ops_per_second=18.5875k/s point_lookups=200 put_p50_us=2.527 put_p95_us=5.2534 put_p99_us=28.3516 read_amplification=2.137 scan_p50_us=618.576 scan_p95_us=1.11839k scan_p99_us=1.42847k scan_table_inputs=669.6 space_amplification=1.18137 table_count=3 table_probes=427.4 write_amplification=7.12015
TinyLSM/CompactionMixedSizeTiered/iterations:1/repeats:5/manual_time_median 1038089857 ns    232230293 ns            5 background_compactions=33 bytes_per_second=4.89768Mi/s compaction_debt_bytes=0 compaction_debt_tables=0 compaction_input_bytes=36.2926M compaction_output_bytes=31.9976M compactions=33 flush_output_bytes=5.59676M foreground_reads=200 foreground_scans=200 foreground_writes=19.6k get_p50_us=205.092 get_p95_us=507.769 get_p99_us=611.114 items_per_second=19.2662k/s live_sstable_bytes=1.30172M logical_live_bytes=1.10187M logical_write_bytes=5.28M operations=20k ops_per_second=19.2662k/s point_lookups=200 put_p50_us=2.511 put_p95_us=5.23 put_p99_us=33.308 read_amplification=2.14 scan_p50_us=617.542 scan_p95_us=1.15007k scan_p99_us=1.36239k scan_table_inputs=677 space_amplification=1.18137 table_count=3 table_probes=428 write_amplification=7.12015
TinyLSM/CompactionMixedSizeTiered/iterations:1/repeats:5/manual_time_stddev  101777711 ns      5424298 ns            5 background_compactions=274.89n bytes_per_second=404.253Ki/s compaction_debt_bytes=0 compaction_debt_tables=0 compaction_input_bytes=0.302318 compaction_output_bytes=0.26654 compactions=274.89n flush_output_bytes=0.046621 foreground_reads=1.666u foreground_scans=1.666u foreground_writes=163.268u get_p50_us=2.00003 get_p95_us=60.7253 get_p99_us=86.3393 items_per_second=1.55295k/s live_sstable_bytes=0.0108434 logical_live_bytes=9.1786m logical_write_bytes=0.0439824 operations=166.6u ops_per_second=1.55295k/s point_lookups=1.666u put_p50_us=0.042679 put_p95_us=0.0663875 put_p99_us=10.336 read_amplification=0.0669515 scan_p50_us=2.48118 scan_p95_us=103.116 scan_p99_us=180.535 scan_table_inputs=19.2302 space_amplification=6.42893n table_count=24.99n table_probes=13.3903 write_amplification=59.3108n
TinyLSM/CompactionMixedSizeTiered/iterations:1/repeats:5/manual_time_cv           9.40 %          2.36 %             5 background_compactions=0.00% bytes_per_second=8.35% compaction_debt_bytes=0.00% compaction_debt_tables=0.00% compaction_input_bytes=0.00% compaction_output_bytes=0.00% compactions=0.00% flush_output_bytes=0.00% foreground_reads=0.00% foreground_scans=0.00% foreground_writes=0.00% get_p50_us=0.98% get_p95_us=12.53% get_p99_us=13.70% items_per_second=8.35% live_sstable_bytes=0.00% logical_live_bytes=0.00% logical_write_bytes=0.00% operations=0.00% ops_per_second=8.35% point_lookups=0.00% put_p50_us=1.69% put_p95_us=1.26% put_p99_us=36.46% read_amplification=3.13% scan_p50_us=0.40% scan_p95_us=9.22% scan_p99_us=12.64% scan_table_inputs=2.87% space_amplification=0.00% table_count=0.00% table_probes=3.13% write_amplification=0.00%
	Command being timed: "./run benchmark -- --benchmark_filter=^TinyLSM/CompactionMixed(Manual|SizeTiered)/ --benchmark_out=/home/tina.guest/tinylsm-goal3-results/run1/compaction-goal3.json --benchmark_out_format=json --benchmark_report_aggregates_only=true --benchmark_display_aggregates_only=true --benchmark_enable_random_interleaving=true"
	User time (seconds): 627.96
	System time (seconds): 38.73
	Percent of CPU this job got: 316%
	Elapsed (wall clock) time (h:mm:ss or m:ss): 3:30.90
	Average shared text size (kbytes): 0
	Average unshared data size (kbytes): 0
	Average stack size (kbytes): 0
	Average total size (kbytes): 0
	Maximum resident set size (kbytes): 800664
	Average resident set size (kbytes): 0
	Major (requiring I/O) page faults: 1
	Minor (reclaiming a frame) page faults: 35710194
	Voluntary context switches: 113456
	Involuntary context switches: 138179
	Swaps: 0
	File system inputs: 24192
	File system outputs: 1626664
	Socket messages sent: 0
	Socket messages received: 0
	Signals delivered: 0
	Page size (bytes): 4096
	Exit status: 0
