+ cmake --preset benchmark
Preset CMake variables:

  BUILD_TESTING:BOOL="FALSE"
  CMAKE_BUILD_TYPE="Release"
  CMAKE_EXPORT_COMPILE_COMMANDS:BOOL="TRUE"
  TINYLSM_BENCHMARK_LEVELDB:BOOL="TRUE"
  TINYLSM_BUILD_BENCHMARKS:BOOL="TRUE"
  TINYLSM_BUILD_TOOLS:BOOL="FALSE"

-- The CXX compiler identification is GNU 13.3.0
-- Detecting CXX compiler ABI info
-- Detecting CXX compiler ABI info - done
-- Check for working CXX compiler: /usr/bin/c++ - skipped
-- Detecting CXX compile features
-- Detecting CXX compile features - done
-- The C compiler identification is GNU 13.3.0
-- Detecting C compiler ABI info
-- Detecting C compiler ABI info - done
-- Check for working C compiler: /usr/bin/cc - skipped
-- Detecting C compile features
-- Detecting C compile features - done
-- 
-- 29.3.0
-- Performing Test protobuf_HAVE_LD_VERSION_SCRIPT
-- Performing Test protobuf_HAVE_LD_VERSION_SCRIPT - Success
-- Performing Test CMAKE_HAVE_LIBC_PTHREAD
-- Performing Test CMAKE_HAVE_LIBC_PTHREAD - Success
-- Found Threads: TRUE  
-- Found ZLIB: /usr/lib/aarch64-linux-gnu/libz.so (found version "1.3")  
-- Performing Test protobuf_HAVE_BUILTIN_ATOMICS
-- Performing Test protobuf_HAVE_BUILTIN_ATOMICS - Success
-- Performing Test ABSL_INTERNAL_AT_LEAST_CXX17
-- Performing Test ABSL_INTERNAL_AT_LEAST_CXX17 - Success
-- Performing Test ABSL_INTERNAL_AT_LEAST_CXX20
-- Performing Test ABSL_INTERNAL_AT_LEAST_CXX20 - Success
-- Found Git: /usr/bin/git (found version "2.43.0") 
-- Google Benchmark version: v1.9.5, normalized to 1.9.5
-- Looking for shm_open in rt
-- Looking for shm_open in rt - found
-- Performing Test HAVE_CXX_FLAG_WALL
-- Performing Test HAVE_CXX_FLAG_WALL - Success
-- Performing Test HAVE_CXX_FLAG_WEXTRA
-- Performing Test HAVE_CXX_FLAG_WEXTRA - Success
-- Performing Test HAVE_CXX_FLAG_WSHADOW
-- Performing Test HAVE_CXX_FLAG_WSHADOW - Success
-- Performing Test HAVE_CXX_FLAG_WFLOAT_EQUAL
-- Performing Test HAVE_CXX_FLAG_WFLOAT_EQUAL - Success
-- Performing Test HAVE_CXX_FLAG_WOLD_STYLE_CAST
-- Performing Test HAVE_CXX_FLAG_WOLD_STYLE_CAST - Success
-- Performing Test HAVE_CXX_FLAG_WCONVERSION
-- Performing Test HAVE_CXX_FLAG_WCONVERSION - Success
-- Performing Test HAVE_CXX_FLAG_WFORMAT_2
-- Performing Test HAVE_CXX_FLAG_WFORMAT_2 - Success
-- Performing Test HAVE_CXX_FLAG_WERROR
-- Performing Test HAVE_CXX_FLAG_WERROR - Success
-- Performing Test HAVE_CXX_FLAG_WSUGGEST_OVERRIDE
-- Performing Test HAVE_CXX_FLAG_WSUGGEST_OVERRIDE - Success
-- Performing Test HAVE_CXX_FLAG_PEDANTIC
-- Performing Test HAVE_CXX_FLAG_PEDANTIC - Success
-- Performing Test HAVE_CXX_FLAG_PEDANTIC_ERRORS
-- Performing Test HAVE_CXX_FLAG_PEDANTIC_ERRORS - Success
-- Performing Test HAVE_CXX_FLAG_WSHORTEN_64_TO_32
-- Performing Test HAVE_CXX_FLAG_WSHORTEN_64_TO_32 - Failed
-- Performing Test HAVE_CXX_FLAG_FSTRICT_ALIASING
-- Performing Test HAVE_CXX_FLAG_FSTRICT_ALIASING - Success
-- Performing Test HAVE_CXX_FLAG_WNO_DEPRECATED_DECLARATIONS
-- Performing Test HAVE_CXX_FLAG_WNO_DEPRECATED_DECLARATIONS - Success
-- Performing Test HAVE_CXX_FLAG_WNO_DEPRECATED
-- Performing Test HAVE_CXX_FLAG_WNO_DEPRECATED - Success
-- Performing Test HAVE_CXX_FLAG_WSTRICT_ALIASING
-- Performing Test HAVE_CXX_FLAG_WSTRICT_ALIASING - Success
-- Performing Test HAVE_CXX_FLAG_WTHREAD_SAFETY
-- Performing Test HAVE_CXX_FLAG_WTHREAD_SAFETY - Failed
-- Performing Test HAVE_CXX_FLAG_COVERAGE
-- Performing Test HAVE_CXX_FLAG_COVERAGE - Success
-- Performing Test STD_REGEX -- success
-- Performing Test STEADY_CLOCK -- success
-- Performing Test PTHREAD_AFFINITY -- success
-- Looking for unistd.h
-- Looking for unistd.h - found
-- Looking for crc32c_value in crc32c
-- Looking for crc32c_value in crc32c - not found
-- Looking for snappy_compress in snappy
-- Looking for snappy_compress in snappy - not found
-- Looking for malloc in tcmalloc
-- Looking for malloc in tcmalloc - not found
-- Looking for fdatasync
-- Looking for fdatasync - found
-- Looking for F_FULLFSYNC
-- Looking for F_FULLFSYNC - not found
-- Looking for O_CLOEXEC
-- Looking for O_CLOEXEC - found
-- Performing Test HAVE_CLANG_THREAD_SAFETY
-- Performing Test HAVE_CLANG_THREAD_SAFETY - Failed
-- Performing Test LEVELDB_HAVE_NO_MISSING_FIELD_INITIALIZERS
-- Performing Test LEVELDB_HAVE_NO_MISSING_FIELD_INITIALIZERS - Success
-- Performing Test HAVE_CXX17_HAS_INCLUDE
-- Performing Test HAVE_CXX17_HAS_INCLUDE - Success
-- Configuring done (36.9s)
-- Generating done (0.1s)
-- Build files have been written to: /home/tina.guest/tinylsm-writefix-source/tinylsm/build/benchmark
+ cmake --build --preset benchmark
[1/665] Building CXX object _deps/protobuf-build/CMakeFiles/libprotobuf-lite.dir/src/google/protobuf/arenaz_sampler.cc.o
[2/665] Building CXX object _deps/protobuf-build/CMakeFiles/libprotobuf-lite.dir/src/google/protobuf/arena_align.cc.o
[3/665] Building CXX object _deps/protobuf-build/CMakeFiles/libprotobuf-lite.dir/src/google/protobuf/any_lite.cc.o
In file included from /home/tina.guest/tinylsm-writefix-source/tinylsm/build/benchmark/_deps/protobuf-src/src/google/protobuf/any.h:14,
                 from /home/tina.guest/tinylsm-writefix-source/tinylsm/build/benchmark/_deps/protobuf-src/src/google/protobuf/any_lite.cc:15:
/home/tina.guest/tinylsm-writefix-source/tinylsm/build/benchmark/_deps/protobuf-src/src/google/protobuf/port.h: In function ‘void google::protobuf::internal::AssertDownCast(From*)’:
/home/tina.guest/tinylsm-writefix-source/tinylsm/build/benchmark/_deps/protobuf-src/src/google/protobuf/port.h:181:5: warning: testing if a concept-id is a valid expression; add ‘requires’ to check satisfaction [-Wmissing-requires]
  181 |     std::derived_from<std::remove_pointer_t<To>,
      |     ^
      |     requires 
[4/665] Building CXX object _deps/protobuf-build/CMakeFiles/libprotobuf-lite.dir/src/google/protobuf/arena.cc.o
In file included from /home/tina.guest/tinylsm-writefix-source/tinylsm/build/benchmark/_deps/protobuf-src/src/google/protobuf/arena.h:38,
                 from /home/tina.guest/tinylsm-writefix-source/tinylsm/build/benchmark/_deps/protobuf-src/src/google/protobuf/arena.cc:8:
/home/tina.guest/tinylsm-writefix-source/tinylsm/build/benchmark/_deps/protobuf-src/src/google/protobuf/port.h: In function ‘void google::protobuf::internal::AssertDownCast(From*)’:
/home/tina.guest/tinylsm-writefix-source/tinylsm/build/benchmark/_deps/protobuf-src/src/google/protobuf/port.h:181:5: warning: testing if a concept-id is a valid expression; add ‘requires’ to check satisfaction [-Wmissing-requires]
  181 |     std::derived_from<std::remove_pointer_t<To>,
      |     ^
      |     requires 
[5/665] Building CXX object _deps/protobuf-build/CMakeFiles/libprotobuf-lite.dir/src/google/protobuf/generated_enum_util.cc.o
In file included from /home/tina.guest/tinylsm-writefix-source/tinylsm/build/benchmark/_deps/protobuf-src/src/google/protobuf/arena.h:38,
                 from /home/tina.guest/tinylsm-writefix-source/tinylsm/build/benchmark/_deps/protobuf-src/src/google/protobuf/message_lite.h:34,
                 from /home/tina.guest/tinylsm-writefix-source/tinylsm/build/benchmark/_deps/protobuf-src/src/google/protobuf/generated_enum_util.h:20,
                 from /home/tina.guest/tinylsm-writefix-source/tinylsm/build/benchmark/_deps/protobuf-src/src/google/protobuf/generated_enum_util.cc:8:
/home/tina.guest/tinylsm-writefix-source/tinylsm/build/benchmark/_deps/protobuf-src/src/google/protobuf/port.h: In function ‘void google::protobuf::internal::AssertDownCast(From*)’:
/home/tina.guest/tinylsm-writefix-source/tinylsm/build/benchmark/_deps/protobuf-src/src/google/protobuf/port.h:181:5: warning: testing if a concept-id is a valid expression; add ‘requires’ to check satisfaction [-Wmissing-requires]
  181 |     std::derived_from<std::remove_pointer_t<To>,
      |     ^
      |     requires 
[6/665] Building CXX object _deps/protobuf-build/CMakeFiles/libprotobuf-lite.dir/src/google/protobuf/arenastring.cc.o
In file included from /home/tina.guest/tinylsm-writefix-source/tinylsm/build/benchmark/_deps/protobuf-src/src/google/protobuf/arena.h:38,
                 from /home/tina.guest/tinylsm-writefix-source/tinylsm/build/benchmark/_deps/protobuf-src/src/google/protobuf/arenastring.h:19,
                 from /home/tina.guest/tinylsm-writefix-source/tinylsm/build/benchmark/_deps/protobuf-src/src/google/protobuf/arenastring.cc:8:
/home/tina.guest/tinylsm-writefix-source/tinylsm/build/benchmark/_deps/protobuf-src/src/google/protobuf/port.h: In function ‘void google::protobuf::internal::AssertDownCast(From*)’:
/home/tina.guest/tinylsm-writefix-source/tinylsm/build/benchmark/_deps/protobuf-src/src/google/protobuf/port.h:181:5: warning: testing if a concept-id is a valid expression; add ‘requires’ to check satisfaction [-Wmissing-requires]
  181 |     std::derived_from<std::remove_pointer_t<To>,
      |     ^
      |     requires 
[7/665] Building CXX object _deps/protobuf-build/CMakeFiles/libprotobuf-lite.dir/src/google/protobuf/generated_message_util.cc.o
In file included from /home/tina.guest/tinylsm-writefix-source/tinylsm/build/benchmark/_deps/protobuf-src/src/google/protobuf/any.h:14,
                 from /home/tina.guest/tinylsm-writefix-source/tinylsm/build/benchmark/_deps/protobuf-src/src/google/protobuf/generated_message_util.h:36,
                 from /home/tina.guest/tinylsm-writefix-source/tinylsm/build/benchmark/_deps/protobuf-src/src/google/protobuf/generated_message_util.cc:12:
/home/tina.guest/tinylsm-writefix-source/tinylsm/build/benchmark/_deps/protobuf-src/src/google/protobuf/port.h: In function ‘void google::protobuf::internal::AssertDownCast(From*)’:
/home/tina.guest/tinylsm-writefix-source/tinylsm/build/benchmark/_deps/protobuf-src/src/google/protobuf/port.h:181:5: warning: testing if a concept-id is a valid expression; add ‘requires’ to check satisfaction [-Wmissing-requires]
  181 |     std::derived_from<std::remove_pointer_t<To>,
      |     ^
      |     requires 
[8/665] Building CXX object _deps/protobuf-build/CMakeFiles/libprotobuf-lite.dir/src/google/protobuf/io/io_win32.cc.o
[9/665] Building CXX object _deps/protobuf-build/CMakeFiles/libprotobuf-lite.dir/src/google/protobuf/inlined_string_field.cc.o
In file included from /home/tina.guest/tinylsm-writefix-source/tinylsm/build/benchmark/_deps/protobuf-src/src/google/protobuf/arena.h:38,
                 from /home/tina.guest/tinylsm-writefix-source/tinylsm/build/benchmark/_deps/protobuf-src/src/google/protobuf/arenastring.h:19,
                 from /home/tina.guest/tinylsm-writefix-source/tinylsm/build/benchmark/_deps/protobuf-src/src/google/protobuf/inlined_string_field.h:16,
                 from /home/tina.guest/tinylsm-writefix-source/tinylsm/build/benchmark/_deps/protobuf-src/src/google/protobuf/inlined_string_field.cc:8:
/home/tina.guest/tinylsm-writefix-source/tinylsm/build/benchmark/_deps/protobuf-src/src/google/protobuf/port.h: In function ‘void google::protobuf::internal::AssertDownCast(From*)’:
/home/tina.guest/tinylsm-writefix-source/tinylsm/build/benchmark/_deps/protobuf-src/src/google/protobuf/port.h:181:5: warning: testing if a concept-id is a valid expression; add ‘requires’ to check satisfaction [-Wmissing-requires]
  181 |     std::derived_from<std::remove_pointer_t<To>,
      |     ^
      |     requires 
[10/665] Building CXX object _deps/protobuf-build/CMakeFiles/libprotobuf-lite.dir/src/google/protobuf/implicit_weak_message.cc.o
In file included from /home/tina.guest/tinylsm-writefix-source/tinylsm/build/benchmark/_deps/protobuf-src/src/google/protobuf/arena.h:38,
                 from /home/tina.guest/tinylsm-writefix-source/tinylsm/build/benchmark/_deps/protobuf-src/src/google/protobuf/implicit_weak_message.h:14,
                 from /home/tina.guest/tinylsm-writefix-source/tinylsm/build/benchmark/_deps/protobuf-src/src/google/protobuf/implicit_weak_message.cc:8:
/home/tina.guest/tinylsm-writefix-source/tinylsm/build/benchmark/_deps/protobuf-src/src/google/protobuf/port.h: In function ‘void google::protobuf::internal::AssertDownCast(From*)’:
/home/tina.guest/tinylsm-writefix-source/tinylsm/build/benchmark/_deps/protobuf-src/src/google/protobuf/port.h:181:5: warning: testing if a concept-id is a valid expression; add ‘requires’ to check satisfaction [-Wmissing-requires]
  181 |     std::derived_from<std::remove_pointer_t<To>,
      |     ^
      |     requires 
[11/665] Building CXX object _deps/protobuf-build/CMakeFiles/libprotobuf-lite.dir/src/google/protobuf/io/coded_stream.cc.o
In file included from /home/tina.guest/tinylsm-writefix-source/tinylsm/build/benchmark/_deps/protobuf-src/src/google/protobuf/arena.h:38,
                 from /home/tina.guest/tinylsm-writefix-source/tinylsm/build/benchmark/_deps/protobuf-src/src/google/protobuf/io/coded_stream.cc:37:
/home/tina.guest/tinylsm-writefix-source/tinylsm/build/benchmark/_deps/protobuf-src/src/google/protobuf/port.h: In function ‘void google::protobuf::internal::AssertDownCast(From*)’:
/home/tina.guest/tinylsm-writefix-source/tinylsm/build/benchmark/_deps/protobuf-src/src/google/protobuf/port.h:181:5: warning: testing if a concept-id is a valid expression; add ‘requires’ to check satisfaction [-Wmissing-requires]
  181 |     std::derived_from<std::remove_pointer_t<To>,
      |     ^
      |     requires 
[12/665] Building CXX object _deps/protobuf-build/CMakeFiles/libprotobuf-lite.dir/src/google/protobuf/io/zero_copy_stream.cc.o
In file included from /home/tina.guest/tinylsm-writefix-source/tinylsm/build/benchmark/_deps/protobuf-src/src/google/protobuf/io/zero_copy_stream.h:89,
                 from /home/tina.guest/tinylsm-writefix-source/tinylsm/build/benchmark/_deps/protobuf-src/src/google/protobuf/io/zero_copy_stream.cc:12:
/home/tina.guest/tinylsm-writefix-source/tinylsm/build/benchmark/_deps/protobuf-src/src/google/protobuf/port.h: In function ‘void google::protobuf::internal::AssertDownCast(From*)’:
/home/tina.guest/tinylsm-writefix-source/tinylsm/build/benchmark/_deps/protobuf-src/src/google/protobuf/port.h:181:5: warning: testing if a concept-id is a valid expression; add ‘requires’ to check satisfaction [-Wmissing-requires]
  181 |     std::derived_from<std::remove_pointer_t<To>,
      |     ^
      |     requires 
[13/665] Building CXX object _deps/protobuf-build/CMakeFiles/libprotobuf-lite.dir/src/google/protobuf/io/zero_copy_stream_impl.cc.o
In file included from /home/tina.guest/tinylsm-writefix-source/tinylsm/build/benchmark/_deps/protobuf-src/src/google/protobuf/io/zero_copy_stream.h:89,
                 from /home/tina.guest/tinylsm-writefix-source/tinylsm/build/benchmark/_deps/protobuf-src/src/google/protobuf/io/zero_copy_stream_impl.h:24,
                 from /home/tina.guest/tinylsm-writefix-source/tinylsm/build/benchmark/_deps/protobuf-src/src/google/protobuf/io/zero_copy_stream_impl.cc:28:
/home/tina.guest/tinylsm-writefix-source/tinylsm/build/benchmark/_deps/protobuf-src/src/google/protobuf/port.h: In function ‘void google::protobuf::internal::AssertDownCast(From*)’:
/home/tina.guest/tinylsm-writefix-source/tinylsm/build/benchmark/_deps/protobuf-src/src/google/protobuf/port.h:181:5: warning: testing if a concept-id is a valid expression; add ‘requires’ to check satisfaction [-Wmissing-requires]
  181 |     std::derived_from<std::remove_pointer_t<To>,
      |     ^
      |     requires 
[14/665] Building CXX object _deps/protobuf-build/CMakeFiles/libprotobuf-lite.dir/src/google/protobuf/extension_set.cc.o
In file included from /home/tina.guest/tinylsm-writefix-source/tinylsm/build/benchmark/_deps/protobuf-src/src/google/protobuf/extension_set.h:36,
                 from /home/tina.guest/tinylsm-writefix-source/tinylsm/build/benchmark/_deps/protobuf-src/src/google/protobuf/extension_set.cc:12:
/home/tina.guest/tinylsm-writefix-source/tinylsm/build/benchmark/_deps/protobuf-src/src/google/protobuf/port.h: In function ‘void google::protobuf::internal::AssertDownCast(From*)’:
/home/tina.guest/tinylsm-writefix-source/tinylsm/build/benchmark/_deps/protobuf-src/src/google/protobuf/port.h:181:5: warning: testing if a concept-id is a valid expression; add ‘requires’ to check satisfaction [-Wmissing-requires]
  181 |     std::derived_from<std::remove_pointer_t<To>,
      |     ^
      |     requires 
[15/665] Building CXX object _deps/protobuf-build/CMakeFiles/libprotobuf-lite.dir/src/google/protobuf/io/zero_copy_stream_impl_lite.cc.o
In file included from /home/tina.guest/tinylsm-writefix-source/tinylsm/build/benchmark/_deps/protobuf-src/src/google/protobuf/io/zero_copy_stream.h:89,
                 from /home/tina.guest/tinylsm-writefix-source/tinylsm/build/benchmark/_deps/protobuf-src/src/google/protobuf/io/zero_copy_stream_impl_lite.h:35,
                 from /home/tina.guest/tinylsm-writefix-source/tinylsm/build/benchmark/_deps/protobuf-src/src/google/protobuf/io/zero_copy_stream_impl_lite.cc:12:
/home/tina.guest/tinylsm-writefix-source/tinylsm/build/benchmark/_deps/protobuf-src/src/google/protobuf/port.h: In function ‘void google::protobuf::internal::AssertDownCast(From*)’:
/home/tina.guest/tinylsm-writefix-source/tinylsm/build/benchmark/_deps/protobuf-src/src/google/protobuf/port.h:181:5: warning: testing if a concept-id is a valid expression; add ‘requires’ to check satisfaction [-Wmissing-requires]
  181 |     std::derived_from<std::remove_pointer_t<To>,
      |     ^
      |     requires 
[16/665] Building CXX object _deps/protobuf-build/CMakeFiles/libprotobuf-lite.dir/src/google/protobuf/map.cc.o
In file included from /home/tina.guest/tinylsm-writefix-source/tinylsm/build/benchmark/_deps/protobuf-src/src/google/protobuf/arena.h:38,
                 from /home/tina.guest/tinylsm-writefix-source/tinylsm/build/benchmark/_deps/protobuf-src/src/google/protobuf/map.h:39,
                 from /home/tina.guest/tinylsm-writefix-source/tinylsm/build/benchmark/_deps/protobuf-src/src/google/protobuf/map.cc:8:
/home/tina.guest/tinylsm-writefix-source/tinylsm/build/benchmark/_deps/protobuf-src/src/google/protobuf/port.h: In function ‘void google::protobuf::internal::AssertDownCast(From*)’:
/home/tina.guest/tinylsm-writefix-source/tinylsm/build/benchmark/_deps/protobuf-src/src/google/protobuf/port.h:181:5: warning: testing if a concept-id is a valid expression; add ‘requires’ to check satisfaction [-Wmissing-requires]
  181 |     std::derived_from<std::remove_pointer_t<To>,
      |     ^
      |     requires 
/home/tina.guest/tinylsm-writefix-source/tinylsm/build/benchmark/_deps/protobuf-src/src/google/protobuf/map.cc: In lambda function:
/home/tina.guest/tinylsm-writefix-source/tinylsm/build/benchmark/_deps/protobuf-src/src/google/protobuf/map.cc:119:23: warning: implicit capture of ‘this’ via ‘[=]’ is deprecated in C++20 [-Wdeprecated]
  119 |     const auto loop = [=](auto destroy_node) {
      |                       ^
/home/tina.guest/tinylsm-writefix-source/tinylsm/build/benchmark/_deps/protobuf-src/src/google/protobuf/map.cc:119:23: note: add explicit ‘this’ or ‘*this’ capture
[17/665] Building CXX object _deps/protobuf-build/CMakeFiles/libprotobuf-lite.dir/src/google/protobuf/raw_ptr.cc.o
[18/665] Building CXX object _deps/protobuf-build/CMakeFiles/libprotobuf-lite.dir/src/google/protobuf/port.cc.o
In file included from /home/tina.guest/tinylsm-writefix-source/tinylsm/build/benchmark/_deps/protobuf-src/src/google/protobuf/port.cc:8:
/home/tina.guest/tinylsm-writefix-source/tinylsm/build/benchmark/_deps/protobuf-src/src/google/protobuf/port.h: In function ‘void google::protobuf::internal::AssertDownCast(From*)’:
/home/tina.guest/tinylsm-writefix-source/tinylsm/build/benchmark/_deps/protobuf-src/src/google/protobuf/port.h:181:5: warning: testing if a concept-id is a valid expression; add ‘requires’ to check satisfaction [-Wmissing-requires]
  181 |     std::derived_from<std::remove_pointer_t<To>,
      |     ^
      |     requires 
[19/665] Building CXX object _deps/protobuf-build/CMakeFiles/libprotobuf-lite.dir/src/google/protobuf/message_lite.cc.o
In file included from /home/tina.guest/tinylsm-writefix-source/tinylsm/build/benchmark/_deps/protobuf-src/src/google/protobuf/arena.h:38,
                 from /home/tina.guest/tinylsm-writefix-source/tinylsm/build/benchmark/_deps/protobuf-src/src/google/protobuf/message_lite.h:34,
                 from /home/tina.guest/tinylsm-writefix-source/tinylsm/build/benchmark/_deps/protobuf-src/src/google/protobuf/message_lite.cc:13:
/home/tina.guest/tinylsm-writefix-source/tinylsm/build/benchmark/_deps/protobuf-src/src/google/protobuf/port.h: In function ‘void google::protobuf::internal::AssertDownCast(From*)’:
/home/tina.guest/tinylsm-writefix-source/tinylsm/build/benchmark/_deps/protobuf-src/src/google/protobuf/port.h:181:5: warning: testing if a concept-id is a valid expression; add ‘requires’ to check satisfaction [-Wmissing-requires]
  181 |     std::derived_from<std::remove_pointer_t<To>,
      |     ^
      |     requires 
[20/665] Building CXX object _deps/protobuf-build/CMakeFiles/libprotobuf-lite.dir/src/google/protobuf/repeated_field.cc.o
In file included from /home/tina.guest/tinylsm-writefix-source/tinylsm/build/benchmark/_deps/protobuf-src/src/google/protobuf/arena.h:38,
                 from /home/tina.guest/tinylsm-writefix-source/tinylsm/build/benchmark/_deps/protobuf-src/src/google/protobuf/repeated_field.h:40,
                 from /home/tina.guest/tinylsm-writefix-source/tinylsm/build/benchmark/_deps/protobuf-src/src/google/protobuf/repeated_field.cc:12:
/home/tina.guest/tinylsm-writefix-source/tinylsm/build/benchmark/_deps/protobuf-src/src/google/protobuf/port.h: In function ‘void google::protobuf::internal::AssertDownCast(From*)’:
/home/tina.guest/tinylsm-writefix-source/tinylsm/build/benchmark/_deps/protobuf-src/src/google/protobuf/port.h:181:5: warning: testing if a concept-id is a valid expression; add ‘requires’ to check satisfaction [-Wmissing-requires]
  181 |     std::derived_from<std::remove_pointer_t<To>,
      |     ^
      |     requires 
[21/665] Building CXX object _deps/protobuf-build/CMakeFiles/libprotobuf-lite.dir/src/google/protobuf/parse_context.cc.o
In file included from /home/tina.guest/tinylsm-writefix-source/tinylsm/build/benchmark/_deps/protobuf-src/src/google/protobuf/arena.h:38,
                 from /home/tina.guest/tinylsm-writefix-source/tinylsm/build/benchmark/_deps/protobuf-src/src/google/protobuf/parse_context.h:24,
                 from /home/tina.guest/tinylsm-writefix-source/tinylsm/build/benchmark/_deps/protobuf-src/src/google/protobuf/parse_context.cc:8:
/home/tina.guest/tinylsm-writefix-source/tinylsm/build/benchmark/_deps/protobuf-src/src/google/protobuf/port.h: In function ‘void google::protobuf::internal::AssertDownCast(From*)’:
/home/tina.guest/tinylsm-writefix-source/tinylsm/build/benchmark/_deps/protobuf-src/src/google/protobuf/port.h:181:5: warning: testing if a concept-id is a valid expression; add ‘requires’ to check satisfaction [-Wmissing-requires]
  181 |     std::derived_from<std::remove_pointer_t<To>,
      |     ^
      |     requires 
[22/665] Building CXX object _deps/protobuf-build/CMakeFiles/libprotobuf-lite.dir/src/google/protobuf/generated_message_tctable_lite.cc.o
In file included from /home/tina.guest/tinylsm-writefix-source/tinylsm/build/benchmark/_deps/protobuf-src/src/google/protobuf/arena.h:38,
                 from /home/tina.guest/tinylsm-writefix-source/tinylsm/build/benchmark/_deps/protobuf-src/src/google/protobuf/arenastring.h:19,
                 from /home/tina.guest/tinylsm-writefix-source/tinylsm/build/benchmark/_deps/protobuf-src/src/google/protobuf/generated_message_tctable_lite.cc:24:
/home/tina.guest/tinylsm-writefix-source/tinylsm/build/benchmark/_deps/protobuf-src/src/google/protobuf/port.h: In function ‘void google::protobuf::internal::AssertDownCast(From*)’:
/home/tina.guest/tinylsm-writefix-source/tinylsm/build/benchmark/_deps/protobuf-src/src/google/protobuf/port.h:181:5: warning: testing if a concept-id is a valid expression; add ‘requires’ to check satisfaction [-Wmissing-requires]
  181 |     std::derived_from<std::remove_pointer_t<To>,
      |     ^
      |     requires 
[23/665] Building CXX object _deps/protobuf-build/CMakeFiles/libprotobuf-lite.dir/src/google/protobuf/repeated_ptr_field.cc.o
In file included from /home/tina.guest/tinylsm-writefix-source/tinylsm/build/benchmark/_deps/protobuf-src/src/google/protobuf/arena.h:38,
                 from /home/tina.guest/tinylsm-writefix-source/tinylsm/build/benchmark/_deps/protobuf-src/src/google/protobuf/repeated_ptr_field.h:38,
                 from /home/tina.guest/tinylsm-writefix-source/tinylsm/build/benchmark/_deps/protobuf-src/src/google/protobuf/repeated_ptr_field.cc:12:
/home/tina.guest/tinylsm-writefix-source/tinylsm/build/benchmark/_deps/protobuf-src/src/google/protobuf/port.h: In function ‘void google::protobuf::internal::AssertDownCast(From*)’:
/home/tina.guest/tinylsm-writefix-source/tinylsm/build/benchmark/_deps/protobuf-src/src/google/protobuf/port.h:181:5: warning: testing if a concept-id is a valid expression; add ‘requires’ to check satisfaction [-Wmissing-requires]
  181 |     std::derived_from<std::remove_pointer_t<To>,
      |     ^
      |     requires 
[24/665] Building CXX object _deps/protobuf-build/CMakeFiles/libprotobuf-lite.dir/src/google/protobuf/stubs/common.cc.o
[25/665] Building CXX object _deps/protobuf-build/CMakeFiles/libprotobuf-lite.dir/src/google/protobuf/wire_format_lite.cc.o
In file included from /home/tina.guest/tinylsm-writefix-source/tinylsm/build/benchmark/_deps/protobuf-src/src/google/protobuf/arena.h:38,
                 from /home/tina.guest/tinylsm-writefix-source/tinylsm/build/benchmark/_deps/protobuf-src/src/google/protobuf/arenastring.h:19,
                 from /home/tina.guest/tinylsm-writefix-source/tinylsm/build/benchmark/_deps/protobuf-src/src/google/protobuf/wire_format_lite.h:30,
                 from /home/tina.guest/tinylsm-writefix-source/tinylsm/build/benchmark/_deps/protobuf-src/src/google/protobuf/wire_format_lite.cc:12:
/home/tina.guest/tinylsm-writefix-source/tinylsm/build/benchmark/_deps/protobuf-src/src/google/protobuf/port.h: In function ‘void google::protobuf::internal::AssertDownCast(From*)’:
/home/tina.guest/tinylsm-writefix-source/tinylsm/build/benchmark/_deps/protobuf-src/src/google/protobuf/port.h:181:5: warning: testing if a concept-id is a valid expression; add ‘requires’ to check satisfaction [-Wmissing-requires]
  181 |     std::derived_from<std::remove_pointer_t<To>,
      |     ^
      |     requires 
[26/665] Building CXX object _deps/protobuf-build/CMakeFiles/libprotobuf.dir/src/google/protobuf/empty.pb.cc.o
In file included from /home/tina.guest/tinylsm-writefix-source/tinylsm/build/benchmark/_deps/protobuf-src/src/google/protobuf/arena.h:38,
                 from /home/tina.guest/tinylsm-writefix-source/tinylsm/build/benchmark/_deps/protobuf-src/src/google/protobuf/empty.pb.h:21,
                 from /home/tina.guest/tinylsm-writefix-source/tinylsm/build/benchmark/_deps/protobuf-src/src/google/protobuf/empty.pb.cc:6:
/home/tina.guest/tinylsm-writefix-source/tinylsm/build/benchmark/_deps/protobuf-src/src/google/protobuf/port.h: In function ‘void google::protobuf::internal::AssertDownCast(From*)’:
/home/tina.guest/tinylsm-writefix-source/tinylsm/build/benchmark/_deps/protobuf-src/src/google/protobuf/port.h:181:5: warning: testing if a concept-id is a valid expression; add ‘requires’ to check satisfaction [-Wmissing-requires]
  181 |     std::derived_from<std::remove_pointer_t<To>,
      |     ^
      |     requires 
[27/665] Building CXX object _deps/protobuf-build/CMakeFiles/libprotobuf.dir/src/google/protobuf/field_mask.pb.cc.o
In file included from /home/tina.guest/tinylsm-writefix-source/tinylsm/build/benchmark/_deps/protobuf-src/src/google/protobuf/arena.h:38,
                 from /home/tina.guest/tinylsm-writefix-source/tinylsm/build/benchmark/_deps/protobuf-src/src/google/protobuf/field_mask.pb.h:21,
                 from /home/tina.guest/tinylsm-writefix-source/tinylsm/build/benchmark/_deps/protobuf-src/src/google/protobuf/field_mask.pb.cc:6:
/home/tina.guest/tinylsm-writefix-source/tinylsm/build/benchmark/_deps/protobuf-src/src/google/protobuf/port.h: In function ‘void google::protobuf::internal::AssertDownCast(From*)’:
/home/tina.guest/tinylsm-writefix-source/tinylsm/build/benchmark/_deps/protobuf-src/src/google/protobuf/port.h:181:5: warning: testing if a concept-id is a valid expression; add ‘requires’ to check satisfaction [-Wmissing-requires]
  181 |     std::derived_from<std::remove_pointer_t<To>,
      |     ^
      |     requires 
[28/665] Building CXX object _deps/protobuf-build/CMakeFiles/libprotobuf.dir/src/google/protobuf/any.pb.cc.o
In file included from /home/tina.guest/tinylsm-writefix-source/tinylsm/build/benchmark/_deps/protobuf-src/src/google/protobuf/arena.h:38,
                 from /home/tina.guest/tinylsm-writefix-source/tinylsm/build/benchmark/_deps/protobuf-src/src/google/protobuf/any.pb.h:21,
                 from /home/tina.guest/tinylsm-writefix-source/tinylsm/build/benchmark/_deps/protobuf-src/src/google/protobuf/any.pb.cc:6:
/home/tina.guest/tinylsm-writefix-source/tinylsm/build/benchmark/_deps/protobuf-src/src/google/protobuf/port.h: In function ‘void google::protobuf::internal::AssertDownCast(From*)’:
/home/tina.guest/tinylsm-writefix-source/tinylsm/build/benchmark/_deps/protobuf-src/src/google/protobuf/port.h:181:5: warning: testing if a concept-id is a valid expression; add ‘requires’ to check satisfaction [-Wmissing-requires]
  181 |     std::derived_from<std::remove_pointer_t<To>,
      |     ^
      |     requires 
[29/665] Building CXX object _deps/protobuf-build/CMakeFiles/libprotobuf.dir/src/google/protobuf/duration.pb.cc.o
In file included from /home/tina.guest/tinylsm-writefix-source/tinylsm/build/benchmark/_deps/protobuf-src/src/google/protobuf/arena.h:38,
                 from /home/tina.guest/tinylsm-writefix-source/tinylsm/build/benchmark/_deps/protobuf-src/src/google/protobuf/duration.pb.h:21,
                 from /home/tina.guest/tinylsm-writefix-source/tinylsm/build/benchmark/_deps/protobuf-src/src/google/protobuf/duration.pb.cc:6:
/home/tina.guest/tinylsm-writefix-source/tinylsm/build/benchmark/_deps/protobuf-src/src/google/protobuf/port.h: In function ‘void google::protobuf::internal::AssertDownCast(From*)’:
/home/tina.guest/tinylsm-writefix-source/tinylsm/build/benchmark/_deps/protobuf-src/src/google/protobuf/port.h:181:5: warning: testing if a concept-id is a valid expression; add ‘requires’ to check satisfaction [-Wmissing-requires]
  181 |     std::derived_from<std::remove_pointer_t<To>,
      |     ^
      |     requires 
[30/665] Building CXX object _deps/protobuf-build/CMakeFiles/libprotobuf.dir/src/google/protobuf/api.pb.cc.o
In file included from /home/tina.guest/tinylsm-writefix-source/tinylsm/build/benchmark/_deps/protobuf-src/src/google/protobuf/arena.h:38,
                 from /home/tina.guest/tinylsm-writefix-source/tinylsm/build/benchmark/_deps/protobuf-src/src/google/protobuf/api.pb.h:21,
                 from /home/tina.guest/tinylsm-writefix-source/tinylsm/build/benchmark/_deps/protobuf-src/src/google/protobuf/api.pb.cc:6:
/home/tina.guest/tinylsm-writefix-source/tinylsm/build/benchmark/_deps/protobuf-src/src/google/protobuf/port.h: In function ‘void google::protobuf::internal::AssertDownCast(From*)’:
/home/tina.guest/tinylsm-writefix-source/tinylsm/build/benchmark/_deps/protobuf-src/src/google/protobuf/port.h:181:5: warning: testing if a concept-id is a valid expression; add ‘requires’ to check satisfaction [-Wmissing-requires]
  181 |     std::derived_from<std::remove_pointer_t<To>,
      |     ^
      |     requires 
[31/665] Building CXX object _deps/protobuf-build/CMakeFiles/libprotobuf.dir/src/google/protobuf/source_context.pb.cc.o
In file included from /home/tina.guest/tinylsm-writefix-source/tinylsm/build/benchmark/_deps/protobuf-src/src/google/protobuf/arena.h:38,
                 from /home/tina.guest/tinylsm-writefix-source/tinylsm/build/benchmark/_deps/protobuf-src/src/google/protobuf/source_context.pb.h:21,
                 from /home/tina.guest/tinylsm-writefix-source/tinylsm/build/benchmark/_deps/protobuf-src/src/google/protobuf/source_context.pb.cc:6:
/home/tina.guest/tinylsm-writefix-source/tinylsm/build/benchmark/_deps/protobuf-src/src/google/protobuf/port.h: In function ‘void google::protobuf::internal::AssertDownCast(From*)’:
/home/tina.guest/tinylsm-writefix-source/tinylsm/build/benchmark/_deps/protobuf-src/src/google/protobuf/port.h:181:5: warning: testing if a concept-id is a valid expression; add ‘requires’ to check satisfaction [-Wmissing-requires]
  181 |     std::derived_from<std::remove_pointer_t<To>,
      |     ^
      |     requires 
[32/665] Building CXX object _deps/protobuf-build/CMakeFiles/libprotobuf.dir/src/google/protobuf/timestamp.pb.cc.o
In file included from /home/tina.guest/tinylsm-writefix-source/tinylsm/build/benchmark/_deps/protobuf-src/src/google/protobuf/arena.h:38,
                 from /home/tina.guest/tinylsm-writefix-source/tinylsm/build/benchmark/_deps/protobuf-src/src/google/protobuf/timestamp.pb.h:21,
                 from /home/tina.guest/tinylsm-writefix-source/tinylsm/build/benchmark/_deps/protobuf-src/src/google/protobuf/timestamp.pb.cc:6:
/home/tina.guest/tinylsm-writefix-source/tinylsm/build/benchmark/_deps/protobuf-src/src/google/protobuf/port.h: In function ‘void google::protobuf::internal::AssertDownCast(From*)’:
/home/tina.guest/tinylsm-writefix-source/tinylsm/build/benchmark/_deps/protobuf-src/src/google/protobuf/port.h:181:5: warning: testing if a concept-id is a valid expression; add ‘requires’ to check satisfaction [-Wmissing-requires]
  181 |     std::derived_from<std::remove_pointer_t<To>,
      |     ^
      |     requires 
[33/665] Building CXX object _deps/protobuf-build/CMakeFiles/libprotobuf.dir/src/google/protobuf/type.pb.cc.o
In file included from /home/tina.guest/tinylsm-writefix-source/tinylsm/build/benchmark/_deps/protobuf-src/src/google/protobuf/arena.h:38,
                 from /home/tina.guest/tinylsm-writefix-source/tinylsm/build/benchmark/_deps/protobuf-src/src/google/protobuf/type.pb.h:21,
                 from /home/tina.guest/tinylsm-writefix-source/tinylsm/build/benchmark/_deps/protobuf-src/src/google/protobuf/type.pb.cc:6:
/home/tina.guest/tinylsm-writefix-source/tinylsm/build/benchmark/_deps/protobuf-src/src/google/protobuf/port.h: In function ‘void google::protobuf::internal::AssertDownCast(From*)’:
/home/tina.guest/tinylsm-writefix-source/tinylsm/build/benchmark/_deps/protobuf-src/src/google/protobuf/port.h:181:5: warning: testing if a concept-id is a valid expression; add ‘requires’ to check satisfaction [-Wmissing-requires]
  181 |     std::derived_from<std::remove_pointer_t<To>,
      |     ^
      |     requires 
[34/665] Building CXX object _deps/protobuf-build/CMakeFiles/libprotobuf.dir/src/google/protobuf/any.cc.o
In file included from /home/tina.guest/tinylsm-writefix-source/tinylsm/build/benchmark/_deps/protobuf-src/src/google/protobuf/any.h:14,
                 from /home/tina.guest/tinylsm-writefix-source/tinylsm/build/benchmark/_deps/protobuf-src/src/google/protobuf/any.cc:8:
/home/tina.guest/tinylsm-writefix-source/tinylsm/build/benchmark/_deps/protobuf-src/src/google/protobuf/port.h: In function ‘void google::protobuf::internal::AssertDownCast(From*)’:
/home/tina.guest/tinylsm-writefix-source/tinylsm/build/benchmark/_deps/protobuf-src/src/google/protobuf/port.h:181:5: warning: testing if a concept-id is a valid expression; add ‘requires’ to check satisfaction [-Wmissing-requires]
  181 |     std::derived_from<std::remove_pointer_t<To>,
      |     ^
      |     requires 
[35/665] Building CXX object _deps/protobuf-build/CMakeFiles/libprotobuf.dir/src/google/protobuf/struct.pb.cc.o
In file included from /home/tina.guest/tinylsm-writefix-source/tinylsm/build/benchmark/_deps/protobuf-src/src/google/protobuf/arena.h:38,
                 from /home/tina.guest/tinylsm-writefix-source/tinylsm/build/benchmark/_deps/protobuf-src/src/google/protobuf/struct.pb.h:21,
                 from /home/tina.guest/tinylsm-writefix-source/tinylsm/build/benchmark/_deps/protobuf-src/src/google/protobuf/struct.pb.cc:6:
/home/tina.guest/tinylsm-writefix-source/tinylsm/build/benchmark/_deps/protobuf-src/src/google/protobuf/port.h: In function ‘void google::protobuf::internal::AssertDownCast(From*)’:
/home/tina.guest/tinylsm-writefix-source/tinylsm/build/benchmark/_deps/protobuf-src/src/google/protobuf/port.h:181:5: warning: testing if a concept-id is a valid expression; add ‘requires’ to check satisfaction [-Wmissing-requires]
  181 |     std::derived_from<std::remove_pointer_t<To>,
      |     ^
      |     requires 
[36/665] Building CXX object _deps/protobuf-build/CMakeFiles/libprotobuf.dir/src/google/protobuf/arenaz_sampler.cc.o
[37/665] Building CXX object _deps/protobuf-build/CMakeFiles/libprotobuf.dir/src/google/protobuf/wrappers.pb.cc.o
In file included from /home/tina.guest/tinylsm-writefix-source/tinylsm/build/benchmark/_deps/protobuf-src/src/google/protobuf/arena.h:38,
                 from /home/tina.guest/tinylsm-writefix-source/tinylsm/build/benchmark/_deps/protobuf-src/src/google/protobuf/wrappers.pb.h:21,
                 from /home/tina.guest/tinylsm-writefix-source/tinylsm/build/benchmark/_deps/protobuf-src/src/google/protobuf/wrappers.pb.cc:6:
/home/tina.guest/tinylsm-writefix-source/tinylsm/build/benchmark/_deps/protobuf-src/src/google/protobuf/port.h: In function ‘void google::protobuf::internal::AssertDownCast(From*)’:
/home/tina.guest/tinylsm-writefix-source/tinylsm/build/benchmark/_deps/protobuf-src/src/google/protobuf/port.h:181:5: warning: testing if a concept-id is a valid expression; add ‘requires’ to check satisfaction [-Wmissing-requires]
  181 |     std::derived_from<std::remove_pointer_t<To>,
      |     ^
      |     requires 
[38/665] Building CXX object _deps/protobuf-build/CMakeFiles/libprotobuf.dir/src/google/protobuf/any_lite.cc.o
In file included from /home/tina.guest/tinylsm-writefix-source/tinylsm/build/benchmark/_deps/protobuf-src/src/google/protobuf/any.h:14,
                 from /home/tina.guest/tinylsm-writefix-source/tinylsm/build/benchmark/_deps/protobuf-src/src/google/protobuf/any_lite.cc:15:
/home/tina.guest/tinylsm-writefix-source/tinylsm/build/benchmark/_deps/protobuf-src/src/google/protobuf/port.h: In function ‘void google::protobuf::internal::AssertDownCast(From*)’:
/home/tina.guest/tinylsm-writefix-source/tinylsm/build/benchmark/_deps/protobuf-src/src/google/protobuf/port.h:181:5: warning: testing if a concept-id is a valid expression; add ‘requires’ to check satisfaction [-Wmissing-requires]
  181 |     std::derived_from<std::remove_pointer_t<To>,
      |     ^
      |     requires 
[39/665] Building CXX object _deps/protobuf-build/CMakeFiles/libprotobuf.dir/src/google/protobuf/arena_align.cc.o
[40/665] Building CXX object _deps/protobuf-build/CMakeFiles/libprotobuf.dir/src/google/protobuf/arena.cc.o
In file included from /home/tina.guest/tinylsm-writefix-source/tinylsm/build/benchmark/_deps/protobuf-src/src/google/protobuf/arena.h:38,
                 from /home/tina.guest/tinylsm-writefix-source/tinylsm/build/benchmark/_deps/protobuf-src/src/google/protobuf/arena.cc:8:
/home/tina.guest/tinylsm-writefix-source/tinylsm/build/benchmark/_deps/protobuf-src/src/google/protobuf/port.h: In function ‘void google::protobuf::internal::AssertDownCast(From*)’:
/home/tina.guest/tinylsm-writefix-source/tinylsm/build/benchmark/_deps/protobuf-src/src/google/protobuf/port.h:181:5: warning: testing if a concept-id is a valid expression; add ‘requires’ to check satisfaction [-Wmissing-requires]
  181 |     std::derived_from<std::remove_pointer_t<To>,
      |     ^
      |     requires 
[41/665] Building CXX object _deps/protobuf-build/CMakeFiles/libprotobuf.dir/src/google/protobuf/arenastring.cc.o
In file included from /home/tina.guest/tinylsm-writefix-source/tinylsm/build/benchmark/_deps/protobuf-src/src/google/protobuf/arena.h:38,
                 from /home/tina.guest/tinylsm-writefix-source/tinylsm/build/benchmark/_deps/protobuf-src/src/google/protobuf/arenastring.h:19,
                 from /home/tina.guest/tinylsm-writefix-source/tinylsm/build/benchmark/_deps/protobuf-src/src/google/protobuf/arenastring.cc:8:
/home/tina.guest/tinylsm-writefix-source/tinylsm/build/benchmark/_deps/protobuf-src/src/google/protobuf/port.h: In function ‘void google::protobuf::internal::AssertDownCast(From*)’:
/home/tina.guest/tinylsm-writefix-source/tinylsm/build/benchmark/_deps/protobuf-src/src/google/protobuf/port.h:181:5: warning: testing if a concept-id is a valid expression; add ‘requires’ to check satisfaction [-Wmissing-requires]
  181 |     std::derived_from<std::remove_pointer_t<To>,
      |     ^
      |     requires 
[42/665] Building CXX object _deps/protobuf-build/CMakeFiles/libprotobuf.dir/src/google/protobuf/cpp_features.pb.cc.o
In file included from /home/tina.guest/tinylsm-writefix-source/tinylsm/build/benchmark/_deps/protobuf-src/src/google/protobuf/arena.h:38,
                 from /home/tina.guest/tinylsm-writefix-source/tinylsm/build/benchmark/_deps/protobuf-src/src/google/protobuf/cpp_features.pb.h:21,
                 from /home/tina.guest/tinylsm-writefix-source/tinylsm/build/benchmark/_deps/protobuf-src/src/google/protobuf/cpp_features.pb.cc:6:
/home/tina.guest/tinylsm-writefix-source/tinylsm/build/benchmark/_deps/protobuf-src/src/google/protobuf/port.h: In function ‘void google::protobuf::internal::AssertDownCast(From*)’:
/home/tina.guest/tinylsm-writefix-source/tinylsm/build/benchmark/_deps/protobuf-src/src/google/protobuf/port.h:181:5: warning: testing if a concept-id is a valid expression; add ‘requires’ to check satisfaction [-Wmissing-requires]
  181 |     std::derived_from<std::remove_pointer_t<To>,
      |     ^
      |     requires 
[43/665] Building CXX object _deps/protobuf-build/CMakeFiles/libprotobuf.dir/src/google/protobuf/compiler/importer.cc.o
In file included from /home/tina.guest/tinylsm-writefix-source/tinylsm/build/benchmark/_deps/protobuf-src/src/google/protobuf/extension_set.h:36,
                 from /home/tina.guest/tinylsm-writefix-source/tinylsm/build/benchmark/_deps/protobuf-src/src/google/protobuf/descriptor.h:56,
                 from /home/tina.guest/tinylsm-writefix-source/tinylsm/build/benchmark/_deps/protobuf-src/src/google/protobuf/compiler/parser.h:24,
                 from /home/tina.guest/tinylsm-writefix-source/tinylsm/build/benchmark/_deps/protobuf-src/src/google/protobuf/compiler/importer.h:22,
                 from /home/tina.guest/tinylsm-writefix-source/tinylsm/build/benchmark/_deps/protobuf-src/src/google/protobuf/compiler/importer.cc:12:
/home/tina.guest/tinylsm-writefix-source/tinylsm/build/benchmark/_deps/protobuf-src/src/google/protobuf/port.h: In function ‘void google::protobuf::internal::AssertDownCast(From*)’:
/home/tina.guest/tinylsm-writefix-source/tinylsm/build/benchmark/_deps/protobuf-src/src/google/protobuf/port.h:181:5: warning: testing if a concept-id is a valid expression; add ‘requires’ to check satisfaction [-Wmissing-requires]
  181 |     std::derived_from<std::remove_pointer_t<To>,
      |     ^
      |     requires 
[44/665] Building CXX object _deps/protobuf-build/CMakeFiles/libprotobuf.dir/src/google/protobuf/dynamic_message.cc.o
In file included from /home/tina.guest/tinylsm-writefix-source/tinylsm/build/benchmark/_deps/protobuf-src/src/google/protobuf/extension_set.h:36,
                 from /home/tina.guest/tinylsm-writefix-source/tinylsm/build/benchmark/_deps/protobuf-src/src/google/protobuf/descriptor.h:56,
                 from /home/tina.guest/tinylsm-writefix-source/tinylsm/build/benchmark/_deps/protobuf-src/src/google/protobuf/dynamic_message.h:27,
                 from /home/tina.guest/tinylsm-writefix-source/tinylsm/build/benchmark/_deps/protobuf-src/src/google/protobuf/dynamic_message.cc:42:
/home/tina.guest/tinylsm-writefix-source/tinylsm/build/benchmark/_deps/protobuf-src/src/google/protobuf/port.h: In function ‘void google::protobuf::internal::AssertDownCast(From*)’:
/home/tina.guest/tinylsm-writefix-source/tinylsm/build/benchmark/_deps/protobuf-src/src/google/protobuf/port.h:181:5: warning: testing if a concept-id is a valid expression; add ‘requires’ to check satisfaction [-Wmissing-requires]
  181 |     std::derived_from<std::remove_pointer_t<To>,
      |     ^
      |     requires 
[45/665] Building CXX object _deps/protobuf-build/CMakeFiles/libprotobuf.dir/src/google/protobuf/compiler/parser.cc.o
In file included from /home/tina.guest/tinylsm-writefix-source/tinylsm/build/benchmark/_deps/protobuf-src/src/google/protobuf/extension_set.h:36,
                 from /home/tina.guest/tinylsm-writefix-source/tinylsm/build/benchmark/_deps/protobuf-src/src/google/protobuf/descriptor.h:56,
                 from /home/tina.guest/tinylsm-writefix-source/tinylsm/build/benchmark/_deps/protobuf-src/src/google/protobuf/compiler/parser.h:24,
                 from /home/tina.guest/tinylsm-writefix-source/tinylsm/build/benchmark/_deps/protobuf-src/src/google/protobuf/compiler/parser.cc:14:
/home/tina.guest/tinylsm-writefix-source/tinylsm/build/benchmark/_deps/protobuf-src/src/google/protobuf/port.h: In function ‘void google::protobuf::internal::AssertDownCast(From*)’:
/home/tina.guest/tinylsm-writefix-source/tinylsm/build/benchmark/_deps/protobuf-src/src/google/protobuf/port.h:181:5: warning: testing if a concept-id is a valid expression; add ‘requires’ to check satisfaction [-Wmissing-requires]
  181 |     std::derived_from<std::remove_pointer_t<To>,
      |     ^
      |     requires 
[46/665] Building CXX object _deps/protobuf-build/CMakeFiles/libprotobuf.dir/src/google/protobuf/descriptor.pb.cc.o
In file included from /home/tina.guest/tinylsm-writefix-source/tinylsm/build/benchmark/_deps/protobuf-src/src/google/protobuf/arena.h:38,
                 from /home/tina.guest/tinylsm-writefix-source/tinylsm/build/benchmark/_deps/protobuf-src/src/google/protobuf/descriptor.pb.h:21,
                 from /home/tina.guest/tinylsm-writefix-source/tinylsm/build/benchmark/_deps/protobuf-src/src/google/protobuf/descriptor.pb.cc:6:
/home/tina.guest/tinylsm-writefix-source/tinylsm/build/benchmark/_deps/protobuf-src/src/google/protobuf/port.h: In function ‘void google::protobuf::internal::AssertDownCast(From*)’:
/home/tina.guest/tinylsm-writefix-source/tinylsm/build/benchmark/_deps/protobuf-src/src/google/protobuf/port.h:181:5: warning: testing if a concept-id is a valid expression; add ‘requires’ to check satisfaction [-Wmissing-requires]
  181 |     std::derived_from<std::remove_pointer_t<To>,
      |     ^
      |     requires 
[47/665] Building CXX object _deps/protobuf-build/CMakeFiles/libprotobuf.dir/src/google/protobuf/descriptor_database.cc.o
In file included from /home/tina.guest/tinylsm-writefix-source/tinylsm/build/benchmark/_deps/protobuf-src/src/google/protobuf/extension_set.h:36,
                 from /home/tina.guest/tinylsm-writefix-source/tinylsm/build/benchmark/_deps/protobuf-src/src/google/protobuf/descriptor.h:56,
                 from /home/tina.guest/tinylsm-writefix-source/tinylsm/build/benchmark/_deps/protobuf-src/src/google/protobuf/descriptor_database.h:22,
                 from /home/tina.guest/tinylsm-writefix-source/tinylsm/build/benchmark/_deps/protobuf-src/src/google/protobuf/descriptor_database.cc:12:
/home/tina.guest/tinylsm-writefix-source/tinylsm/build/benchmark/_deps/protobuf-src/src/google/protobuf/port.h: In function ‘void google::protobuf::internal::AssertDownCast(From*)’:
/home/tina.guest/tinylsm-writefix-source/tinylsm/build/benchmark/_deps/protobuf-src/src/google/protobuf/port.h:181:5: warning: testing if a concept-id is a valid expression; add ‘requires’ to check satisfaction [-Wmissing-requires]
  181 |     std::derived_from<std::remove_pointer_t<To>,
      |     ^
      |     requires 
[48/665] Building CXX object _deps/protobuf-build/CMakeFiles/libprotobuf.dir/src/google/protobuf/extension_set_heavy.cc.o
In file included from /home/tina.guest/tinylsm-writefix-source/tinylsm/build/benchmark/_deps/protobuf-src/src/google/protobuf/arena.h:38,
                 from /home/tina.guest/tinylsm-writefix-source/tinylsm/build/benchmark/_deps/protobuf-src/src/google/protobuf/extension_set_heavy.cc:22:
/home/tina.guest/tinylsm-writefix-source/tinylsm/build/benchmark/_deps/protobuf-src/src/google/protobuf/port.h: In function ‘void google::protobuf::internal::AssertDownCast(From*)’:
/home/tina.guest/tinylsm-writefix-source/tinylsm/build/benchmark/_deps/protobuf-src/src/google/protobuf/port.h:181:5: warning: testing if a concept-id is a valid expression; add ‘requires’ to check satisfaction [-Wmissing-requires]
  181 |     std::derived_from<std::remove_pointer_t<To>,
      |     ^
      |     requires 
[49/665] Building CXX object _deps/protobuf-build/CMakeFiles/libprotobuf.dir/src/google/protobuf/generated_enum_util.cc.o
In file included from /home/tina.guest/tinylsm-writefix-source/tinylsm/build/benchmark/_deps/protobuf-src/src/google/protobuf/arena.h:38,
                 from /home/tina.guest/tinylsm-writefix-source/tinylsm/build/benchmark/_deps/protobuf-src/src/google/protobuf/message_lite.h:34,
                 from /home/tina.guest/tinylsm-writefix-source/tinylsm/build/benchmark/_deps/protobuf-src/src/google/protobuf/generated_enum_util.h:20,
                 from /home/tina.guest/tinylsm-writefix-source/tinylsm/build/benchmark/_deps/protobuf-src/src/google/protobuf/generated_enum_util.cc:8:
/home/tina.guest/tinylsm-writefix-source/tinylsm/build/benchmark/_deps/protobuf-src/src/google/protobuf/port.h: In function ‘void google::protobuf::internal::AssertDownCast(From*)’:
/home/tina.guest/tinylsm-writefix-source/tinylsm/build/benchmark/_deps/protobuf-src/src/google/protobuf/port.h:181:5: warning: testing if a concept-id is a valid expression; add ‘requires’ to check satisfaction [-Wmissing-requires]
  181 |     std::derived_from<std::remove_pointer_t<To>,
      |     ^
      |     requires 
[50/665] Building CXX object _deps/protobuf-build/CMakeFiles/libprotobuf.dir/src/google/protobuf/extension_set.cc.o
In file included from /home/tina.guest/tinylsm-writefix-source/tinylsm/build/benchmark/_deps/protobuf-src/src/google/protobuf/extension_set.h:36,
                 from /home/tina.guest/tinylsm-writefix-source/tinylsm/build/benchmark/_deps/protobuf-src/src/google/protobuf/extension_set.cc:12:
/home/tina.guest/tinylsm-writefix-source/tinylsm/build/benchmark/_deps/protobuf-src/src/google/protobuf/port.h: In function ‘void google::protobuf::internal::AssertDownCast(From*)’:
/home/tina.guest/tinylsm-writefix-source/tinylsm/build/benchmark/_deps/protobuf-src/src/google/protobuf/port.h:181:5: warning: testing if a concept-id is a valid expression; add ‘requires’ to check satisfaction [-Wmissing-requires]
  181 |     std::derived_from<std::remove_pointer_t<To>,
      |     ^
      |     requires 
[51/665] Building CXX object _deps/protobuf-build/CMakeFiles/libprotobuf.dir/src/google/protobuf/generated_message_bases.cc.o
In file included from /home/tina.guest/tinylsm-writefix-source/tinylsm/build/benchmark/_deps/protobuf-src/src/google/protobuf/arena.h:38,
                 from /home/tina.guest/tinylsm-writefix-source/tinylsm/build/benchmark/_deps/protobuf-src/src/google/protobuf/generated_message_bases.h:15,
                 from /home/tina.guest/tinylsm-writefix-source/tinylsm/build/benchmark/_deps/protobuf-src/src/google/protobuf/generated_message_bases.cc:8:
/home/tina.guest/tinylsm-writefix-source/tinylsm/build/benchmark/_deps/protobuf-src/src/google/protobuf/port.h: In function ‘void google::protobuf::internal::AssertDownCast(From*)’:
/home/tina.guest/tinylsm-writefix-source/tinylsm/build/benchmark/_deps/protobuf-src/src/google/protobuf/port.h:181:5: warning: testing if a concept-id is a valid expression; add ‘requires’ to check satisfaction [-Wmissing-requires]
  181 |     std::derived_from<std::remove_pointer_t<To>,
      |     ^
      |     requires 
[52/665] Building CXX object _deps/protobuf-build/CMakeFiles/libprotobuf.dir/src/google/protobuf/feature_resolver.cc.o
In file included from /home/tina.guest/tinylsm-writefix-source/tinylsm/build/benchmark/_deps/protobuf-src/src/google/protobuf/extension_set.h:36,
                 from /home/tina.guest/tinylsm-writefix-source/tinylsm/build/benchmark/_deps/protobuf-src/src/google/protobuf/descriptor.h:56,
                 from /home/tina.guest/tinylsm-writefix-source/tinylsm/build/benchmark/_deps/protobuf-src/src/google/protobuf/feature_resolver.h:21,
                 from /home/tina.guest/tinylsm-writefix-source/tinylsm/build/benchmark/_deps/protobuf-src/src/google/protobuf/feature_resolver.cc:8:
/home/tina.guest/tinylsm-writefix-source/tinylsm/build/benchmark/_deps/protobuf-src/src/google/protobuf/port.h: In function ‘void google::protobuf::internal::AssertDownCast(From*)’:
/home/tina.guest/tinylsm-writefix-source/tinylsm/build/benchmark/_deps/protobuf-src/src/google/protobuf/port.h:181:5: warning: testing if a concept-id is a valid expression; add ‘requires’ to check satisfaction [-Wmissing-requires]
  181 |     std::derived_from<std::remove_pointer_t<To>,
      |     ^
      |     requires 
[53/665] Building CXX object _deps/protobuf-build/CMakeFiles/libprotobuf.dir/src/google/protobuf/generated_message_tctable_full.cc.o
In file included from /home/tina.guest/tinylsm-writefix-source/tinylsm/build/benchmark/_deps/protobuf-src/src/google/protobuf/extension_set.h:36,
                 from /home/tina.guest/tinylsm-writefix-source/tinylsm/build/benchmark/_deps/protobuf-src/src/google/protobuf/generated_message_tctable_full.cc:33:
/home/tina.guest/tinylsm-writefix-source/tinylsm/build/benchmark/_deps/protobuf-src/src/google/protobuf/port.h: In function ‘void google::protobuf::internal::AssertDownCast(From*)’:
/home/tina.guest/tinylsm-writefix-source/tinylsm/build/benchmark/_deps/protobuf-src/src/google/protobuf/port.h:181:5: warning: testing if a concept-id is a valid expression; add ‘requires’ to check satisfaction [-Wmissing-requires]
  181 |     std::derived_from<std::remove_pointer_t<To>,
      |     ^
      |     requires 
[54/665] Building CXX object _deps/protobuf-build/CMakeFiles/libprotobuf.dir/src/google/protobuf/generated_message_util.cc.o
In file included from /home/tina.guest/tinylsm-writefix-source/tinylsm/build/benchmark/_deps/protobuf-src/src/google/protobuf/any.h:14,
                 from /home/tina.guest/tinylsm-writefix-source/tinylsm/build/benchmark/_deps/protobuf-src/src/google/protobuf/generated_message_util.h:36,
                 from /home/tina.guest/tinylsm-writefix-source/tinylsm/build/benchmark/_deps/protobuf-src/src/google/protobuf/generated_message_util.cc:12:
/home/tina.guest/tinylsm-writefix-source/tinylsm/build/benchmark/_deps/protobuf-src/src/google/protobuf/port.h: In function ‘void google::protobuf::internal::AssertDownCast(From*)’:
/home/tina.guest/tinylsm-writefix-source/tinylsm/build/benchmark/_deps/protobuf-src/src/google/protobuf/port.h:181:5: warning: testing if a concept-id is a valid expression; add ‘requires’ to check satisfaction [-Wmissing-requires]
  181 |     std::derived_from<std::remove_pointer_t<To>,
      |     ^
      |     requires 
[55/665] Building CXX object _deps/protobuf-build/CMakeFiles/libprotobuf.dir/src/google/protobuf/implicit_weak_message.cc.o
In file included from /home/tina.guest/tinylsm-writefix-source/tinylsm/build/benchmark/_deps/protobuf-src/src/google/protobuf/arena.h:38,
                 from /home/tina.guest/tinylsm-writefix-source/tinylsm/build/benchmark/_deps/protobuf-src/src/google/protobuf/implicit_weak_message.h:14,
                 from /home/tina.guest/tinylsm-writefix-source/tinylsm/build/benchmark/_deps/protobuf-src/src/google/protobuf/implicit_weak_message.cc:8:
/home/tina.guest/tinylsm-writefix-source/tinylsm/build/benchmark/_deps/protobuf-src/src/google/protobuf/port.h: In function ‘void google::protobuf::internal::AssertDownCast(From*)’:
/home/tina.guest/tinylsm-writefix-source/tinylsm/build/benchmark/_deps/protobuf-src/src/google/protobuf/port.h:181:5: warning: testing if a concept-id is a valid expression; add ‘requires’ to check satisfaction [-Wmissing-requires]
  181 |     std::derived_from<std::remove_pointer_t<To>,
      |     ^
      |     requires 
[56/665] Building CXX object _deps/protobuf-build/CMakeFiles/libprotobuf.dir/src/google/protobuf/generated_message_tctable_gen.cc.o
In file included from /home/tina.guest/tinylsm-writefix-source/tinylsm/build/benchmark/_deps/protobuf-src/src/google/protobuf/extension_set.h:36,
                 from /home/tina.guest/tinylsm-writefix-source/tinylsm/build/benchmark/_deps/protobuf-src/src/google/protobuf/descriptor.h:56,
                 from /home/tina.guest/tinylsm-writefix-source/tinylsm/build/benchmark/_deps/protobuf-src/src/google/protobuf/generated_message_tctable_gen.h:19,
                 from /home/tina.guest/tinylsm-writefix-source/tinylsm/build/benchmark/_deps/protobuf-src/src/google/protobuf/generated_message_tctable_gen.cc:8:
/home/tina.guest/tinylsm-writefix-source/tinylsm/build/benchmark/_deps/protobuf-src/src/google/protobuf/port.h: In function ‘void google::protobuf::internal::AssertDownCast(From*)’:
/home/tina.guest/tinylsm-writefix-source/tinylsm/build/benchmark/_deps/protobuf-src/src/google/protobuf/port.h:181:5: warning: testing if a concept-id is a valid expression; add ‘requires’ to check satisfaction [-Wmissing-requires]
  181 |     std::derived_from<std::remove_pointer_t<To>,
      |     ^
      |     requires 
[57/665] Building CXX object _deps/protobuf-build/CMakeFiles/libprotobuf.dir/src/google/protobuf/inlined_string_field.cc.o
In file included from /home/tina.guest/tinylsm-writefix-source/tinylsm/build/benchmark/_deps/protobuf-src/src/google/protobuf/arena.h:38,
                 from /home/tina.guest/tinylsm-writefix-source/tinylsm/build/benchmark/_deps/protobuf-src/src/google/protobuf/arenastring.h:19,
                 from /home/tina.guest/tinylsm-writefix-source/tinylsm/build/benchmark/_deps/protobuf-src/src/google/protobuf/inlined_string_field.h:16,
                 from /home/tina.guest/tinylsm-writefix-source/tinylsm/build/benchmark/_deps/protobuf-src/src/google/protobuf/inlined_string_field.cc:8:
/home/tina.guest/tinylsm-writefix-source/tinylsm/build/benchmark/_deps/protobuf-src/src/google/protobuf/port.h: In function ‘void google::protobuf::internal::AssertDownCast(From*)’:
/home/tina.guest/tinylsm-writefix-source/tinylsm/build/benchmark/_deps/protobuf-src/src/google/protobuf/port.h:181:5: warning: testing if a concept-id is a valid expression; add ‘requires’ to check satisfaction [-Wmissing-requires]
  181 |     std::derived_from<std::remove_pointer_t<To>,
      |     ^
      |     requires 
[58/665] Building CXX object _deps/protobuf-build/CMakeFiles/libprotobuf.dir/src/google/protobuf/io/io_win32.cc.o
[59/665] Building CXX object _deps/protobuf-build/CMakeFiles/libprotobuf.dir/src/google/protobuf/io/gzip_stream.cc.o
In file included from /home/tina.guest/tinylsm-writefix-source/tinylsm/build/benchmark/_deps/protobuf-src/src/google/protobuf/io/zero_copy_stream.h:89,
                 from /home/tina.guest/tinylsm-writefix-source/tinylsm/build/benchmark/_deps/protobuf-src/src/google/protobuf/io/gzip_stream.h:24,
                 from /home/tina.guest/tinylsm-writefix-source/tinylsm/build/benchmark/_deps/protobuf-src/src/google/protobuf/io/gzip_stream.cc:15:
/home/tina.guest/tinylsm-writefix-source/tinylsm/build/benchmark/_deps/protobuf-src/src/google/protobuf/port.h: In function ‘void google::protobuf::internal::AssertDownCast(From*)’:
/home/tina.guest/tinylsm-writefix-source/tinylsm/build/benchmark/_deps/protobuf-src/src/google/protobuf/port.h:181:5: warning: testing if a concept-id is a valid expression; add ‘requires’ to check satisfaction [-Wmissing-requires]
  181 |     std::derived_from<std::remove_pointer_t<To>,
      |     ^
      |     requires 
[60/665] Building CXX object _deps/protobuf-build/CMakeFiles/libprotobuf.dir/src/google/protobuf/generated_message_reflection.cc.o
In file included from /home/tina.guest/tinylsm-writefix-source/tinylsm/build/benchmark/_deps/protobuf-src/src/google/protobuf/extension_set.h:36,
                 from /home/tina.guest/tinylsm-writefix-source/tinylsm/build/benchmark/_deps/protobuf-src/src/google/protobuf/descriptor.h:56,
                 from /home/tina.guest/tinylsm-writefix-source/tinylsm/build/benchmark/_deps/protobuf-src/src/google/protobuf/generated_message_reflection.h:25,
                 from /home/tina.guest/tinylsm-writefix-source/tinylsm/build/benchmark/_deps/protobuf-src/src/google/protobuf/generated_message_reflection.cc:12:
/home/tina.guest/tinylsm-writefix-source/tinylsm/build/benchmark/_deps/protobuf-src/src/google/protobuf/port.h: In function ‘void google::protobuf::internal::AssertDownCast(From*)’:
/home/tina.guest/tinylsm-writefix-source/tinylsm/build/benchmark/_deps/protobuf-src/src/google/protobuf/port.h:181:5: warning: testing if a concept-id is a valid expression; add ‘requires’ to check satisfaction [-Wmissing-requires]
  181 |     std::derived_from<std::remove_pointer_t<To>,
      |     ^
      |     requires 
[61/665] Building CXX object _deps/protobuf-build/CMakeFiles/libprotobuf.dir/src/google/protobuf/io/coded_stream.cc.o
In file included from /home/tina.guest/tinylsm-writefix-source/tinylsm/build/benchmark/_deps/protobuf-src/src/google/protobuf/arena.h:38,
                 from /home/tina.guest/tinylsm-writefix-source/tinylsm/build/benchmark/_deps/protobuf-src/src/google/protobuf/io/coded_stream.cc:37:
/home/tina.guest/tinylsm-writefix-source/tinylsm/build/benchmark/_deps/protobuf-src/src/google/protobuf/port.h: In function ‘void google::protobuf::internal::AssertDownCast(From*)’:
/home/tina.guest/tinylsm-writefix-source/tinylsm/build/benchmark/_deps/protobuf-src/src/google/protobuf/port.h:181:5: warning: testing if a concept-id is a valid expression; add ‘requires’ to check satisfaction [-Wmissing-requires]
  181 |     std::derived_from<std::remove_pointer_t<To>,
      |     ^
      |     requires 
[62/665] Building CXX object _deps/protobuf-build/CMakeFiles/libprotobuf.dir/src/google/protobuf/io/strtod.cc.o
[63/665] Building CXX object _deps/protobuf-build/CMakeFiles/libprotobuf.dir/src/google/protobuf/descriptor.cc.o
In file included from /home/tina.guest/tinylsm-writefix-source/tinylsm/build/benchmark/_deps/protobuf-src/src/google/protobuf/extension_set.h:36,
                 from /home/tina.guest/tinylsm-writefix-source/tinylsm/build/benchmark/_deps/protobuf-src/src/google/protobuf/descriptor.h:56,
                 from /home/tina.guest/tinylsm-writefix-source/tinylsm/build/benchmark/_deps/protobuf-src/src/google/protobuf/descriptor.cc:12:
/home/tina.guest/tinylsm-writefix-source/tinylsm/build/benchmark/_deps/protobuf-src/src/google/protobuf/port.h: In function ‘void google::protobuf::internal::AssertDownCast(From*)’:
/home/tina.guest/tinylsm-writefix-source/tinylsm/build/benchmark/_deps/protobuf-src/src/google/protobuf/port.h:181:5: warning: testing if a concept-id is a valid expression; add ‘requires’ to check satisfaction [-Wmissing-requires]
  181 |     std::derived_from<std::remove_pointer_t<To>,
      |     ^
      |     requires 
[64/665] Building CXX object _deps/protobuf-build/CMakeFiles/libprotobuf.dir/src/google/protobuf/io/zero_copy_sink.cc.o
In file included from /home/tina.guest/tinylsm-writefix-source/tinylsm/build/benchmark/_deps/protobuf-src/src/google/protobuf/io/zero_copy_stream.h:89,
                 from /home/tina.guest/tinylsm-writefix-source/tinylsm/build/benchmark/_deps/protobuf-src/src/google/protobuf/io/zero_copy_sink.h:13,
                 from /home/tina.guest/tinylsm-writefix-source/tinylsm/build/benchmark/_deps/protobuf-src/src/google/protobuf/io/zero_copy_sink.cc:8:
/home/tina.guest/tinylsm-writefix-source/tinylsm/build/benchmark/_deps/protobuf-src/src/google/protobuf/port.h: In function ‘void google::protobuf::internal::AssertDownCast(From*)’:
/home/tina.guest/tinylsm-writefix-source/tinylsm/build/benchmark/_deps/protobuf-src/src/google/protobuf/port.h:181:5: warning: testing if a concept-id is a valid expression; add ‘requires’ to check satisfaction [-Wmissing-requires]
  181 |     std::derived_from<std::remove_pointer_t<To>,
      |     ^
      |     requires 
[65/665] Building CXX object _deps/protobuf-build/CMakeFiles/libprotobuf.dir/src/google/protobuf/io/zero_copy_stream_impl.cc.o
In file included from /home/tina.guest/tinylsm-writefix-source/tinylsm/build/benchmark/_deps/protobuf-src/src/google/protobuf/io/zero_copy_stream.h:89,
                 from /home/tina.guest/tinylsm-writefix-source/tinylsm/build/benchmark/_deps/protobuf-src/src/google/protobuf/io/zero_copy_stream_impl.h:24,
                 from /home/tina.guest/tinylsm-writefix-source/tinylsm/build/benchmark/_deps/protobuf-src/src/google/protobuf/io/zero_copy_stream_impl.cc:28:
/home/tina.guest/tinylsm-writefix-source/tinylsm/build/benchmark/_deps/protobuf-src/src/google/protobuf/port.h: In function ‘void google::protobuf::internal::AssertDownCast(From*)’:
/home/tina.guest/tinylsm-writefix-source/tinylsm/build/benchmark/_deps/protobuf-src/src/google/protobuf/port.h:181:5: warning: testing if a concept-id is a valid expression; add ‘requires’ to check satisfaction [-Wmissing-requires]
  181 |     std::derived_from<std::remove_pointer_t<To>,
      |     ^
      |     requires 
[66/665] Building CXX object _deps/protobuf-build/CMakeFiles/libprotobuf.dir/src/google/protobuf/generated_message_tctable_lite.cc.o
In file included from /home/tina.guest/tinylsm-writefix-source/tinylsm/build/benchmark/_deps/protobuf-src/src/google/protobuf/arena.h:38,
                 from /home/tina.guest/tinylsm-writefix-source/tinylsm/build/benchmark/_deps/protobuf-src/src/google/protobuf/arenastring.h:19,
                 from /home/tina.guest/tinylsm-writefix-source/tinylsm/build/benchmark/_deps/protobuf-src/src/google/protobuf/generated_message_tctable_lite.cc:24:
/home/tina.guest/tinylsm-writefix-source/tinylsm/build/benchmark/_deps/protobuf-src/src/google/protobuf/port.h: In function ‘void google::protobuf::internal::AssertDownCast(From*)’:
/home/tina.guest/tinylsm-writefix-source/tinylsm/build/benchmark/_deps/protobuf-src/src/google/protobuf/port.h:181:5: warning: testing if a concept-id is a valid expression; add ‘requires’ to check satisfaction [-Wmissing-requires]
  181 |     std::derived_from<std::remove_pointer_t<To>,
      |     ^
      |     requires 
[67/665] Building CXX object _deps/protobuf-build/CMakeFiles/libprotobuf.dir/src/google/protobuf/io/zero_copy_stream.cc.o
In file included from /home/tina.guest/tinylsm-writefix-source/tinylsm/build/benchmark/_deps/protobuf-src/src/google/protobuf/io/zero_copy_stream.h:89,
                 from /home/tina.guest/tinylsm-writefix-source/tinylsm/build/benchmark/_deps/protobuf-src/src/google/protobuf/io/zero_copy_stream.cc:12:
/home/tina.guest/tinylsm-writefix-source/tinylsm/build/benchmark/_deps/protobuf-src/src/google/protobuf/port.h: In function ‘void google::protobuf::internal::AssertDownCast(From*)’:
/home/tina.guest/tinylsm-writefix-source/tinylsm/build/benchmark/_deps/protobuf-src/src/google/protobuf/port.h:181:5: warning: testing if a concept-id is a valid expression; add ‘requires’ to check satisfaction [-Wmissing-requires]
  181 |     std::derived_from<std::remove_pointer_t<To>,
      |     ^
      |     requires 
[68/665] Building CXX object _deps/protobuf-build/CMakeFiles/libprotobuf.dir/src/google/protobuf/io/tokenizer.cc.o
In file included from /home/tina.guest/tinylsm-writefix-source/tinylsm/build/benchmark/_deps/protobuf-src/src/google/protobuf/io/tokenizer.h:23,
                 from /home/tina.guest/tinylsm-writefix-source/tinylsm/build/benchmark/_deps/protobuf-src/src/google/protobuf/io/tokenizer.cc:68:
/home/tina.guest/tinylsm-writefix-source/tinylsm/build/benchmark/_deps/protobuf-src/src/google/protobuf/port.h: In function ‘void google::protobuf::internal::AssertDownCast(From*)’:
/home/tina.guest/tinylsm-writefix-source/tinylsm/build/benchmark/_deps/protobuf-src/src/google/protobuf/port.h:181:5: warning: testing if a concept-id is a valid expression; add ‘requires’ to check satisfaction [-Wmissing-requires]
  181 |     std::derived_from<std::remove_pointer_t<To>,
      |     ^
      |     requires 
[69/665] Building CXX object _deps/protobuf-build/CMakeFiles/libprotobuf.dir/src/google/protobuf/io/printer.cc.o
In file included from /home/tina.guest/tinylsm-writefix-source/tinylsm/build/benchmark/_deps/protobuf-src/src/google/protobuf/io/zero_copy_stream.h:89,
                 from /home/tina.guest/tinylsm-writefix-source/tinylsm/build/benchmark/_deps/protobuf-src/src/google/protobuf/io/zero_copy_sink.h:13,
                 from /home/tina.guest/tinylsm-writefix-source/tinylsm/build/benchmark/_deps/protobuf-src/src/google/protobuf/io/printer.h:36,
                 from /home/tina.guest/tinylsm-writefix-source/tinylsm/build/benchmark/_deps/protobuf-src/src/google/protobuf/io/printer.cc:12:
/home/tina.guest/tinylsm-writefix-source/tinylsm/build/benchmark/_deps/protobuf-src/src/google/protobuf/port.h: In function ‘void google::protobuf::internal::AssertDownCast(From*)’:
/home/tina.guest/tinylsm-writefix-source/tinylsm/build/benchmark/_deps/protobuf-src/src/google/protobuf/port.h:181:5: warning: testing if a concept-id is a valid expression; add ‘requires’ to check satisfaction [-Wmissing-requires]
  181 |     std::derived_from<std::remove_pointer_t<To>,
      |     ^
      |     requires 
[70/665] Building CXX object _deps/protobuf-build/CMakeFiles/libprotobuf.dir/src/google/protobuf/io/zero_copy_stream_impl_lite.cc.o
In file included from /home/tina.guest/tinylsm-writefix-source/tinylsm/build/benchmark/_deps/protobuf-src/src/google/protobuf/io/zero_copy_stream.h:89,
                 from /home/tina.guest/tinylsm-writefix-source/tinylsm/build/benchmark/_deps/protobuf-src/src/google/protobuf/io/zero_copy_stream_impl_lite.h:35,
                 from /home/tina.guest/tinylsm-writefix-source/tinylsm/build/benchmark/_deps/protobuf-src/src/google/protobuf/io/zero_copy_stream_impl_lite.cc:12:
/home/tina.guest/tinylsm-writefix-source/tinylsm/build/benchmark/_deps/protobuf-src/src/google/protobuf/port.h: In function ‘void google::protobuf::internal::AssertDownCast(From*)’:
/home/tina.guest/tinylsm-writefix-source/tinylsm/build/benchmark/_deps/protobuf-src/src/google/protobuf/port.h:181:5: warning: testing if a concept-id is a valid expression; add ‘requires’ to check satisfaction [-Wmissing-requires]
  181 |     std::derived_from<std::remove_pointer_t<To>,
      |     ^
      |     requires 
[71/665] Building CXX object _deps/protobuf-build/CMakeFiles/libprotobuf.dir/src/google/protobuf/json/internal/message_path.cc.o
In file included from /home/tina.guest/tinylsm-writefix-source/tinylsm/build/benchmark/_deps/protobuf-src/src/google/protobuf/extension_set.h:36,
                 from /home/tina.guest/tinylsm-writefix-source/tinylsm/build/benchmark/_deps/protobuf-src/src/google/protobuf/descriptor.h:56,
                 from /home/tina.guest/tinylsm-writefix-source/tinylsm/build/benchmark/_deps/protobuf-src/src/google/protobuf/json/internal/message_path.h:16,
                 from /home/tina.guest/tinylsm-writefix-source/tinylsm/build/benchmark/_deps/protobuf-src/src/google/protobuf/json/internal/message_path.cc:8:
/home/tina.guest/tinylsm-writefix-source/tinylsm/build/benchmark/_deps/protobuf-src/src/google/protobuf/port.h: In function ‘void google::protobuf::internal::AssertDownCast(From*)’:
/home/tina.guest/tinylsm-writefix-source/tinylsm/build/benchmark/_deps/protobuf-src/src/google/protobuf/port.h:181:5: warning: testing if a concept-id is a valid expression; add ‘requires’ to check satisfaction [-Wmissing-requires]
  181 |     std::derived_from<std::remove_pointer_t<To>,
      |     ^
      |     requires 
[72/665] Building CXX object _deps/protobuf-build/CMakeFiles/libprotobuf.dir/src/google/protobuf/json/internal/writer.cc.o
In file included from /home/tina.guest/tinylsm-writefix-source/tinylsm/build/benchmark/_deps/protobuf-src/src/google/protobuf/io/zero_copy_stream.h:89,
                 from /home/tina.guest/tinylsm-writefix-source/tinylsm/build/benchmark/_deps/protobuf-src/src/google/protobuf/io/zero_copy_sink.h:13,
                 from /home/tina.guest/tinylsm-writefix-source/tinylsm/build/benchmark/_deps/protobuf-src/src/google/protobuf/json/internal/writer.h:25,
                 from /home/tina.guest/tinylsm-writefix-source/tinylsm/build/benchmark/_deps/protobuf-src/src/google/protobuf/json/internal/writer.cc:8:
/home/tina.guest/tinylsm-writefix-source/tinylsm/build/benchmark/_deps/protobuf-src/src/google/protobuf/port.h: In function ‘void google::protobuf::internal::AssertDownCast(From*)’:
/home/tina.guest/tinylsm-writefix-source/tinylsm/build/benchmark/_deps/protobuf-src/src/google/protobuf/port.h:181:5: warning: testing if a concept-id is a valid expression; add ‘requires’ to check satisfaction [-Wmissing-requires]
  181 |     std::derived_from<std::remove_pointer_t<To>,
      |     ^
      |     requires 
[73/665] Building CXX object _deps/protobuf-build/CMakeFiles/libprotobuf.dir/src/google/protobuf/json/internal/lexer.cc.o
In file included from /home/tina.guest/tinylsm-writefix-source/tinylsm/build/benchmark/_deps/protobuf-src/src/google/protobuf/extension_set.h:36,
                 from /home/tina.guest/tinylsm-writefix-source/tinylsm/build/benchmark/_deps/protobuf-src/src/google/protobuf/descriptor.h:56,
                 from /home/tina.guest/tinylsm-writefix-source/tinylsm/build/benchmark/_deps/protobuf-src/src/google/protobuf/json/internal/lexer.h:27,
                 from /home/tina.guest/tinylsm-writefix-source/tinylsm/build/benchmark/_deps/protobuf-src/src/google/protobuf/json/internal/lexer.cc:8:
/home/tina.guest/tinylsm-writefix-source/tinylsm/build/benchmark/_deps/protobuf-src/src/google/protobuf/port.h: In function ‘void google::protobuf::internal::AssertDownCast(From*)’:
/home/tina.guest/tinylsm-writefix-source/tinylsm/build/benchmark/_deps/protobuf-src/src/google/protobuf/port.h:181:5: warning: testing if a concept-id is a valid expression; add ‘requires’ to check satisfaction [-Wmissing-requires]
  181 |     std::derived_from<std::remove_pointer_t<To>,
      |     ^
      |     requires 
[74/665] Building CXX object _deps/protobuf-build/CMakeFiles/libprotobuf.dir/src/google/protobuf/json/internal/zero_copy_buffered_stream.cc.o
In file included from /home/tina.guest/tinylsm-writefix-source/tinylsm/build/benchmark/_deps/protobuf-src/src/google/protobuf/io/zero_copy_stream.h:89,
                 from /home/tina.guest/tinylsm-writefix-source/tinylsm/build/benchmark/_deps/protobuf-src/src/google/protobuf/json/internal/zero_copy_buffered_stream.h:24,
                 from /home/tina.guest/tinylsm-writefix-source/tinylsm/build/benchmark/_deps/protobuf-src/src/google/protobuf/json/internal/zero_copy_buffered_stream.cc:8:
/home/tina.guest/tinylsm-writefix-source/tinylsm/build/benchmark/_deps/protobuf-src/src/google/protobuf/port.h: In function ‘void google::protobuf::internal::AssertDownCast(From*)’:
/home/tina.guest/tinylsm-writefix-source/tinylsm/build/benchmark/_deps/protobuf-src/src/google/protobuf/port.h:181:5: warning: testing if a concept-id is a valid expression; add ‘requires’ to check satisfaction [-Wmissing-requires]
  181 |     std::derived_from<std::remove_pointer_t<To>,
      |     ^
      |     requires 
[75/665] Building CXX object _deps/protobuf-build/CMakeFiles/libprotobuf.dir/src/google/protobuf/json/json.cc.o
In file included from /home/tina.guest/tinylsm-writefix-source/tinylsm/build/benchmark/_deps/protobuf-src/src/google/protobuf/arena.h:38,
                 from /home/tina.guest/tinylsm-writefix-source/tinylsm/build/benchmark/_deps/protobuf-src/src/google/protobuf/message.h:105,
                 from /home/tina.guest/tinylsm-writefix-source/tinylsm/build/benchmark/_deps/protobuf-src/src/google/protobuf/json/json.h:17,
                 from /home/tina.guest/tinylsm-writefix-source/tinylsm/build/benchmark/_deps/protobuf-src/src/google/protobuf/json/json.cc:8:
/home/tina.guest/tinylsm-writefix-source/tinylsm/build/benchmark/_deps/protobuf-src/src/google/protobuf/port.h: In function ‘void google::protobuf::internal::AssertDownCast(From*)’:
/home/tina.guest/tinylsm-writefix-source/tinylsm/build/benchmark/_deps/protobuf-src/src/google/protobuf/port.h:181:5: warning: testing if a concept-id is a valid expression; add ‘requires’ to check satisfaction [-Wmissing-requires]
  181 |     std::derived_from<std::remove_pointer_t<To>,
      |     ^
      |     requires 
[76/665] Building CXX object _deps/protobuf-build/CMakeFiles/libprotobuf.dir/src/google/protobuf/map.cc.o
In file included from /home/tina.guest/tinylsm-writefix-source/tinylsm/build/benchmark/_deps/protobuf-src/src/google/protobuf/arena.h:38,
                 from /home/tina.guest/tinylsm-writefix-source/tinylsm/build/benchmark/_deps/protobuf-src/src/google/protobuf/map.h:39,
                 from /home/tina.guest/tinylsm-writefix-source/tinylsm/build/benchmark/_deps/protobuf-src/src/google/protobuf/map.cc:8:
/home/tina.guest/tinylsm-writefix-source/tinylsm/build/benchmark/_deps/protobuf-src/src/google/protobuf/port.h: In function ‘void google::protobuf::internal::AssertDownCast(From*)’:
/home/tina.guest/tinylsm-writefix-source/tinylsm/build/benchmark/_deps/protobuf-src/src/google/protobuf/port.h:181:5: warning: testing if a concept-id is a valid expression; add ‘requires’ to check satisfaction [-Wmissing-requires]
  181 |     std::derived_from<std::remove_pointer_t<To>,
      |     ^
      |     requires 
/home/tina.guest/tinylsm-writefix-source/tinylsm/build/benchmark/_deps/protobuf-src/src/google/protobuf/map.cc: In lambda function:
/home/tina.guest/tinylsm-writefix-source/tinylsm/build/benchmark/_deps/protobuf-src/src/google/protobuf/map.cc:119:23: warning: implicit capture of ‘this’ via ‘[=]’ is deprecated in C++20 [-Wdeprecated]
  119 |     const auto loop = [=](auto destroy_node) {
      |                       ^
/home/tina.guest/tinylsm-writefix-source/tinylsm/build/benchmark/_deps/protobuf-src/src/google/protobuf/map.cc:119:23: note: add explicit ‘this’ or ‘*this’ capture
[77/665] Building CXX object _deps/protobuf-build/CMakeFiles/libprotobuf.dir/src/google/protobuf/json/internal/untyped_message.cc.o
In file included from /home/tina.guest/tinylsm-writefix-source/tinylsm/build/benchmark/_deps/protobuf-src/src/google/protobuf/arena.h:38,
                 from /home/tina.guest/tinylsm-writefix-source/tinylsm/build/benchmark/_deps/protobuf-src/src/google/protobuf/type.pb.h:21,
                 from /home/tina.guest/tinylsm-writefix-source/tinylsm/build/benchmark/_deps/protobuf-src/src/google/protobuf/json/internal/untyped_message.h:19,
                 from /home/tina.guest/tinylsm-writefix-source/tinylsm/build/benchmark/_deps/protobuf-src/src/google/protobuf/json/internal/untyped_message.cc:8:
/home/tina.guest/tinylsm-writefix-source/tinylsm/build/benchmark/_deps/protobuf-src/src/google/protobuf/port.h: In function ‘void google::protobuf::internal::AssertDownCast(From*)’:
/home/tina.guest/tinylsm-writefix-source/tinylsm/build/benchmark/_deps/protobuf-src/src/google/protobuf/port.h:181:5: warning: testing if a concept-id is a valid expression; add ‘requires’ to check satisfaction [-Wmissing-requires]
  181 |     std::derived_from<std::remove_pointer_t<To>,
      |     ^
      |     requires 
[78/665] Building CXX object _deps/protobuf-build/CMakeFiles/libprotobuf.dir/src/google/protobuf/json/internal/unparser.cc.o
In file included from /home/tina.guest/tinylsm-writefix-source/tinylsm/build/benchmark/_deps/protobuf-src/src/google/protobuf/io/zero_copy_stream.h:89,
                 from /home/tina.guest/tinylsm-writefix-source/tinylsm/build/benchmark/_deps/protobuf-src/src/google/protobuf/io/zero_copy_sink.h:13,
                 from /home/tina.guest/tinylsm-writefix-source/tinylsm/build/benchmark/_deps/protobuf-src/src/google/protobuf/json/internal/writer.h:25,
                 from /home/tina.guest/tinylsm-writefix-source/tinylsm/build/benchmark/_deps/protobuf-src/src/google/protobuf/json/internal/unparser.h:14,
                 from /home/tina.guest/tinylsm-writefix-source/tinylsm/build/benchmark/_deps/protobuf-src/src/google/protobuf/json/internal/unparser.cc:8:
/home/tina.guest/tinylsm-writefix-source/tinylsm/build/benchmark/_deps/protobuf-src/src/google/protobuf/port.h: In function ‘void google::protobuf::internal::AssertDownCast(From*)’:
/home/tina.guest/tinylsm-writefix-source/tinylsm/build/benchmark/_deps/protobuf-src/src/google/protobuf/port.h:181:5: warning: testing if a concept-id is a valid expression; add ‘requires’ to check satisfaction [-Wmissing-requires]
  181 |     std::derived_from<std::remove_pointer_t<To>,
      |     ^
      |     requires 
[79/665] Building CXX object _deps/protobuf-build/CMakeFiles/libprotobuf.dir/src/google/protobuf/port.cc.o
In file included from /home/tina.guest/tinylsm-writefix-source/tinylsm/build/benchmark/_deps/protobuf-src/src/google/protobuf/port.cc:8:
/home/tina.guest/tinylsm-writefix-source/tinylsm/build/benchmark/_deps/protobuf-src/src/google/protobuf/port.h: In function ‘void google::protobuf::internal::AssertDownCast(From*)’:
/home/tina.guest/tinylsm-writefix-source/tinylsm/build/benchmark/_deps/protobuf-src/src/google/protobuf/port.h:181:5: warning: testing if a concept-id is a valid expression; add ‘requires’ to check satisfaction [-Wmissing-requires]
  181 |     std::derived_from<std::remove_pointer_t<To>,
      |     ^
      |     requires 
[80/665] Building CXX object _deps/protobuf-build/CMakeFiles/libprotobuf.dir/src/google/protobuf/raw_ptr.cc.o
[81/665] Building CXX object _deps/protobuf-build/CMakeFiles/libprotobuf.dir/src/google/protobuf/reflection_mode.cc.o
[82/665] Building CXX object _deps/protobuf-build/CMakeFiles/libprotobuf.dir/src/google/protobuf/message_lite.cc.o
In file included from /home/tina.guest/tinylsm-writefix-source/tinylsm/build/benchmark/_deps/protobuf-src/src/google/protobuf/arena.h:38,
                 from /home/tina.guest/tinylsm-writefix-source/tinylsm/build/benchmark/_deps/protobuf-src/src/google/protobuf/message_lite.h:34,
                 from /home/tina.guest/tinylsm-writefix-source/tinylsm/build/benchmark/_deps/protobuf-src/src/google/protobuf/message_lite.cc:13:
/home/tina.guest/tinylsm-writefix-source/tinylsm/build/benchmark/_deps/protobuf-src/src/google/protobuf/port.h: In function ‘void google::protobuf::internal::AssertDownCast(From*)’:
/home/tina.guest/tinylsm-writefix-source/tinylsm/build/benchmark/_deps/protobuf-src/src/google/protobuf/port.h:181:5: warning: testing if a concept-id is a valid expression; add ‘requires’ to check satisfaction [-Wmissing-requires]
  181 |     std::derived_from<std::remove_pointer_t<To>,
      |     ^
      |     requires 
[83/665] Building CXX object _deps/protobuf-build/CMakeFiles/libprotobuf.dir/src/google/protobuf/json/internal/parser.cc.o
In file included from /home/tina.guest/tinylsm-writefix-source/tinylsm/build/benchmark/_deps/protobuf-src/src/google/protobuf/extension_set.h:36,
                 from /home/tina.guest/tinylsm-writefix-source/tinylsm/build/benchmark/_deps/protobuf-src/src/google/protobuf/descriptor.h:56,
                 from /home/tina.guest/tinylsm-writefix-source/tinylsm/build/benchmark/_deps/protobuf-src/src/google/protobuf/json/internal/lexer.h:27,
                 from /home/tina.guest/tinylsm-writefix-source/tinylsm/build/benchmark/_deps/protobuf-src/src/google/protobuf/json/internal/parser.h:13,
                 from /home/tina.guest/tinylsm-writefix-source/tinylsm/build/benchmark/_deps/protobuf-src/src/google/protobuf/json/internal/parser.cc:8:
/home/tina.guest/tinylsm-writefix-source/tinylsm/build/benchmark/_deps/protobuf-src/src/google/protobuf/port.h: In function ‘void google::protobuf::internal::AssertDownCast(From*)’:
/home/tina.guest/tinylsm-writefix-source/tinylsm/build/benchmark/_deps/protobuf-src/src/google/protobuf/port.h:181:5: warning: testing if a concept-id is a valid expression; add ‘requires’ to check satisfaction [-Wmissing-requires]
  181 |     std::derived_from<std::remove_pointer_t<To>,
      |     ^
      |     requires 
[84/665] Building CXX object _deps/protobuf-build/CMakeFiles/libprotobuf.dir/src/google/protobuf/map_field.cc.o
In file included from /home/tina.guest/tinylsm-writefix-source/tinylsm/build/benchmark/_deps/protobuf-src/src/google/protobuf/arena.h:38,
                 from /home/tina.guest/tinylsm-writefix-source/tinylsm/build/benchmark/_deps/protobuf-src/src/google/protobuf/map_field.h:23,
                 from /home/tina.guest/tinylsm-writefix-source/tinylsm/build/benchmark/_deps/protobuf-src/src/google/protobuf/map_field.cc:8:
/home/tina.guest/tinylsm-writefix-source/tinylsm/build/benchmark/_deps/protobuf-src/src/google/protobuf/port.h: In function ‘void google::protobuf::internal::AssertDownCast(From*)’:
/home/tina.guest/tinylsm-writefix-source/tinylsm/build/benchmark/_deps/protobuf-src/src/google/protobuf/port.h:181:5: warning: testing if a concept-id is a valid expression; add ‘requires’ to check satisfaction [-Wmissing-requires]
  181 |     std::derived_from<std::remove_pointer_t<To>,
      |     ^
      |     requires 
[85/665] Building CXX object _deps/protobuf-build/CMakeFiles/libprotobuf.dir/src/google/protobuf/service.cc.o
In file included from /home/tina.guest/tinylsm-writefix-source/tinylsm/build/benchmark/_deps/protobuf-src/src/google/protobuf/service.h:84,
                 from /home/tina.guest/tinylsm-writefix-source/tinylsm/build/benchmark/_deps/protobuf-src/src/google/protobuf/service.cc:12:
/home/tina.guest/tinylsm-writefix-source/tinylsm/build/benchmark/_deps/protobuf-src/src/google/protobuf/port.h: In function ‘void google::protobuf::internal::AssertDownCast(From*)’:
/home/tina.guest/tinylsm-writefix-source/tinylsm/build/benchmark/_deps/protobuf-src/src/google/protobuf/port.h:181:5: warning: testing if a concept-id is a valid expression; add ‘requires’ to check satisfaction [-Wmissing-requires]
  181 |     std::derived_from<std::remove_pointer_t<To>,
      |     ^
      |     requires 
[86/665] Building CXX object _deps/protobuf-build/CMakeFiles/libprotobuf.dir/src/google/protobuf/repeated_field.cc.o
In file included from /home/tina.guest/tinylsm-writefix-source/tinylsm/build/benchmark/_deps/protobuf-src/src/google/protobuf/arena.h:38,
                 from /home/tina.guest/tinylsm-writefix-source/tinylsm/build/benchmark/_deps/protobuf-src/src/google/protobuf/repeated_field.h:40,
                 from /home/tina.guest/tinylsm-writefix-source/tinylsm/build/benchmark/_deps/protobuf-src/src/google/protobuf/repeated_field.cc:12:
/home/tina.guest/tinylsm-writefix-source/tinylsm/build/benchmark/_deps/protobuf-src/src/google/protobuf/port.h: In function ‘void google::protobuf::internal::AssertDownCast(From*)’:
/home/tina.guest/tinylsm-writefix-source/tinylsm/build/benchmark/_deps/protobuf-src/src/google/protobuf/port.h:181:5: warning: testing if a concept-id is a valid expression; add ‘requires’ to check satisfaction [-Wmissing-requires]
  181 |     std::derived_from<std::remove_pointer_t<To>,
      |     ^
      |     requires 
[87/665] Building CXX object _deps/protobuf-build/CMakeFiles/libprotobuf.dir/src/google/protobuf/repeated_ptr_field.cc.o
In file included from /home/tina.guest/tinylsm-writefix-source/tinylsm/build/benchmark/_deps/protobuf-src/src/google/protobuf/arena.h:38,
                 from /home/tina.guest/tinylsm-writefix-source/tinylsm/build/benchmark/_deps/protobuf-src/src/google/protobuf/repeated_ptr_field.h:38,
                 from /home/tina.guest/tinylsm-writefix-source/tinylsm/build/benchmark/_deps/protobuf-src/src/google/protobuf/repeated_ptr_field.cc:12:
/home/tina.guest/tinylsm-writefix-source/tinylsm/build/benchmark/_deps/protobuf-src/src/google/protobuf/port.h: In function ‘void google::protobuf::internal::AssertDownCast(From*)’:
/home/tina.guest/tinylsm-writefix-source/tinylsm/build/benchmark/_deps/protobuf-src/src/google/protobuf/port.h:181:5: warning: testing if a concept-id is a valid expression; add ‘requires’ to check satisfaction [-Wmissing-requires]
  181 |     std::derived_from<std::remove_pointer_t<To>,
      |     ^
      |     requires 
[88/665] Building CXX object _deps/protobuf-build/CMakeFiles/libprotobuf.dir/src/google/protobuf/parse_context.cc.o
In file included from /home/tina.guest/tinylsm-writefix-source/tinylsm/build/benchmark/_deps/protobuf-src/src/google/protobuf/arena.h:38,
                 from /home/tina.guest/tinylsm-writefix-source/tinylsm/build/benchmark/_deps/protobuf-src/src/google/protobuf/parse_context.h:24,
                 from /home/tina.guest/tinylsm-writefix-source/tinylsm/build/benchmark/_deps/protobuf-src/src/google/protobuf/parse_context.cc:8:
/home/tina.guest/tinylsm-writefix-source/tinylsm/build/benchmark/_deps/protobuf-src/src/google/protobuf/port.h: In function ‘void google::protobuf::internal::AssertDownCast(From*)’:
/home/tina.guest/tinylsm-writefix-source/tinylsm/build/benchmark/_deps/protobuf-src/src/google/protobuf/port.h:181:5: warning: testing if a concept-id is a valid expression; add ‘requires’ to check satisfaction [-Wmissing-requires]
  181 |     std::derived_from<std::remove_pointer_t<To>,
      |     ^
      |     requires 
[89/665] Building CXX object _deps/protobuf-build/CMakeFiles/libprotobuf.dir/src/google/protobuf/stubs/common.cc.o
[90/665] Building CXX object _deps/protobuf-build/CMakeFiles/libprotobuf.dir/src/google/protobuf/message.cc.o
In file included from /home/tina.guest/tinylsm-writefix-source/tinylsm/build/benchmark/_deps/protobuf-src/src/google/protobuf/arena.h:38,
                 from /home/tina.guest/tinylsm-writefix-source/tinylsm/build/benchmark/_deps/protobuf-src/src/google/protobuf/message.h:105,
                 from /home/tina.guest/tinylsm-writefix-source/tinylsm/build/benchmark/_deps/protobuf-src/src/google/protobuf/message.cc:12:
/home/tina.guest/tinylsm-writefix-source/tinylsm/build/benchmark/_deps/protobuf-src/src/google/protobuf/port.h: In function ‘void google::protobuf::internal::AssertDownCast(From*)’:
/home/tina.guest/tinylsm-writefix-source/tinylsm/build/benchmark/_deps/protobuf-src/src/google/protobuf/port.h:181:5: warning: testing if a concept-id is a valid expression; add ‘requires’ to check satisfaction [-Wmissing-requires]
  181 |     std::derived_from<std::remove_pointer_t<To>,
      |     ^
      |     requires 
[91/665] Building CXX object _deps/protobuf-build/CMakeFiles/libprotobuf.dir/src/google/protobuf/util/delimited_message_util.cc.o
In file included from /home/tina.guest/tinylsm-writefix-source/tinylsm/build/benchmark/_deps/protobuf-src/src/google/protobuf/io/zero_copy_stream.h:89,
                 from /home/tina.guest/tinylsm-writefix-source/tinylsm/build/benchmark/_deps/protobuf-src/src/google/protobuf/io/zero_copy_stream_impl.h:24,
                 from /home/tina.guest/tinylsm-writefix-source/tinylsm/build/benchmark/_deps/protobuf-src/src/google/protobuf/util/delimited_message_util.h:17,
                 from /home/tina.guest/tinylsm-writefix-source/tinylsm/build/benchmark/_deps/protobuf-src/src/google/protobuf/util/delimited_message_util.cc:11:
/home/tina.guest/tinylsm-writefix-source/tinylsm/build/benchmark/_deps/protobuf-src/src/google/protobuf/port.h: In function ‘void google::protobuf::internal::AssertDownCast(From*)’:
/home/tina.guest/tinylsm-writefix-source/tinylsm/build/benchmark/_deps/protobuf-src/src/google/protobuf/port.h:181:5: warning: testing if a concept-id is a valid expression; add ‘requires’ to check satisfaction [-Wmissing-requires]
  181 |     std::derived_from<std::remove_pointer_t<To>,
      |     ^
      |     requires 
[92/665] Building CXX object _deps/protobuf-build/CMakeFiles/libprotobuf.dir/src/google/protobuf/unknown_field_set.cc.o
In file included from /home/tina.guest/tinylsm-writefix-source/tinylsm/build/benchmark/_deps/protobuf-src/src/google/protobuf/arena.h:38,
                 from /home/tina.guest/tinylsm-writefix-source/tinylsm/build/benchmark/_deps/protobuf-src/src/google/protobuf/unknown_field_set.h:27,
                 from /home/tina.guest/tinylsm-writefix-source/tinylsm/build/benchmark/_deps/protobuf-src/src/google/protobuf/unknown_field_set.cc:12:
/home/tina.guest/tinylsm-writefix-source/tinylsm/build/benchmark/_deps/protobuf-src/src/google/protobuf/port.h: In function ‘void google::protobuf::internal::AssertDownCast(From*)’:
/home/tina.guest/tinylsm-writefix-source/tinylsm/build/benchmark/_deps/protobuf-src/src/google/protobuf/port.h:181:5: warning: testing if a concept-id is a valid expression; add ‘requires’ to check satisfaction [-Wmissing-requires]
  181 |     std::derived_from<std::remove_pointer_t<To>,
      |     ^
      |     requires 
[93/665] Building CXX object _deps/protobuf-build/CMakeFiles/libprotobuf.dir/src/google/protobuf/reflection_ops.cc.o
In file included from /home/tina.guest/tinylsm-writefix-source/tinylsm/build/benchmark/_deps/protobuf-src/src/google/protobuf/arena.h:38,
                 from /home/tina.guest/tinylsm-writefix-source/tinylsm/build/benchmark/_deps/protobuf-src/src/google/protobuf/message.h:105,
                 from /home/tina.guest/tinylsm-writefix-source/tinylsm/build/benchmark/_deps/protobuf-src/src/google/protobuf/reflection_ops.h:18,
                 from /home/tina.guest/tinylsm-writefix-source/tinylsm/build/benchmark/_deps/protobuf-src/src/google/protobuf/reflection_ops.cc:11:
/home/tina.guest/tinylsm-writefix-source/tinylsm/build/benchmark/_deps/protobuf-src/src/google/protobuf/port.h: In function ‘void google::protobuf::internal::AssertDownCast(From*)’:
/home/tina.guest/tinylsm-writefix-source/tinylsm/build/benchmark/_deps/protobuf-src/src/google/protobuf/port.h:181:5: warning: testing if a concept-id is a valid expression; add ‘requires’ to check satisfaction [-Wmissing-requires]
  181 |     std::derived_from<std::remove_pointer_t<To>,
      |     ^
      |     requires 
[94/665] Building CXX object _deps/protobuf-build/CMakeFiles/libprotobuf.dir/src/google/protobuf/util/time_util.cc.o
In file included from /home/tina.guest/tinylsm-writefix-source/tinylsm/build/benchmark/_deps/protobuf-src/src/google/protobuf/arena.h:38,
                 from /home/tina.guest/tinylsm-writefix-source/tinylsm/build/benchmark/_deps/protobuf-src/src/google/protobuf/duration.pb.h:21,
                 from /home/tina.guest/tinylsm-writefix-source/tinylsm/build/benchmark/_deps/protobuf-src/src/google/protobuf/util/time_util.h:30,
                 from /home/tina.guest/tinylsm-writefix-source/tinylsm/build/benchmark/_deps/protobuf-src/src/google/protobuf/util/time_util.cc:8:
/home/tina.guest/tinylsm-writefix-source/tinylsm/build/benchmark/_deps/protobuf-src/src/google/protobuf/port.h: In function ‘void google::protobuf::internal::AssertDownCast(From*)’:
/home/tina.guest/tinylsm-writefix-source/tinylsm/build/benchmark/_deps/protobuf-src/src/google/protobuf/port.h:181:5: warning: testing if a concept-id is a valid expression; add ‘requires’ to check satisfaction [-Wmissing-requires]
  181 |     std::derived_from<std::remove_pointer_t<To>,
      |     ^
      |     requires 
[95/665] Building CXX object _deps/protobuf-build/CMakeFiles/libprotobuf.dir/src/google/protobuf/util/field_mask_util.cc.o
In file included from /home/tina.guest/tinylsm-writefix-source/tinylsm/build/benchmark/_deps/protobuf-src/src/google/protobuf/arena.h:38,
                 from /home/tina.guest/tinylsm-writefix-source/tinylsm/build/benchmark/_deps/protobuf-src/src/google/protobuf/field_mask.pb.h:21,
                 from /home/tina.guest/tinylsm-writefix-source/tinylsm/build/benchmark/_deps/protobuf-src/src/google/protobuf/util/field_mask_util.h:17,
                 from /home/tina.guest/tinylsm-writefix-source/tinylsm/build/benchmark/_deps/protobuf-src/src/google/protobuf/util/field_mask_util.cc:8:
/home/tina.guest/tinylsm-writefix-source/tinylsm/build/benchmark/_deps/protobuf-src/src/google/protobuf/port.h: In function ‘void google::protobuf::internal::AssertDownCast(From*)’:
/home/tina.guest/tinylsm-writefix-source/tinylsm/build/benchmark/_deps/protobuf-src/src/google/protobuf/port.h:181:5: warning: testing if a concept-id is a valid expression; add ‘requires’ to check satisfaction [-Wmissing-requires]
  181 |     std::derived_from<std::remove_pointer_t<To>,
      |     ^
      |     requires 
[96/665] Building CXX object _deps/protobuf-build/CMakeFiles/libprotobuf.dir/src/google/protobuf/util/field_comparator.cc.o
In file included from /home/tina.guest/tinylsm-writefix-source/tinylsm/build/benchmark/_deps/protobuf-src/src/google/protobuf/util/field_comparator.h:19,
                 from /home/tina.guest/tinylsm-writefix-source/tinylsm/build/benchmark/_deps/protobuf-src/src/google/protobuf/util/field_comparator.cc:10:
/home/tina.guest/tinylsm-writefix-source/tinylsm/build/benchmark/_deps/protobuf-src/src/google/protobuf/port.h: In function ‘void google::protobuf::internal::AssertDownCast(From*)’:
/home/tina.guest/tinylsm-writefix-source/tinylsm/build/benchmark/_deps/protobuf-src/src/google/protobuf/port.h:181:5: warning: testing if a concept-id is a valid expression; add ‘requires’ to check satisfaction [-Wmissing-requires]
  181 |     std::derived_from<std::remove_pointer_t<To>,
      |     ^
      |     requires 
[97/665] Building CXX object _deps/protobuf-build/CMakeFiles/libprotobuf.dir/src/google/protobuf/util/type_resolver_util.cc.o
In file included from /home/tina.guest/tinylsm-writefix-source/tinylsm/build/benchmark/_deps/protobuf-src/src/google/protobuf/arena.h:38,
                 from /home/tina.guest/tinylsm-writefix-source/tinylsm/build/benchmark/_deps/protobuf-src/src/google/protobuf/type.pb.h:21,
                 from /home/tina.guest/tinylsm-writefix-source/tinylsm/build/benchmark/_deps/protobuf-src/src/google/protobuf/util/type_resolver_util.h:13,
                 from /home/tina.guest/tinylsm-writefix-source/tinylsm/build/benchmark/_deps/protobuf-src/src/google/protobuf/util/type_resolver_util.cc:8:
/home/tina.guest/tinylsm-writefix-source/tinylsm/build/benchmark/_deps/protobuf-src/src/google/protobuf/port.h: In function ‘void google::protobuf::internal::AssertDownCast(From*)’:
/home/tina.guest/tinylsm-writefix-source/tinylsm/build/benchmark/_deps/protobuf-src/src/google/protobuf/port.h:181:5: warning: testing if a concept-id is a valid expression; add ‘requires’ to check satisfaction [-Wmissing-requires]
  181 |     std::derived_from<std::remove_pointer_t<To>,
      |     ^
      |     requires 
[98/665] Building CXX object _deps/protobuf-build/CMakeFiles/libprotoc.dir/src/google/protobuf/compiler/code_generator_lite.cc.o
[99/665] Building CXX object _deps/protobuf-build/CMakeFiles/libprotobuf.dir/src/google/protobuf/wire_format_lite.cc.o
In file included from /home/tina.guest/tinylsm-writefix-source/tinylsm/build/benchmark/_deps/protobuf-src/src/google/protobuf/arena.h:38,
                 from /home/tina.guest/tinylsm-writefix-source/tinylsm/build/benchmark/_deps/protobuf-src/src/google/protobuf/arenastring.h:19,
                 from /home/tina.guest/tinylsm-writefix-source/tinylsm/build/benchmark/_deps/protobuf-src/src/google/protobuf/wire_format_lite.h:30,
                 from /home/tina.guest/tinylsm-writefix-source/tinylsm/build/benchmark/_deps/protobuf-src/src/google/protobuf/wire_format_lite.cc:12:
/home/tina.guest/tinylsm-writefix-source/tinylsm/build/benchmark/_deps/protobuf-src/src/google/protobuf/port.h: In function ‘void google::protobuf::internal::AssertDownCast(From*)’:
/home/tina.guest/tinylsm-writefix-source/tinylsm/build/benchmark/_deps/protobuf-src/src/google/protobuf/port.h:181:5: warning: testing if a concept-id is a valid expression; add ‘requires’ to check satisfaction [-Wmissing-requires]
  181 |     std::derived_from<std::remove_pointer_t<To>,
      |     ^
      |     requires 
[100/665] Building CXX object _deps/protobuf-build/CMakeFiles/libprotoc.dir/src/google/protobuf/compiler/code_generator.cc.o
In file included from /home/tina.guest/tinylsm-writefix-source/tinylsm/build/benchmark/_deps/protobuf-src/src/google/protobuf/extension_set.h:36,
                 from /home/tina.guest/tinylsm-writefix-source/tinylsm/build/benchmark/_deps/protobuf-src/src/google/protobuf/descriptor.h:56,
                 from /home/tina.guest/tinylsm-writefix-source/tinylsm/build/benchmark/_deps/protobuf-src/src/google/protobuf/compiler/code_generator.h:26,
                 from /home/tina.guest/tinylsm-writefix-source/tinylsm/build/benchmark/_deps/protobuf-src/src/google/protobuf/compiler/code_generator.cc:12:
/home/tina.guest/tinylsm-writefix-source/tinylsm/build/benchmark/_deps/protobuf-src/src/google/protobuf/port.h: In function ‘void google::protobuf::internal::AssertDownCast(From*)’:
/home/tina.guest/tinylsm-writefix-source/tinylsm/build/benchmark/_deps/protobuf-src/src/google/protobuf/port.h:181:5: warning: testing if a concept-id is a valid expression; add ‘requires’ to check satisfaction [-Wmissing-requires]
  181 |     std::derived_from<std::remove_pointer_t<To>,
      |     ^
      |     requires 
[101/665] Building CXX object _deps/protobuf-build/CMakeFiles/libprotobuf.dir/src/google/protobuf/text_format.cc.o
In file included from /home/tina.guest/tinylsm-writefix-source/tinylsm/build/benchmark/_deps/protobuf-src/src/google/protobuf/extension_set.h:36,
                 from /home/tina.guest/tinylsm-writefix-source/tinylsm/build/benchmark/_deps/protobuf-src/src/google/protobuf/descriptor.h:56,
                 from /home/tina.guest/tinylsm-writefix-source/tinylsm/build/benchmark/_deps/protobuf-src/src/google/protobuf/text_format.h:27,
                 from /home/tina.guest/tinylsm-writefix-source/tinylsm/build/benchmark/_deps/protobuf-src/src/google/protobuf/text_format.cc:12:
/home/tina.guest/tinylsm-writefix-source/tinylsm/build/benchmark/_deps/protobuf-src/src/google/protobuf/port.h: In function ‘void google::protobuf::internal::AssertDownCast(From*)’:
/home/tina.guest/tinylsm-writefix-source/tinylsm/build/benchmark/_deps/protobuf-src/src/google/protobuf/port.h:181:5: warning: testing if a concept-id is a valid expression; add ‘requires’ to check satisfaction [-Wmissing-requires]
  181 |     std::derived_from<std::remove_pointer_t<To>,
      |     ^
      |     requires 
[102/665] Building CXX object _deps/protobuf-build/CMakeFiles/libprotobuf.dir/src/google/protobuf/util/message_differencer.cc.o
In file included from /home/tina.guest/tinylsm-writefix-source/tinylsm/build/benchmark/_deps/protobuf-src/src/google/protobuf/extension_set.h:36,
                 from /home/tina.guest/tinylsm-writefix-source/tinylsm/build/benchmark/_deps/protobuf-src/src/google/protobuf/descriptor.h:56,
                 from /home/tina.guest/tinylsm-writefix-source/tinylsm/build/benchmark/_deps/protobuf-src/src/google/protobuf/util/message_differencer.h:33,
                 from /home/tina.guest/tinylsm-writefix-source/tinylsm/build/benchmark/_deps/protobuf-src/src/google/protobuf/util/message_differencer.cc:12:
/home/tina.guest/tinylsm-writefix-source/tinylsm/build/benchmark/_deps/protobuf-src/src/google/protobuf/port.h: In function ‘void google::protobuf::internal::AssertDownCast(From*)’:
/home/tina.guest/tinylsm-writefix-source/tinylsm/build/benchmark/_deps/protobuf-src/src/google/protobuf/port.h:181:5: warning: testing if a concept-id is a valid expression; add ‘requires’ to check satisfaction [-Wmissing-requires]
  181 |     std::derived_from<std::remove_pointer_t<To>,
      |     ^
      |     requires 
[103/665] Building CXX object _deps/protobuf-build/CMakeFiles/libprotobuf.dir/src/google/protobuf/wire_format.cc.o
In file included from /home/tina.guest/tinylsm-writefix-source/tinylsm/build/benchmark/_deps/protobuf-src/src/google/protobuf/extension_set.h:36,
                 from /home/tina.guest/tinylsm-writefix-source/tinylsm/build/benchmark/_deps/protobuf-src/src/google/protobuf/descriptor.h:56,
                 from /home/tina.guest/tinylsm-writefix-source/tinylsm/build/benchmark/_deps/protobuf-src/src/google/protobuf/wire_format.h:26,
                 from /home/tina.guest/tinylsm-writefix-source/tinylsm/build/benchmark/_deps/protobuf-src/src/google/protobuf/wire_format.cc:12:
/home/tina.guest/tinylsm-writefix-source/tinylsm/build/benchmark/_deps/protobuf-src/src/google/protobuf/port.h: In function ‘void google::protobuf::internal::AssertDownCast(From*)’:
/home/tina.guest/tinylsm-writefix-source/tinylsm/build/benchmark/_deps/protobuf-src/src/google/protobuf/port.h:181:5: warning: testing if a concept-id is a valid expression; add ‘requires’ to check satisfaction [-Wmissing-requires]
  181 |     std::derived_from<std::remove_pointer_t<To>,
      |     ^
      |     requires 
[104/665] Building CXX object _deps/protobuf-build/CMakeFiles/libprotoc.dir/src/google/protobuf/compiler/cpp/field.cc.o
In file included from /home/tina.guest/tinylsm-writefix-source/tinylsm/build/benchmark/_deps/protobuf-src/src/google/protobuf/extension_set.h:36,
                 from /home/tina.guest/tinylsm-writefix-source/tinylsm/build/benchmark/_deps/protobuf-src/src/google/protobuf/descriptor.h:56,
                 from /home/tina.guest/tinylsm-writefix-source/tinylsm/build/benchmark/_deps/protobuf-src/src/google/protobuf/compiler/code_generator.h:26,
                 from /home/tina.guest/tinylsm-writefix-source/tinylsm/build/benchmark/_deps/protobuf-src/src/google/protobuf/compiler/cpp/helpers.h:28,
                 from /home/tina.guest/tinylsm-writefix-source/tinylsm/build/benchmark/_deps/protobuf-src/src/google/protobuf/compiler/cpp/field.h:26,
                 from /home/tina.guest/tinylsm-writefix-source/tinylsm/build/benchmark/_deps/protobuf-src/src/google/protobuf/compiler/cpp/field.cc:12:
/home/tina.guest/tinylsm-writefix-source/tinylsm/build/benchmark/_deps/protobuf-src/src/google/protobuf/port.h: In function ‘void google::protobuf::internal::AssertDownCast(From*)’:
/home/tina.guest/tinylsm-writefix-source/tinylsm/build/benchmark/_deps/protobuf-src/src/google/protobuf/port.h:181:5: warning: testing if a concept-id is a valid expression; add ‘requires’ to check satisfaction [-Wmissing-requires]
  181 |     std::derived_from<std::remove_pointer_t<To>,
      |     ^
      |     requires 
[105/665] Building CXX object _deps/protobuf-build/CMakeFiles/libprotoc.dir/src/google/protobuf/compiler/cpp/field_generators/cord_field.cc.o
In file included from /home/tina.guest/tinylsm-writefix-source/tinylsm/build/benchmark/_deps/protobuf-src/src/google/protobuf/extension_set.h:36,
                 from /home/tina.guest/tinylsm-writefix-source/tinylsm/build/benchmark/_deps/protobuf-src/src/google/protobuf/descriptor.h:56,
                 from /home/tina.guest/tinylsm-writefix-source/tinylsm/build/benchmark/_deps/protobuf-src/src/google/protobuf/compiler/code_generator.h:26,
                 from /home/tina.guest/tinylsm-writefix-source/tinylsm/build/benchmark/_deps/protobuf-src/src/google/protobuf/compiler/cpp/helpers.h:28,
                 from /home/tina.guest/tinylsm-writefix-source/tinylsm/build/benchmark/_deps/protobuf-src/src/google/protobuf/compiler/cpp/field.h:26,
                 from /home/tina.guest/tinylsm-writefix-source/tinylsm/build/benchmark/_deps/protobuf-src/src/google/protobuf/compiler/cpp/field_generators/cord_field.cc:23:
/home/tina.guest/tinylsm-writefix-source/tinylsm/build/benchmark/_deps/protobuf-src/src/google/protobuf/port.h: In function ‘void google::protobuf::internal::AssertDownCast(From*)’:
/home/tina.guest/tinylsm-writefix-source/tinylsm/build/benchmark/_deps/protobuf-src/src/google/protobuf/port.h:181:5: warning: testing if a concept-id is a valid expression; add ‘requires’ to check satisfaction [-Wmissing-requires]
  181 |     std::derived_from<std::remove_pointer_t<To>,
      |     ^
      |     requires 
[106/665] Building CXX object _deps/protobuf-build/CMakeFiles/libprotoc.dir/src/google/protobuf/compiler/cpp/extension.cc.o
In file included from /home/tina.guest/tinylsm-writefix-source/tinylsm/build/benchmark/_deps/protobuf-src/src/google/protobuf/extension_set.h:36,
                 from /home/tina.guest/tinylsm-writefix-source/tinylsm/build/benchmark/_deps/protobuf-src/src/google/protobuf/descriptor.h:56,
                 from /home/tina.guest/tinylsm-writefix-source/tinylsm/build/benchmark/_deps/protobuf-src/src/google/protobuf/compiler/code_generator.h:26,
                 from /home/tina.guest/tinylsm-writefix-source/tinylsm/build/benchmark/_deps/protobuf-src/src/google/protobuf/compiler/cpp/helpers.h:28,
                 from /home/tina.guest/tinylsm-writefix-source/tinylsm/build/benchmark/_deps/protobuf-src/src/google/protobuf/compiler/cpp/extension.h:19,
                 from /home/tina.guest/tinylsm-writefix-source/tinylsm/build/benchmark/_deps/protobuf-src/src/google/protobuf/compiler/cpp/extension.cc:12:
/home/tina.guest/tinylsm-writefix-source/tinylsm/build/benchmark/_deps/protobuf-src/src/google/protobuf/port.h: In function ‘void google::protobuf::internal::AssertDownCast(From*)’:
/home/tina.guest/tinylsm-writefix-source/tinylsm/build/benchmark/_deps/protobuf-src/src/google/protobuf/port.h:181:5: warning: testing if a concept-id is a valid expression; add ‘requires’ to check satisfaction [-Wmissing-requires]
  181 |     std::derived_from<std::remove_pointer_t<To>,
      |     ^
      |     requires 
[107/665] Building CXX object _deps/protobuf-build/CMakeFiles/libprotoc.dir/src/google/protobuf/compiler/cpp/enum.cc.o
In file included from /home/tina.guest/tinylsm-writefix-source/tinylsm/build/benchmark/_deps/protobuf-src/src/google/protobuf/extension_set.h:36,
                 from /home/tina.guest/tinylsm-writefix-source/tinylsm/build/benchmark/_deps/protobuf-src/src/google/protobuf/descriptor.h:56,
                 from /home/tina.guest/tinylsm-writefix-source/tinylsm/build/benchmark/_deps/protobuf-src/src/google/protobuf/compiler/cpp/enum.h:18,
                 from /home/tina.guest/tinylsm-writefix-source/tinylsm/build/benchmark/_deps/protobuf-src/src/google/protobuf/compiler/cpp/enum.cc:12:
/home/tina.guest/tinylsm-writefix-source/tinylsm/build/benchmark/_deps/protobuf-src/src/google/protobuf/port.h: In function ‘void google::protobuf::internal::AssertDownCast(From*)’:
/home/tina.guest/tinylsm-writefix-source/tinylsm/build/benchmark/_deps/protobuf-src/src/google/protobuf/port.h:181:5: warning: testing if a concept-id is a valid expression; add ‘requires’ to check satisfaction [-Wmissing-requires]
  181 |     std::derived_from<std::remove_pointer_t<To>,
      |     ^
      |     requires 
[108/665] Building CXX object _deps/protobuf-build/CMakeFiles/libprotoc.dir/src/google/protobuf/compiler/command_line_interface.cc.o
In file included from /home/tina.guest/tinylsm-writefix-source/tinylsm/build/benchmark/_deps/protobuf-src/src/google/protobuf/arena.h:38,
                 from /home/tina.guest/tinylsm-writefix-source/tinylsm/build/benchmark/_deps/protobuf-src/src/google/protobuf/descriptor.pb.h:21,
                 from /home/tina.guest/tinylsm-writefix-source/tinylsm/build/benchmark/_deps/protobuf-src/src/google/protobuf/compiler/command_line_interface.h:29,
                 from /home/tina.guest/tinylsm-writefix-source/tinylsm/build/benchmark/_deps/protobuf-src/src/google/protobuf/compiler/command_line_interface.cc:12:
/home/tina.guest/tinylsm-writefix-source/tinylsm/build/benchmark/_deps/protobuf-src/src/google/protobuf/port.h: In function ‘void google::protobuf::internal::AssertDownCast(From*)’:
/home/tina.guest/tinylsm-writefix-source/tinylsm/build/benchmark/_deps/protobuf-src/src/google/protobuf/port.h:181:5: warning: testing if a concept-id is a valid expression; add ‘requires’ to check satisfaction [-Wmissing-requires]
  181 |     std::derived_from<std::remove_pointer_t<To>,
      |     ^
      |     requires 
[109/665] Building CXX object _deps/protobuf-build/CMakeFiles/libprotoc.dir/src/google/protobuf/compiler/cpp/field_generators/enum_field.cc.o
In file included from /home/tina.guest/tinylsm-writefix-source/tinylsm/build/benchmark/_deps/protobuf-src/src/google/protobuf/extension_set.h:36,
                 from /home/tina.guest/tinylsm-writefix-source/tinylsm/build/benchmark/_deps/protobuf-src/src/google/protobuf/descriptor.h:56,
                 from /home/tina.guest/tinylsm-writefix-source/tinylsm/build/benchmark/_deps/protobuf-src/src/google/protobuf/compiler/code_generator.h:26,
                 from /home/tina.guest/tinylsm-writefix-source/tinylsm/build/benchmark/_deps/protobuf-src/src/google/protobuf/compiler/cpp/helpers.h:28,
                 from /home/tina.guest/tinylsm-writefix-source/tinylsm/build/benchmark/_deps/protobuf-src/src/google/protobuf/compiler/cpp/field.h:26,
                 from /home/tina.guest/tinylsm-writefix-source/tinylsm/build/benchmark/_deps/protobuf-src/src/google/protobuf/compiler/cpp/field_generators/enum_field.cc:20:
/home/tina.guest/tinylsm-writefix-source/tinylsm/build/benchmark/_deps/protobuf-src/src/google/protobuf/port.h: In function ‘void google::protobuf::internal::AssertDownCast(From*)’:
/home/tina.guest/tinylsm-writefix-source/tinylsm/build/benchmark/_deps/protobuf-src/src/google/protobuf/port.h:181:5: warning: testing if a concept-id is a valid expression; add ‘requires’ to check satisfaction [-Wmissing-requires]
  181 |     std::derived_from<std::remove_pointer_t<To>,
      |     ^
      |     requires 
[110/665] Building CXX object _deps/protobuf-build/CMakeFiles/libprotoc.dir/src/google/protobuf/compiler/cpp/field_generators/message_field.cc.o
In file included from /home/tina.guest/tinylsm-writefix-source/tinylsm/build/benchmark/_deps/protobuf-src/src/google/protobuf/extension_set.h:36,
                 from /home/tina.guest/tinylsm-writefix-source/tinylsm/build/benchmark/_deps/protobuf-src/src/google/protobuf/descriptor.h:56,
                 from /home/tina.guest/tinylsm-writefix-source/tinylsm/build/benchmark/_deps/protobuf-src/src/google/protobuf/compiler/code_generator.h:26,
                 from /home/tina.guest/tinylsm-writefix-source/tinylsm/build/benchmark/_deps/protobuf-src/src/google/protobuf/compiler/cpp/helpers.h:28,
                 from /home/tina.guest/tinylsm-writefix-source/tinylsm/build/benchmark/_deps/protobuf-src/src/google/protobuf/compiler/cpp/field.h:26,
                 from /home/tina.guest/tinylsm-writefix-source/tinylsm/build/benchmark/_deps/protobuf-src/src/google/protobuf/compiler/cpp/field_generators/message_field.cc:21:
/home/tina.guest/tinylsm-writefix-source/tinylsm/build/benchmark/_deps/protobuf-src/src/google/protobuf/port.h: In function ‘void google::protobuf::internal::AssertDownCast(From*)’:
/home/tina.guest/tinylsm-writefix-source/tinylsm/build/benchmark/_deps/protobuf-src/src/google/protobuf/port.h:181:5: warning: testing if a concept-id is a valid expression; add ‘requires’ to check satisfaction [-Wmissing-requires]
  181 |     std::derived_from<std::remove_pointer_t<To>,
      |     ^
      |     requires 
[111/665] Building CXX object _deps/protobuf-build/CMakeFiles/libprotoc.dir/src/google/protobuf/compiler/cpp/field_generators/map_field.cc.o
In file included from /home/tina.guest/tinylsm-writefix-source/tinylsm/build/benchmark/_deps/protobuf-src/src/google/protobuf/extension_set.h:36,
                 from /home/tina.guest/tinylsm-writefix-source/tinylsm/build/benchmark/_deps/protobuf-src/src/google/protobuf/descriptor.h:56,
                 from /home/tina.guest/tinylsm-writefix-source/tinylsm/build/benchmark/_deps/protobuf-src/src/google/protobuf/compiler/code_generator.h:26,
                 from /home/tina.guest/tinylsm-writefix-source/tinylsm/build/benchmark/_deps/protobuf-src/src/google/protobuf/compiler/cpp/helpers.h:28,
                 from /home/tina.guest/tinylsm-writefix-source/tinylsm/build/benchmark/_deps/protobuf-src/src/google/protobuf/compiler/cpp/field.h:26,
                 from /home/tina.guest/tinylsm-writefix-source/tinylsm/build/benchmark/_deps/protobuf-src/src/google/protobuf/compiler/cpp/field_generators/map_field.cc:16:
/home/tina.guest/tinylsm-writefix-source/tinylsm/build/benchmark/_deps/protobuf-src/src/google/protobuf/port.h: In function ‘void google::protobuf::internal::AssertDownCast(From*)’:
/home/tina.guest/tinylsm-writefix-source/tinylsm/build/benchmark/_deps/protobuf-src/src/google/protobuf/port.h:181:5: warning: testing if a concept-id is a valid expression; add ‘requires’ to check satisfaction [-Wmissing-requires]
  181 |     std::derived_from<std::remove_pointer_t<To>,
      |     ^
      |     requires 
[112/665] Building CXX object _deps/protobuf-build/CMakeFiles/libprotoc.dir/src/google/protobuf/compiler/cpp/field_generators/string_view_field.cc.o
In file included from /home/tina.guest/tinylsm-writefix-source/tinylsm/build/benchmark/_deps/protobuf-src/src/google/protobuf/extension_set.h:36,
                 from /home/tina.guest/tinylsm-writefix-source/tinylsm/build/benchmark/_deps/protobuf-src/src/google/protobuf/descriptor.h:56,
                 from /home/tina.guest/tinylsm-writefix-source/tinylsm/build/benchmark/_deps/protobuf-src/src/google/protobuf/compiler/code_generator.h:26,
                 from /home/tina.guest/tinylsm-writefix-source/tinylsm/build/benchmark/_deps/protobuf-src/src/google/protobuf/compiler/cpp/helpers.h:28,
                 from /home/tina.guest/tinylsm-writefix-source/tinylsm/build/benchmark/_deps/protobuf-src/src/google/protobuf/compiler/cpp/field.h:26,
                 from /home/tina.guest/tinylsm-writefix-source/tinylsm/build/benchmark/_deps/protobuf-src/src/google/protobuf/compiler/cpp/field_generators/string_view_field.cc:19:
/home/tina.guest/tinylsm-writefix-source/tinylsm/build/benchmark/_deps/protobuf-src/src/google/protobuf/port.h: In function ‘void google::protobuf::internal::AssertDownCast(From*)’:
/home/tina.guest/tinylsm-writefix-source/tinylsm/build/benchmark/_deps/protobuf-src/src/google/protobuf/port.h:181:5: warning: testing if a concept-id is a valid expression; add ‘requires’ to check satisfaction [-Wmissing-requires]
  181 |     std::derived_from<std::remove_pointer_t<To>,
      |     ^
      |     requires 
[113/665] Building CXX object _deps/protobuf-build/CMakeFiles/libprotoc.dir/src/google/protobuf/compiler/cpp/field_generators/primitive_field.cc.o
In file included from /home/tina.guest/tinylsm-writefix-source/tinylsm/build/benchmark/_deps/protobuf-src/src/google/protobuf/extension_set.h:36,
                 from /home/tina.guest/tinylsm-writefix-source/tinylsm/build/benchmark/_deps/protobuf-src/src/google/protobuf/descriptor.h:56,
                 from /home/tina.guest/tinylsm-writefix-source/tinylsm/build/benchmark/_deps/protobuf-src/src/google/protobuf/compiler/code_generator.h:26,
                 from /home/tina.guest/tinylsm-writefix-source/tinylsm/build/benchmark/_deps/protobuf-src/src/google/protobuf/compiler/cpp/helpers.h:28,
                 from /home/tina.guest/tinylsm-writefix-source/tinylsm/build/benchmark/_deps/protobuf-src/src/google/protobuf/compiler/cpp/field.h:26,
                 from /home/tina.guest/tinylsm-writefix-source/tinylsm/build/benchmark/_deps/protobuf-src/src/google/protobuf/compiler/cpp/field_generators/primitive_field.cc:21:
/home/tina.guest/tinylsm-writefix-source/tinylsm/build/benchmark/_deps/protobuf-src/src/google/protobuf/port.h: In function ‘void google::protobuf::internal::AssertDownCast(From*)’:
/home/tina.guest/tinylsm-writefix-source/tinylsm/build/benchmark/_deps/protobuf-src/src/google/protobuf/port.h:181:5: warning: testing if a concept-id is a valid expression; add ‘requires’ to check satisfaction [-Wmissing-requires]
  181 |     std::derived_from<std::remove_pointer_t<To>,
      |     ^
      |     requires 
[114/665] Building CXX object _deps/protobuf-build/CMakeFiles/libprotoc.dir/src/google/protobuf/compiler/cpp/field_generators/string_field.cc.o
In file included from /home/tina.guest/tinylsm-writefix-source/tinylsm/build/benchmark/_deps/protobuf-src/src/google/protobuf/extension_set.h:36,
                 from /home/tina.guest/tinylsm-writefix-source/tinylsm/build/benchmark/_deps/protobuf-src/src/google/protobuf/descriptor.h:56,
                 from /home/tina.guest/tinylsm-writefix-source/tinylsm/build/benchmark/_deps/protobuf-src/src/google/protobuf/compiler/code_generator.h:26,
                 from /home/tina.guest/tinylsm-writefix-source/tinylsm/build/benchmark/_deps/protobuf-src/src/google/protobuf/compiler/cpp/helpers.h:28,
                 from /home/tina.guest/tinylsm-writefix-source/tinylsm/build/benchmark/_deps/protobuf-src/src/google/protobuf/compiler/cpp/field.h:26,
                 from /home/tina.guest/tinylsm-writefix-source/tinylsm/build/benchmark/_deps/protobuf-src/src/google/protobuf/compiler/cpp/field_generators/string_field.cc:19:
/home/tina.guest/tinylsm-writefix-source/tinylsm/build/benchmark/_deps/protobuf-src/src/google/protobuf/port.h: In function ‘void google::protobuf::internal::AssertDownCast(From*)’:
/home/tina.guest/tinylsm-writefix-source/tinylsm/build/benchmark/_deps/protobuf-src/src/google/protobuf/port.h:181:5: warning: testing if a concept-id is a valid expression; add ‘requires’ to check satisfaction [-Wmissing-requires]
  181 |     std::derived_from<std::remove_pointer_t<To>,
      |     ^
      |     requires 
[115/665] Building CXX object _deps/protobuf-build/CMakeFiles/libprotoc.dir/src/google/protobuf/compiler/cpp/ifndef_guard.cc.o
In file included from /home/tina.guest/tinylsm-writefix-source/tinylsm/build/benchmark/_deps/protobuf-src/src/google/protobuf/io/zero_copy_stream.h:89,
                 from /home/tina.guest/tinylsm-writefix-source/tinylsm/build/benchmark/_deps/protobuf-src/src/google/protobuf/io/zero_copy_sink.h:13,
                 from /home/tina.guest/tinylsm-writefix-source/tinylsm/build/benchmark/_deps/protobuf-src/src/google/protobuf/io/printer.h:36,
                 from /home/tina.guest/tinylsm-writefix-source/tinylsm/build/benchmark/_deps/protobuf-src/src/google/protobuf/compiler/cpp/ifndef_guard.h:33,
                 from /home/tina.guest/tinylsm-writefix-source/tinylsm/build/benchmark/_deps/protobuf-src/src/google/protobuf/compiler/cpp/ifndef_guard.cc:8:
/home/tina.guest/tinylsm-writefix-source/tinylsm/build/benchmark/_deps/protobuf-src/src/google/protobuf/port.h: In function ‘void google::protobuf::internal::AssertDownCast(From*)’:
/home/tina.guest/tinylsm-writefix-source/tinylsm/build/benchmark/_deps/protobuf-src/src/google/protobuf/port.h:181:5: warning: testing if a concept-id is a valid expression; add ‘requires’ to check satisfaction [-Wmissing-requires]
  181 |     std::derived_from<std::remove_pointer_t<To>,
      |     ^
      |     requires 
[116/665] Building CXX object _deps/protobuf-build/CMakeFiles/libprotoc.dir/src/google/protobuf/compiler/cpp/generator.cc.o
In file included from /home/tina.guest/tinylsm-writefix-source/tinylsm/build/benchmark/_deps/protobuf-src/src/google/protobuf/extension_set.h:36,
                 from /home/tina.guest/tinylsm-writefix-source/tinylsm/build/benchmark/_deps/protobuf-src/src/google/protobuf/descriptor.h:56,
                 from /home/tina.guest/tinylsm-writefix-source/tinylsm/build/benchmark/_deps/protobuf-src/src/google/protobuf/compiler/code_generator.h:26,
                 from /home/tina.guest/tinylsm-writefix-source/tinylsm/build/benchmark/_deps/protobuf-src/src/google/protobuf/compiler/cpp/generator.h:24,
                 from /home/tina.guest/tinylsm-writefix-source/tinylsm/build/benchmark/_deps/protobuf-src/src/google/protobuf/compiler/cpp/generator.cc:12:
/home/tina.guest/tinylsm-writefix-source/tinylsm/build/benchmark/_deps/protobuf-src/src/google/protobuf/port.h: In function ‘void google::protobuf::internal::AssertDownCast(From*)’:
/home/tina.guest/tinylsm-writefix-source/tinylsm/build/benchmark/_deps/protobuf-src/src/google/protobuf/port.h:181:5: warning: testing if a concept-id is a valid expression; add ‘requires’ to check satisfaction [-Wmissing-requires]
  181 |     std::derived_from<std::remove_pointer_t<To>,
      |     ^
      |     requires 
[117/665] Building CXX object _deps/protobuf-build/CMakeFiles/libprotoc.dir/src/google/protobuf/compiler/cpp/namespace_printer.cc.o
In file included from /home/tina.guest/tinylsm-writefix-source/tinylsm/build/benchmark/_deps/protobuf-src/src/google/protobuf/io/zero_copy_stream.h:89,
                 from /home/tina.guest/tinylsm-writefix-source/tinylsm/build/benchmark/_deps/protobuf-src/src/google/protobuf/io/zero_copy_sink.h:13,
                 from /home/tina.guest/tinylsm-writefix-source/tinylsm/build/benchmark/_deps/protobuf-src/src/google/protobuf/io/printer.h:36,
                 from /home/tina.guest/tinylsm-writefix-source/tinylsm/build/benchmark/_deps/protobuf-src/src/google/protobuf/compiler/cpp/namespace_printer.h:29,
                 from /home/tina.guest/tinylsm-writefix-source/tinylsm/build/benchmark/_deps/protobuf-src/src/google/protobuf/compiler/cpp/namespace_printer.cc:1:
/home/tina.guest/tinylsm-writefix-source/tinylsm/build/benchmark/_deps/protobuf-src/src/google/protobuf/port.h: In function ‘void google::protobuf::internal::AssertDownCast(From*)’:
/home/tina.guest/tinylsm-writefix-source/tinylsm/build/benchmark/_deps/protobuf-src/src/google/protobuf/port.h:181:5: warning: testing if a concept-id is a valid expression; add ‘requires’ to check satisfaction [-Wmissing-requires]
  181 |     std::derived_from<std::remove_pointer_t<To>,
      |     ^
      |     requires 
[118/665] Building CXX object _deps/protobuf-build/CMakeFiles/libprotoc.dir/src/google/protobuf/compiler/cpp/file.cc.o
In file included from /home/tina.guest/tinylsm-writefix-source/tinylsm/build/benchmark/_deps/protobuf-src/src/google/protobuf/extension_set.h:36,
                 from /home/tina.guest/tinylsm-writefix-source/tinylsm/build/benchmark/_deps/protobuf-src/src/google/protobuf/descriptor.h:56,
                 from /home/tina.guest/tinylsm-writefix-source/tinylsm/build/benchmark/_deps/protobuf-src/src/google/protobuf/compiler/cpp/enum.h:18,
                 from /home/tina.guest/tinylsm-writefix-source/tinylsm/build/benchmark/_deps/protobuf-src/src/google/protobuf/compiler/cpp/file.h:25,
                 from /home/tina.guest/tinylsm-writefix-source/tinylsm/build/benchmark/_deps/protobuf-src/src/google/protobuf/compiler/cpp/file.cc:12:
/home/tina.guest/tinylsm-writefix-source/tinylsm/build/benchmark/_deps/protobuf-src/src/google/protobuf/port.h: In function ‘void google::protobuf::internal::AssertDownCast(From*)’:
/home/tina.guest/tinylsm-writefix-source/tinylsm/build/benchmark/_deps/protobuf-src/src/google/protobuf/port.h:181:5: warning: testing if a concept-id is a valid expression; add ‘requires’ to check satisfaction [-Wmissing-requires]
  181 |     std::derived_from<std::remove_pointer_t<To>,
      |     ^
      |     requires 
[119/665] Building CXX object _deps/protobuf-build/CMakeFiles/libprotoc.dir/src/google/protobuf/compiler/cpp/padding_optimizer.cc.o
In file included from /home/tina.guest/tinylsm-writefix-source/tinylsm/build/benchmark/_deps/protobuf-src/src/google/protobuf/extension_set.h:36,
                 from /home/tina.guest/tinylsm-writefix-source/tinylsm/build/benchmark/_deps/protobuf-src/src/google/protobuf/descriptor.h:56,
                 from /home/tina.guest/tinylsm-writefix-source/tinylsm/build/benchmark/_deps/protobuf-src/src/google/protobuf/compiler/cpp/message_layout_helper.h:16,
                 from /home/tina.guest/tinylsm-writefix-source/tinylsm/build/benchmark/_deps/protobuf-src/src/google/protobuf/compiler/cpp/padding_optimizer.h:15,
                 from /home/tina.guest/tinylsm-writefix-source/tinylsm/build/benchmark/_deps/protobuf-src/src/google/protobuf/compiler/cpp/padding_optimizer.cc:8:
/home/tina.guest/tinylsm-writefix-source/tinylsm/build/benchmark/_deps/protobuf-src/src/google/protobuf/port.h: In function ‘void google::protobuf::internal::AssertDownCast(From*)’:
/home/tina.guest/tinylsm-writefix-source/tinylsm/build/benchmark/_deps/protobuf-src/src/google/protobuf/port.h:181:5: warning: testing if a concept-id is a valid expression; add ‘requires’ to check satisfaction [-Wmissing-requires]
  181 |     std::derived_from<std::remove_pointer_t<To>,
      |     ^
      |     requires 
[120/665] Building CXX object _deps/protobuf-build/CMakeFiles/libprotoc.dir/src/google/protobuf/compiler/cpp/helpers.cc.o
In file included from /home/tina.guest/tinylsm-writefix-source/tinylsm/build/benchmark/_deps/protobuf-src/src/google/protobuf/extension_set.h:36,
                 from /home/tina.guest/tinylsm-writefix-source/tinylsm/build/benchmark/_deps/protobuf-src/src/google/protobuf/descriptor.h:56,
                 from /home/tina.guest/tinylsm-writefix-source/tinylsm/build/benchmark/_deps/protobuf-src/src/google/protobuf/compiler/code_generator.h:26,
                 from /home/tina.guest/tinylsm-writefix-source/tinylsm/build/benchmark/_deps/protobuf-src/src/google/protobuf/compiler/cpp/helpers.h:28,
                 from /home/tina.guest/tinylsm-writefix-source/tinylsm/build/benchmark/_deps/protobuf-src/src/google/protobuf/compiler/cpp/helpers.cc:12:
/home/tina.guest/tinylsm-writefix-source/tinylsm/build/benchmark/_deps/protobuf-src/src/google/protobuf/port.h: In function ‘void google::protobuf::internal::AssertDownCast(From*)’:
/home/tina.guest/tinylsm-writefix-source/tinylsm/build/benchmark/_deps/protobuf-src/src/google/protobuf/port.h:181:5: warning: testing if a concept-id is a valid expression; add ‘requires’ to check satisfaction [-Wmissing-requires]
  181 |     std::derived_from<std::remove_pointer_t<To>,
      |     ^
      |     requires 
[121/665] Building CXX object _deps/protobuf-build/CMakeFiles/libprotoc.dir/src/google/protobuf/compiler/csharp/csharp_doc_comment.cc.o
In file included from /home/tina.guest/tinylsm-writefix-source/tinylsm/build/benchmark/_deps/protobuf-src/src/google/protobuf/extension_set.h:36,
                 from /home/tina.guest/tinylsm-writefix-source/tinylsm/build/benchmark/_deps/protobuf-src/src/google/protobuf/descriptor.h:56,
                 from /home/tina.guest/tinylsm-writefix-source/tinylsm/build/benchmark/_deps/protobuf-src/src/google/protobuf/compiler/csharp/csharp_doc_comment.h:13,
                 from /home/tina.guest/tinylsm-writefix-source/tinylsm/build/benchmark/_deps/protobuf-src/src/google/protobuf/compiler/csharp/csharp_doc_comment.cc:11:
/home/tina.guest/tinylsm-writefix-source/tinylsm/build/benchmark/_deps/protobuf-src/src/google/protobuf/port.h: In function ‘void google::protobuf::internal::AssertDownCast(From*)’:
/home/tina.guest/tinylsm-writefix-source/tinylsm/build/benchmark/_deps/protobuf-src/src/google/protobuf/port.h:181:5: warning: testing if a concept-id is a valid expression; add ‘requires’ to check satisfaction [-Wmissing-requires]
  181 |     std::derived_from<std::remove_pointer_t<To>,
      |     ^
      |     requires 
[122/665] Building CXX object _deps/protobuf-build/CMakeFiles/libprotoc.dir/src/google/protobuf/compiler/csharp/csharp_enum.cc.o
In file included from /home/tina.guest/tinylsm-writefix-source/tinylsm/build/benchmark/_deps/protobuf-src/src/google/protobuf/extension_set.h:36,
                 from /home/tina.guest/tinylsm-writefix-source/tinylsm/build/benchmark/_deps/protobuf-src/src/google/protobuf/descriptor.h:56,
                 from /home/tina.guest/tinylsm-writefix-source/tinylsm/build/benchmark/_deps/protobuf-src/src/google/protobuf/compiler/code_generator.h:26,
                 from /home/tina.guest/tinylsm-writefix-source/tinylsm/build/benchmark/_deps/protobuf-src/src/google/protobuf/compiler/csharp/csharp_enum.h:13,
                 from /home/tina.guest/tinylsm-writefix-source/tinylsm/build/benchmark/_deps/protobuf-src/src/google/protobuf/compiler/csharp/csharp_enum.cc:8:
/home/tina.guest/tinylsm-writefix-source/tinylsm/build/benchmark/_deps/protobuf-src/src/google/protobuf/port.h: In function ‘void google::protobuf::internal::AssertDownCast(From*)’:
/home/tina.guest/tinylsm-writefix-source/tinylsm/build/benchmark/_deps/protobuf-src/src/google/protobuf/port.h:181:5: warning: testing if a concept-id is a valid expression; add ‘requires’ to check satisfaction [-Wmissing-requires]
  181 |     std::derived_from<std::remove_pointer_t<To>,
      |     ^
      |     requires 
[123/665] Building CXX object _deps/protobuf-build/CMakeFiles/libprotoc.dir/src/google/protobuf/compiler/cpp/parse_function_generator.cc.o
In file included from /home/tina.guest/tinylsm-writefix-source/tinylsm/build/benchmark/_deps/protobuf-src/src/google/protobuf/extension_set.h:36,
                 from /home/tina.guest/tinylsm-writefix-source/tinylsm/build/benchmark/_deps/protobuf-src/src/google/protobuf/descriptor.h:56,
                 from /home/tina.guest/tinylsm-writefix-source/tinylsm/build/benchmark/_deps/protobuf-src/src/google/protobuf/compiler/code_generator.h:26,
                 from /home/tina.guest/tinylsm-writefix-source/tinylsm/build/benchmark/_deps/protobuf-src/src/google/protobuf/compiler/cpp/helpers.h:28,
                 from /home/tina.guest/tinylsm-writefix-source/tinylsm/build/benchmark/_deps/protobuf-src/src/google/protobuf/compiler/cpp/parse_function_generator.h:17,
                 from /home/tina.guest/tinylsm-writefix-source/tinylsm/build/benchmark/_deps/protobuf-src/src/google/protobuf/compiler/cpp/parse_function_generator.cc:8:
/home/tina.guest/tinylsm-writefix-source/tinylsm/build/benchmark/_deps/protobuf-src/src/google/protobuf/port.h: In function ‘void google::protobuf::internal::AssertDownCast(From*)’:
/home/tina.guest/tinylsm-writefix-source/tinylsm/build/benchmark/_deps/protobuf-src/src/google/protobuf/port.h:181:5: warning: testing if a concept-id is a valid expression; add ‘requires’ to check satisfaction [-Wmissing-requires]
  181 |     std::derived_from<std::remove_pointer_t<To>,
      |     ^
      |     requires 
[124/665] Building CXX object _deps/protobuf-build/CMakeFiles/libprotoc.dir/src/google/protobuf/compiler/cpp/tracker.cc.o
In file included from /home/tina.guest/tinylsm-writefix-source/tinylsm/build/benchmark/_deps/protobuf-src/src/google/protobuf/extension_set.h:36,
                 from /home/tina.guest/tinylsm-writefix-source/tinylsm/build/benchmark/_deps/protobuf-src/src/google/protobuf/descriptor.h:56,
                 from /home/tina.guest/tinylsm-writefix-source/tinylsm/build/benchmark/_deps/protobuf-src/src/google/protobuf/compiler/cpp/tracker.h:14,
                 from /home/tina.guest/tinylsm-writefix-source/tinylsm/build/benchmark/_deps/protobuf-src/src/google/protobuf/compiler/cpp/tracker.cc:8:
/home/tina.guest/tinylsm-writefix-source/tinylsm/build/benchmark/_deps/protobuf-src/src/google/protobuf/port.h: In function ‘void google::protobuf::internal::AssertDownCast(From*)’:
/home/tina.guest/tinylsm-writefix-source/tinylsm/build/benchmark/_deps/protobuf-src/src/google/protobuf/port.h:181:5: warning: testing if a concept-id is a valid expression; add ‘requires’ to check satisfaction [-Wmissing-requires]
  181 |     std::derived_from<std::remove_pointer_t<To>,
      |     ^
      |     requires 
[125/665] Building CXX object _deps/protobuf-build/CMakeFiles/libprotoc.dir/src/google/protobuf/compiler/cpp/service.cc.o
In file included from /home/tina.guest/tinylsm-writefix-source/tinylsm/build/benchmark/_deps/protobuf-src/src/google/protobuf/extension_set.h:36,
                 from /home/tina.guest/tinylsm-writefix-source/tinylsm/build/benchmark/_deps/protobuf-src/src/google/protobuf/descriptor.h:56,
                 from /home/tina.guest/tinylsm-writefix-source/tinylsm/build/benchmark/_deps/protobuf-src/src/google/protobuf/compiler/cpp/service.h:20,
                 from /home/tina.guest/tinylsm-writefix-source/tinylsm/build/benchmark/_deps/protobuf-src/src/google/protobuf/compiler/cpp/service.cc:12:
/home/tina.guest/tinylsm-writefix-source/tinylsm/build/benchmark/_deps/protobuf-src/src/google/protobuf/port.h: In function ‘void google::protobuf::internal::AssertDownCast(From*)’:
/home/tina.guest/tinylsm-writefix-source/tinylsm/build/benchmark/_deps/protobuf-src/src/google/protobuf/port.h:181:5: warning: testing if a concept-id is a valid expression; add ‘requires’ to check satisfaction [-Wmissing-requires]
  181 |     std::derived_from<std::remove_pointer_t<To>,
      |     ^
      |     requires 
[126/665] Building CXX object _deps/protobuf-build/CMakeFiles/libprotoc.dir/src/google/protobuf/compiler/csharp/csharp_helpers.cc.o
In file included from /home/tina.guest/tinylsm-writefix-source/tinylsm/build/benchmark/_deps/protobuf-src/src/google/protobuf/extension_set.h:36,
                 from /home/tina.guest/tinylsm-writefix-source/tinylsm/build/benchmark/_deps/protobuf-src/src/google/protobuf/descriptor.h:56,
                 from /home/tina.guest/tinylsm-writefix-source/tinylsm/build/benchmark/_deps/protobuf-src/src/google/protobuf/compiler/code_generator.h:26,
                 from /home/tina.guest/tinylsm-writefix-source/tinylsm/build/benchmark/_deps/protobuf-src/src/google/protobuf/compiler/csharp/csharp_helpers.h:17,
                 from /home/tina.guest/tinylsm-writefix-source/tinylsm/build/benchmark/_deps/protobuf-src/src/google/protobuf/compiler/csharp/csharp_helpers.cc:12:
/home/tina.guest/tinylsm-writefix-source/tinylsm/build/benchmark/_deps/protobuf-src/src/google/protobuf/port.h: In function ‘void google::protobuf::internal::AssertDownCast(From*)’:
/home/tina.guest/tinylsm-writefix-source/tinylsm/build/benchmark/_deps/protobuf-src/src/google/protobuf/port.h:181:5: warning: testing if a concept-id is a valid expression; add ‘requires’ to check satisfaction [-Wmissing-requires]
  181 |     std::derived_from<std::remove_pointer_t<To>,
      |     ^
      |     requires 
[127/665] Building CXX object _deps/protobuf-build/CMakeFiles/libprotoc.dir/src/google/protobuf/compiler/csharp/csharp_generator.cc.o
In file included from /home/tina.guest/tinylsm-writefix-source/tinylsm/build/benchmark/_deps/protobuf-src/src/google/protobuf/extension_set.h:36,
                 from /home/tina.guest/tinylsm-writefix-source/tinylsm/build/benchmark/_deps/protobuf-src/src/google/protobuf/descriptor.h:56,
                 from /home/tina.guest/tinylsm-writefix-source/tinylsm/build/benchmark/_deps/protobuf-src/src/google/protobuf/compiler/code_generator.h:26,
                 from /home/tina.guest/tinylsm-writefix-source/tinylsm/build/benchmark/_deps/protobuf-src/src/google/protobuf/compiler/csharp/csharp_generator.h:15,
                 from /home/tina.guest/tinylsm-writefix-source/tinylsm/build/benchmark/_deps/protobuf-src/src/google/protobuf/compiler/csharp/csharp_generator.cc:8:
/home/tina.guest/tinylsm-writefix-source/tinylsm/build/benchmark/_deps/protobuf-src/src/google/protobuf/port.h: In function ‘void google::protobuf::internal::AssertDownCast(From*)’:
/home/tina.guest/tinylsm-writefix-source/tinylsm/build/benchmark/_deps/protobuf-src/src/google/protobuf/port.h:181:5: warning: testing if a concept-id is a valid expression; add ‘requires’ to check satisfaction [-Wmissing-requires]
  181 |     std::derived_from<std::remove_pointer_t<To>,
      |     ^
      |     requires 
[128/665] Building CXX object _deps/protobuf-build/CMakeFiles/libprotoc.dir/src/google/protobuf/compiler/csharp/csharp_enum_field.cc.o
In file included from /home/tina.guest/tinylsm-writefix-source/tinylsm/build/benchmark/_deps/protobuf-src/src/google/protobuf/extension_set.h:36,
                 from /home/tina.guest/tinylsm-writefix-source/tinylsm/build/benchmark/_deps/protobuf-src/src/google/protobuf/descriptor.h:56,
                 from /home/tina.guest/tinylsm-writefix-source/tinylsm/build/benchmark/_deps/protobuf-src/src/google/protobuf/compiler/code_generator.h:26,
                 from /home/tina.guest/tinylsm-writefix-source/tinylsm/build/benchmark/_deps/protobuf-src/src/google/protobuf/compiler/csharp/csharp_enum_field.h:11,
                 from /home/tina.guest/tinylsm-writefix-source/tinylsm/build/benchmark/_deps/protobuf-src/src/google/protobuf/compiler/csharp/csharp_enum_field.cc:8:
/home/tina.guest/tinylsm-writefix-source/tinylsm/build/benchmark/_deps/protobuf-src/src/google/protobuf/port.h: In function ‘void google::protobuf::internal::AssertDownCast(From*)’:
/home/tina.guest/tinylsm-writefix-source/tinylsm/build/benchmark/_deps/protobuf-src/src/google/protobuf/port.h:181:5: warning: testing if a concept-id is a valid expression; add ‘requires’ to check satisfaction [-Wmissing-requires]
  181 |     std::derived_from<std::remove_pointer_t<To>,
      |     ^
      |     requires 
[129/665] Building CXX object _deps/protobuf-build/CMakeFiles/libprotoc.dir/src/google/protobuf/compiler/csharp/csharp_map_field.cc.o
In file included from /home/tina.guest/tinylsm-writefix-source/tinylsm/build/benchmark/_deps/protobuf-src/src/google/protobuf/extension_set.h:36,
                 from /home/tina.guest/tinylsm-writefix-source/tinylsm/build/benchmark/_deps/protobuf-src/src/google/protobuf/descriptor.h:56,
                 from /home/tina.guest/tinylsm-writefix-source/tinylsm/build/benchmark/_deps/protobuf-src/src/google/protobuf/compiler/code_generator.h:26,
                 from /home/tina.guest/tinylsm-writefix-source/tinylsm/build/benchmark/_deps/protobuf-src/src/google/protobuf/compiler/csharp/csharp_map_field.h:11,
                 from /home/tina.guest/tinylsm-writefix-source/tinylsm/build/benchmark/_deps/protobuf-src/src/google/protobuf/compiler/csharp/csharp_map_field.cc:8:
/home/tina.guest/tinylsm-writefix-source/tinylsm/build/benchmark/_deps/protobuf-src/src/google/protobuf/port.h: In function ‘void google::protobuf::internal::AssertDownCast(From*)’:
/home/tina.guest/tinylsm-writefix-source/tinylsm/build/benchmark/_deps/protobuf-src/src/google/protobuf/port.h:181:5: warning: testing if a concept-id is a valid expression; add ‘requires’ to check satisfaction [-Wmissing-requires]
  181 |     std::derived_from<std::remove_pointer_t<To>,
      |     ^
      |     requires 
[130/665] Building CXX object _deps/protobuf-build/CMakeFiles/libprotoc.dir/src/google/protobuf/compiler/csharp/csharp_field_base.cc.o
In file included from /home/tina.guest/tinylsm-writefix-source/tinylsm/build/benchmark/_deps/protobuf-src/src/google/protobuf/extension_set.h:36,
                 from /home/tina.guest/tinylsm-writefix-source/tinylsm/build/benchmark/_deps/protobuf-src/src/google/protobuf/descriptor.h:56,
                 from /home/tina.guest/tinylsm-writefix-source/tinylsm/build/benchmark/_deps/protobuf-src/src/google/protobuf/compiler/code_generator.h:26,
                 from /home/tina.guest/tinylsm-writefix-source/tinylsm/build/benchmark/_deps/protobuf-src/src/google/protobuf/compiler/csharp/csharp_field_base.h:13,
                 from /home/tina.guest/tinylsm-writefix-source/tinylsm/build/benchmark/_deps/protobuf-src/src/google/protobuf/compiler/csharp/csharp_field_base.cc:8:
/home/tina.guest/tinylsm-writefix-source/tinylsm/build/benchmark/_deps/protobuf-src/src/google/protobuf/port.h: In function ‘void google::protobuf::internal::AssertDownCast(From*)’:
/home/tina.guest/tinylsm-writefix-source/tinylsm/build/benchmark/_deps/protobuf-src/src/google/protobuf/port.h:181:5: warning: testing if a concept-id is a valid expression; add ‘requires’ to check satisfaction [-Wmissing-requires]
  181 |     std::derived_from<std::remove_pointer_t<To>,
      |     ^
      |     requires 
[131/665] Building CXX object _deps/protobuf-build/CMakeFiles/libprotoc.dir/src/google/protobuf/compiler/csharp/csharp_message_field.cc.o
In file included from /home/tina.guest/tinylsm-writefix-source/tinylsm/build/benchmark/_deps/protobuf-src/src/google/protobuf/extension_set.h:36,
                 from /home/tina.guest/tinylsm-writefix-source/tinylsm/build/benchmark/_deps/protobuf-src/src/google/protobuf/descriptor.h:56,
                 from /home/tina.guest/tinylsm-writefix-source/tinylsm/build/benchmark/_deps/protobuf-src/src/google/protobuf/compiler/code_generator.h:26,
                 from /home/tina.guest/tinylsm-writefix-source/tinylsm/build/benchmark/_deps/protobuf-src/src/google/protobuf/compiler/csharp/csharp_message_field.h:11,
                 from /home/tina.guest/tinylsm-writefix-source/tinylsm/build/benchmark/_deps/protobuf-src/src/google/protobuf/compiler/csharp/csharp_message_field.cc:8:
/home/tina.guest/tinylsm-writefix-source/tinylsm/build/benchmark/_deps/protobuf-src/src/google/protobuf/port.h: In function ‘void google::protobuf::internal::AssertDownCast(From*)’:
/home/tina.guest/tinylsm-writefix-source/tinylsm/build/benchmark/_deps/protobuf-src/src/google/protobuf/port.h:181:5: warning: testing if a concept-id is a valid expression; add ‘requires’ to check satisfaction [-Wmissing-requires]
  181 |     std::derived_from<std::remove_pointer_t<To>,
      |     ^
      |     requires 
[132/665] Building CXX object _deps/protobuf-build/CMakeFiles/libprotoc.dir/src/google/protobuf/compiler/csharp/csharp_message.cc.o
In file included from /home/tina.guest/tinylsm-writefix-source/tinylsm/build/benchmark/_deps/protobuf-src/src/google/protobuf/extension_set.h:36,
                 from /home/tina.guest/tinylsm-writefix-source/tinylsm/build/benchmark/_deps/protobuf-src/src/google/protobuf/descriptor.h:56,
                 from /home/tina.guest/tinylsm-writefix-source/tinylsm/build/benchmark/_deps/protobuf-src/src/google/protobuf/compiler/code_generator.h:26,
                 from /home/tina.guest/tinylsm-writefix-source/tinylsm/build/benchmark/_deps/protobuf-src/src/google/protobuf/compiler/csharp/csharp_message.h:14,
                 from /home/tina.guest/tinylsm-writefix-source/tinylsm/build/benchmark/_deps/protobuf-src/src/google/protobuf/compiler/csharp/csharp_message.cc:8:
/home/tina.guest/tinylsm-writefix-source/tinylsm/build/benchmark/_deps/protobuf-src/src/google/protobuf/port.h: In function ‘void google::protobuf::internal::AssertDownCast(From*)’:
/home/tina.guest/tinylsm-writefix-source/tinylsm/build/benchmark/_deps/protobuf-src/src/google/protobuf/port.h:181:5: warning: testing if a concept-id is a valid expression; add ‘requires’ to check satisfaction [-Wmissing-requires]
  181 |     std::derived_from<std::remove_pointer_t<To>,
      |     ^
      |     requires 
[133/665] Building CXX object _deps/protobuf-build/CMakeFiles/libprotoc.dir/src/google/protobuf/compiler/csharp/csharp_reflection_class.cc.o
In file included from /home/tina.guest/tinylsm-writefix-source/tinylsm/build/benchmark/_deps/protobuf-src/src/google/protobuf/extension_set.h:36,
                 from /home/tina.guest/tinylsm-writefix-source/tinylsm/build/benchmark/_deps/protobuf-src/src/google/protobuf/descriptor.h:56,
                 from /home/tina.guest/tinylsm-writefix-source/tinylsm/build/benchmark/_deps/protobuf-src/src/google/protobuf/compiler/code_generator.h:26,
                 from /home/tina.guest/tinylsm-writefix-source/tinylsm/build/benchmark/_deps/protobuf-src/src/google/protobuf/compiler/csharp/csharp_reflection_class.h:13,
                 from /home/tina.guest/tinylsm-writefix-source/tinylsm/build/benchmark/_deps/protobuf-src/src/google/protobuf/compiler/csharp/csharp_reflection_class.cc:8:
/home/tina.guest/tinylsm-writefix-source/tinylsm/build/benchmark/_deps/protobuf-src/src/google/protobuf/port.h: In function ‘void google::protobuf::internal::AssertDownCast(From*)’:
/home/tina.guest/tinylsm-writefix-source/tinylsm/build/benchmark/_deps/protobuf-src/src/google/protobuf/port.h:181:5: warning: testing if a concept-id is a valid expression; add ‘requires’ to check satisfaction [-Wmissing-requires]
  181 |     std::derived_from<std::remove_pointer_t<To>,
      |     ^
      |     requires 
[134/665] Building CXX object _deps/protobuf-build/CMakeFiles/libprotoc.dir/src/google/protobuf/compiler/csharp/csharp_repeated_enum_field.cc.o
In file included from /home/tina.guest/tinylsm-writefix-source/tinylsm/build/benchmark/_deps/protobuf-src/src/google/protobuf/extension_set.h:36,
                 from /home/tina.guest/tinylsm-writefix-source/tinylsm/build/benchmark/_deps/protobuf-src/src/google/protobuf/descriptor.h:56,
                 from /home/tina.guest/tinylsm-writefix-source/tinylsm/build/benchmark/_deps/protobuf-src/src/google/protobuf/compiler/code_generator.h:26,
                 from /home/tina.guest/tinylsm-writefix-source/tinylsm/build/benchmark/_deps/protobuf-src/src/google/protobuf/compiler/csharp/csharp_repeated_enum_field.h:11,
                 from /home/tina.guest/tinylsm-writefix-source/tinylsm/build/benchmark/_deps/protobuf-src/src/google/protobuf/compiler/csharp/csharp_repeated_enum_field.cc:8:
/home/tina.guest/tinylsm-writefix-source/tinylsm/build/benchmark/_deps/protobuf-src/src/google/protobuf/port.h: In function ‘void google::protobuf::internal::AssertDownCast(From*)’:
/home/tina.guest/tinylsm-writefix-source/tinylsm/build/benchmark/_deps/protobuf-src/src/google/protobuf/port.h:181:5: warning: testing if a concept-id is a valid expression; add ‘requires’ to check satisfaction [-Wmissing-requires]
  181 |     std::derived_from<std::remove_pointer_t<To>,
      |     ^
      |     requires 
[135/665] Building CXX object _deps/protobuf-build/CMakeFiles/libprotoc.dir/src/google/protobuf/compiler/cpp/message.cc.o
In file included from /home/tina.guest/tinylsm-writefix-source/tinylsm/build/benchmark/_deps/protobuf-src/src/google/protobuf/extension_set.h:36,
                 from /home/tina.guest/tinylsm-writefix-source/tinylsm/build/benchmark/_deps/protobuf-src/src/google/protobuf/descriptor.h:56,
                 from /home/tina.guest/tinylsm-writefix-source/tinylsm/build/benchmark/_deps/protobuf-src/src/google/protobuf/compiler/cpp/enum.h:18,
                 from /home/tina.guest/tinylsm-writefix-source/tinylsm/build/benchmark/_deps/protobuf-src/src/google/protobuf/compiler/cpp/message.h:24,
                 from /home/tina.guest/tinylsm-writefix-source/tinylsm/build/benchmark/_deps/protobuf-src/src/google/protobuf/compiler/cpp/message.cc:12:
/home/tina.guest/tinylsm-writefix-source/tinylsm/build/benchmark/_deps/protobuf-src/src/google/protobuf/port.h: In function ‘void google::protobuf::internal::AssertDownCast(From*)’:
/home/tina.guest/tinylsm-writefix-source/tinylsm/build/benchmark/_deps/protobuf-src/src/google/protobuf/port.h:181:5: warning: testing if a concept-id is a valid expression; add ‘requires’ to check satisfaction [-Wmissing-requires]
  181 |     std::derived_from<std::remove_pointer_t<To>,
      |     ^
      |     requires 
[136/665] Building CXX object _deps/protobuf-build/CMakeFiles/libprotoc.dir/src/google/protobuf/compiler/csharp/csharp_primitive_field.cc.o
In file included from /home/tina.guest/tinylsm-writefix-source/tinylsm/build/benchmark/_deps/protobuf-src/src/google/protobuf/extension_set.h:36,
                 from /home/tina.guest/tinylsm-writefix-source/tinylsm/build/benchmark/_deps/protobuf-src/src/google/protobuf/descriptor.h:56,
                 from /home/tina.guest/tinylsm-writefix-source/tinylsm/build/benchmark/_deps/protobuf-src/src/google/protobuf/compiler/code_generator.h:26,
                 from /home/tina.guest/tinylsm-writefix-source/tinylsm/build/benchmark/_deps/protobuf-src/src/google/protobuf/compiler/csharp/csharp_primitive_field.h:11,
                 from /home/tina.guest/tinylsm-writefix-source/tinylsm/build/benchmark/_deps/protobuf-src/src/google/protobuf/compiler/csharp/csharp_primitive_field.cc:8:
/home/tina.guest/tinylsm-writefix-source/tinylsm/build/benchmark/_deps/protobuf-src/src/google/protobuf/port.h: In function ‘void google::protobuf::internal::AssertDownCast(From*)’:
/home/tina.guest/tinylsm-writefix-source/tinylsm/build/benchmark/_deps/protobuf-src/src/google/protobuf/port.h:181:5: warning: testing if a concept-id is a valid expression; add ‘requires’ to check satisfaction [-Wmissing-requires]
  181 |     std::derived_from<std::remove_pointer_t<To>,
      |     ^
      |     requires 
[137/665] Building CXX object _deps/protobuf-build/CMakeFiles/libprotoc.dir/src/google/protobuf/compiler/csharp/csharp_repeated_message_field.cc.o
In file included from /home/tina.guest/tinylsm-writefix-source/tinylsm/build/benchmark/_deps/protobuf-src/src/google/protobuf/extension_set.h:36,
                 from /home/tina.guest/tinylsm-writefix-source/tinylsm/build/benchmark/_deps/protobuf-src/src/google/protobuf/descriptor.h:56,
                 from /home/tina.guest/tinylsm-writefix-source/tinylsm/build/benchmark/_deps/protobuf-src/src/google/protobuf/compiler/code_generator.h:26,
                 from /home/tina.guest/tinylsm-writefix-source/tinylsm/build/benchmark/_deps/protobuf-src/src/google/protobuf/compiler/csharp/csharp_repeated_message_field.h:11,
                 from /home/tina.guest/tinylsm-writefix-source/tinylsm/build/benchmark/_deps/protobuf-src/src/google/protobuf/compiler/csharp/csharp_repeated_message_field.cc:8:
/home/tina.guest/tinylsm-writefix-source/tinylsm/build/benchmark/_deps/protobuf-src/src/google/protobuf/port.h: In function ‘void google::protobuf::internal::AssertDownCast(From*)’:
/home/tina.guest/tinylsm-writefix-source/tinylsm/build/benchmark/_deps/protobuf-src/src/google/protobuf/port.h:181:5: warning: testing if a concept-id is a valid expression; add ‘requires’ to check satisfaction [-Wmissing-requires]
  181 |     std::derived_from<std::remove_pointer_t<To>,
      |     ^
      |     requires 
[138/665] Building CXX object _deps/protobuf-build/CMakeFiles/libprotoc.dir/src/google/protobuf/compiler/csharp/csharp_wrapper_field.cc.o
In file included from /home/tina.guest/tinylsm-writefix-source/tinylsm/build/benchmark/_deps/protobuf-src/src/google/protobuf/extension_set.h:36,
                 from /home/tina.guest/tinylsm-writefix-source/tinylsm/build/benchmark/_deps/protobuf-src/src/google/protobuf/descriptor.h:56,
                 from /home/tina.guest/tinylsm-writefix-source/tinylsm/build/benchmark/_deps/protobuf-src/src/google/protobuf/compiler/code_generator.h:26,
                 from /home/tina.guest/tinylsm-writefix-source/tinylsm/build/benchmark/_deps/protobuf-src/src/google/protobuf/compiler/csharp/csharp_wrapper_field.h:11,
                 from /home/tina.guest/tinylsm-writefix-source/tinylsm/build/benchmark/_deps/protobuf-src/src/google/protobuf/compiler/csharp/csharp_wrapper_field.cc:8:
/home/tina.guest/tinylsm-writefix-source/tinylsm/build/benchmark/_deps/protobuf-src/src/google/protobuf/port.h: In function ‘void google::protobuf::internal::AssertDownCast(From*)’:
/home/tina.guest/tinylsm-writefix-source/tinylsm/build/benchmark/_deps/protobuf-src/src/google/protobuf/port.h:181:5: warning: testing if a concept-id is a valid expression; add ‘requires’ to check satisfaction [-Wmissing-requires]
  181 |     std::derived_from<std::remove_pointer_t<To>,
      |     ^
      |     requires 
[139/665] Building CXX object _deps/protobuf-build/CMakeFiles/libprotoc.dir/src/google/protobuf/compiler/csharp/names.cc.o
In file included from /home/tina.guest/tinylsm-writefix-source/tinylsm/build/benchmark/_deps/protobuf-src/src/google/protobuf/arena.h:38,
                 from /home/tina.guest/tinylsm-writefix-source/tinylsm/build/benchmark/_deps/protobuf-src/src/google/protobuf/descriptor.pb.h:21,
                 from /home/tina.guest/tinylsm-writefix-source/tinylsm/build/benchmark/_deps/protobuf-src/src/google/protobuf/compiler/csharp/names.cc:21:
/home/tina.guest/tinylsm-writefix-source/tinylsm/build/benchmark/_deps/protobuf-src/src/google/protobuf/port.h: In function ‘void google::protobuf::internal::AssertDownCast(From*)’:
/home/tina.guest/tinylsm-writefix-source/tinylsm/build/benchmark/_deps/protobuf-src/src/google/protobuf/port.h:181:5: warning: testing if a concept-id is a valid expression; add ‘requires’ to check satisfaction [-Wmissing-requires]
  181 |     std::derived_from<std::remove_pointer_t<To>,
      |     ^
      |     requires 
[140/665] Building CXX object _deps/protobuf-build/CMakeFiles/libprotoc.dir/src/google/protobuf/compiler/csharp/csharp_repeated_primitive_field.cc.o
In file included from /home/tina.guest/tinylsm-writefix-source/tinylsm/build/benchmark/_deps/protobuf-src/src/google/protobuf/extension_set.h:36,
                 from /home/tina.guest/tinylsm-writefix-source/tinylsm/build/benchmark/_deps/protobuf-src/src/google/protobuf/descriptor.h:56,
                 from /home/tina.guest/tinylsm-writefix-source/tinylsm/build/benchmark/_deps/protobuf-src/src/google/protobuf/compiler/code_generator.h:26,
                 from /home/tina.guest/tinylsm-writefix-source/tinylsm/build/benchmark/_deps/protobuf-src/src/google/protobuf/compiler/csharp/csharp_repeated_primitive_field.h:11,
                 from /home/tina.guest/tinylsm-writefix-source/tinylsm/build/benchmark/_deps/protobuf-src/src/google/protobuf/compiler/csharp/csharp_repeated_primitive_field.cc:8:
/home/tina.guest/tinylsm-writefix-source/tinylsm/build/benchmark/_deps/protobuf-src/src/google/protobuf/port.h: In function ‘void google::protobuf::internal::AssertDownCast(From*)’:
/home/tina.guest/tinylsm-writefix-source/tinylsm/build/benchmark/_deps/protobuf-src/src/google/protobuf/port.h:181:5: warning: testing if a concept-id is a valid expression; add ‘requires’ to check satisfaction [-Wmissing-requires]
  181 |     std::derived_from<std::remove_pointer_t<To>,
      |     ^
      |     requires 
[141/665] Building CXX object _deps/protobuf-build/CMakeFiles/libprotoc.dir/src/google/protobuf/compiler/csharp/csharp_source_generator_base.cc.o
In file included from /home/tina.guest/tinylsm-writefix-source/tinylsm/build/benchmark/_deps/protobuf-src/src/google/protobuf/extension_set.h:36,
                 from /home/tina.guest/tinylsm-writefix-source/tinylsm/build/benchmark/_deps/protobuf-src/src/google/protobuf/descriptor.h:56,
                 from /home/tina.guest/tinylsm-writefix-source/tinylsm/build/benchmark/_deps/protobuf-src/src/google/protobuf/compiler/code_generator.h:26,
                 from /home/tina.guest/tinylsm-writefix-source/tinylsm/build/benchmark/_deps/protobuf-src/src/google/protobuf/compiler/csharp/csharp_source_generator_base.h:13,
                 from /home/tina.guest/tinylsm-writefix-source/tinylsm/build/benchmark/_deps/protobuf-src/src/google/protobuf/compiler/csharp/csharp_source_generator_base.cc:8:
/home/tina.guest/tinylsm-writefix-source/tinylsm/build/benchmark/_deps/protobuf-src/src/google/protobuf/port.h: In function ‘void google::protobuf::internal::AssertDownCast(From*)’:
/home/tina.guest/tinylsm-writefix-source/tinylsm/build/benchmark/_deps/protobuf-src/src/google/protobuf/port.h:181:5: warning: testing if a concept-id is a valid expression; add ‘requires’ to check satisfaction [-Wmissing-requires]
  181 |     std::derived_from<std::remove_pointer_t<To>,
      |     ^
      |     requires 
[142/665] Building CXX object _deps/protobuf-build/CMakeFiles/libprotoc.dir/src/google/protobuf/compiler/java/context.cc.o
In file included from /home/tina.guest/tinylsm-writefix-source/tinylsm/build/benchmark/_deps/protobuf-src/src/google/protobuf/compiler/java/options.h:13,
                 from /home/tina.guest/tinylsm-writefix-source/tinylsm/build/benchmark/_deps/protobuf-src/src/google/protobuf/compiler/java/names.h:21,
                 from /home/tina.guest/tinylsm-writefix-source/tinylsm/build/benchmark/_deps/protobuf-src/src/google/protobuf/compiler/java/helpers.h:19,
                 from /home/tina.guest/tinylsm-writefix-source/tinylsm/build/benchmark/_deps/protobuf-src/src/google/protobuf/compiler/java/context.h:15,
                 from /home/tina.guest/tinylsm-writefix-source/tinylsm/build/benchmark/_deps/protobuf-src/src/google/protobuf/compiler/java/context.cc:8:
/home/tina.guest/tinylsm-writefix-source/tinylsm/build/benchmark/_deps/protobuf-src/src/google/protobuf/port.h: In function ‘void google::protobuf::internal::AssertDownCast(From*)’:
/home/tina.guest/tinylsm-writefix-source/tinylsm/build/benchmark/_deps/protobuf-src/src/google/protobuf/port.h:181:5: warning: testing if a concept-id is a valid expression; add ‘requires’ to check satisfaction [-Wmissing-requires]
  181 |     std::derived_from<std::remove_pointer_t<To>,
      |     ^
      |     requires 
[143/665] Building CXX object _deps/protobuf-build/CMakeFiles/libprotoc.dir/src/google/protobuf/compiler/java/doc_comment.cc.o
In file included from /home/tina.guest/tinylsm-writefix-source/tinylsm/build/benchmark/_deps/protobuf-src/src/google/protobuf/compiler/java/options.h:13,
                 from /home/tina.guest/tinylsm-writefix-source/tinylsm/build/benchmark/_deps/protobuf-src/src/google/protobuf/compiler/java/doc_comment.h:16,
                 from /home/tina.guest/tinylsm-writefix-source/tinylsm/build/benchmark/_deps/protobuf-src/src/google/protobuf/compiler/java/doc_comment.cc:12:
/home/tina.guest/tinylsm-writefix-source/tinylsm/build/benchmark/_deps/protobuf-src/src/google/protobuf/port.h: In function ‘void google::protobuf::internal::AssertDownCast(From*)’:
/home/tina.guest/tinylsm-writefix-source/tinylsm/build/benchmark/_deps/protobuf-src/src/google/protobuf/port.h:181:5: warning: testing if a concept-id is a valid expression; add ‘requires’ to check satisfaction [-Wmissing-requires]
  181 |     std::derived_from<std::remove_pointer_t<To>,
      |     ^
      |     requires 
[144/665] Building CXX object _deps/protobuf-build/CMakeFiles/libprotoc.dir/src/google/protobuf/compiler/java/full/enum.cc.o
In file included from /home/tina.guest/tinylsm-writefix-source/tinylsm/build/benchmark/_deps/protobuf-src/src/google/protobuf/compiler/java/options.h:13,
                 from /home/tina.guest/tinylsm-writefix-source/tinylsm/build/benchmark/_deps/protobuf-src/src/google/protobuf/compiler/java/names.h:21,
                 from /home/tina.guest/tinylsm-writefix-source/tinylsm/build/benchmark/_deps/protobuf-src/src/google/protobuf/compiler/java/helpers.h:19,
                 from /home/tina.guest/tinylsm-writefix-source/tinylsm/build/benchmark/_deps/protobuf-src/src/google/protobuf/compiler/java/context.h:15,
                 from /home/tina.guest/tinylsm-writefix-source/tinylsm/build/benchmark/_deps/protobuf-src/src/google/protobuf/compiler/java/generator_factory.h:19,
                 from /home/tina.guest/tinylsm-writefix-source/tinylsm/build/benchmark/_deps/protobuf-src/src/google/protobuf/compiler/java/full/enum.h:18,
                 from /home/tina.guest/tinylsm-writefix-source/tinylsm/build/benchmark/_deps/protobuf-src/src/google/protobuf/compiler/java/full/enum.cc:12:
/home/tina.guest/tinylsm-writefix-source/tinylsm/build/benchmark/_deps/protobuf-src/src/google/protobuf/port.h: In function ‘void google::protobuf::internal::AssertDownCast(From*)’:
/home/tina.guest/tinylsm-writefix-source/tinylsm/build/benchmark/_deps/protobuf-src/src/google/protobuf/port.h:181:5: warning: testing if a concept-id is a valid expression; add ‘requires’ to check satisfaction [-Wmissing-requires]
  181 |     std::derived_from<std::remove_pointer_t<To>,
      |     ^
      |     requires 
[145/665] Building CXX object _deps/protobuf-build/CMakeFiles/libprotoc.dir/src/google/protobuf/compiler/java/field_common.cc.o
In file included from /home/tina.guest/tinylsm-writefix-source/tinylsm/build/benchmark/_deps/protobuf-src/src/google/protobuf/compiler/java/options.h:13,
                 from /home/tina.guest/tinylsm-writefix-source/tinylsm/build/benchmark/_deps/protobuf-src/src/google/protobuf/compiler/java/field_common.h:6,
                 from /home/tina.guest/tinylsm-writefix-source/tinylsm/build/benchmark/_deps/protobuf-src/src/google/protobuf/compiler/java/field_common.cc:1:
/home/tina.guest/tinylsm-writefix-source/tinylsm/build/benchmark/_deps/protobuf-src/src/google/protobuf/port.h: In function ‘void google::protobuf::internal::AssertDownCast(From*)’:
/home/tina.guest/tinylsm-writefix-source/tinylsm/build/benchmark/_deps/protobuf-src/src/google/protobuf/port.h:181:5: warning: testing if a concept-id is a valid expression; add ‘requires’ to check satisfaction [-Wmissing-requires]
  181 |     std::derived_from<std::remove_pointer_t<To>,
      |     ^
      |     requires 
[146/665] Building CXX object _deps/protobuf-build/CMakeFiles/libprotoc.dir/src/google/protobuf/compiler/java/full/extension.cc.o
In file included from /home/tina.guest/tinylsm-writefix-source/tinylsm/build/benchmark/_deps/protobuf-src/src/google/protobuf/compiler/java/options.h:13,
                 from /home/tina.guest/tinylsm-writefix-source/tinylsm/build/benchmark/_deps/protobuf-src/src/google/protobuf/compiler/java/names.h:21,
                 from /home/tina.guest/tinylsm-writefix-source/tinylsm/build/benchmark/_deps/protobuf-src/src/google/protobuf/compiler/java/helpers.h:19,
                 from /home/tina.guest/tinylsm-writefix-source/tinylsm/build/benchmark/_deps/protobuf-src/src/google/protobuf/compiler/java/context.h:15,
                 from /home/tina.guest/tinylsm-writefix-source/tinylsm/build/benchmark/_deps/protobuf-src/src/google/protobuf/compiler/java/generator_factory.h:19,
                 from /home/tina.guest/tinylsm-writefix-source/tinylsm/build/benchmark/_deps/protobuf-src/src/google/protobuf/compiler/java/full/extension.h:18,
                 from /home/tina.guest/tinylsm-writefix-source/tinylsm/build/benchmark/_deps/protobuf-src/src/google/protobuf/compiler/java/full/extension.cc:12:
/home/tina.guest/tinylsm-writefix-source/tinylsm/build/benchmark/_deps/protobuf-src/src/google/protobuf/port.h: In function ‘void google::protobuf::internal::AssertDownCast(From*)’:
/home/tina.guest/tinylsm-writefix-source/tinylsm/build/benchmark/_deps/protobuf-src/src/google/protobuf/port.h:181:5: warning: testing if a concept-id is a valid expression; add ‘requires’ to check satisfaction [-Wmissing-requires]
  181 |     std::derived_from<std::remove_pointer_t<To>,
      |     ^
      |     requires 
[147/665] Building CXX object _deps/protobuf-build/CMakeFiles/libprotoc.dir/src/google/protobuf/compiler/java/file.cc.o
In file included from /home/tina.guest/tinylsm-writefix-source/tinylsm/build/benchmark/_deps/protobuf-src/src/google/protobuf/compiler/java/options.h:13,
                 from /home/tina.guest/tinylsm-writefix-source/tinylsm/build/benchmark/_deps/protobuf-src/src/google/protobuf/compiler/java/file.h:19,
                 from /home/tina.guest/tinylsm-writefix-source/tinylsm/build/benchmark/_deps/protobuf-src/src/google/protobuf/compiler/java/file.cc:12:
/home/tina.guest/tinylsm-writefix-source/tinylsm/build/benchmark/_deps/protobuf-src/src/google/protobuf/port.h: In function ‘void google::protobuf::internal::AssertDownCast(From*)’:
/home/tina.guest/tinylsm-writefix-source/tinylsm/build/benchmark/_deps/protobuf-src/src/google/protobuf/port.h:181:5: warning: testing if a concept-id is a valid expression; add ‘requires’ to check satisfaction [-Wmissing-requires]
  181 |     std::derived_from<std::remove_pointer_t<To>,
      |     ^
      |     requires 
[148/665] Building CXX object _deps/protobuf-build/CMakeFiles/libprotoc.dir/src/google/protobuf/compiler/java/full/make_field_gens.cc.o
In file included from /home/tina.guest/tinylsm-writefix-source/tinylsm/build/benchmark/_deps/protobuf-src/src/google/protobuf/compiler/java/options.h:13,
                 from /home/tina.guest/tinylsm-writefix-source/tinylsm/build/benchmark/_deps/protobuf-src/src/google/protobuf/compiler/java/names.h:21,
                 from /home/tina.guest/tinylsm-writefix-source/tinylsm/build/benchmark/_deps/protobuf-src/src/google/protobuf/compiler/java/helpers.h:19,
                 from /home/tina.guest/tinylsm-writefix-source/tinylsm/build/benchmark/_deps/protobuf-src/src/google/protobuf/compiler/java/context.h:15,
                 from /home/tina.guest/tinylsm-writefix-source/tinylsm/build/benchmark/_deps/protobuf-src/src/google/protobuf/compiler/java/full/make_field_gens.cc:15:
/home/tina.guest/tinylsm-writefix-source/tinylsm/build/benchmark/_deps/protobuf-src/src/google/protobuf/port.h: In function ‘void google::protobuf::internal::AssertDownCast(From*)’:
/home/tina.guest/tinylsm-writefix-source/tinylsm/build/benchmark/_deps/protobuf-src/src/google/protobuf/port.h:181:5: warning: testing if a concept-id is a valid expression; add ‘requires’ to check satisfaction [-Wmissing-requires]
  181 |     std::derived_from<std::remove_pointer_t<To>,
      |     ^
      |     requires 
[149/665] Building CXX object _deps/protobuf-build/CMakeFiles/libprotoc.dir/src/google/protobuf/compiler/java/full/generator_factory.cc.o
In file included from /home/tina.guest/tinylsm-writefix-source/tinylsm/build/benchmark/_deps/protobuf-src/src/google/protobuf/compiler/java/options.h:13,
                 from /home/tina.guest/tinylsm-writefix-source/tinylsm/build/benchmark/_deps/protobuf-src/src/google/protobuf/compiler/java/names.h:21,
                 from /home/tina.guest/tinylsm-writefix-source/tinylsm/build/benchmark/_deps/protobuf-src/src/google/protobuf/compiler/java/helpers.h:19,
                 from /home/tina.guest/tinylsm-writefix-source/tinylsm/build/benchmark/_deps/protobuf-src/src/google/protobuf/compiler/java/context.h:15,
                 from /home/tina.guest/tinylsm-writefix-source/tinylsm/build/benchmark/_deps/protobuf-src/src/google/protobuf/compiler/java/generator_factory.h:19,
                 from /home/tina.guest/tinylsm-writefix-source/tinylsm/build/benchmark/_deps/protobuf-src/src/google/protobuf/compiler/java/full/generator_factory.cc:10:
/home/tina.guest/tinylsm-writefix-source/tinylsm/build/benchmark/_deps/protobuf-src/src/google/protobuf/port.h: In function ‘void google::protobuf::internal::AssertDownCast(From*)’:
/home/tina.guest/tinylsm-writefix-source/tinylsm/build/benchmark/_deps/protobuf-src/src/google/protobuf/port.h:181:5: warning: testing if a concept-id is a valid expression; add ‘requires’ to check satisfaction [-Wmissing-requires]
  181 |     std::derived_from<std::remove_pointer_t<To>,
      |     ^
      |     requires 
[150/665] Building CXX object _deps/protobuf-build/CMakeFiles/libprotoc.dir/src/google/protobuf/compiler/java/full/enum_field.cc.o
In file included from /home/tina.guest/tinylsm-writefix-source/tinylsm/build/benchmark/_deps/protobuf-src/src/google/protobuf/compiler/java/options.h:13,
                 from /home/tina.guest/tinylsm-writefix-source/tinylsm/build/benchmark/_deps/protobuf-src/src/google/protobuf/compiler/java/names.h:21,
                 from /home/tina.guest/tinylsm-writefix-source/tinylsm/build/benchmark/_deps/protobuf-src/src/google/protobuf/compiler/java/helpers.h:19,
                 from /home/tina.guest/tinylsm-writefix-source/tinylsm/build/benchmark/_deps/protobuf-src/src/google/protobuf/compiler/java/context.h:15,
                 from /home/tina.guest/tinylsm-writefix-source/tinylsm/build/benchmark/_deps/protobuf-src/src/google/protobuf/compiler/java/generator_common.h:10,
                 from /home/tina.guest/tinylsm-writefix-source/tinylsm/build/benchmark/_deps/protobuf-src/src/google/protobuf/compiler/java/full/field_generator.h:6,
                 from /home/tina.guest/tinylsm-writefix-source/tinylsm/build/benchmark/_deps/protobuf-src/src/google/protobuf/compiler/java/full/enum_field.h:18,
                 from /home/tina.guest/tinylsm-writefix-source/tinylsm/build/benchmark/_deps/protobuf-src/src/google/protobuf/compiler/java/full/enum_field.cc:12:
/home/tina.guest/tinylsm-writefix-source/tinylsm/build/benchmark/_deps/protobuf-src/src/google/protobuf/port.h: In function ‘void google::protobuf::internal::AssertDownCast(From*)’:
/home/tina.guest/tinylsm-writefix-source/tinylsm/build/benchmark/_deps/protobuf-src/src/google/protobuf/port.h:181:5: warning: testing if a concept-id is a valid expression; add ‘requires’ to check satisfaction [-Wmissing-requires]
  181 |     std::derived_from<std::remove_pointer_t<To>,
      |     ^
      |     requires 
[151/665] Building CXX object _deps/protobuf-build/CMakeFiles/libprotoc.dir/src/google/protobuf/compiler/java/full/map_field.cc.o
In file included from /home/tina.guest/tinylsm-writefix-source/tinylsm/build/benchmark/_deps/protobuf-src/src/google/protobuf/compiler/java/options.h:13,
                 from /home/tina.guest/tinylsm-writefix-source/tinylsm/build/benchmark/_deps/protobuf-src/src/google/protobuf/compiler/java/names.h:21,
                 from /home/tina.guest/tinylsm-writefix-source/tinylsm/build/benchmark/_deps/protobuf-src/src/google/protobuf/compiler/java/helpers.h:19,
                 from /home/tina.guest/tinylsm-writefix-source/tinylsm/build/benchmark/_deps/protobuf-src/src/google/protobuf/compiler/java/context.h:15,
                 from /home/tina.guest/tinylsm-writefix-source/tinylsm/build/benchmark/_deps/protobuf-src/src/google/protobuf/compiler/java/full/map_field.h:11,
                 from /home/tina.guest/tinylsm-writefix-source/tinylsm/build/benchmark/_deps/protobuf-src/src/google/protobuf/compiler/java/full/map_field.cc:8:
/home/tina.guest/tinylsm-writefix-source/tinylsm/build/benchmark/_deps/protobuf-src/src/google/protobuf/port.h: In function ‘void google::protobuf::internal::AssertDownCast(From*)’:
/home/tina.guest/tinylsm-writefix-source/tinylsm/build/benchmark/_deps/protobuf-src/src/google/protobuf/port.h:181:5: warning: testing if a concept-id is a valid expression; add ‘requires’ to check satisfaction [-Wmissing-requires]
  181 |     std::derived_from<std::remove_pointer_t<To>,
      |     ^
      |     requires 
[152/665] Building CXX object _deps/protobuf-build/CMakeFiles/libprotoc.dir/src/google/protobuf/compiler/java/full/message_builder.cc.o
In file included from /home/tina.guest/tinylsm-writefix-source/tinylsm/build/benchmark/_deps/protobuf-src/src/google/protobuf/compiler/java/options.h:13,
                 from /home/tina.guest/tinylsm-writefix-source/tinylsm/build/benchmark/_deps/protobuf-src/src/google/protobuf/compiler/java/names.h:21,
                 from /home/tina.guest/tinylsm-writefix-source/tinylsm/build/benchmark/_deps/protobuf-src/src/google/protobuf/compiler/java/helpers.h:19,
                 from /home/tina.guest/tinylsm-writefix-source/tinylsm/build/benchmark/_deps/protobuf-src/src/google/protobuf/compiler/java/context.h:15,
                 from /home/tina.guest/tinylsm-writefix-source/tinylsm/build/benchmark/_deps/protobuf-src/src/google/protobuf/compiler/java/generator_common.h:10,
                 from /home/tina.guest/tinylsm-writefix-source/tinylsm/build/benchmark/_deps/protobuf-src/src/google/protobuf/compiler/java/full/field_generator.h:6,
                 from /home/tina.guest/tinylsm-writefix-source/tinylsm/build/benchmark/_deps/protobuf-src/src/google/protobuf/compiler/java/full/message_builder.h:20,
                 from /home/tina.guest/tinylsm-writefix-source/tinylsm/build/benchmark/_deps/protobuf-src/src/google/protobuf/compiler/java/full/message_builder.cc:12:
/home/tina.guest/tinylsm-writefix-source/tinylsm/build/benchmark/_deps/protobuf-src/src/google/protobuf/port.h: In function ‘void google::protobuf::internal::AssertDownCast(From*)’:
/home/tina.guest/tinylsm-writefix-source/tinylsm/build/benchmark/_deps/protobuf-src/src/google/protobuf/port.h:181:5: warning: testing if a concept-id is a valid expression; add ‘requires’ to check satisfaction [-Wmissing-requires]
  181 |     std::derived_from<std::remove_pointer_t<To>,
      |     ^
      |     requires 
[153/665] Building CXX object _deps/protobuf-build/CMakeFiles/libprotoc.dir/src/google/protobuf/compiler/java/full/message.cc.o
In file included from /home/tina.guest/tinylsm-writefix-source/tinylsm/build/benchmark/_deps/protobuf-src/src/google/protobuf/compiler/java/options.h:13,
                 from /home/tina.guest/tinylsm-writefix-source/tinylsm/build/benchmark/_deps/protobuf-src/src/google/protobuf/compiler/java/names.h:21,
                 from /home/tina.guest/tinylsm-writefix-source/tinylsm/build/benchmark/_deps/protobuf-src/src/google/protobuf/compiler/java/helpers.h:19,
                 from /home/tina.guest/tinylsm-writefix-source/tinylsm/build/benchmark/_deps/protobuf-src/src/google/protobuf/compiler/java/context.h:15,
                 from /home/tina.guest/tinylsm-writefix-source/tinylsm/build/benchmark/_deps/protobuf-src/src/google/protobuf/compiler/java/generator_factory.h:19,
                 from /home/tina.guest/tinylsm-writefix-source/tinylsm/build/benchmark/_deps/protobuf-src/src/google/protobuf/compiler/java/full/message.h:19,
                 from /home/tina.guest/tinylsm-writefix-source/tinylsm/build/benchmark/_deps/protobuf-src/src/google/protobuf/compiler/java/full/message.cc:12:
/home/tina.guest/tinylsm-writefix-source/tinylsm/build/benchmark/_deps/protobuf-src/src/google/protobuf/port.h: In function ‘void google::protobuf::internal::AssertDownCast(From*)’:
/home/tina.guest/tinylsm-writefix-source/tinylsm/build/benchmark/_deps/protobuf-src/src/google/protobuf/port.h:181:5: warning: testing if a concept-id is a valid expression; add ‘requires’ to check satisfaction [-Wmissing-requires]
  181 |     std::derived_from<std::remove_pointer_t<To>,
      |     ^
      |     requires 
[154/665] Building CXX object _deps/protobuf-build/CMakeFiles/libprotoc.dir/src/google/protobuf/compiler/java/full/primitive_field.cc.o
In file included from /home/tina.guest/tinylsm-writefix-source/tinylsm/build/benchmark/_deps/protobuf-src/src/google/protobuf/compiler/java/options.h:13,
                 from /home/tina.guest/tinylsm-writefix-source/tinylsm/build/benchmark/_deps/protobuf-src/src/google/protobuf/compiler/java/names.h:21,
                 from /home/tina.guest/tinylsm-writefix-source/tinylsm/build/benchmark/_deps/protobuf-src/src/google/protobuf/compiler/java/helpers.h:19,
                 from /home/tina.guest/tinylsm-writefix-source/tinylsm/build/benchmark/_deps/protobuf-src/src/google/protobuf/compiler/java/context.h:15,
                 from /home/tina.guest/tinylsm-writefix-source/tinylsm/build/benchmark/_deps/protobuf-src/src/google/protobuf/compiler/java/generator_common.h:10,
                 from /home/tina.guest/tinylsm-writefix-source/tinylsm/build/benchmark/_deps/protobuf-src/src/google/protobuf/compiler/java/full/field_generator.h:6,
                 from /home/tina.guest/tinylsm-writefix-source/tinylsm/build/benchmark/_deps/protobuf-src/src/google/protobuf/compiler/java/full/primitive_field.h:17,
                 from /home/tina.guest/tinylsm-writefix-source/tinylsm/build/benchmark/_deps/protobuf-src/src/google/protobuf/compiler/java/full/primitive_field.cc:12:
/home/tina.guest/tinylsm-writefix-source/tinylsm/build/benchmark/_deps/protobuf-src/src/google/protobuf/port.h: In function ‘void google::protobuf::internal::AssertDownCast(From*)’:
/home/tina.guest/tinylsm-writefix-source/tinylsm/build/benchmark/_deps/protobuf-src/src/google/protobuf/port.h:181:5: warning: testing if a concept-id is a valid expression; add ‘requires’ to check satisfaction [-Wmissing-requires]
  181 |     std::derived_from<std::remove_pointer_t<To>,
      |     ^
      |     requires 
[155/665] Building CXX object _deps/protobuf-build/CMakeFiles/libprotoc.dir/src/google/protobuf/compiler/java/full/service.cc.o
In file included from /home/tina.guest/tinylsm-writefix-source/tinylsm/build/benchmark/_deps/protobuf-src/src/google/protobuf/compiler/java/options.h:13,
                 from /home/tina.guest/tinylsm-writefix-source/tinylsm/build/benchmark/_deps/protobuf-src/src/google/protobuf/compiler/java/names.h:21,
                 from /home/tina.guest/tinylsm-writefix-source/tinylsm/build/benchmark/_deps/protobuf-src/src/google/protobuf/compiler/java/helpers.h:19,
                 from /home/tina.guest/tinylsm-writefix-source/tinylsm/build/benchmark/_deps/protobuf-src/src/google/protobuf/compiler/java/context.h:15,
                 from /home/tina.guest/tinylsm-writefix-source/tinylsm/build/benchmark/_deps/protobuf-src/src/google/protobuf/compiler/java/generator_factory.h:19,
                 from /home/tina.guest/tinylsm-writefix-source/tinylsm/build/benchmark/_deps/protobuf-src/src/google/protobuf/compiler/java/full/service.h:15,
                 from /home/tina.guest/tinylsm-writefix-source/tinylsm/build/benchmark/_deps/protobuf-src/src/google/protobuf/compiler/java/full/service.cc:12:
/home/tina.guest/tinylsm-writefix-source/tinylsm/build/benchmark/_deps/protobuf-src/src/google/protobuf/port.h: In function ‘void google::protobuf::internal::AssertDownCast(From*)’:
/home/tina.guest/tinylsm-writefix-source/tinylsm/build/benchmark/_deps/protobuf-src/src/google/protobuf/port.h:181:5: warning: testing if a concept-id is a valid expression; add ‘requires’ to check satisfaction [-Wmissing-requires]
  181 |     std::derived_from<std::remove_pointer_t<To>,
      |     ^
      |     requires 
[156/665] Building CXX object _deps/protobuf-build/CMakeFiles/libprotoc.dir/src/google/protobuf/compiler/java/full/message_field.cc.o
In file included from /home/tina.guest/tinylsm-writefix-source/tinylsm/build/benchmark/_deps/protobuf-src/src/google/protobuf/compiler/java/options.h:13,
                 from /home/tina.guest/tinylsm-writefix-source/tinylsm/build/benchmark/_deps/protobuf-src/src/google/protobuf/compiler/java/names.h:21,
                 from /home/tina.guest/tinylsm-writefix-source/tinylsm/build/benchmark/_deps/protobuf-src/src/google/protobuf/compiler/java/helpers.h:19,
                 from /home/tina.guest/tinylsm-writefix-source/tinylsm/build/benchmark/_deps/protobuf-src/src/google/protobuf/compiler/java/context.h:15,
                 from /home/tina.guest/tinylsm-writefix-source/tinylsm/build/benchmark/_deps/protobuf-src/src/google/protobuf/compiler/java/generator_common.h:10,
                 from /home/tina.guest/tinylsm-writefix-source/tinylsm/build/benchmark/_deps/protobuf-src/src/google/protobuf/compiler/java/full/field_generator.h:6,
                 from /home/tina.guest/tinylsm-writefix-source/tinylsm/build/benchmark/_deps/protobuf-src/src/google/protobuf/compiler/java/full/message_field.h:17,
                 from /home/tina.guest/tinylsm-writefix-source/tinylsm/build/benchmark/_deps/protobuf-src/src/google/protobuf/compiler/java/full/message_field.cc:12:
/home/tina.guest/tinylsm-writefix-source/tinylsm/build/benchmark/_deps/protobuf-src/src/google/protobuf/port.h: In function ‘void google::protobuf::internal::AssertDownCast(From*)’:
/home/tina.guest/tinylsm-writefix-source/tinylsm/build/benchmark/_deps/protobuf-src/src/google/protobuf/port.h:181:5: warning: testing if a concept-id is a valid expression; add ‘requires’ to check satisfaction [-Wmissing-requires]
  181 |     std::derived_from<std::remove_pointer_t<To>,
      |     ^
      |     requires 
[157/665] Building CXX object _deps/protobuf-build/CMakeFiles/libprotoc.dir/src/google/protobuf/compiler/java/generator.cc.o
In file included from /home/tina.guest/tinylsm-writefix-source/tinylsm/build/benchmark/_deps/protobuf-src/src/google/protobuf/arena.h:38,
                 from /home/tina.guest/tinylsm-writefix-source/tinylsm/build/benchmark/_deps/protobuf-src/src/google/protobuf/compiler/java/java_features.pb.h:21,
                 from /home/tina.guest/tinylsm-writefix-source/tinylsm/build/benchmark/_deps/protobuf-src/src/google/protobuf/compiler/java/generator.h:21,
                 from /home/tina.guest/tinylsm-writefix-source/tinylsm/build/benchmark/_deps/protobuf-src/src/google/protobuf/compiler/java/generator.cc:12:
/home/tina.guest/tinylsm-writefix-source/tinylsm/build/benchmark/_deps/protobuf-src/src/google/protobuf/port.h: In function ‘void google::protobuf::internal::AssertDownCast(From*)’:
/home/tina.guest/tinylsm-writefix-source/tinylsm/build/benchmark/_deps/protobuf-src/src/google/protobuf/port.h:181:5: warning: testing if a concept-id is a valid expression; add ‘requires’ to check satisfaction [-Wmissing-requires]
  181 |     std::derived_from<std::remove_pointer_t<To>,
      |     ^
      |     requires 
[158/665] Building CXX object _deps/protobuf-build/CMakeFiles/libprotoc.dir/src/google/protobuf/compiler/java/java_features.pb.cc.o
In file included from /home/tina.guest/tinylsm-writefix-source/tinylsm/build/benchmark/_deps/protobuf-src/src/google/protobuf/arena.h:38,
                 from /home/tina.guest/tinylsm-writefix-source/tinylsm/build/benchmark/_deps/protobuf-src/src/google/protobuf/compiler/java/java_features.pb.h:21,
                 from /home/tina.guest/tinylsm-writefix-source/tinylsm/build/benchmark/_deps/protobuf-src/src/google/protobuf/compiler/java/java_features.pb.cc:6:
/home/tina.guest/tinylsm-writefix-source/tinylsm/build/benchmark/_deps/protobuf-src/src/google/protobuf/port.h: In function ‘void google::protobuf::internal::AssertDownCast(From*)’:
/home/tina.guest/tinylsm-writefix-source/tinylsm/build/benchmark/_deps/protobuf-src/src/google/protobuf/port.h:181:5: warning: testing if a concept-id is a valid expression; add ‘requires’ to check satisfaction [-Wmissing-requires]
  181 |     std::derived_from<std::remove_pointer_t<To>,
      |     ^
      |     requires 
[159/665] Building CXX object _deps/protobuf-build/CMakeFiles/libprotoc.dir/src/google/protobuf/compiler/java/internal_helpers.cc.o
In file included from /home/tina.guest/tinylsm-writefix-source/tinylsm/build/benchmark/_deps/protobuf-src/src/google/protobuf/arena.h:38,
                 from /home/tina.guest/tinylsm-writefix-source/tinylsm/build/benchmark/_deps/protobuf-src/src/google/protobuf/compiler/java/java_features.pb.h:21,
                 from /home/tina.guest/tinylsm-writefix-source/tinylsm/build/benchmark/_deps/protobuf-src/src/google/protobuf/compiler/java/internal_helpers.h:15,
                 from /home/tina.guest/tinylsm-writefix-source/tinylsm/build/benchmark/_deps/protobuf-src/src/google/protobuf/compiler/java/internal_helpers.cc:12:
/home/tina.guest/tinylsm-writefix-source/tinylsm/build/benchmark/_deps/protobuf-src/src/google/protobuf/port.h: In function ‘void google::protobuf::internal::AssertDownCast(From*)’:
/home/tina.guest/tinylsm-writefix-source/tinylsm/build/benchmark/_deps/protobuf-src/src/google/protobuf/port.h:181:5: warning: testing if a concept-id is a valid expression; add ‘requires’ to check satisfaction [-Wmissing-requires]
  181 |     std::derived_from<std::remove_pointer_t<To>,
      |     ^
      |     requires 
[160/665] Building CXX object _deps/protobuf-build/CMakeFiles/libprotoc.dir/src/google/protobuf/compiler/java/full/string_field.cc.o
In file included from /home/tina.guest/tinylsm-writefix-source/tinylsm/build/benchmark/_deps/protobuf-src/src/google/protobuf/compiler/java/options.h:13,
                 from /home/tina.guest/tinylsm-writefix-source/tinylsm/build/benchmark/_deps/protobuf-src/src/google/protobuf/compiler/java/names.h:21,
                 from /home/tina.guest/tinylsm-writefix-source/tinylsm/build/benchmark/_deps/protobuf-src/src/google/protobuf/compiler/java/helpers.h:19,
                 from /home/tina.guest/tinylsm-writefix-source/tinylsm/build/benchmark/_deps/protobuf-src/src/google/protobuf/compiler/java/context.h:15,
                 from /home/tina.guest/tinylsm-writefix-source/tinylsm/build/benchmark/_deps/protobuf-src/src/google/protobuf/compiler/java/generator_common.h:10,
                 from /home/tina.guest/tinylsm-writefix-source/tinylsm/build/benchmark/_deps/protobuf-src/src/google/protobuf/compiler/java/full/field_generator.h:6,
                 from /home/tina.guest/tinylsm-writefix-source/tinylsm/build/benchmark/_deps/protobuf-src/src/google/protobuf/compiler/java/full/string_field.h:18,
                 from /home/tina.guest/tinylsm-writefix-source/tinylsm/build/benchmark/_deps/protobuf-src/src/google/protobuf/compiler/java/full/string_field.cc:13:
/home/tina.guest/tinylsm-writefix-source/tinylsm/build/benchmark/_deps/protobuf-src/src/google/protobuf/port.h: In function ‘void google::protobuf::internal::AssertDownCast(From*)’:
/home/tina.guest/tinylsm-writefix-source/tinylsm/build/benchmark/_deps/protobuf-src/src/google/protobuf/port.h:181:5: warning: testing if a concept-id is a valid expression; add ‘requires’ to check satisfaction [-Wmissing-requires]
  181 |     std::derived_from<std::remove_pointer_t<To>,
      |     ^
      |     requires 
[161/665] Building CXX object _deps/protobuf-build/CMakeFiles/libprotoc.dir/src/google/protobuf/compiler/java/helpers.cc.o
In file included from /home/tina.guest/tinylsm-writefix-source/tinylsm/build/benchmark/_deps/protobuf-src/src/google/protobuf/compiler/java/options.h:13,
                 from /home/tina.guest/tinylsm-writefix-source/tinylsm/build/benchmark/_deps/protobuf-src/src/google/protobuf/compiler/java/names.h:21,
                 from /home/tina.guest/tinylsm-writefix-source/tinylsm/build/benchmark/_deps/protobuf-src/src/google/protobuf/compiler/java/helpers.h:19,
                 from /home/tina.guest/tinylsm-writefix-source/tinylsm/build/benchmark/_deps/protobuf-src/src/google/protobuf/compiler/java/helpers.cc:12:
/home/tina.guest/tinylsm-writefix-source/tinylsm/build/benchmark/_deps/protobuf-src/src/google/protobuf/port.h: In function ‘void google::protobuf::internal::AssertDownCast(From*)’:
/home/tina.guest/tinylsm-writefix-source/tinylsm/build/benchmark/_deps/protobuf-src/src/google/protobuf/port.h:181:5: warning: testing if a concept-id is a valid expression; add ‘requires’ to check satisfaction [-Wmissing-requires]
  181 |     std::derived_from<std::remove_pointer_t<To>,
      |     ^
      |     requires 
[162/665] Building CXX object _deps/protobuf-build/CMakeFiles/libprotoc.dir/src/google/protobuf/compiler/java/lite/enum.cc.o
In file included from /home/tina.guest/tinylsm-writefix-source/tinylsm/build/benchmark/_deps/protobuf-src/src/google/protobuf/compiler/java/options.h:13,
                 from /home/tina.guest/tinylsm-writefix-source/tinylsm/build/benchmark/_deps/protobuf-src/src/google/protobuf/compiler/java/names.h:21,
                 from /home/tina.guest/tinylsm-writefix-source/tinylsm/build/benchmark/_deps/protobuf-src/src/google/protobuf/compiler/java/helpers.h:19,
                 from /home/tina.guest/tinylsm-writefix-source/tinylsm/build/benchmark/_deps/protobuf-src/src/google/protobuf/compiler/java/context.h:15,
                 from /home/tina.guest/tinylsm-writefix-source/tinylsm/build/benchmark/_deps/protobuf-src/src/google/protobuf/compiler/java/generator_factory.h:19,
                 from /home/tina.guest/tinylsm-writefix-source/tinylsm/build/benchmark/_deps/protobuf-src/src/google/protobuf/compiler/java/lite/enum.h:18,
                 from /home/tina.guest/tinylsm-writefix-source/tinylsm/build/benchmark/_deps/protobuf-src/src/google/protobuf/compiler/java/lite/enum.cc:12:
/home/tina.guest/tinylsm-writefix-source/tinylsm/build/benchmark/_deps/protobuf-src/src/google/protobuf/port.h: In function ‘void google::protobuf::internal::AssertDownCast(From*)’:
/home/tina.guest/tinylsm-writefix-source/tinylsm/build/benchmark/_deps/protobuf-src/src/google/protobuf/port.h:181:5: warning: testing if a concept-id is a valid expression; add ‘requires’ to check satisfaction [-Wmissing-requires]
  181 |     std::derived_from<std::remove_pointer_t<To>,
      |     ^
      |     requires 
[163/665] Building CXX object _deps/protobuf-build/CMakeFiles/libprotoc.dir/src/google/protobuf/compiler/java/lite/extension.cc.o
In file included from /home/tina.guest/tinylsm-writefix-source/tinylsm/build/benchmark/_deps/protobuf-src/src/google/protobuf/compiler/java/options.h:13,
                 from /home/tina.guest/tinylsm-writefix-source/tinylsm/build/benchmark/_deps/protobuf-src/src/google/protobuf/compiler/java/names.h:21,
                 from /home/tina.guest/tinylsm-writefix-source/tinylsm/build/benchmark/_deps/protobuf-src/src/google/protobuf/compiler/java/helpers.h:19,
                 from /home/tina.guest/tinylsm-writefix-source/tinylsm/build/benchmark/_deps/protobuf-src/src/google/protobuf/compiler/java/context.h:15,
                 from /home/tina.guest/tinylsm-writefix-source/tinylsm/build/benchmark/_deps/protobuf-src/src/google/protobuf/compiler/java/generator_factory.h:19,
                 from /home/tina.guest/tinylsm-writefix-source/tinylsm/build/benchmark/_deps/protobuf-src/src/google/protobuf/compiler/java/lite/extension.h:13,
                 from /home/tina.guest/tinylsm-writefix-source/tinylsm/build/benchmark/_deps/protobuf-src/src/google/protobuf/compiler/java/lite/extension.cc:8:
/home/tina.guest/tinylsm-writefix-source/tinylsm/build/benchmark/_deps/protobuf-src/src/google/protobuf/port.h: In function ‘void google::protobuf::internal::AssertDownCast(From*)’:
/home/tina.guest/tinylsm-writefix-source/tinylsm/build/benchmark/_deps/protobuf-src/src/google/protobuf/port.h:181:5: warning: testing if a concept-id is a valid expression; add ‘requires’ to check satisfaction [-Wmissing-requires]
  181 |     std::derived_from<std::remove_pointer_t<To>,
      |     ^
      |     requires 
[164/665] Building CXX object _deps/protobuf-build/CMakeFiles/libprotoc.dir/src/google/protobuf/compiler/java/lite/generator_factory.cc.o
In file included from /home/tina.guest/tinylsm-writefix-source/tinylsm/build/benchmark/_deps/protobuf-src/src/google/protobuf/compiler/java/options.h:13,
                 from /home/tina.guest/tinylsm-writefix-source/tinylsm/build/benchmark/_deps/protobuf-src/src/google/protobuf/compiler/java/names.h:21,
                 from /home/tina.guest/tinylsm-writefix-source/tinylsm/build/benchmark/_deps/protobuf-src/src/google/protobuf/compiler/java/helpers.h:19,
                 from /home/tina.guest/tinylsm-writefix-source/tinylsm/build/benchmark/_deps/protobuf-src/src/google/protobuf/compiler/java/context.h:15,
                 from /home/tina.guest/tinylsm-writefix-source/tinylsm/build/benchmark/_deps/protobuf-src/src/google/protobuf/compiler/java/generator_factory.h:19,
                 from /home/tina.guest/tinylsm-writefix-source/tinylsm/build/benchmark/_deps/protobuf-src/src/google/protobuf/compiler/java/lite/generator_factory.cc:10:
/home/tina.guest/tinylsm-writefix-source/tinylsm/build/benchmark/_deps/protobuf-src/src/google/protobuf/port.h: In function ‘void google::protobuf::internal::AssertDownCast(From*)’:
/home/tina.guest/tinylsm-writefix-source/tinylsm/build/benchmark/_deps/protobuf-src/src/google/protobuf/port.h:181:5: warning: testing if a concept-id is a valid expression; add ‘requires’ to check satisfaction [-Wmissing-requires]
  181 |     std::derived_from<std::remove_pointer_t<To>,
      |     ^
      |     requires 
[165/665] Building CXX object _deps/protobuf-build/CMakeFiles/libprotoc.dir/src/google/protobuf/compiler/java/lite/enum_field.cc.o
In file included from /home/tina.guest/tinylsm-writefix-source/tinylsm/build/benchmark/_deps/protobuf-src/src/google/protobuf/compiler/java/options.h:13,
                 from /home/tina.guest/tinylsm-writefix-source/tinylsm/build/benchmark/_deps/protobuf-src/src/google/protobuf/compiler/java/names.h:21,
                 from /home/tina.guest/tinylsm-writefix-source/tinylsm/build/benchmark/_deps/protobuf-src/src/google/protobuf/compiler/java/helpers.h:19,
                 from /home/tina.guest/tinylsm-writefix-source/tinylsm/build/benchmark/_deps/protobuf-src/src/google/protobuf/compiler/java/context.h:15,
                 from /home/tina.guest/tinylsm-writefix-source/tinylsm/build/benchmark/_deps/protobuf-src/src/google/protobuf/compiler/java/generator_common.h:10,
                 from /home/tina.guest/tinylsm-writefix-source/tinylsm/build/benchmark/_deps/protobuf-src/src/google/protobuf/compiler/java/lite/field_generator.h:7,
                 from /home/tina.guest/tinylsm-writefix-source/tinylsm/build/benchmark/_deps/protobuf-src/src/google/protobuf/compiler/java/lite/enum_field.h:19,
                 from /home/tina.guest/tinylsm-writefix-source/tinylsm/build/benchmark/_deps/protobuf-src/src/google/protobuf/compiler/java/lite/enum_field.cc:12:
/home/tina.guest/tinylsm-writefix-source/tinylsm/build/benchmark/_deps/protobuf-src/src/google/protobuf/port.h: In function ‘void google::protobuf::internal::AssertDownCast(From*)’:
/home/tina.guest/tinylsm-writefix-source/tinylsm/build/benchmark/_deps/protobuf-src/src/google/protobuf/port.h:181:5: warning: testing if a concept-id is a valid expression; add ‘requires’ to check satisfaction [-Wmissing-requires]
  181 |     std::derived_from<std::remove_pointer_t<To>,
      |     ^
      |     requires 
[166/665] Building CXX object _deps/protobuf-build/CMakeFiles/libprotoc.dir/src/google/protobuf/compiler/java/lite/make_field_gens.cc.o
In file included from /home/tina.guest/tinylsm-writefix-source/tinylsm/build/benchmark/_deps/protobuf-src/src/google/protobuf/compiler/java/options.h:13,
                 from /home/tina.guest/tinylsm-writefix-source/tinylsm/build/benchmark/_deps/protobuf-src/src/google/protobuf/compiler/java/names.h:21,
                 from /home/tina.guest/tinylsm-writefix-source/tinylsm/build/benchmark/_deps/protobuf-src/src/google/protobuf/compiler/java/helpers.h:19,
                 from /home/tina.guest/tinylsm-writefix-source/tinylsm/build/benchmark/_deps/protobuf-src/src/google/protobuf/compiler/java/context.h:15,
                 from /home/tina.guest/tinylsm-writefix-source/tinylsm/build/benchmark/_deps/protobuf-src/src/google/protobuf/compiler/java/lite/make_field_gens.h:14,
                 from /home/tina.guest/tinylsm-writefix-source/tinylsm/build/benchmark/_deps/protobuf-src/src/google/protobuf/compiler/java/lite/make_field_gens.cc:12:
/home/tina.guest/tinylsm-writefix-source/tinylsm/build/benchmark/_deps/protobuf-src/src/google/protobuf/port.h: In function ‘void google::protobuf::internal::AssertDownCast(From*)’:
/home/tina.guest/tinylsm-writefix-source/tinylsm/build/benchmark/_deps/protobuf-src/src/google/protobuf/port.h:181:5: warning: testing if a concept-id is a valid expression; add ‘requires’ to check satisfaction [-Wmissing-requires]
  181 |     std::derived_from<std::remove_pointer_t<To>,
      |     ^
      |     requires 
[167/665] Building CXX object _deps/protobuf-build/CMakeFiles/libprotoc.dir/src/google/protobuf/compiler/java/lite/map_field.cc.o
In file included from /home/tina.guest/tinylsm-writefix-source/tinylsm/build/benchmark/_deps/protobuf-src/src/google/protobuf/compiler/java/options.h:13,
                 from /home/tina.guest/tinylsm-writefix-source/tinylsm/build/benchmark/_deps/protobuf-src/src/google/protobuf/compiler/java/names.h:21,
                 from /home/tina.guest/tinylsm-writefix-source/tinylsm/build/benchmark/_deps/protobuf-src/src/google/protobuf/compiler/java/helpers.h:19,
                 from /home/tina.guest/tinylsm-writefix-source/tinylsm/build/benchmark/_deps/protobuf-src/src/google/protobuf/compiler/java/context.h:15,
                 from /home/tina.guest/tinylsm-writefix-source/tinylsm/build/benchmark/_deps/protobuf-src/src/google/protobuf/compiler/java/lite/map_field.h:17,
                 from /home/tina.guest/tinylsm-writefix-source/tinylsm/build/benchmark/_deps/protobuf-src/src/google/protobuf/compiler/java/lite/map_field.cc:8:
/home/tina.guest/tinylsm-writefix-source/tinylsm/build/benchmark/_deps/protobuf-src/src/google/protobuf/port.h: In function ‘void google::protobuf::internal::AssertDownCast(From*)’:
/home/tina.guest/tinylsm-writefix-source/tinylsm/build/benchmark/_deps/protobuf-src/src/google/protobuf/port.h:181:5: warning: testing if a concept-id is a valid expression; add ‘requires’ to check satisfaction [-Wmissing-requires]
  181 |     std::derived_from<std::remove_pointer_t<To>,
      |     ^
      |     requires 
[168/665] Building CXX object _deps/protobuf-build/CMakeFiles/libprotoc.dir/src/google/protobuf/compiler/java/lite/message_builder.cc.o
In file included from /home/tina.guest/tinylsm-writefix-source/tinylsm/build/benchmark/_deps/protobuf-src/src/google/protobuf/compiler/java/options.h:13,
                 from /home/tina.guest/tinylsm-writefix-source/tinylsm/build/benchmark/_deps/protobuf-src/src/google/protobuf/compiler/java/names.h:21,
                 from /home/tina.guest/tinylsm-writefix-source/tinylsm/build/benchmark/_deps/protobuf-src/src/google/protobuf/compiler/java/helpers.h:19,
                 from /home/tina.guest/tinylsm-writefix-source/tinylsm/build/benchmark/_deps/protobuf-src/src/google/protobuf/compiler/java/context.h:15,
                 from /home/tina.guest/tinylsm-writefix-source/tinylsm/build/benchmark/_deps/protobuf-src/src/google/protobuf/compiler/java/generator_common.h:10,
                 from /home/tina.guest/tinylsm-writefix-source/tinylsm/build/benchmark/_deps/protobuf-src/src/google/protobuf/compiler/java/lite/message_builder.h:18,
                 from /home/tina.guest/tinylsm-writefix-source/tinylsm/build/benchmark/_deps/protobuf-src/src/google/protobuf/compiler/java/lite/message_builder.cc:12:
/home/tina.guest/tinylsm-writefix-source/tinylsm/build/benchmark/_deps/protobuf-src/src/google/protobuf/port.h: In function ‘void google::protobuf::internal::AssertDownCast(From*)’:
/home/tina.guest/tinylsm-writefix-source/tinylsm/build/benchmark/_deps/protobuf-src/src/google/protobuf/port.h:181:5: warning: testing if a concept-id is a valid expression; add ‘requires’ to check satisfaction [-Wmissing-requires]
  181 |     std::derived_from<std::remove_pointer_t<To>,
      |     ^
      |     requires 
[169/665] Building CXX object _deps/protobuf-build/CMakeFiles/libprotoc.dir/src/google/protobuf/compiler/java/lite/message.cc.o
In file included from /home/tina.guest/tinylsm-writefix-source/tinylsm/build/benchmark/_deps/protobuf-src/src/google/protobuf/compiler/java/options.h:13,
                 from /home/tina.guest/tinylsm-writefix-source/tinylsm/build/benchmark/_deps/protobuf-src/src/google/protobuf/compiler/java/names.h:21,
                 from /home/tina.guest/tinylsm-writefix-source/tinylsm/build/benchmark/_deps/protobuf-src/src/google/protobuf/compiler/java/helpers.h:19,
                 from /home/tina.guest/tinylsm-writefix-source/tinylsm/build/benchmark/_deps/protobuf-src/src/google/protobuf/compiler/java/context.h:15,
                 from /home/tina.guest/tinylsm-writefix-source/tinylsm/build/benchmark/_deps/protobuf-src/src/google/protobuf/compiler/java/lite/message.h:18,
                 from /home/tina.guest/tinylsm-writefix-source/tinylsm/build/benchmark/_deps/protobuf-src/src/google/protobuf/compiler/java/lite/message.cc:12:
/home/tina.guest/tinylsm-writefix-source/tinylsm/build/benchmark/_deps/protobuf-src/src/google/protobuf/port.h: In function ‘void google::protobuf::internal::AssertDownCast(From*)’:
/home/tina.guest/tinylsm-writefix-source/tinylsm/build/benchmark/_deps/protobuf-src/src/google/protobuf/port.h:181:5: warning: testing if a concept-id is a valid expression; add ‘requires’ to check satisfaction [-Wmissing-requires]
  181 |     std::derived_from<std::remove_pointer_t<To>,
      |     ^
      |     requires 
[170/665] Building CXX object _deps/protobuf-build/CMakeFiles/libprotoc.dir/src/google/protobuf/compiler/java/lite/message_field.cc.o
In file included from /home/tina.guest/tinylsm-writefix-source/tinylsm/build/benchmark/_deps/protobuf-src/src/google/protobuf/compiler/java/options.h:13,
                 from /home/tina.guest/tinylsm-writefix-source/tinylsm/build/benchmark/_deps/protobuf-src/src/google/protobuf/compiler/java/names.h:21,
                 from /home/tina.guest/tinylsm-writefix-source/tinylsm/build/benchmark/_deps/protobuf-src/src/google/protobuf/compiler/java/helpers.h:19,
                 from /home/tina.guest/tinylsm-writefix-source/tinylsm/build/benchmark/_deps/protobuf-src/src/google/protobuf/compiler/java/context.h:15,
                 from /home/tina.guest/tinylsm-writefix-source/tinylsm/build/benchmark/_deps/protobuf-src/src/google/protobuf/compiler/java/generator_common.h:10,
                 from /home/tina.guest/tinylsm-writefix-source/tinylsm/build/benchmark/_deps/protobuf-src/src/google/protobuf/compiler/java/lite/field_generator.h:7,
                 from /home/tina.guest/tinylsm-writefix-source/tinylsm/build/benchmark/_deps/protobuf-src/src/google/protobuf/compiler/java/lite/message_field.h:21,
                 from /home/tina.guest/tinylsm-writefix-source/tinylsm/build/benchmark/_deps/protobuf-src/src/google/protobuf/compiler/java/lite/message_field.cc:12:
/home/tina.guest/tinylsm-writefix-source/tinylsm/build/benchmark/_deps/protobuf-src/src/google/protobuf/port.h: In function ‘void google::protobuf::internal::AssertDownCast(From*)’:
/home/tina.guest/tinylsm-writefix-source/tinylsm/build/benchmark/_deps/protobuf-src/src/google/protobuf/port.h:181:5: warning: testing if a concept-id is a valid expression; add ‘requires’ to check satisfaction [-Wmissing-requires]
  181 |     std::derived_from<std::remove_pointer_t<To>,
      |     ^
      |     requires 
[171/665] Building CXX object _deps/protobuf-build/CMakeFiles/libprotoc.dir/src/google/protobuf/compiler/java/lite/primitive_field.cc.o
In file included from /home/tina.guest/tinylsm-writefix-source/tinylsm/build/benchmark/_deps/protobuf-src/src/google/protobuf/compiler/java/options.h:13,
                 from /home/tina.guest/tinylsm-writefix-source/tinylsm/build/benchmark/_deps/protobuf-src/src/google/protobuf/compiler/java/names.h:21,
                 from /home/tina.guest/tinylsm-writefix-source/tinylsm/build/benchmark/_deps/protobuf-src/src/google/protobuf/compiler/java/helpers.h:19,
                 from /home/tina.guest/tinylsm-writefix-source/tinylsm/build/benchmark/_deps/protobuf-src/src/google/protobuf/compiler/java/context.h:15,
                 from /home/tina.guest/tinylsm-writefix-source/tinylsm/build/benchmark/_deps/protobuf-src/src/google/protobuf/compiler/java/generator_common.h:10,
                 from /home/tina.guest/tinylsm-writefix-source/tinylsm/build/benchmark/_deps/protobuf-src/src/google/protobuf/compiler/java/lite/field_generator.h:7,
                 from /home/tina.guest/tinylsm-writefix-source/tinylsm/build/benchmark/_deps/protobuf-src/src/google/protobuf/compiler/java/lite/primitive_field.h:21,
                 from /home/tina.guest/tinylsm-writefix-source/tinylsm/build/benchmark/_deps/protobuf-src/src/google/protobuf/compiler/java/lite/primitive_field.cc:12:
/home/tina.guest/tinylsm-writefix-source/tinylsm/build/benchmark/_deps/protobuf-src/src/google/protobuf/port.h: In function ‘void google::protobuf::internal::AssertDownCast(From*)’:
/home/tina.guest/tinylsm-writefix-source/tinylsm/build/benchmark/_deps/protobuf-src/src/google/protobuf/port.h:181:5: warning: testing if a concept-id is a valid expression; add ‘requires’ to check satisfaction [-Wmissing-requires]
  181 |     std::derived_from<std::remove_pointer_t<To>,
      |     ^
      |     requires 
[172/665] Building CXX object _deps/protobuf-build/CMakeFiles/libprotoc.dir/src/google/protobuf/compiler/java/lite/string_field.cc.o
In file included from /home/tina.guest/tinylsm-writefix-source/tinylsm/build/benchmark/_deps/protobuf-src/src/google/protobuf/compiler/java/options.h:13,
                 from /home/tina.guest/tinylsm-writefix-source/tinylsm/build/benchmark/_deps/protobuf-src/src/google/protobuf/compiler/java/names.h:21,
                 from /home/tina.guest/tinylsm-writefix-source/tinylsm/build/benchmark/_deps/protobuf-src/src/google/protobuf/compiler/java/helpers.h:19,
                 from /home/tina.guest/tinylsm-writefix-source/tinylsm/build/benchmark/_deps/protobuf-src/src/google/protobuf/compiler/java/context.h:15,
                 from /home/tina.guest/tinylsm-writefix-source/tinylsm/build/benchmark/_deps/protobuf-src/src/google/protobuf/compiler/java/generator_common.h:10,
                 from /home/tina.guest/tinylsm-writefix-source/tinylsm/build/benchmark/_deps/protobuf-src/src/google/protobuf/compiler/java/lite/field_generator.h:7,
                 from /home/tina.guest/tinylsm-writefix-source/tinylsm/build/benchmark/_deps/protobuf-src/src/google/protobuf/compiler/java/lite/string_field.h:22,
                 from /home/tina.guest/tinylsm-writefix-source/tinylsm/build/benchmark/_deps/protobuf-src/src/google/protobuf/compiler/java/lite/string_field.cc:13:
/home/tina.guest/tinylsm-writefix-source/tinylsm/build/benchmark/_deps/protobuf-src/src/google/protobuf/port.h: In function ‘void google::protobuf::internal::AssertDownCast(From*)’:
/home/tina.guest/tinylsm-writefix-source/tinylsm/build/benchmark/_deps/protobuf-src/src/google/protobuf/port.h:181:5: warning: testing if a concept-id is a valid expression; add ‘requires’ to check satisfaction [-Wmissing-requires]
  181 |     std::derived_from<std::remove_pointer_t<To>,
      |     ^
      |     requires 
[173/665] Building CXX object _deps/protobuf-build/CMakeFiles/libprotoc.dir/src/google/protobuf/compiler/java/message_serialization.cc.o
In file included from /home/tina.guest/tinylsm-writefix-source/tinylsm/build/benchmark/_deps/protobuf-src/src/google/protobuf/compiler/java/options.h:13,
                 from /home/tina.guest/tinylsm-writefix-source/tinylsm/build/benchmark/_deps/protobuf-src/src/google/protobuf/compiler/java/names.h:21,
                 from /home/tina.guest/tinylsm-writefix-source/tinylsm/build/benchmark/_deps/protobuf-src/src/google/protobuf/compiler/java/helpers.h:19,
                 from /home/tina.guest/tinylsm-writefix-source/tinylsm/build/benchmark/_deps/protobuf-src/src/google/protobuf/compiler/java/context.h:15,
                 from /home/tina.guest/tinylsm-writefix-source/tinylsm/build/benchmark/_deps/protobuf-src/src/google/protobuf/compiler/java/generator_common.h:10,
                 from /home/tina.guest/tinylsm-writefix-source/tinylsm/build/benchmark/_deps/protobuf-src/src/google/protobuf/compiler/java/message_serialization.h:16,
                 from /home/tina.guest/tinylsm-writefix-source/tinylsm/build/benchmark/_deps/protobuf-src/src/google/protobuf/compiler/java/message_serialization.cc:8:
/home/tina.guest/tinylsm-writefix-source/tinylsm/build/benchmark/_deps/protobuf-src/src/google/protobuf/port.h: In function ‘void google::protobuf::internal::AssertDownCast(From*)’:
/home/tina.guest/tinylsm-writefix-source/tinylsm/build/benchmark/_deps/protobuf-src/src/google/protobuf/port.h:181:5: warning: testing if a concept-id is a valid expression; add ‘requires’ to check satisfaction [-Wmissing-requires]
  181 |     std::derived_from<std::remove_pointer_t<To>,
      |     ^
      |     requires 
[174/665] Building CXX object _deps/protobuf-build/CMakeFiles/libprotoc.dir/src/google/protobuf/compiler/java/names.cc.o
In file included from /home/tina.guest/tinylsm-writefix-source/tinylsm/build/benchmark/_deps/protobuf-src/src/google/protobuf/compiler/java/options.h:13,
                 from /home/tina.guest/tinylsm-writefix-source/tinylsm/build/benchmark/_deps/protobuf-src/src/google/protobuf/compiler/java/names.h:21,
                 from /home/tina.guest/tinylsm-writefix-source/tinylsm/build/benchmark/_deps/protobuf-src/src/google/protobuf/compiler/java/names.cc:12:
/home/tina.guest/tinylsm-writefix-source/tinylsm/build/benchmark/_deps/protobuf-src/src/google/protobuf/port.h: In function ‘void google::protobuf::internal::AssertDownCast(From*)’:
/home/tina.guest/tinylsm-writefix-source/tinylsm/build/benchmark/_deps/protobuf-src/src/google/protobuf/port.h:181:5: warning: testing if a concept-id is a valid expression; add ‘requires’ to check satisfaction [-Wmissing-requires]
  181 |     std::derived_from<std::remove_pointer_t<To>,
      |     ^
      |     requires 
[175/665] Building CXX object _deps/protobuf-build/CMakeFiles/libprotoc.dir/src/google/protobuf/compiler/java/name_resolver.cc.o
In file included from /home/tina.guest/tinylsm-writefix-source/tinylsm/build/benchmark/_deps/protobuf-src/src/google/protobuf/compiler/java/options.h:13,
                 from /home/tina.guest/tinylsm-writefix-source/tinylsm/build/benchmark/_deps/protobuf-src/src/google/protobuf/compiler/java/name_resolver.h:14,
                 from /home/tina.guest/tinylsm-writefix-source/tinylsm/build/benchmark/_deps/protobuf-src/src/google/protobuf/compiler/java/name_resolver.cc:8:
/home/tina.guest/tinylsm-writefix-source/tinylsm/build/benchmark/_deps/protobuf-src/src/google/protobuf/port.h: In function ‘void google::protobuf::internal::AssertDownCast(From*)’:
/home/tina.guest/tinylsm-writefix-source/tinylsm/build/benchmark/_deps/protobuf-src/src/google/protobuf/port.h:181:5: warning: testing if a concept-id is a valid expression; add ‘requires’ to check satisfaction [-Wmissing-requires]
  181 |     std::derived_from<std::remove_pointer_t<To>,
      |     ^
      |     requires 
[176/665] Building CXX object _deps/protobuf-build/CMakeFiles/libprotoc.dir/src/google/protobuf/compiler/java/shared_code_generator.cc.o
In file included from /home/tina.guest/tinylsm-writefix-source/tinylsm/build/benchmark/_deps/protobuf-src/src/google/protobuf/compiler/java/options.h:13,
                 from /home/tina.guest/tinylsm-writefix-source/tinylsm/build/benchmark/_deps/protobuf-src/src/google/protobuf/compiler/java/shared_code_generator.h:19,
                 from /home/tina.guest/tinylsm-writefix-source/tinylsm/build/benchmark/_deps/protobuf-src/src/google/protobuf/compiler/java/shared_code_generator.cc:10:
/home/tina.guest/tinylsm-writefix-source/tinylsm/build/benchmark/_deps/protobuf-src/src/google/protobuf/port.h: In function ‘void google::protobuf::internal::AssertDownCast(From*)’:
/home/tina.guest/tinylsm-writefix-source/tinylsm/build/benchmark/_deps/protobuf-src/src/google/protobuf/port.h:181:5: warning: testing if a concept-id is a valid expression; add ‘requires’ to check satisfaction [-Wmissing-requires]
  181 |     std::derived_from<std::remove_pointer_t<To>,
      |     ^
      |     requires 
[177/665] Building CXX object _deps/protobuf-build/CMakeFiles/libprotoc.dir/src/google/protobuf/compiler/kotlin/file.cc.o
In file included from /home/tina.guest/tinylsm-writefix-source/tinylsm/build/benchmark/_deps/protobuf-src/src/google/protobuf/compiler/java/options.h:13,
                 from /home/tina.guest/tinylsm-writefix-source/tinylsm/build/benchmark/_deps/protobuf-src/src/google/protobuf/compiler/kotlin/file.h:17,
                 from /home/tina.guest/tinylsm-writefix-source/tinylsm/build/benchmark/_deps/protobuf-src/src/google/protobuf/compiler/kotlin/file.cc:8:
/home/tina.guest/tinylsm-writefix-source/tinylsm/build/benchmark/_deps/protobuf-src/src/google/protobuf/port.h: In function ‘void google::protobuf::internal::AssertDownCast(From*)’:
/home/tina.guest/tinylsm-writefix-source/tinylsm/build/benchmark/_deps/protobuf-src/src/google/protobuf/port.h:181:5: warning: testing if a concept-id is a valid expression; add ‘requires’ to check satisfaction [-Wmissing-requires]
  181 |     std::derived_from<std::remove_pointer_t<To>,
      |     ^
      |     requires 
[178/665] Building CXX object _deps/protobuf-build/CMakeFiles/libprotoc.dir/src/google/protobuf/compiler/kotlin/generator.cc.o
In file included from /home/tina.guest/tinylsm-writefix-source/tinylsm/build/benchmark/_deps/protobuf-src/src/google/protobuf/arena.h:38,
                 from /home/tina.guest/tinylsm-writefix-source/tinylsm/build/benchmark/_deps/protobuf-src/src/google/protobuf/compiler/java/java_features.pb.h:21,
                 from /home/tina.guest/tinylsm-writefix-source/tinylsm/build/benchmark/_deps/protobuf-src/src/google/protobuf/compiler/kotlin/generator.h:17,
                 from /home/tina.guest/tinylsm-writefix-source/tinylsm/build/benchmark/_deps/protobuf-src/src/google/protobuf/compiler/kotlin/generator.cc:8:
/home/tina.guest/tinylsm-writefix-source/tinylsm/build/benchmark/_deps/protobuf-src/src/google/protobuf/port.h: In function ‘void google::protobuf::internal::AssertDownCast(From*)’:
/home/tina.guest/tinylsm-writefix-source/tinylsm/build/benchmark/_deps/protobuf-src/src/google/protobuf/port.h:181:5: warning: testing if a concept-id is a valid expression; add ‘requires’ to check satisfaction [-Wmissing-requires]
  181 |     std::derived_from<std::remove_pointer_t<To>,
      |     ^
      |     requires 
[179/665] Building CXX object _deps/protobuf-build/CMakeFiles/libprotoc.dir/src/google/protobuf/compiler/objectivec/enum_field.cc.o
In file included from /home/tina.guest/tinylsm-writefix-source/tinylsm/build/benchmark/_deps/protobuf-src/src/google/protobuf/extension_set.h:36,
                 from /home/tina.guest/tinylsm-writefix-source/tinylsm/build/benchmark/_deps/protobuf-src/src/google/protobuf/descriptor.h:56,
                 from /home/tina.guest/tinylsm-writefix-source/tinylsm/build/benchmark/_deps/protobuf-src/src/google/protobuf/compiler/objectivec/field.h:21,
                 from /home/tina.guest/tinylsm-writefix-source/tinylsm/build/benchmark/_deps/protobuf-src/src/google/protobuf/compiler/objectivec/enum_field.h:15,
                 from /home/tina.guest/tinylsm-writefix-source/tinylsm/build/benchmark/_deps/protobuf-src/src/google/protobuf/compiler/objectivec/enum_field.cc:8:
/home/tina.guest/tinylsm-writefix-source/tinylsm/build/benchmark/_deps/protobuf-src/src/google/protobuf/port.h: In function ‘void google::protobuf::internal::AssertDownCast(From*)’:
/home/tina.guest/tinylsm-writefix-source/tinylsm/build/benchmark/_deps/protobuf-src/src/google/protobuf/port.h:181:5: warning: testing if a concept-id is a valid expression; add ‘requires’ to check satisfaction [-Wmissing-requires]
  181 |     std::derived_from<std::remove_pointer_t<To>,
      |     ^
      |     requires 
[180/665] Building CXX object _deps/protobuf-build/CMakeFiles/libprotoc.dir/src/google/protobuf/compiler/objectivec/enum.cc.o
In file included from /home/tina.guest/tinylsm-writefix-source/tinylsm/build/benchmark/_deps/protobuf-src/src/google/protobuf/extension_set.h:36,
                 from /home/tina.guest/tinylsm-writefix-source/tinylsm/build/benchmark/_deps/protobuf-src/src/google/protobuf/descriptor.h:56,
                 from /home/tina.guest/tinylsm-writefix-source/tinylsm/build/benchmark/_deps/protobuf-src/src/google/protobuf/compiler/objectivec/enum.h:16,
                 from /home/tina.guest/tinylsm-writefix-source/tinylsm/build/benchmark/_deps/protobuf-src/src/google/protobuf/compiler/objectivec/enum.cc:8:
/home/tina.guest/tinylsm-writefix-source/tinylsm/build/benchmark/_deps/protobuf-src/src/google/protobuf/port.h: In function ‘void google::protobuf::internal::AssertDownCast(From*)’:
/home/tina.guest/tinylsm-writefix-source/tinylsm/build/benchmark/_deps/protobuf-src/src/google/protobuf/port.h:181:5: warning: testing if a concept-id is a valid expression; add ‘requires’ to check satisfaction [-Wmissing-requires]
  181 |     std::derived_from<std::remove_pointer_t<To>,
      |     ^
      |     requires 
[181/665] Building CXX object _deps/protobuf-build/CMakeFiles/libprotoc.dir/src/google/protobuf/compiler/kotlin/message.cc.o
In file included from /home/tina.guest/tinylsm-writefix-source/tinylsm/build/benchmark/_deps/protobuf-src/src/google/protobuf/compiler/java/options.h:13,
                 from /home/tina.guest/tinylsm-writefix-source/tinylsm/build/benchmark/_deps/protobuf-src/src/google/protobuf/compiler/java/names.h:21,
                 from /home/tina.guest/tinylsm-writefix-source/tinylsm/build/benchmark/_deps/protobuf-src/src/google/protobuf/compiler/java/helpers.h:19,
                 from /home/tina.guest/tinylsm-writefix-source/tinylsm/build/benchmark/_deps/protobuf-src/src/google/protobuf/compiler/java/context.h:15,
                 from /home/tina.guest/tinylsm-writefix-source/tinylsm/build/benchmark/_deps/protobuf-src/src/google/protobuf/compiler/kotlin/message.h:12,
                 from /home/tina.guest/tinylsm-writefix-source/tinylsm/build/benchmark/_deps/protobuf-src/src/google/protobuf/compiler/kotlin/message.cc:8:
/home/tina.guest/tinylsm-writefix-source/tinylsm/build/benchmark/_deps/protobuf-src/src/google/protobuf/port.h: In function ‘void google::protobuf::internal::AssertDownCast(From*)’:
/home/tina.guest/tinylsm-writefix-source/tinylsm/build/benchmark/_deps/protobuf-src/src/google/protobuf/port.h:181:5: warning: testing if a concept-id is a valid expression; add ‘requires’ to check satisfaction [-Wmissing-requires]
  181 |     std::derived_from<std::remove_pointer_t<To>,
      |     ^
      |     requires 
[182/665] Building CXX object _deps/protobuf-build/CMakeFiles/libprotoc.dir/src/google/protobuf/compiler/objectivec/extension.cc.o
In file included from /home/tina.guest/tinylsm-writefix-source/tinylsm/build/benchmark/_deps/protobuf-src/src/google/protobuf/extension_set.h:36,
                 from /home/tina.guest/tinylsm-writefix-source/tinylsm/build/benchmark/_deps/protobuf-src/src/google/protobuf/descriptor.h:56,
                 from /home/tina.guest/tinylsm-writefix-source/tinylsm/build/benchmark/_deps/protobuf-src/src/google/protobuf/compiler/objectivec/extension.h:17,
                 from /home/tina.guest/tinylsm-writefix-source/tinylsm/build/benchmark/_deps/protobuf-src/src/google/protobuf/compiler/objectivec/extension.cc:8:
/home/tina.guest/tinylsm-writefix-source/tinylsm/build/benchmark/_deps/protobuf-src/src/google/protobuf/port.h: In function ‘void google::protobuf::internal::AssertDownCast(From*)’:
/home/tina.guest/tinylsm-writefix-source/tinylsm/build/benchmark/_deps/protobuf-src/src/google/protobuf/port.h:181:5: warning: testing if a concept-id is a valid expression; add ‘requires’ to check satisfaction [-Wmissing-requires]
  181 |     std::derived_from<std::remove_pointer_t<To>,
      |     ^
      |     requires 
[183/665] Building CXX object _deps/protobuf-build/CMakeFiles/libprotoc.dir/src/google/protobuf/compiler/objectivec/field.cc.o
In file included from /home/tina.guest/tinylsm-writefix-source/tinylsm/build/benchmark/_deps/protobuf-src/src/google/protobuf/extension_set.h:36,
                 from /home/tina.guest/tinylsm-writefix-source/tinylsm/build/benchmark/_deps/protobuf-src/src/google/protobuf/descriptor.h:56,
                 from /home/tina.guest/tinylsm-writefix-source/tinylsm/build/benchmark/_deps/protobuf-src/src/google/protobuf/compiler/objectivec/field.h:21,
                 from /home/tina.guest/tinylsm-writefix-source/tinylsm/build/benchmark/_deps/protobuf-src/src/google/protobuf/compiler/objectivec/field.cc:8:
/home/tina.guest/tinylsm-writefix-source/tinylsm/build/benchmark/_deps/protobuf-src/src/google/protobuf/port.h: In function ‘void google::protobuf::internal::AssertDownCast(From*)’:
/home/tina.guest/tinylsm-writefix-source/tinylsm/build/benchmark/_deps/protobuf-src/src/google/protobuf/port.h:181:5: warning: testing if a concept-id is a valid expression; add ‘requires’ to check satisfaction [-Wmissing-requires]
  181 |     std::derived_from<std::remove_pointer_t<To>,
      |     ^
      |     requires 
[184/665] Building CXX object _deps/protobuf-build/CMakeFiles/libprotoc.dir/src/google/protobuf/compiler/objectivec/generator.cc.o
In file included from /home/tina.guest/tinylsm-writefix-source/tinylsm/build/benchmark/_deps/protobuf-src/src/google/protobuf/extension_set.h:36,
                 from /home/tina.guest/tinylsm-writefix-source/tinylsm/build/benchmark/_deps/protobuf-src/src/google/protobuf/descriptor.h:56,
                 from /home/tina.guest/tinylsm-writefix-source/tinylsm/build/benchmark/_deps/protobuf-src/src/google/protobuf/compiler/code_generator.h:26,
                 from /home/tina.guest/tinylsm-writefix-source/tinylsm/build/benchmark/_deps/protobuf-src/src/google/protobuf/compiler/objectivec/generator.h:17,
                 from /home/tina.guest/tinylsm-writefix-source/tinylsm/build/benchmark/_deps/protobuf-src/src/google/protobuf/compiler/objectivec/generator.cc:8:
/home/tina.guest/tinylsm-writefix-source/tinylsm/build/benchmark/_deps/protobuf-src/src/google/protobuf/port.h: In function ‘void google::protobuf::internal::AssertDownCast(From*)’:
/home/tina.guest/tinylsm-writefix-source/tinylsm/build/benchmark/_deps/protobuf-src/src/google/protobuf/port.h:181:5: warning: testing if a concept-id is a valid expression; add ‘requires’ to check satisfaction [-Wmissing-requires]
  181 |     std::derived_from<std::remove_pointer_t<To>,
      |     ^
      |     requires 
[185/665] Building CXX object _deps/protobuf-build/CMakeFiles/libprotoc.dir/src/google/protobuf/compiler/objectivec/line_consumer.cc.o
In file included from /home/tina.guest/tinylsm-writefix-source/tinylsm/build/benchmark/_deps/protobuf-src/src/google/protobuf/io/zero_copy_stream.h:89,
                 from /home/tina.guest/tinylsm-writefix-source/tinylsm/build/benchmark/_deps/protobuf-src/src/google/protobuf/compiler/objectivec/line_consumer.h:14,
                 from /home/tina.guest/tinylsm-writefix-source/tinylsm/build/benchmark/_deps/protobuf-src/src/google/protobuf/compiler/objectivec/line_consumer.cc:20:
/home/tina.guest/tinylsm-writefix-source/tinylsm/build/benchmark/_deps/protobuf-src/src/google/protobuf/port.h: In function ‘void google::protobuf::internal::AssertDownCast(From*)’:
/home/tina.guest/tinylsm-writefix-source/tinylsm/build/benchmark/_deps/protobuf-src/src/google/protobuf/port.h:181:5: warning: testing if a concept-id is a valid expression; add ‘requires’ to check satisfaction [-Wmissing-requires]
  181 |     std::derived_from<std::remove_pointer_t<To>,
      |     ^
      |     requires 
[186/665] Building CXX object _deps/protobuf-build/CMakeFiles/libprotoc.dir/src/google/protobuf/compiler/objectivec/helpers.cc.o
In file included from /home/tina.guest/tinylsm-writefix-source/tinylsm/build/benchmark/_deps/protobuf-src/src/google/protobuf/extension_set.h:36,
                 from /home/tina.guest/tinylsm-writefix-source/tinylsm/build/benchmark/_deps/protobuf-src/src/google/protobuf/descriptor.h:56,
                 from /home/tina.guest/tinylsm-writefix-source/tinylsm/build/benchmark/_deps/protobuf-src/src/google/protobuf/compiler/objectivec/helpers.h:19,
                 from /home/tina.guest/tinylsm-writefix-source/tinylsm/build/benchmark/_deps/protobuf-src/src/google/protobuf/compiler/objectivec/helpers.cc:8:
/home/tina.guest/tinylsm-writefix-source/tinylsm/build/benchmark/_deps/protobuf-src/src/google/protobuf/port.h: In function ‘void google::protobuf::internal::AssertDownCast(From*)’:
/home/tina.guest/tinylsm-writefix-source/tinylsm/build/benchmark/_deps/protobuf-src/src/google/protobuf/port.h:181:5: warning: testing if a concept-id is a valid expression; add ‘requires’ to check satisfaction [-Wmissing-requires]
  181 |     std::derived_from<std::remove_pointer_t<To>,
      |     ^
      |     requires 
[187/665] Building CXX object _deps/protobuf-build/CMakeFiles/libprotoc.dir/src/google/protobuf/compiler/objectivec/import_writer.cc.o
In file included from /home/tina.guest/tinylsm-writefix-source/tinylsm/build/benchmark/_deps/protobuf-src/src/google/protobuf/extension_set.h:36,
                 from /home/tina.guest/tinylsm-writefix-source/tinylsm/build/benchmark/_deps/protobuf-src/src/google/protobuf/descriptor.h:56,
                 from /home/tina.guest/tinylsm-writefix-source/tinylsm/build/benchmark/_deps/protobuf-src/src/google/protobuf/compiler/objectivec/import_writer.h:15,
                 from /home/tina.guest/tinylsm-writefix-source/tinylsm/build/benchmark/_deps/protobuf-src/src/google/protobuf/compiler/objectivec/import_writer.cc:8:
/home/tina.guest/tinylsm-writefix-source/tinylsm/build/benchmark/_deps/protobuf-src/src/google/protobuf/port.h: In function ‘void google::protobuf::internal::AssertDownCast(From*)’:
/home/tina.guest/tinylsm-writefix-source/tinylsm/build/benchmark/_deps/protobuf-src/src/google/protobuf/port.h:181:5: warning: testing if a concept-id is a valid expression; add ‘requires’ to check satisfaction [-Wmissing-requires]
  181 |     std::derived_from<std::remove_pointer_t<To>,
      |     ^
      |     requires 
[188/665] Building CXX object _deps/protobuf-build/CMakeFiles/libprotoc.dir/src/google/protobuf/compiler/objectivec/map_field.cc.o
In file included from /home/tina.guest/tinylsm-writefix-source/tinylsm/build/benchmark/_deps/protobuf-src/src/google/protobuf/extension_set.h:36,
                 from /home/tina.guest/tinylsm-writefix-source/tinylsm/build/benchmark/_deps/protobuf-src/src/google/protobuf/descriptor.h:56,
                 from /home/tina.guest/tinylsm-writefix-source/tinylsm/build/benchmark/_deps/protobuf-src/src/google/protobuf/compiler/objectivec/field.h:21,
                 from /home/tina.guest/tinylsm-writefix-source/tinylsm/build/benchmark/_deps/protobuf-src/src/google/protobuf/compiler/objectivec/map_field.h:16,
                 from /home/tina.guest/tinylsm-writefix-source/tinylsm/build/benchmark/_deps/protobuf-src/src/google/protobuf/compiler/objectivec/map_field.cc:8:
/home/tina.guest/tinylsm-writefix-source/tinylsm/build/benchmark/_deps/protobuf-src/src/google/protobuf/port.h: In function ‘void google::protobuf::internal::AssertDownCast(From*)’:
/home/tina.guest/tinylsm-writefix-source/tinylsm/build/benchmark/_deps/protobuf-src/src/google/protobuf/port.h:181:5: warning: testing if a concept-id is a valid expression; add ‘requires’ to check satisfaction [-Wmissing-requires]
  181 |     std::derived_from<std::remove_pointer_t<To>,
      |     ^
      |     requires 
[189/665] Building CXX object _deps/protobuf-build/CMakeFiles/libprotoc.dir/src/google/protobuf/compiler/objectivec/file.cc.o
In file included from /home/tina.guest/tinylsm-writefix-source/tinylsm/build/benchmark/_deps/protobuf-src/src/google/protobuf/extension_set.h:36,
                 from /home/tina.guest/tinylsm-writefix-source/tinylsm/build/benchmark/_deps/protobuf-src/src/google/protobuf/descriptor.h:56,
                 from /home/tina.guest/tinylsm-writefix-source/tinylsm/build/benchmark/_deps/protobuf-src/src/google/protobuf/compiler/objectivec/enum.h:16,
                 from /home/tina.guest/tinylsm-writefix-source/tinylsm/build/benchmark/_deps/protobuf-src/src/google/protobuf/compiler/objectivec/file.h:19,
                 from /home/tina.guest/tinylsm-writefix-source/tinylsm/build/benchmark/_deps/protobuf-src/src/google/protobuf/compiler/objectivec/file.cc:8:
/home/tina.guest/tinylsm-writefix-source/tinylsm/build/benchmark/_deps/protobuf-src/src/google/protobuf/port.h: In function ‘void google::protobuf::internal::AssertDownCast(From*)’:
/home/tina.guest/tinylsm-writefix-source/tinylsm/build/benchmark/_deps/protobuf-src/src/google/protobuf/port.h:181:5: warning: testing if a concept-id is a valid expression; add ‘requires’ to check satisfaction [-Wmissing-requires]
  181 |     std::derived_from<std::remove_pointer_t<To>,
      |     ^
      |     requires 
[190/665] Building CXX object _deps/protobuf-build/CMakeFiles/libprotoc.dir/src/google/protobuf/compiler/objectivec/message_field.cc.o
In file included from /home/tina.guest/tinylsm-writefix-source/tinylsm/build/benchmark/_deps/protobuf-src/src/google/protobuf/extension_set.h:36,
                 from /home/tina.guest/tinylsm-writefix-source/tinylsm/build/benchmark/_deps/protobuf-src/src/google/protobuf/descriptor.h:56,
                 from /home/tina.guest/tinylsm-writefix-source/tinylsm/build/benchmark/_deps/protobuf-src/src/google/protobuf/compiler/objectivec/field.h:21,
                 from /home/tina.guest/tinylsm-writefix-source/tinylsm/build/benchmark/_deps/protobuf-src/src/google/protobuf/compiler/objectivec/message_field.h:15,
                 from /home/tina.guest/tinylsm-writefix-source/tinylsm/build/benchmark/_deps/protobuf-src/src/google/protobuf/compiler/objectivec/message_field.cc:8:
/home/tina.guest/tinylsm-writefix-source/tinylsm/build/benchmark/_deps/protobuf-src/src/google/protobuf/port.h: In function ‘void google::protobuf::internal::AssertDownCast(From*)’:
/home/tina.guest/tinylsm-writefix-source/tinylsm/build/benchmark/_deps/protobuf-src/src/google/protobuf/port.h:181:5: warning: testing if a concept-id is a valid expression; add ‘requires’ to check satisfaction [-Wmissing-requires]
  181 |     std::derived_from<std::remove_pointer_t<To>,
      |     ^
      |     requires 
[191/665] Building CXX object _deps/protobuf-build/CMakeFiles/libprotoc.dir/src/google/protobuf/compiler/objectivec/tf_decode_data.cc.o
In file included from /home/tina.guest/tinylsm-writefix-source/tinylsm/build/benchmark/_deps/protobuf-src/src/google/protobuf/io/zero_copy_stream.h:89,
                 from /home/tina.guest/tinylsm-writefix-source/tinylsm/build/benchmark/_deps/protobuf-src/src/google/protobuf/io/zero_copy_stream_impl.h:24,
                 from /home/tina.guest/tinylsm-writefix-source/tinylsm/build/benchmark/_deps/protobuf-src/src/google/protobuf/compiler/objectivec/tf_decode_data.cc:20:
/home/tina.guest/tinylsm-writefix-source/tinylsm/build/benchmark/_deps/protobuf-src/src/google/protobuf/port.h: In function ‘void google::protobuf::internal::AssertDownCast(From*)’:
/home/tina.guest/tinylsm-writefix-source/tinylsm/build/benchmark/_deps/protobuf-src/src/google/protobuf/port.h:181:5: warning: testing if a concept-id is a valid expression; add ‘requires’ to check satisfaction [-Wmissing-requires]
  181 |     std::derived_from<std::remove_pointer_t<To>,
      |     ^
      |     requires 
[192/665] Building CXX object _deps/protobuf-build/CMakeFiles/libprotoc.dir/src/google/protobuf/compiler/objectivec/oneof.cc.o
In file included from /home/tina.guest/tinylsm-writefix-source/tinylsm/build/benchmark/_deps/protobuf-src/src/google/protobuf/extension_set.h:36,
                 from /home/tina.guest/tinylsm-writefix-source/tinylsm/build/benchmark/_deps/protobuf-src/src/google/protobuf/descriptor.h:56,
                 from /home/tina.guest/tinylsm-writefix-source/tinylsm/build/benchmark/_deps/protobuf-src/src/google/protobuf/compiler/objectivec/oneof.h:16,
                 from /home/tina.guest/tinylsm-writefix-source/tinylsm/build/benchmark/_deps/protobuf-src/src/google/protobuf/compiler/objectivec/oneof.cc:8:
/home/tina.guest/tinylsm-writefix-source/tinylsm/build/benchmark/_deps/protobuf-src/src/google/protobuf/port.h: In function ‘void google::protobuf::internal::AssertDownCast(From*)’:
/home/tina.guest/tinylsm-writefix-source/tinylsm/build/benchmark/_deps/protobuf-src/src/google/protobuf/port.h:181:5: warning: testing if a concept-id is a valid expression; add ‘requires’ to check satisfaction [-Wmissing-requires]
  181 |     std::derived_from<std::remove_pointer_t<To>,
      |     ^
      |     requires 
[193/665] Building CXX object _deps/protobuf-build/CMakeFiles/libprotoc.dir/src/google/protobuf/compiler/objectivec/message.cc.o
In file included from /home/tina.guest/tinylsm-writefix-source/tinylsm/build/benchmark/_deps/protobuf-src/src/google/protobuf/extension_set.h:36,
                 from /home/tina.guest/tinylsm-writefix-source/tinylsm/build/benchmark/_deps/protobuf-src/src/google/protobuf/descriptor.h:56,
                 from /home/tina.guest/tinylsm-writefix-source/tinylsm/build/benchmark/_deps/protobuf-src/src/google/protobuf/compiler/objectivec/field.h:21,
                 from /home/tina.guest/tinylsm-writefix-source/tinylsm/build/benchmark/_deps/protobuf-src/src/google/protobuf/compiler/objectivec/message.h:18,
                 from /home/tina.guest/tinylsm-writefix-source/tinylsm/build/benchmark/_deps/protobuf-src/src/google/protobuf/compiler/objectivec/message.cc:8:
/home/tina.guest/tinylsm-writefix-source/tinylsm/build/benchmark/_deps/protobuf-src/src/google/protobuf/port.h: In function ‘void google::protobuf::internal::AssertDownCast(From*)’:
/home/tina.guest/tinylsm-writefix-source/tinylsm/build/benchmark/_deps/protobuf-src/src/google/protobuf/port.h:181:5: warning: testing if a concept-id is a valid expression; add ‘requires’ to check satisfaction [-Wmissing-requires]
  181 |     std::derived_from<std::remove_pointer_t<To>,
      |     ^
      |     requires 
[194/665] Building CXX object _deps/protobuf-build/CMakeFiles/libprotoc.dir/src/google/protobuf/compiler/php/names.cc.o
In file included from /home/tina.guest/tinylsm-writefix-source/tinylsm/build/benchmark/_deps/protobuf-src/src/google/protobuf/extension_set.h:36,
                 from /home/tina.guest/tinylsm-writefix-source/tinylsm/build/benchmark/_deps/protobuf-src/src/google/protobuf/descriptor.h:56,
                 from /home/tina.guest/tinylsm-writefix-source/tinylsm/build/benchmark/_deps/protobuf-src/src/google/protobuf/compiler/php/names.h:11,
                 from /home/tina.guest/tinylsm-writefix-source/tinylsm/build/benchmark/_deps/protobuf-src/src/google/protobuf/compiler/php/names.cc:8:
/home/tina.guest/tinylsm-writefix-source/tinylsm/build/benchmark/_deps/protobuf-src/src/google/protobuf/port.h: In function ‘void google::protobuf::internal::AssertDownCast(From*)’:
/home/tina.guest/tinylsm-writefix-source/tinylsm/build/benchmark/_deps/protobuf-src/src/google/protobuf/port.h:181:5: warning: testing if a concept-id is a valid expression; add ‘requires’ to check satisfaction [-Wmissing-requires]
  181 |     std::derived_from<std::remove_pointer_t<To>,
      |     ^
      |     requires 
[195/665] Building CXX object _deps/protobuf-build/CMakeFiles/libprotoc.dir/src/google/protobuf/compiler/objectivec/names.cc.o
In file included from /home/tina.guest/tinylsm-writefix-source/tinylsm/build/benchmark/_deps/protobuf-src/src/google/protobuf/extension_set.h:36,
                 from /home/tina.guest/tinylsm-writefix-source/tinylsm/build/benchmark/_deps/protobuf-src/src/google/protobuf/descriptor.h:56,
                 from /home/tina.guest/tinylsm-writefix-source/tinylsm/build/benchmark/_deps/protobuf-src/src/google/protobuf/compiler/objectivec/names.h:17,
                 from /home/tina.guest/tinylsm-writefix-source/tinylsm/build/benchmark/_deps/protobuf-src/src/google/protobuf/compiler/objectivec/names.cc:8:
/home/tina.guest/tinylsm-writefix-source/tinylsm/build/benchmark/_deps/protobuf-src/src/google/protobuf/port.h: In function ‘void google::protobuf::internal::AssertDownCast(From*)’:
/home/tina.guest/tinylsm-writefix-source/tinylsm/build/benchmark/_deps/protobuf-src/src/google/protobuf/port.h:181:5: warning: testing if a concept-id is a valid expression; add ‘requires’ to check satisfaction [-Wmissing-requires]
  181 |     std::derived_from<std::remove_pointer_t<To>,
      |     ^
      |     requires 
[196/665] Building CXX object _deps/protobuf-build/CMakeFiles/libprotoc.dir/src/google/protobuf/compiler/objectivec/primitive_field.cc.o
In file included from /home/tina.guest/tinylsm-writefix-source/tinylsm/build/benchmark/_deps/protobuf-src/src/google/protobuf/extension_set.h:36,
                 from /home/tina.guest/tinylsm-writefix-source/tinylsm/build/benchmark/_deps/protobuf-src/src/google/protobuf/descriptor.h:56,
                 from /home/tina.guest/tinylsm-writefix-source/tinylsm/build/benchmark/_deps/protobuf-src/src/google/protobuf/compiler/objectivec/field.h:21,
                 from /home/tina.guest/tinylsm-writefix-source/tinylsm/build/benchmark/_deps/protobuf-src/src/google/protobuf/compiler/objectivec/primitive_field.h:11,
                 from /home/tina.guest/tinylsm-writefix-source/tinylsm/build/benchmark/_deps/protobuf-src/src/google/protobuf/compiler/objectivec/primitive_field.cc:8:
/home/tina.guest/tinylsm-writefix-source/tinylsm/build/benchmark/_deps/protobuf-src/src/google/protobuf/port.h: In function ‘void google::protobuf::internal::AssertDownCast(From*)’:
/home/tina.guest/tinylsm-writefix-source/tinylsm/build/benchmark/_deps/protobuf-src/src/google/protobuf/port.h:181:5: warning: testing if a concept-id is a valid expression; add ‘requires’ to check satisfaction [-Wmissing-requires]
  181 |     std::derived_from<std::remove_pointer_t<To>,
      |     ^
      |     requires 
[197/665] Building CXX object _deps/protobuf-build/CMakeFiles/libprotoc.dir/src/google/protobuf/compiler/plugin.cc.o
In file included from /home/tina.guest/tinylsm-writefix-source/tinylsm/build/benchmark/_deps/protobuf-src/src/google/protobuf/extension_set.h:36,
                 from /home/tina.guest/tinylsm-writefix-source/tinylsm/build/benchmark/_deps/protobuf-src/src/google/protobuf/descriptor.h:56,
                 from /home/tina.guest/tinylsm-writefix-source/tinylsm/build/benchmark/_deps/protobuf-src/src/google/protobuf/compiler/code_generator.h:26,
                 from /home/tina.guest/tinylsm-writefix-source/tinylsm/build/benchmark/_deps/protobuf-src/src/google/protobuf/compiler/plugin.cc:26:
/home/tina.guest/tinylsm-writefix-source/tinylsm/build/benchmark/_deps/protobuf-src/src/google/protobuf/port.h: In function ‘void google::protobuf::internal::AssertDownCast(From*)’:
/home/tina.guest/tinylsm-writefix-source/tinylsm/build/benchmark/_deps/protobuf-src/src/google/protobuf/port.h:181:5: warning: testing if a concept-id is a valid expression; add ‘requires’ to check satisfaction [-Wmissing-requires]
  181 |     std::derived_from<std::remove_pointer_t<To>,
      |     ^
      |     requires 
[198/665] Building CXX object _deps/protobuf-build/CMakeFiles/libprotoc.dir/src/google/protobuf/compiler/plugin.pb.cc.o
In file included from /home/tina.guest/tinylsm-writefix-source/tinylsm/build/benchmark/_deps/protobuf-src/src/google/protobuf/arena.h:38,
                 from /home/tina.guest/tinylsm-writefix-source/tinylsm/build/benchmark/_deps/protobuf-src/src/google/protobuf/compiler/plugin.pb.h:21,
                 from /home/tina.guest/tinylsm-writefix-source/tinylsm/build/benchmark/_deps/protobuf-src/src/google/protobuf/compiler/plugin.pb.cc:6:
/home/tina.guest/tinylsm-writefix-source/tinylsm/build/benchmark/_deps/protobuf-src/src/google/protobuf/port.h: In function ‘void google::protobuf::internal::AssertDownCast(From*)’:
/home/tina.guest/tinylsm-writefix-source/tinylsm/build/benchmark/_deps/protobuf-src/src/google/protobuf/port.h:181:5: warning: testing if a concept-id is a valid expression; add ‘requires’ to check satisfaction [-Wmissing-requires]
  181 |     std::derived_from<std::remove_pointer_t<To>,
      |     ^
      |     requires 
[199/665] Building CXX object _deps/protobuf-build/CMakeFiles/libprotoc.dir/src/google/protobuf/compiler/python/helpers.cc.o
In file included from /home/tina.guest/tinylsm-writefix-source/tinylsm/build/benchmark/_deps/protobuf-src/src/google/protobuf/extension_set.h:36,
                 from /home/tina.guest/tinylsm-writefix-source/tinylsm/build/benchmark/_deps/protobuf-src/src/google/protobuf/descriptor.h:56,
                 from /home/tina.guest/tinylsm-writefix-source/tinylsm/build/benchmark/_deps/protobuf-src/src/google/protobuf/compiler/python/helpers.h:15,
                 from /home/tina.guest/tinylsm-writefix-source/tinylsm/build/benchmark/_deps/protobuf-src/src/google/protobuf/compiler/python/helpers.cc:8:
/home/tina.guest/tinylsm-writefix-source/tinylsm/build/benchmark/_deps/protobuf-src/src/google/protobuf/port.h: In function ‘void google::protobuf::internal::AssertDownCast(From*)’:
/home/tina.guest/tinylsm-writefix-source/tinylsm/build/benchmark/_deps/protobuf-src/src/google/protobuf/port.h:181:5: warning: testing if a concept-id is a valid expression; add ‘requires’ to check satisfaction [-Wmissing-requires]
  181 |     std::derived_from<std::remove_pointer_t<To>,
      |     ^
      |     requires 
[200/665] Building CXX object _deps/protobuf-build/CMakeFiles/libprotoc.dir/src/google/protobuf/compiler/rust/accessors/accessor_case.cc.o
[201/665] Building CXX object _deps/protobuf-build/CMakeFiles/libprotoc.dir/src/google/protobuf/compiler/php/php_generator.cc.o
In file included from /home/tina.guest/tinylsm-writefix-source/tinylsm/build/benchmark/_deps/protobuf-src/src/google/protobuf/extension_set.h:36,
                 from /home/tina.guest/tinylsm-writefix-source/tinylsm/build/benchmark/_deps/protobuf-src/src/google/protobuf/descriptor.h:56,
                 from /home/tina.guest/tinylsm-writefix-source/tinylsm/build/benchmark/_deps/protobuf-src/src/google/protobuf/compiler/code_generator.h:26,
                 from /home/tina.guest/tinylsm-writefix-source/tinylsm/build/benchmark/_deps/protobuf-src/src/google/protobuf/compiler/php/php_generator.h:14,
                 from /home/tina.guest/tinylsm-writefix-source/tinylsm/build/benchmark/_deps/protobuf-src/src/google/protobuf/compiler/php/php_generator.cc:8:
/home/tina.guest/tinylsm-writefix-source/tinylsm/build/benchmark/_deps/protobuf-src/src/google/protobuf/port.h: In function ‘void google::protobuf::internal::AssertDownCast(From*)’:
/home/tina.guest/tinylsm-writefix-source/tinylsm/build/benchmark/_deps/protobuf-src/src/google/protobuf/port.h:181:5: warning: testing if a concept-id is a valid expression; add ‘requires’ to check satisfaction [-Wmissing-requires]
  181 |     std::derived_from<std::remove_pointer_t<To>,
      |     ^
      |     requires 
[202/665] Building CXX object _deps/protobuf-build/CMakeFiles/libprotoc.dir/src/google/protobuf/compiler/ruby/ruby_generator.cc.o
In file included from /home/tina.guest/tinylsm-writefix-source/tinylsm/build/benchmark/_deps/protobuf-src/src/google/protobuf/extension_set.h:36,
                 from /home/tina.guest/tinylsm-writefix-source/tinylsm/build/benchmark/_deps/protobuf-src/src/google/protobuf/descriptor.h:56,
                 from /home/tina.guest/tinylsm-writefix-source/tinylsm/build/benchmark/_deps/protobuf-src/src/google/protobuf/compiler/code_generator.h:26,
                 from /home/tina.guest/tinylsm-writefix-source/tinylsm/build/benchmark/_deps/protobuf-src/src/google/protobuf/compiler/ruby/ruby_generator.h:15,
                 from /home/tina.guest/tinylsm-writefix-source/tinylsm/build/benchmark/_deps/protobuf-src/src/google/protobuf/compiler/ruby/ruby_generator.cc:8:
/home/tina.guest/tinylsm-writefix-source/tinylsm/build/benchmark/_deps/protobuf-src/src/google/protobuf/port.h: In function ‘void google::protobuf::internal::AssertDownCast(From*)’:
/home/tina.guest/tinylsm-writefix-source/tinylsm/build/benchmark/_deps/protobuf-src/src/google/protobuf/port.h:181:5: warning: testing if a concept-id is a valid expression; add ‘requires’ to check satisfaction [-Wmissing-requires]
  181 |     std::derived_from<std::remove_pointer_t<To>,
      |     ^
      |     requires 
[203/665] Building CXX object _deps/protobuf-build/CMakeFiles/libprotoc.dir/src/google/protobuf/compiler/python/pyi_generator.cc.o
In file included from /home/tina.guest/tinylsm-writefix-source/tinylsm/build/benchmark/_deps/protobuf-src/src/google/protobuf/extension_set.h:36,
                 from /home/tina.guest/tinylsm-writefix-source/tinylsm/build/benchmark/_deps/protobuf-src/src/google/protobuf/descriptor.h:56,
                 from /home/tina.guest/tinylsm-writefix-source/tinylsm/build/benchmark/_deps/protobuf-src/src/google/protobuf/compiler/code_generator.h:26,
                 from /home/tina.guest/tinylsm-writefix-source/tinylsm/build/benchmark/_deps/protobuf-src/src/google/protobuf/compiler/python/pyi_generator.h:21,
                 from /home/tina.guest/tinylsm-writefix-source/tinylsm/build/benchmark/_deps/protobuf-src/src/google/protobuf/compiler/python/pyi_generator.cc:8:
/home/tina.guest/tinylsm-writefix-source/tinylsm/build/benchmark/_deps/protobuf-src/src/google/protobuf/port.h: In function ‘void google::protobuf::internal::AssertDownCast(From*)’:
/home/tina.guest/tinylsm-writefix-source/tinylsm/build/benchmark/_deps/protobuf-src/src/google/protobuf/port.h:181:5: warning: testing if a concept-id is a valid expression; add ‘requires’ to check satisfaction [-Wmissing-requires]
  181 |     std::derived_from<std::remove_pointer_t<To>,
      |     ^
      |     requires 
[204/665] Building CXX object _deps/protobuf-build/CMakeFiles/libprotoc.dir/src/google/protobuf/compiler/rust/accessors/accessors.cc.o
In file included from /home/tina.guest/tinylsm-writefix-source/tinylsm/build/benchmark/_deps/protobuf-src/src/google/protobuf/extension_set.h:36,
                 from /home/tina.guest/tinylsm-writefix-source/tinylsm/build/benchmark/_deps/protobuf-src/src/google/protobuf/descriptor.h:56,
                 from /home/tina.guest/tinylsm-writefix-source/tinylsm/build/benchmark/_deps/protobuf-src/src/google/protobuf/compiler/rust/context.h:20,
                 from /home/tina.guest/tinylsm-writefix-source/tinylsm/build/benchmark/_deps/protobuf-src/src/google/protobuf/compiler/rust/accessors/accessors.h:12,
                 from /home/tina.guest/tinylsm-writefix-source/tinylsm/build/benchmark/_deps/protobuf-src/src/google/protobuf/compiler/rust/accessors/accessors.cc:8:
/home/tina.guest/tinylsm-writefix-source/tinylsm/build/benchmark/_deps/protobuf-src/src/google/protobuf/port.h: In function ‘void google::protobuf::internal::AssertDownCast(From*)’:
/home/tina.guest/tinylsm-writefix-source/tinylsm/build/benchmark/_deps/protobuf-src/src/google/protobuf/port.h:181:5: warning: testing if a concept-id is a valid expression; add ‘requires’ to check satisfaction [-Wmissing-requires]
  181 |     std::derived_from<std::remove_pointer_t<To>,
      |     ^
      |     requires 
[205/665] Building CXX object _deps/protobuf-build/CMakeFiles/libprotoc.dir/src/google/protobuf/compiler/rust/accessors/default_value.cc.o
In file included from /home/tina.guest/tinylsm-writefix-source/tinylsm/build/benchmark/_deps/protobuf-src/src/google/protobuf/extension_set.h:36,
                 from /home/tina.guest/tinylsm-writefix-source/tinylsm/build/benchmark/_deps/protobuf-src/src/google/protobuf/descriptor.h:56,
                 from /home/tina.guest/tinylsm-writefix-source/tinylsm/build/benchmark/_deps/protobuf-src/src/google/protobuf/compiler/rust/context.h:20,
                 from /home/tina.guest/tinylsm-writefix-source/tinylsm/build/benchmark/_deps/protobuf-src/src/google/protobuf/compiler/rust/accessors/default_value.h:13,
                 from /home/tina.guest/tinylsm-writefix-source/tinylsm/build/benchmark/_deps/protobuf-src/src/google/protobuf/compiler/rust/accessors/default_value.cc:8:
/home/tina.guest/tinylsm-writefix-source/tinylsm/build/benchmark/_deps/protobuf-src/src/google/protobuf/port.h: In function ‘void google::protobuf::internal::AssertDownCast(From*)’:
/home/tina.guest/tinylsm-writefix-source/tinylsm/build/benchmark/_deps/protobuf-src/src/google/protobuf/port.h:181:5: warning: testing if a concept-id is a valid expression; add ‘requires’ to check satisfaction [-Wmissing-requires]
  181 |     std::derived_from<std::remove_pointer_t<To>,
      |     ^
      |     requires 
[206/665] Building CXX object _deps/protobuf-build/CMakeFiles/libprotoc.dir/src/google/protobuf/compiler/retention.cc.o
In file included from /home/tina.guest/tinylsm-writefix-source/tinylsm/build/benchmark/_deps/protobuf-src/src/google/protobuf/extension_set.h:36,
                 from /home/tina.guest/tinylsm-writefix-source/tinylsm/build/benchmark/_deps/protobuf-src/src/google/protobuf/descriptor.h:56,
                 from /home/tina.guest/tinylsm-writefix-source/tinylsm/build/benchmark/_deps/protobuf-src/src/google/protobuf/compiler/retention.h:11,
                 from /home/tina.guest/tinylsm-writefix-source/tinylsm/build/benchmark/_deps/protobuf-src/src/google/protobuf/compiler/retention.cc:8:
/home/tina.guest/tinylsm-writefix-source/tinylsm/build/benchmark/_deps/protobuf-src/src/google/protobuf/port.h: In function ‘void google::protobuf::internal::AssertDownCast(From*)’:
/home/tina.guest/tinylsm-writefix-source/tinylsm/build/benchmark/_deps/protobuf-src/src/google/protobuf/port.h:181:5: warning: testing if a concept-id is a valid expression; add ‘requires’ to check satisfaction [-Wmissing-requires]
  181 |     std::derived_from<std::remove_pointer_t<To>,
      |     ^
      |     requires 
[207/665] Building CXX object _deps/protobuf-build/CMakeFiles/libprotoc.dir/src/google/protobuf/compiler/python/generator.cc.o
In file included from /home/tina.guest/tinylsm-writefix-source/tinylsm/build/benchmark/_deps/protobuf-src/src/google/protobuf/extension_set.h:36,
                 from /home/tina.guest/tinylsm-writefix-source/tinylsm/build/benchmark/_deps/protobuf-src/src/google/protobuf/descriptor.h:56,
                 from /home/tina.guest/tinylsm-writefix-source/tinylsm/build/benchmark/_deps/protobuf-src/src/google/protobuf/compiler/code_generator.h:26,
                 from /home/tina.guest/tinylsm-writefix-source/tinylsm/build/benchmark/_deps/protobuf-src/src/google/protobuf/compiler/python/generator.h:21,
                 from /home/tina.guest/tinylsm-writefix-source/tinylsm/build/benchmark/_deps/protobuf-src/src/google/protobuf/compiler/python/generator.cc:22:
/home/tina.guest/tinylsm-writefix-source/tinylsm/build/benchmark/_deps/protobuf-src/src/google/protobuf/port.h: In function ‘void google::protobuf::internal::AssertDownCast(From*)’:
/home/tina.guest/tinylsm-writefix-source/tinylsm/build/benchmark/_deps/protobuf-src/src/google/protobuf/port.h:181:5: warning: testing if a concept-id is a valid expression; add ‘requires’ to check satisfaction [-Wmissing-requires]
  181 |     std::derived_from<std::remove_pointer_t<To>,
      |     ^
      |     requires 
[208/665] Building CXX object _deps/protobuf-build/CMakeFiles/libprotoc.dir/src/google/protobuf/compiler/rust/accessors/repeated_field.cc.o
In file included from /home/tina.guest/tinylsm-writefix-source/tinylsm/build/benchmark/_deps/protobuf-src/src/google/protobuf/extension_set.h:36,
                 from /home/tina.guest/tinylsm-writefix-source/tinylsm/build/benchmark/_deps/protobuf-src/src/google/protobuf/descriptor.h:56,
                 from /home/tina.guest/tinylsm-writefix-source/tinylsm/build/benchmark/_deps/protobuf-src/src/google/protobuf/compiler/code_generator.h:26,
                 from /home/tina.guest/tinylsm-writefix-source/tinylsm/build/benchmark/_deps/protobuf-src/src/google/protobuf/compiler/cpp/helpers.h:28,
                 from /home/tina.guest/tinylsm-writefix-source/tinylsm/build/benchmark/_deps/protobuf-src/src/google/protobuf/compiler/rust/accessors/repeated_field.cc:12:
/home/tina.guest/tinylsm-writefix-source/tinylsm/build/benchmark/_deps/protobuf-src/src/google/protobuf/port.h: In function ‘void google::protobuf::internal::AssertDownCast(From*)’:
/home/tina.guest/tinylsm-writefix-source/tinylsm/build/benchmark/_deps/protobuf-src/src/google/protobuf/port.h:181:5: warning: testing if a concept-id is a valid expression; add ‘requires’ to check satisfaction [-Wmissing-requires]
  181 |     std::derived_from<std::remove_pointer_t<To>,
      |     ^
      |     requires 
[209/665] Building CXX object _deps/protobuf-build/CMakeFiles/libprotoc.dir/src/google/protobuf/compiler/rust/accessors/map.cc.o
In file included from /home/tina.guest/tinylsm-writefix-source/tinylsm/build/benchmark/_deps/protobuf-src/src/google/protobuf/extension_set.h:36,
                 from /home/tina.guest/tinylsm-writefix-source/tinylsm/build/benchmark/_deps/protobuf-src/src/google/protobuf/descriptor.h:56,
                 from /home/tina.guest/tinylsm-writefix-source/tinylsm/build/benchmark/_deps/protobuf-src/src/google/protobuf/compiler/code_generator.h:26,
                 from /home/tina.guest/tinylsm-writefix-source/tinylsm/build/benchmark/_deps/protobuf-src/src/google/protobuf/compiler/cpp/helpers.h:28,
                 from /home/tina.guest/tinylsm-writefix-source/tinylsm/build/benchmark/_deps/protobuf-src/src/google/protobuf/compiler/rust/accessors/map.cc:11:
/home/tina.guest/tinylsm-writefix-source/tinylsm/build/benchmark/_deps/protobuf-src/src/google/protobuf/port.h: In function ‘void google::protobuf::internal::AssertDownCast(From*)’:
/home/tina.guest/tinylsm-writefix-source/tinylsm/build/benchmark/_deps/protobuf-src/src/google/protobuf/port.h:181:5: warning: testing if a concept-id is a valid expression; add ‘requires’ to check satisfaction [-Wmissing-requires]
  181 |     std::derived_from<std::remove_pointer_t<To>,
      |     ^
      |     requires 
[210/665] Building CXX object _deps/protobuf-build/CMakeFiles/libprotoc.dir/src/google/protobuf/compiler/rust/accessors/singular_cord.cc.o
In file included from /home/tina.guest/tinylsm-writefix-source/tinylsm/build/benchmark/_deps/protobuf-src/src/google/protobuf/extension_set.h:36,
                 from /home/tina.guest/tinylsm-writefix-source/tinylsm/build/benchmark/_deps/protobuf-src/src/google/protobuf/descriptor.h:56,
                 from /home/tina.guest/tinylsm-writefix-source/tinylsm/build/benchmark/_deps/protobuf-src/src/google/protobuf/compiler/code_generator.h:26,
                 from /home/tina.guest/tinylsm-writefix-source/tinylsm/build/benchmark/_deps/protobuf-src/src/google/protobuf/compiler/cpp/helpers.h:28,
                 from /home/tina.guest/tinylsm-writefix-source/tinylsm/build/benchmark/_deps/protobuf-src/src/google/protobuf/compiler/rust/accessors/singular_cord.cc:12:
/home/tina.guest/tinylsm-writefix-source/tinylsm/build/benchmark/_deps/protobuf-src/src/google/protobuf/port.h: In function ‘void google::protobuf::internal::AssertDownCast(From*)’:
/home/tina.guest/tinylsm-writefix-source/tinylsm/build/benchmark/_deps/protobuf-src/src/google/protobuf/port.h:181:5: warning: testing if a concept-id is a valid expression; add ‘requires’ to check satisfaction [-Wmissing-requires]
  181 |     std::derived_from<std::remove_pointer_t<To>,
      |     ^
      |     requires 
[211/665] Building CXX object _deps/protobuf-build/CMakeFiles/libprotoc.dir/src/google/protobuf/compiler/rust/accessors/singular_string.cc.o
In file included from /home/tina.guest/tinylsm-writefix-source/tinylsm/build/benchmark/_deps/protobuf-src/src/google/protobuf/extension_set.h:36,
                 from /home/tina.guest/tinylsm-writefix-source/tinylsm/build/benchmark/_deps/protobuf-src/src/google/protobuf/descriptor.h:56,
                 from /home/tina.guest/tinylsm-writefix-source/tinylsm/build/benchmark/_deps/protobuf-src/src/google/protobuf/compiler/code_generator.h:26,
                 from /home/tina.guest/tinylsm-writefix-source/tinylsm/build/benchmark/_deps/protobuf-src/src/google/protobuf/compiler/cpp/helpers.h:28,
                 from /home/tina.guest/tinylsm-writefix-source/tinylsm/build/benchmark/_deps/protobuf-src/src/google/protobuf/compiler/rust/accessors/singular_string.cc:12:
/home/tina.guest/tinylsm-writefix-source/tinylsm/build/benchmark/_deps/protobuf-src/src/google/protobuf/port.h: In function ‘void google::protobuf::internal::AssertDownCast(From*)’:
/home/tina.guest/tinylsm-writefix-source/tinylsm/build/benchmark/_deps/protobuf-src/src/google/protobuf/port.h:181:5: warning: testing if a concept-id is a valid expression; add ‘requires’ to check satisfaction [-Wmissing-requires]
  181 |     std::derived_from<std::remove_pointer_t<To>,
      |     ^
      |     requires 
[212/665] Building CXX object _deps/protobuf-build/CMakeFiles/libprotoc.dir/src/google/protobuf/compiler/rust/accessors/singular_message.cc.o
In file included from /home/tina.guest/tinylsm-writefix-source/tinylsm/build/benchmark/_deps/protobuf-src/src/google/protobuf/extension_set.h:36,
                 from /home/tina.guest/tinylsm-writefix-source/tinylsm/build/benchmark/_deps/protobuf-src/src/google/protobuf/descriptor.h:56,
                 from /home/tina.guest/tinylsm-writefix-source/tinylsm/build/benchmark/_deps/protobuf-src/src/google/protobuf/compiler/code_generator.h:26,
                 from /home/tina.guest/tinylsm-writefix-source/tinylsm/build/benchmark/_deps/protobuf-src/src/google/protobuf/compiler/cpp/helpers.h:28,
                 from /home/tina.guest/tinylsm-writefix-source/tinylsm/build/benchmark/_deps/protobuf-src/src/google/protobuf/compiler/rust/accessors/singular_message.cc:12:
/home/tina.guest/tinylsm-writefix-source/tinylsm/build/benchmark/_deps/protobuf-src/src/google/protobuf/port.h: In function ‘void google::protobuf::internal::AssertDownCast(From*)’:
/home/tina.guest/tinylsm-writefix-source/tinylsm/build/benchmark/_deps/protobuf-src/src/google/protobuf/port.h:181:5: warning: testing if a concept-id is a valid expression; add ‘requires’ to check satisfaction [-Wmissing-requires]
  181 |     std::derived_from<std::remove_pointer_t<To>,
      |     ^
      |     requires 
[213/665] Building CXX object _deps/protobuf-build/CMakeFiles/libprotoc.dir/src/google/protobuf/compiler/rust/accessors/singular_scalar.cc.o
In file included from /home/tina.guest/tinylsm-writefix-source/tinylsm/build/benchmark/_deps/protobuf-src/src/google/protobuf/extension_set.h:36,
                 from /home/tina.guest/tinylsm-writefix-source/tinylsm/build/benchmark/_deps/protobuf-src/src/google/protobuf/descriptor.h:56,
                 from /home/tina.guest/tinylsm-writefix-source/tinylsm/build/benchmark/_deps/protobuf-src/src/google/protobuf/compiler/code_generator.h:26,
                 from /home/tina.guest/tinylsm-writefix-source/tinylsm/build/benchmark/_deps/protobuf-src/src/google/protobuf/compiler/cpp/helpers.h:28,
                 from /home/tina.guest/tinylsm-writefix-source/tinylsm/build/benchmark/_deps/protobuf-src/src/google/protobuf/compiler/rust/accessors/singular_scalar.cc:12:
/home/tina.guest/tinylsm-writefix-source/tinylsm/build/benchmark/_deps/protobuf-src/src/google/protobuf/port.h: In function ‘void google::protobuf::internal::AssertDownCast(From*)’:
/home/tina.guest/tinylsm-writefix-source/tinylsm/build/benchmark/_deps/protobuf-src/src/google/protobuf/port.h:181:5: warning: testing if a concept-id is a valid expression; add ‘requires’ to check satisfaction [-Wmissing-requires]
  181 |     std::derived_from<std::remove_pointer_t<To>,
      |     ^
      |     requires 
[214/665] Building CXX object _deps/protobuf-build/CMakeFiles/libprotoc.dir/src/google/protobuf/compiler/rust/accessors/unsupported_field.cc.o
In file included from /home/tina.guest/tinylsm-writefix-source/tinylsm/build/benchmark/_deps/protobuf-src/src/google/protobuf/extension_set.h:36,
                 from /home/tina.guest/tinylsm-writefix-source/tinylsm/build/benchmark/_deps/protobuf-src/src/google/protobuf/descriptor.h:56,
                 from /home/tina.guest/tinylsm-writefix-source/tinylsm/build/benchmark/_deps/protobuf-src/src/google/protobuf/compiler/rust/context.h:20,
                 from /home/tina.guest/tinylsm-writefix-source/tinylsm/build/benchmark/_deps/protobuf-src/src/google/protobuf/compiler/rust/accessors/generator.h:17,
                 from /home/tina.guest/tinylsm-writefix-source/tinylsm/build/benchmark/_deps/protobuf-src/src/google/protobuf/compiler/rust/accessors/unsupported_field.cc:10:
/home/tina.guest/tinylsm-writefix-source/tinylsm/build/benchmark/_deps/protobuf-src/src/google/protobuf/port.h: In function ‘void google::protobuf::internal::AssertDownCast(From*)’:
/home/tina.guest/tinylsm-writefix-source/tinylsm/build/benchmark/_deps/protobuf-src/src/google/protobuf/port.h:181:5: warning: testing if a concept-id is a valid expression; add ‘requires’ to check satisfaction [-Wmissing-requires]
  181 |     std::derived_from<std::remove_pointer_t<To>,
      |     ^
      |     requires 
[215/665] Building CXX object _deps/protobuf-build/CMakeFiles/libprotoc.dir/src/google/protobuf/compiler/rust/context.cc.o
In file included from /home/tina.guest/tinylsm-writefix-source/tinylsm/build/benchmark/_deps/protobuf-src/src/google/protobuf/extension_set.h:36,
                 from /home/tina.guest/tinylsm-writefix-source/tinylsm/build/benchmark/_deps/protobuf-src/src/google/protobuf/descriptor.h:56,
                 from /home/tina.guest/tinylsm-writefix-source/tinylsm/build/benchmark/_deps/protobuf-src/src/google/protobuf/compiler/rust/context.h:20,
                 from /home/tina.guest/tinylsm-writefix-source/tinylsm/build/benchmark/_deps/protobuf-src/src/google/protobuf/compiler/rust/context.cc:8:
/home/tina.guest/tinylsm-writefix-source/tinylsm/build/benchmark/_deps/protobuf-src/src/google/protobuf/port.h: In function ‘void google::protobuf::internal::AssertDownCast(From*)’:
/home/tina.guest/tinylsm-writefix-source/tinylsm/build/benchmark/_deps/protobuf-src/src/google/protobuf/port.h:181:5: warning: testing if a concept-id is a valid expression; add ‘requires’ to check satisfaction [-Wmissing-requires]
  181 |     std::derived_from<std::remove_pointer_t<To>,
      |     ^
      |     requires 
[216/665] Building CXX object _deps/protobuf-build/CMakeFiles/libprotoc.dir/src/google/protobuf/compiler/rust/accessors/with_presence.cc.o
In file included from /home/tina.guest/tinylsm-writefix-source/tinylsm/build/benchmark/_deps/protobuf-src/src/google/protobuf/extension_set.h:36,
                 from /home/tina.guest/tinylsm-writefix-source/tinylsm/build/benchmark/_deps/protobuf-src/src/google/protobuf/descriptor.h:56,
                 from /home/tina.guest/tinylsm-writefix-source/tinylsm/build/benchmark/_deps/protobuf-src/src/google/protobuf/compiler/rust/context.h:20,
                 from /home/tina.guest/tinylsm-writefix-source/tinylsm/build/benchmark/_deps/protobuf-src/src/google/protobuf/compiler/rust/accessors/with_presence.h:12,
                 from /home/tina.guest/tinylsm-writefix-source/tinylsm/build/benchmark/_deps/protobuf-src/src/google/protobuf/compiler/rust/accessors/with_presence.cc:8:
/home/tina.guest/tinylsm-writefix-source/tinylsm/build/benchmark/_deps/protobuf-src/src/google/protobuf/port.h: In function ‘void google::protobuf::internal::AssertDownCast(From*)’:
/home/tina.guest/tinylsm-writefix-source/tinylsm/build/benchmark/_deps/protobuf-src/src/google/protobuf/port.h:181:5: warning: testing if a concept-id is a valid expression; add ‘requires’ to check satisfaction [-Wmissing-requires]
  181 |     std::derived_from<std::remove_pointer_t<To>,
      |     ^
      |     requires 
[217/665] Building CXX object _deps/protobuf-build/CMakeFiles/libprotoc.dir/src/google/protobuf/compiler/rust/crate_mapping.cc.o
In file included from /home/tina.guest/tinylsm-writefix-source/tinylsm/build/benchmark/_deps/protobuf-src/src/google/protobuf/extension_set.h:36,
                 from /home/tina.guest/tinylsm-writefix-source/tinylsm/build/benchmark/_deps/protobuf-src/src/google/protobuf/descriptor.h:56,
                 from /home/tina.guest/tinylsm-writefix-source/tinylsm/build/benchmark/_deps/protobuf-src/src/google/protobuf/compiler/rust/context.h:20,
                 from /home/tina.guest/tinylsm-writefix-source/tinylsm/build/benchmark/_deps/protobuf-src/src/google/protobuf/compiler/rust/crate_mapping.h:8,
                 from /home/tina.guest/tinylsm-writefix-source/tinylsm/build/benchmark/_deps/protobuf-src/src/google/protobuf/compiler/rust/crate_mapping.cc:1:
/home/tina.guest/tinylsm-writefix-source/tinylsm/build/benchmark/_deps/protobuf-src/src/google/protobuf/port.h: In function ‘void google::protobuf::internal::AssertDownCast(From*)’:
/home/tina.guest/tinylsm-writefix-source/tinylsm/build/benchmark/_deps/protobuf-src/src/google/protobuf/port.h:181:5: warning: testing if a concept-id is a valid expression; add ‘requires’ to check satisfaction [-Wmissing-requires]
  181 |     std::derived_from<std::remove_pointer_t<To>,
      |     ^
      |     requires 
[218/665] Building CXX object _deps/protobuf-build/CMakeFiles/libprotoc.dir/src/google/protobuf/compiler/rust/relative_path.cc.o
[219/665] Building CXX object _deps/protobuf-build/CMakeFiles/libprotoc.dir/src/google/protobuf/compiler/rust/enum.cc.o
In file included from /home/tina.guest/tinylsm-writefix-source/tinylsm/build/benchmark/_deps/protobuf-src/src/google/protobuf/extension_set.h:36,
                 from /home/tina.guest/tinylsm-writefix-source/tinylsm/build/benchmark/_deps/protobuf-src/src/google/protobuf/descriptor.h:56,
                 from /home/tina.guest/tinylsm-writefix-source/tinylsm/build/benchmark/_deps/protobuf-src/src/google/protobuf/compiler/rust/context.h:20,
                 from /home/tina.guest/tinylsm-writefix-source/tinylsm/build/benchmark/_deps/protobuf-src/src/google/protobuf/compiler/rust/enum.h:18,
                 from /home/tina.guest/tinylsm-writefix-source/tinylsm/build/benchmark/_deps/protobuf-src/src/google/protobuf/compiler/rust/enum.cc:8:
/home/tina.guest/tinylsm-writefix-source/tinylsm/build/benchmark/_deps/protobuf-src/src/google/protobuf/port.h: In function ‘void google::protobuf::internal::AssertDownCast(From*)’:
/home/tina.guest/tinylsm-writefix-source/tinylsm/build/benchmark/_deps/protobuf-src/src/google/protobuf/port.h:181:5: warning: testing if a concept-id is a valid expression; add ‘requires’ to check satisfaction [-Wmissing-requires]
  181 |     std::derived_from<std::remove_pointer_t<To>,
      |     ^
      |     requires 
[220/665] Building CXX object _deps/protobuf-build/CMakeFiles/libprotoc.dir/src/google/protobuf/compiler/rust/generator.cc.o
In file included from /home/tina.guest/tinylsm-writefix-source/tinylsm/build/benchmark/_deps/protobuf-src/src/google/protobuf/extension_set.h:36,
                 from /home/tina.guest/tinylsm-writefix-source/tinylsm/build/benchmark/_deps/protobuf-src/src/google/protobuf/descriptor.h:56,
                 from /home/tina.guest/tinylsm-writefix-source/tinylsm/build/benchmark/_deps/protobuf-src/src/google/protobuf/compiler/code_generator.h:26,
                 from /home/tina.guest/tinylsm-writefix-source/tinylsm/build/benchmark/_deps/protobuf-src/src/google/protobuf/compiler/rust/generator.h:14,
                 from /home/tina.guest/tinylsm-writefix-source/tinylsm/build/benchmark/_deps/protobuf-src/src/google/protobuf/compiler/rust/generator.cc:8:
/home/tina.guest/tinylsm-writefix-source/tinylsm/build/benchmark/_deps/protobuf-src/src/google/protobuf/port.h: In function ‘void google::protobuf::internal::AssertDownCast(From*)’:
/home/tina.guest/tinylsm-writefix-source/tinylsm/build/benchmark/_deps/protobuf-src/src/google/protobuf/port.h:181:5: warning: testing if a concept-id is a valid expression; add ‘requires’ to check satisfaction [-Wmissing-requires]
  181 |     std::derived_from<std::remove_pointer_t<To>,
      |     ^
      |     requires 
[221/665] Building CXX object _deps/protobuf-build/CMakeFiles/libprotoc.dir/src/google/protobuf/compiler/rust/message.cc.o
In file included from /home/tina.guest/tinylsm-writefix-source/tinylsm/build/benchmark/_deps/protobuf-src/src/google/protobuf/extension_set.h:36,
                 from /home/tina.guest/tinylsm-writefix-source/tinylsm/build/benchmark/_deps/protobuf-src/src/google/protobuf/descriptor.h:56,
                 from /home/tina.guest/tinylsm-writefix-source/tinylsm/build/benchmark/_deps/protobuf-src/src/google/protobuf/compiler/rust/context.h:20,
                 from /home/tina.guest/tinylsm-writefix-source/tinylsm/build/benchmark/_deps/protobuf-src/src/google/protobuf/compiler/rust/accessors/accessors.h:12,
                 from /home/tina.guest/tinylsm-writefix-source/tinylsm/build/benchmark/_deps/protobuf-src/src/google/protobuf/compiler/rust/message.h:14,
                 from /home/tina.guest/tinylsm-writefix-source/tinylsm/build/benchmark/_deps/protobuf-src/src/google/protobuf/compiler/rust/message.cc:8:
/home/tina.guest/tinylsm-writefix-source/tinylsm/build/benchmark/_deps/protobuf-src/src/google/protobuf/port.h: In function ‘void google::protobuf::internal::AssertDownCast(From*)’:
/home/tina.guest/tinylsm-writefix-source/tinylsm/build/benchmark/_deps/protobuf-src/src/google/protobuf/port.h:181:5: warning: testing if a concept-id is a valid expression; add ‘requires’ to check satisfaction [-Wmissing-requires]
  181 |     std::derived_from<std::remove_pointer_t<To>,
      |     ^
      |     requires 
[222/665] Building CXX object _deps/protobuf-build/CMakeFiles/libprotoc.dir/src/google/protobuf/compiler/rust/naming.cc.o
In file included from /home/tina.guest/tinylsm-writefix-source/tinylsm/build/benchmark/_deps/protobuf-src/src/google/protobuf/extension_set.h:36,
                 from /home/tina.guest/tinylsm-writefix-source/tinylsm/build/benchmark/_deps/protobuf-src/src/google/protobuf/descriptor.h:56,
                 from /home/tina.guest/tinylsm-writefix-source/tinylsm/build/benchmark/_deps/protobuf-src/src/google/protobuf/compiler/rust/context.h:20,
                 from /home/tina.guest/tinylsm-writefix-source/tinylsm/build/benchmark/_deps/protobuf-src/src/google/protobuf/compiler/rust/naming.h:15,
                 from /home/tina.guest/tinylsm-writefix-source/tinylsm/build/benchmark/_deps/protobuf-src/src/google/protobuf/compiler/rust/naming.cc:8:
/home/tina.guest/tinylsm-writefix-source/tinylsm/build/benchmark/_deps/protobuf-src/src/google/protobuf/port.h: In function ‘void google::protobuf::internal::AssertDownCast(From*)’:
/home/tina.guest/tinylsm-writefix-source/tinylsm/build/benchmark/_deps/protobuf-src/src/google/protobuf/port.h:181:5: warning: testing if a concept-id is a valid expression; add ‘requires’ to check satisfaction [-Wmissing-requires]
  181 |     std::derived_from<std::remove_pointer_t<To>,
      |     ^
      |     requires 
[223/665] Building CXX object _deps/protobuf-build/CMakeFiles/libprotoc.dir/src/google/protobuf/compiler/rust/rust_keywords.cc.o
[224/665] Building CXX object _deps/protobuf-build/CMakeFiles/libprotoc.dir/src/google/protobuf/compiler/rust/oneof.cc.o
In file included from /home/tina.guest/tinylsm-writefix-source/tinylsm/build/benchmark/_deps/protobuf-src/src/google/protobuf/extension_set.h:36,
                 from /home/tina.guest/tinylsm-writefix-source/tinylsm/build/benchmark/_deps/protobuf-src/src/google/protobuf/descriptor.h:56,
                 from /home/tina.guest/tinylsm-writefix-source/tinylsm/build/benchmark/_deps/protobuf-src/src/google/protobuf/compiler/rust/context.h:20,
                 from /home/tina.guest/tinylsm-writefix-source/tinylsm/build/benchmark/_deps/protobuf-src/src/google/protobuf/compiler/rust/oneof.h:12,
                 from /home/tina.guest/tinylsm-writefix-source/tinylsm/build/benchmark/_deps/protobuf-src/src/google/protobuf/compiler/rust/oneof.cc:8:
/home/tina.guest/tinylsm-writefix-source/tinylsm/build/benchmark/_deps/protobuf-src/src/google/protobuf/port.h: In function ‘void google::protobuf::internal::AssertDownCast(From*)’:
/home/tina.guest/tinylsm-writefix-source/tinylsm/build/benchmark/_deps/protobuf-src/src/google/protobuf/port.h:181:5: warning: testing if a concept-id is a valid expression; add ‘requires’ to check satisfaction [-Wmissing-requires]
  181 |     std::derived_from<std::remove_pointer_t<To>,
      |     ^
      |     requires 
[225/665] Building CXX object _deps/protobuf-build/CMakeFiles/libprotoc.dir/src/google/protobuf/compiler/rust/rust_field_type.cc.o
In file included from /home/tina.guest/tinylsm-writefix-source/tinylsm/build/benchmark/_deps/protobuf-src/src/google/protobuf/extension_set.h:36,
                 from /home/tina.guest/tinylsm-writefix-source/tinylsm/build/benchmark/_deps/protobuf-src/src/google/protobuf/descriptor.h:56,
                 from /home/tina.guest/tinylsm-writefix-source/tinylsm/build/benchmark/_deps/protobuf-src/src/google/protobuf/compiler/rust/rust_field_type.h:4,
                 from /home/tina.guest/tinylsm-writefix-source/tinylsm/build/benchmark/_deps/protobuf-src/src/google/protobuf/compiler/rust/rust_field_type.cc:1:
/home/tina.guest/tinylsm-writefix-source/tinylsm/build/benchmark/_deps/protobuf-src/src/google/protobuf/port.h: In function ‘void google::protobuf::internal::AssertDownCast(From*)’:
/home/tina.guest/tinylsm-writefix-source/tinylsm/build/benchmark/_deps/protobuf-src/src/google/protobuf/port.h:181:5: warning: testing if a concept-id is a valid expression; add ‘requires’ to check satisfaction [-Wmissing-requires]
  181 |     std::derived_from<std::remove_pointer_t<To>,
      |     ^
      |     requires 
[226/665] Building CXX object _deps/protobuf-build/CMakeFiles/libprotoc.dir/upb_generator/common/names.cc.o
[227/665] Building CXX object _deps/protobuf-build/CMakeFiles/libprotoc.dir/src/google/protobuf/compiler/zip_writer.cc.o
In file included from /home/tina.guest/tinylsm-writefix-source/tinylsm/build/benchmark/_deps/protobuf-src/src/google/protobuf/io/zero_copy_stream.h:89,
                 from /home/tina.guest/tinylsm-writefix-source/tinylsm/build/benchmark/_deps/protobuf-src/src/google/protobuf/compiler/zip_writer.h:16,
                 from /home/tina.guest/tinylsm-writefix-source/tinylsm/build/benchmark/_deps/protobuf-src/src/google/protobuf/compiler/zip_writer.cc:13:
/home/tina.guest/tinylsm-writefix-source/tinylsm/build/benchmark/_deps/protobuf-src/src/google/protobuf/port.h: In function ‘void google::protobuf::internal::AssertDownCast(From*)’:
/home/tina.guest/tinylsm-writefix-source/tinylsm/build/benchmark/_deps/protobuf-src/src/google/protobuf/port.h:181:5: warning: testing if a concept-id is a valid expression; add ‘requires’ to check satisfaction [-Wmissing-requires]
  181 |     std::derived_from<std::remove_pointer_t<To>,
      |     ^
      |     requires 
[228/665] Building CXX object _deps/protobuf-build/CMakeFiles/libprotoc.dir/src/google/protobuf/testing/file.cc.o
[229/665] Building CXX object _deps/protobuf-build/CMakeFiles/libprotoc.dir/src/google/protobuf/compiler/rust/upb_helpers.cc.o
In file included from /home/tina.guest/tinylsm-writefix-source/tinylsm/build/benchmark/_deps/protobuf-src/src/google/protobuf/extension_set.h:36,
                 from /home/tina.guest/tinylsm-writefix-source/tinylsm/build/benchmark/_deps/protobuf-src/src/google/protobuf/descriptor.h:56,
                 from /home/tina.guest/tinylsm-writefix-source/tinylsm/build/benchmark/_deps/protobuf-src/src/google/protobuf/compiler/rust/upb_helpers.h:14,
                 from /home/tina.guest/tinylsm-writefix-source/tinylsm/build/benchmark/_deps/protobuf-src/src/google/protobuf/compiler/rust/upb_helpers.cc:1:
/home/tina.guest/tinylsm-writefix-source/tinylsm/build/benchmark/_deps/protobuf-src/src/google/protobuf/port.h: In function ‘void google::protobuf::internal::AssertDownCast(From*)’:
/home/tina.guest/tinylsm-writefix-source/tinylsm/build/benchmark/_deps/protobuf-src/src/google/protobuf/port.h:181:5: warning: testing if a concept-id is a valid expression; add ‘requires’ to check satisfaction [-Wmissing-requires]
  181 |     std::derived_from<std::remove_pointer_t<To>,
      |     ^
      |     requires 
[230/665] Building C object _deps/protobuf-build/CMakeFiles/libupb.dir/upb/base/status.c.o
[231/665] Building CXX object _deps/protobuf-build/CMakeFiles/libprotoc.dir/src/google/protobuf/compiler/versions.cc.o
In file included from /home/tina.guest/tinylsm-writefix-source/tinylsm/build/benchmark/_deps/protobuf-src/src/google/protobuf/arena.h:38,
                 from /home/tina.guest/tinylsm-writefix-source/tinylsm/build/benchmark/_deps/protobuf-src/src/google/protobuf/compiler/plugin.pb.h:21,
                 from /home/tina.guest/tinylsm-writefix-source/tinylsm/build/benchmark/_deps/protobuf-src/src/google/protobuf/compiler/versions.h:35,
                 from /home/tina.guest/tinylsm-writefix-source/tinylsm/build/benchmark/_deps/protobuf-src/src/google/protobuf/compiler/versions.cc:8:
/home/tina.guest/tinylsm-writefix-source/tinylsm/build/benchmark/_deps/protobuf-src/src/google/protobuf/port.h: In function ‘void google::protobuf::internal::AssertDownCast(From*)’:
/home/tina.guest/tinylsm-writefix-source/tinylsm/build/benchmark/_deps/protobuf-src/src/google/protobuf/port.h:181:5: warning: testing if a concept-id is a valid expression; add ‘requires’ to check satisfaction [-Wmissing-requires]
  181 |     std::derived_from<std::remove_pointer_t<To>,
      |     ^
      |     requires 
[232/665] Building C object _deps/protobuf-build/CMakeFiles/libupb.dir/upb/hash/common.c.o
[233/665] Building C object _deps/protobuf-build/CMakeFiles/libupb.dir/upb/lex/atoi.c.o
[234/665] Building C object _deps/protobuf-build/CMakeFiles/libupb.dir/upb/json/decode.c.o
[235/665] Building C object _deps/protobuf-build/CMakeFiles/libupb.dir/upb/lex/strtod.c.o
[236/665] Building C object _deps/protobuf-build/CMakeFiles/libupb.dir/upb/lex/round_trip.c.o
[237/665] Building CXX object _deps/protobuf-build/CMakeFiles/libprotoc.dir/upb_generator/minitable/names.cc.o
[238/665] Building C object _deps/protobuf-build/CMakeFiles/libupb.dir/upb/mem/alloc.c.o
[239/665] Building C object _deps/protobuf-build/CMakeFiles/libupb.dir/upb/lex/unicode.c.o
[240/665] Building C object _deps/protobuf-build/CMakeFiles/libupb.dir/upb/json/encode.c.o
[241/665] Building C object _deps/protobuf-build/CMakeFiles/libupb.dir/upb/message/accessors.c.o
[242/665] Building C object _deps/protobuf-build/CMakeFiles/libupb.dir/upb/mem/arena.c.o
[243/665] Building C object _deps/protobuf-build/CMakeFiles/libupb.dir/upb/message/array.c.o
[244/665] Building C object _deps/protobuf-build/CMakeFiles/libupb.dir/upb/message/compat.c.o
[245/665] Building CXX object _deps/protobuf-build/CMakeFiles/libprotoc.dir/upb_generator/minitable/names_internal.cc.o
[246/665] Building C object _deps/protobuf-build/CMakeFiles/libupb.dir/upb/message/internal/extension.c.o
[247/665] Building C object _deps/protobuf-build/CMakeFiles/libupb.dir/upb/message/internal/iterator.c.o
[248/665] Building C object _deps/protobuf-build/CMakeFiles/libupb.dir/upb/message/internal/message.c.o
[249/665] Building C object _deps/protobuf-build/CMakeFiles/libupb.dir/upb/message/compare.c.o
[250/665] Building C object _deps/protobuf-build/CMakeFiles/libupb.dir/upb/message/map.c.o
[251/665] Building C object _deps/protobuf-build/CMakeFiles/libupb.dir/upb/message/map_sorter.c.o
[252/665] Building C object _deps/protobuf-build/CMakeFiles/libupb.dir/upb/message/internal/compare_unknown.c.o
[253/665] Building C object _deps/protobuf-build/CMakeFiles/libupb.dir/upb/message/merge.c.o
[254/665] Building C object _deps/protobuf-build/CMakeFiles/libupb.dir/upb/message/message.c.o
[255/665] Building C object _deps/protobuf-build/CMakeFiles/libupb.dir/upb/message/copy.c.o
[256/665] Building C object _deps/protobuf-build/CMakeFiles/libupb.dir/upb/mini_descriptor/internal/base92.c.o
[257/665] Building C object _deps/protobuf-build/CMakeFiles/libupb.dir/upb/mini_descriptor/build_enum.c.o
[258/665] Building C object _deps/protobuf-build/CMakeFiles/libupb.dir/upb/mini_table/internal/message.c.o
[259/665] Building C object _deps/protobuf-build/CMakeFiles/libupb.dir/upb/mini_descriptor/internal/encode.c.o
[260/665] Building C object _deps/protobuf-build/CMakeFiles/libupb.dir/upb/mini_table/message.c.o
[261/665] Building C object _deps/protobuf-build/CMakeFiles/libupb.dir/upb/mini_descriptor/link.c.o
[262/665] Building C object _deps/protobuf-build/CMakeFiles/libupb.dir/upb/reflection/def_type.c.o
[263/665] Building C object _deps/protobuf-build/CMakeFiles/libupb.dir/upb/mini_table/extension_registry.c.o
[264/665] Building C object _deps/protobuf-build/CMakeFiles/libupb.dir/upb/reflection/desc_state.c.o
[265/665] Building C object _deps/protobuf-build/CMakeFiles/libupb.dir/upb/reflection/def_pool.c.o
[266/665] Building C object _deps/protobuf-build/CMakeFiles/libupb.dir/upb/mini_descriptor/decode.c.o
[267/665] Building C object _deps/protobuf-build/CMakeFiles/libupb.dir/upb/reflection/enum_reserved_range.c.o
[268/665] Building C object _deps/protobuf-build/CMakeFiles/libupb.dir/upb/reflection/enum_def.c.o
[269/665] Building C object _deps/protobuf-build/CMakeFiles/libupb.dir/upb/reflection/enum_value_def.c.o
[270/665] Building C object _deps/protobuf-build/CMakeFiles/libupb.dir/upb/reflection/internal/strdup2.c.o
[271/665] Building CXX object _deps/protobuf-build/CMakeFiles/libprotoc.dir/src/google/protobuf/compiler/subprocess.cc.o
In file included from /home/tina.guest/tinylsm-writefix-source/tinylsm/build/benchmark/_deps/protobuf-src/src/google/protobuf/compiler/subprocess.h:24,
                 from /home/tina.guest/tinylsm-writefix-source/tinylsm/build/benchmark/_deps/protobuf-src/src/google/protobuf/compiler/subprocess.cc:10:
/home/tina.guest/tinylsm-writefix-source/tinylsm/build/benchmark/_deps/protobuf-src/src/google/protobuf/port.h: In function ‘void google::protobuf::internal::AssertDownCast(From*)’:
/home/tina.guest/tinylsm-writefix-source/tinylsm/build/benchmark/_deps/protobuf-src/src/google/protobuf/port.h:181:5: warning: testing if a concept-id is a valid expression; add ‘requires’ to check satisfaction [-Wmissing-requires]
  181 |     std::derived_from<std::remove_pointer_t<To>,
      |     ^
      |     requires 
[272/665] Building C object _deps/protobuf-build/CMakeFiles/libupb.dir/upb/reflection/extension_range.c.o
[273/665] Building C object _deps/protobuf-build/CMakeFiles/libupb.dir/upb/reflection/internal/def_builder.c.o
[274/665] Building C object _deps/protobuf-build/CMakeFiles/libupb.dir/upb/reflection/file_def.c.o
[275/665] Building C object _deps/protobuf-build/CMakeFiles/libupb.dir/upb/reflection/message_reserved_range.c.o
[276/665] Building C object _deps/protobuf-build/CMakeFiles/libupb.dir/upb/reflection/field_def.c.o
[277/665] Building C object _deps/protobuf-build/CMakeFiles/libupb.dir/upb/reflection/method_def.c.o
[278/665] Building C object _deps/protobuf-build/CMakeFiles/libupb.dir/upb/reflection/oneof_def.c.o
[279/665] Building C object _deps/protobuf-build/CMakeFiles/libupb.dir/upb/reflection/message_def.c.o
[280/665] Building C object _deps/protobuf-build/CMakeFiles/libupb.dir/upb/reflection/message.c.o
[281/665] Building C object _deps/protobuf-build/CMakeFiles/libupb.dir/upb/wire/byte_size.c.o
[282/665] Building C object _deps/protobuf-build/CMakeFiles/libupb.dir/upb/reflection/service_def.c.o
[283/665] Building C object _deps/protobuf-build/CMakeFiles/libupb.dir/upb/util/required_fields.c.o
[284/665] Building C object _deps/protobuf-build/CMakeFiles/libupb.dir/upb/wire/eps_copy_input_stream.c.o
[285/665] Building C object _deps/protobuf-build/CMakeFiles/libupb.dir/upb/text/encode.c.o
[286/665] Building C object _deps/protobuf-build/CMakeFiles/libupb.dir/upb/wire/internal/decode_fast.c.o
[287/665] Building C object _deps/protobuf-build/CMakeFiles/libupb.dir/upb/reflection/cmake/google/protobuf/descriptor.upb_minitable.c.o
[288/665] Building C object _deps/protobuf-build/CMakeFiles/libupb.dir/upb/wire/reader.c.o
[289/665] Building C object _deps/protobuf-build/CMakeFiles/libupb.dir/upb/text/internal/encode.c.o
[290/665] Building C object _deps/protobuf-build/CMakeFiles/libupb.dir/upb/wire/encode.c.o
[291/665] Building C object _deps/protobuf-build/CMakeFiles/libupb.dir/upb/wire/decode.c.o
[292/665] Building CXX object _deps/protobuf-build/CMakeFiles/protoc-gen-upb.dir/src/google/protobuf/compiler/code_generator_lite.cc.o
[293/665] Building C object _deps/protobuf-build/CMakeFiles/libupb.dir/upb/util/def_to_proto.c.o
[294/665] Building CXX object _deps/protobuf-build/CMakeFiles/protoc-gen-upb.dir/upb_generator/c/names_internal.cc.o
[295/665] Building CXX object _deps/protobuf-build/CMakeFiles/protoc-gen-upb.dir/upb_generator/common.cc.o
[296/665] Building CXX object _deps/protobuf-build/CMakeFiles/protoc-gen-upb.dir/src/google/protobuf/port.cc.o
In file included from /home/tina.guest/tinylsm-writefix-source/tinylsm/build/benchmark/_deps/protobuf-src/src/google/protobuf/port.cc:8:
/home/tina.guest/tinylsm-writefix-source/tinylsm/build/benchmark/_deps/protobuf-src/src/google/protobuf/port.h: In function ‘void google::protobuf::internal::AssertDownCast(From*)’:
/home/tina.guest/tinylsm-writefix-source/tinylsm/build/benchmark/_deps/protobuf-src/src/google/protobuf/port.h:181:5: warning: testing if a concept-id is a valid expression; add ‘requires’ to check satisfaction [-Wmissing-requires]
  181 |     std::derived_from<std::remove_pointer_t<To>,
      |     ^
      |     requires 
[297/665] Building CXX object _deps/protobuf-build/CMakeFiles/protoc-gen-upb.dir/upb_generator/common/names.cc.o
[298/665] Building C object _deps/protobuf-build/CMakeFiles/protoc-gen-upb.dir/upb_generator/cmake/google/protobuf/compiler/plugin.upb_minitable.c.o
[299/665] Building CXX object _deps/protobuf-build/CMakeFiles/protoc-gen-upb.dir/upb_generator/minitable/names.cc.o
[300/665] Building CXX object _deps/protobuf-build/CMakeFiles/protoc-gen-upb.dir/upb_generator/minitable/names_internal.cc.o
[301/665] Building CXX object _deps/protobuf-build/CMakeFiles/protoc-gen-upbdefs.dir/src/google/protobuf/compiler/code_generator_lite.cc.o
[302/665] Building CXX object _deps/protobuf-build/CMakeFiles/protoc-gen-upbdefs.dir/upb_generator/common/names.cc.o
[303/665] Building CXX object _deps/protobuf-build/CMakeFiles/protoc-gen-upbdefs.dir/src/google/protobuf/port.cc.o
In file included from /home/tina.guest/tinylsm-writefix-source/tinylsm/build/benchmark/_deps/protobuf-src/src/google/protobuf/port.cc:8:
/home/tina.guest/tinylsm-writefix-source/tinylsm/build/benchmark/_deps/protobuf-src/src/google/protobuf/port.h: In function ‘void google::protobuf::internal::AssertDownCast(From*)’:
/home/tina.guest/tinylsm-writefix-source/tinylsm/build/benchmark/_deps/protobuf-src/src/google/protobuf/port.h:181:5: warning: testing if a concept-id is a valid expression; add ‘requires’ to check satisfaction [-Wmissing-requires]
  181 |     std::derived_from<std::remove_pointer_t<To>,
      |     ^
      |     requires 
[304/665] Building CXX object _deps/protobuf-build/CMakeFiles/protoc-gen-upbdefs.dir/upb_generator/common.cc.o
[305/665] Building CXX object _deps/protobuf-build/CMakeFiles/protoc-gen-upbdefs.dir/upb_generator/minitable/names.cc.o
[306/665] Building CXX object _deps/protobuf-build/CMakeFiles/protoc-gen-upb.dir/upb_generator/c/names.cc.o
[307/665] Building CXX object _deps/protobuf-build/CMakeFiles/protoc-gen-upbdefs.dir/upb_generator/minitable/names_internal.cc.o
[308/665] Building C object _deps/protobuf-build/CMakeFiles/protoc-gen-upbdefs.dir/upb_generator/cmake/google/protobuf/compiler/plugin.upb_minitable.c.o
[309/665] Building CXX object _deps/protobuf-build/CMakeFiles/protoc-gen-upbdefs.dir/upb_generator/reflection/names.cc.o
[310/665] Building CXX object _deps/protobuf-build/CMakeFiles/protoc-gen-upb_minitable.dir/src/google/protobuf/compiler/code_generator_lite.cc.o
[311/665] Building CXX object _deps/protobuf-build/CMakeFiles/protoc-gen-upb_minitable.dir/src/google/protobuf/port.cc.o
In file included from /home/tina.guest/tinylsm-writefix-source/tinylsm/build/benchmark/_deps/protobuf-src/src/google/protobuf/port.cc:8:
/home/tina.guest/tinylsm-writefix-source/tinylsm/build/benchmark/_deps/protobuf-src/src/google/protobuf/port.h: In function ‘void google::protobuf::internal::AssertDownCast(From*)’:
/home/tina.guest/tinylsm-writefix-source/tinylsm/build/benchmark/_deps/protobuf-src/src/google/protobuf/port.h:181:5: warning: testing if a concept-id is a valid expression; add ‘requires’ to check satisfaction [-Wmissing-requires]
  181 |     std::derived_from<std::remove_pointer_t<To>,
      |     ^
      |     requires 
[312/665] Building CXX object _deps/protobuf-build/CMakeFiles/protoc-gen-upb.dir/upb_generator/file_layout.cc.o
[313/665] Building CXX object _deps/protobuf-build/CMakeFiles/protoc-gen-upbdefs.dir/upb_generator/file_layout.cc.o
[314/665] Building CXX object _deps/protobuf-build/CMakeFiles/protoc-gen-upb.dir/upb_generator/c/generator.cc.o
[315/665] Building CXX object _deps/protobuf-build/CMakeFiles/protoc-gen-upbdefs.dir/upb_generator/reflection/generator.cc.o
[316/665] Building CXX object _deps/protobuf-build/CMakeFiles/protoc-gen-upb_minitable.dir/upb_generator/common.cc.o
[317/665] Building CXX object _deps/protobuf-build/CMakeFiles/protoc-gen-upb_minitable.dir/upb_generator/common/names.cc.o
[318/665] Building CXX object _deps/protobuf-build/CMakeFiles/protoc-gen-upb_minitable.dir/upb_generator/minitable/names.cc.o
[319/665] Building C object _deps/protobuf-build/CMakeFiles/protoc-gen-upb_minitable.dir/upb_generator/cmake/google/protobuf/compiler/plugin.upb_minitable.c.o
[320/665] Building CXX object _deps/protobuf-build/CMakeFiles/protoc-gen-upb_minitable.dir/upb_generator/minitable/names_internal.cc.o
[321/665] Building CXX object _deps/protobuf-build/third_party/abseil-cpp/absl/base/CMakeFiles/absl_log_severity.dir/log_severity.cc.o
[322/665] Linking CXX static library _deps/protobuf-build/third_party/abseil-cpp/absl/base/libabsl_log_severity.a
[323/665] Building CXX object _deps/protobuf-build/CMakeFiles/protoc-gen-upb_minitable.dir/upb_generator/file_layout.cc.o
[324/665] Building CXX object _deps/protobuf-build/third_party/abseil-cpp/absl/base/CMakeFiles/absl_raw_logging_internal.dir/internal/raw_logging.cc.o
[325/665] Linking CXX static library _deps/protobuf-build/third_party/abseil-cpp/absl/base/libabsl_raw_logging_internal.a
[326/665] Building CXX object _deps/protobuf-build/third_party/abseil-cpp/absl/base/CMakeFiles/absl_spinlock_wait.dir/internal/spinlock_wait.cc.o
[327/665] Linking CXX static library _deps/protobuf-build/third_party/abseil-cpp/absl/base/libabsl_spinlock_wait.a
[328/665] Building CXX object _deps/protobuf-build/CMakeFiles/protoc-gen-upb_minitable.dir/upb_generator/minitable/fasttable.cc.o
[329/665] Building CXX object _deps/protobuf-build/third_party/abseil-cpp/absl/base/CMakeFiles/absl_malloc_internal.dir/internal/low_level_alloc.cc.o
[330/665] Building CXX object _deps/protobuf-build/third_party/abseil-cpp/absl/base/CMakeFiles/absl_base.dir/internal/cycleclock.cc.o
[331/665] Building CXX object _deps/protobuf-build/third_party/abseil-cpp/absl/base/CMakeFiles/absl_base.dir/internal/sysinfo.cc.o
[332/665] Building CXX object _deps/protobuf-build/third_party/abseil-cpp/absl/base/CMakeFiles/absl_base.dir/internal/unscaledcycleclock.cc.o
[333/665] Building CXX object _deps/protobuf-build/CMakeFiles/protoc-gen-upb_minitable.dir/upb_generator/minitable/main.cc.o
[334/665] Building CXX object _deps/protobuf-build/third_party/abseil-cpp/absl/base/CMakeFiles/absl_base.dir/internal/spinlock.cc.o
[335/665] Building CXX object _deps/protobuf-build/third_party/abseil-cpp/absl/base/CMakeFiles/absl_strerror.dir/internal/strerror.cc.o
[336/665] Linking CXX static library _deps/protobuf-build/third_party/abseil-cpp/absl/base/libabsl_strerror.a
[337/665] Building CXX object _deps/protobuf-build/third_party/abseil-cpp/absl/base/CMakeFiles/absl_throw_delegate.dir/internal/throw_delegate.cc.o
[338/665] Building CXX object _deps/protobuf-build/third_party/abseil-cpp/absl/base/CMakeFiles/absl_scoped_set_env.dir/internal/scoped_set_env.cc.o
[339/665] Linking CXX static library _deps/protobuf-build/third_party/abseil-cpp/absl/base/libabsl_throw_delegate.a
[340/665] Linking CXX static library _deps/protobuf-build/third_party/abseil-cpp/absl/base/libabsl_scoped_set_env.a
[341/665] Building CXX object _deps/protobuf-build/third_party/abseil-cpp/absl/base/CMakeFiles/absl_base.dir/internal/thread_identity.cc.o
[342/665] Linking CXX static library _deps/protobuf-build/third_party/abseil-cpp/absl/base/libabsl_base.a
[343/665] Linking CXX static library _deps/protobuf-build/third_party/abseil-cpp/absl/base/libabsl_malloc_internal.a
[344/665] Building CXX object _deps/protobuf-build/CMakeFiles/protoc.dir/src/google/protobuf/compiler/main.cc.o
In file included from /home/tina.guest/tinylsm-writefix-source/tinylsm/build/benchmark/_deps/protobuf-src/src/google/protobuf/arena.h:38,
                 from /home/tina.guest/tinylsm-writefix-source/tinylsm/build/benchmark/_deps/protobuf-src/src/google/protobuf/descriptor.pb.h:21,
                 from /home/tina.guest/tinylsm-writefix-source/tinylsm/build/benchmark/_deps/protobuf-src/src/google/protobuf/compiler/command_line_interface.h:29,
                 from /home/tina.guest/tinylsm-writefix-source/tinylsm/build/benchmark/_deps/protobuf-src/src/google/protobuf/compiler/main.cc:9:
/home/tina.guest/tinylsm-writefix-source/tinylsm/build/benchmark/_deps/protobuf-src/src/google/protobuf/port.h: In function ‘void google::protobuf::internal::AssertDownCast(From*)’:
/home/tina.guest/tinylsm-writefix-source/tinylsm/build/benchmark/_deps/protobuf-src/src/google/protobuf/port.h:181:5: warning: testing if a concept-id is a valid expression; add ‘requires’ to check satisfaction [-Wmissing-requires]
  181 |     std::derived_from<std::remove_pointer_t<To>,
      |     ^
      |     requires 
[345/665] Building CXX object _deps/protobuf-build/CMakeFiles/protoc-gen-upb_minitable.dir/upb_generator/minitable/generator.cc.o
[346/665] Building CXX object _deps/protobuf-build/third_party/abseil-cpp/absl/crc/CMakeFiles/absl_crc_cpu_detect.dir/internal/cpu_detect.cc.o
[347/665] Linking CXX static library _deps/protobuf-build/third_party/abseil-cpp/absl/crc/libabsl_crc_cpu_detect.a
[348/665] Building CXX object _deps/protobuf-build/third_party/abseil-cpp/absl/container/CMakeFiles/absl_hashtablez_sampler.dir/internal/hashtablez_sampler.cc.o
[349/665] Building CXX object _deps/protobuf-build/third_party/abseil-cpp/absl/crc/CMakeFiles/absl_crc_internal.dir/internal/crc.cc.o
[350/665] Building CXX object _deps/protobuf-build/third_party/abseil-cpp/absl/container/CMakeFiles/absl_hashtablez_sampler.dir/internal/hashtablez_sampler_force_weak_definition.cc.o
[351/665] Building CXX object _deps/protobuf-build/third_party/abseil-cpp/absl/crc/CMakeFiles/absl_crc_internal.dir/internal/crc_x86_arm_combined.cc.o
[352/665] Building CXX object _deps/protobuf-build/third_party/abseil-cpp/absl/crc/CMakeFiles/absl_crc32c.dir/crc32c.cc.o
[353/665] Linking CXX static library _deps/protobuf-build/third_party/abseil-cpp/absl/crc/libabsl_crc_internal.a
[354/665] Building CXX object _deps/protobuf-build/third_party/abseil-cpp/absl/crc/CMakeFiles/absl_crc32c.dir/internal/crc_memcpy_fallback.cc.o
[355/665] Building CXX object _deps/protobuf-build/third_party/abseil-cpp/absl/container/CMakeFiles/absl_raw_hash_set.dir/internal/raw_hash_set.cc.o
[356/665] Building CXX object _deps/protobuf-build/third_party/abseil-cpp/absl/crc/CMakeFiles/absl_crc32c.dir/internal/crc_memcpy_x86_arm_combined.cc.o
[357/665] Building CXX object _deps/protobuf-build/third_party/abseil-cpp/absl/debugging/CMakeFiles/absl_stacktrace.dir/stacktrace.cc.o
[358/665] Building CXX object _deps/protobuf-build/third_party/abseil-cpp/absl/debugging/CMakeFiles/absl_debugging_internal.dir/internal/address_is_readable.cc.o
[359/665] Building CXX object _deps/protobuf-build/third_party/abseil-cpp/absl/debugging/CMakeFiles/absl_failure_signal_handler.dir/failure_signal_handler.cc.o
[360/665] Building CXX object _deps/protobuf-build/third_party/abseil-cpp/absl/crc/CMakeFiles/absl_crc32c.dir/internal/crc_non_temporal_memcpy.cc.o
[361/665] Building CXX object _deps/protobuf-build/third_party/abseil-cpp/absl/crc/CMakeFiles/absl_crc_cord_state.dir/internal/crc_cord_state.cc.o
[362/665] Building CXX object _deps/protobuf-build/third_party/abseil-cpp/absl/debugging/CMakeFiles/absl_leak_check.dir/leak_check.cc.o
[363/665] Building CXX object _deps/protobuf-build/third_party/abseil-cpp/absl/debugging/CMakeFiles/absl_debugging_internal.dir/internal/vdso_support.cc.o
[364/665] Linking CXX static library _deps/protobuf-build/third_party/abseil-cpp/absl/debugging/libabsl_leak_check.a
[365/665] Building CXX object _deps/protobuf-build/third_party/abseil-cpp/absl/debugging/CMakeFiles/absl_examine_stack.dir/internal/examine_stack.cc.o
[366/665] Building CXX object _deps/protobuf-build/third_party/abseil-cpp/absl/debugging/CMakeFiles/absl_debugging_internal.dir/internal/elf_mem_image.cc.o
[367/665] Building CXX object _deps/protobuf-build/third_party/abseil-cpp/absl/debugging/CMakeFiles/absl_symbolize.dir/symbolize.cc.o
[368/665] Linking CXX static library _deps/protobuf-build/third_party/abseil-cpp/absl/debugging/libabsl_debugging_internal.a
[369/665] Building CXX object _deps/protobuf-build/third_party/abseil-cpp/absl/flags/CMakeFiles/absl_flags_commandlineflag_internal.dir/internal/commandlineflag.cc.o
[370/665] Linking CXX static library _deps/protobuf-build/third_party/abseil-cpp/absl/debugging/libabsl_stacktrace.a
[371/665] Linking CXX static library _deps/protobuf-build/third_party/abseil-cpp/absl/flags/libabsl_flags_commandlineflag_internal.a
[372/665] Building CXX object _deps/protobuf-build/third_party/abseil-cpp/absl/debugging/CMakeFiles/absl_demangle_internal.dir/internal/demangle.cc.o
[373/665] Linking CXX static library _deps/protobuf-build/third_party/abseil-cpp/absl/debugging/libabsl_demangle_internal.a
[374/665] Building CXX object _deps/protobuf-build/third_party/abseil-cpp/absl/flags/CMakeFiles/absl_flags_private_handle_accessor.dir/internal/private_handle_accessor.cc.o
[375/665] Building CXX object _deps/protobuf-build/third_party/abseil-cpp/absl/flags/CMakeFiles/absl_flags_commandlineflag.dir/commandlineflag.cc.o
[376/665] Building CXX object _deps/protobuf-build/third_party/abseil-cpp/absl/flags/CMakeFiles/absl_flags_config.dir/usage_config.cc.o
[377/665] Building CXX object _deps/protobuf-build/third_party/abseil-cpp/absl/flags/CMakeFiles/absl_flags_program_name.dir/internal/program_name.cc.o
[378/665] Building CXX object _deps/protobuf-build/third_party/abseil-cpp/absl/flags/CMakeFiles/absl_flags_marshalling.dir/marshalling.cc.o
[379/665] Building CXX object _deps/protobuf-build/third_party/abseil-cpp/absl/flags/CMakeFiles/absl_flags_usage.dir/usage.cc.o
[380/665] Building CXX object _deps/protobuf-build/third_party/abseil-cpp/absl/hash/CMakeFiles/absl_hash.dir/internal/hash.cc.o
[381/665] Building CXX object _deps/protobuf-build/third_party/abseil-cpp/absl/hash/CMakeFiles/absl_city.dir/internal/city.cc.o
[382/665] Building CXX object _deps/protobuf-build/third_party/abseil-cpp/absl/flags/CMakeFiles/absl_flags_internal.dir/internal/flag.cc.o
[383/665] Linking CXX static library _deps/protobuf-build/third_party/abseil-cpp/absl/hash/libabsl_city.a
[384/665] Building CXX object _deps/protobuf-build/third_party/abseil-cpp/absl/log/CMakeFiles/absl_log_internal_conditions.dir/internal/conditions.cc.o
[385/665] Linking CXX static library _deps/protobuf-build/third_party/abseil-cpp/absl/log/libabsl_log_internal_conditions.a
[386/665] Building CXX object _deps/protobuf-build/third_party/abseil-cpp/absl/flags/CMakeFiles/absl_flags_usage_internal.dir/internal/usage.cc.o
[387/665] Building CXX object _deps/protobuf-build/third_party/abseil-cpp/absl/hash/CMakeFiles/absl_low_level_hash.dir/internal/low_level_hash.cc.o
[388/665] Building CXX object _deps/protobuf-build/third_party/abseil-cpp/absl/log/CMakeFiles/absl_log_internal_proto.dir/internal/proto.cc.o
[389/665] Building CXX object _deps/protobuf-build/third_party/abseil-cpp/absl/log/CMakeFiles/absl_log_internal_globals.dir/internal/globals.cc.o
[390/665] Building CXX object _deps/protobuf-build/third_party/abseil-cpp/absl/flags/CMakeFiles/absl_flags_reflection.dir/reflection.cc.o
[391/665] Building CXX object _deps/protobuf-build/third_party/abseil-cpp/absl/log/CMakeFiles/absl_log_internal_nullguard.dir/internal/nullguard.cc.o
[392/665] Linking CXX static library _deps/protobuf-build/third_party/abseil-cpp/absl/log/libabsl_log_internal_nullguard.a
[393/665] Building CXX object _deps/protobuf-build/third_party/abseil-cpp/absl/log/CMakeFiles/absl_log_internal_format.dir/internal/log_format.cc.o
[394/665] Building CXX object _deps/protobuf-build/third_party/abseil-cpp/absl/log/CMakeFiles/absl_log_internal_check_op.dir/internal/check_op.cc.o
[395/665] Building CXX object _deps/protobuf-build/third_party/abseil-cpp/absl/log/CMakeFiles/absl_log_globals.dir/globals.cc.o
[396/665] Building CXX object _deps/protobuf-build/third_party/abseil-cpp/absl/flags/CMakeFiles/absl_flags_parse.dir/parse.cc.o
[397/665] Building CXX object _deps/protobuf-build/third_party/abseil-cpp/absl/log/CMakeFiles/absl_log_internal_message.dir/internal/log_message.cc.o
[398/665] Building CXX object _deps/protobuf-build/third_party/abseil-cpp/absl/log/CMakeFiles/absl_log_flags.dir/flags.cc.o
[399/665] Building CXX object _deps/protobuf-build/third_party/abseil-cpp/absl/log/CMakeFiles/absl_log_internal_log_sink_set.dir/internal/log_sink_set.cc.o
[400/665] Building CXX object _deps/protobuf-build/third_party/abseil-cpp/absl/log/CMakeFiles/absl_die_if_null.dir/die_if_null.cc.o
[401/665] Building CXX object _deps/protobuf-build/third_party/abseil-cpp/absl/log/CMakeFiles/absl_log_sink.dir/log_sink.cc.o
[402/665] Building CXX object _deps/protobuf-build/third_party/abseil-cpp/absl/log/CMakeFiles/absl_log_entry.dir/log_entry.cc.o
[403/665] Building CXX object _deps/protobuf-build/third_party/abseil-cpp/absl/profiling/CMakeFiles/absl_periodic_sampler.dir/internal/periodic_sampler.cc.o
[404/665] Building CXX object _deps/protobuf-build/third_party/abseil-cpp/absl/log/CMakeFiles/absl_log_initialize.dir/initialize.cc.o
[405/665] Building CXX object _deps/protobuf-build/third_party/abseil-cpp/absl/profiling/CMakeFiles/absl_exponential_biased.dir/internal/exponential_biased.cc.o
[406/665] Linking CXX static library _deps/protobuf-build/third_party/abseil-cpp/absl/profiling/libabsl_exponential_biased.a
[407/665] Linking CXX static library _deps/protobuf-build/third_party/abseil-cpp/absl/profiling/libabsl_periodic_sampler.a
[408/665] Building CXX object _deps/protobuf-build/third_party/abseil-cpp/absl/log/CMakeFiles/absl_log_internal_fnmatch.dir/internal/fnmatch.cc.o
[409/665] Building CXX object _deps/protobuf-build/third_party/abseil-cpp/absl/numeric/CMakeFiles/absl_int128.dir/int128.cc.o
[410/665] Linking CXX static library _deps/protobuf-build/third_party/abseil-cpp/absl/numeric/libabsl_int128.a
[411/665] Building CXX object _deps/protobuf-build/third_party/abseil-cpp/absl/random/CMakeFiles/absl_random_seed_gen_exception.dir/seed_gen_exception.cc.o
[412/665] Linking CXX static library _deps/protobuf-build/third_party/abseil-cpp/absl/hash/libabsl_low_level_hash.a
[413/665] Building CXX object _deps/protobuf-build/third_party/abseil-cpp/absl/random/CMakeFiles/absl_random_distributions.dir/discrete_distribution.cc.o
[414/665] Linking CXX static library _deps/protobuf-build/third_party/abseil-cpp/absl/random/libabsl_random_seed_gen_exception.a
[415/665] Building CXX object _deps/protobuf-build/third_party/abseil-cpp/absl/random/CMakeFiles/absl_random_internal_platform.dir/internal/randen_round_keys.cc.o
[416/665] Linking CXX static library _deps/protobuf-build/third_party/abseil-cpp/absl/random/libabsl_random_internal_platform.a
[417/665] Building CXX object _deps/protobuf-build/third_party/abseil-cpp/absl/random/CMakeFiles/absl_random_distributions.dir/gaussian_distribution.cc.o
[418/665] Building CXX object _deps/protobuf-build/third_party/abseil-cpp/absl/random/CMakeFiles/absl_random_seed_sequences.dir/seed_sequences.cc.o
[419/665] Building CXX object _deps/protobuf-build/third_party/abseil-cpp/absl/random/CMakeFiles/absl_random_internal_randen_hwaes.dir/internal/randen_detect.cc.o
[420/665] Building CXX object _deps/protobuf-build/third_party/abseil-cpp/absl/log/CMakeFiles/absl_vlog_config_internal.dir/internal/vlog_config.cc.o
[421/665] Building CXX object _deps/protobuf-build/third_party/abseil-cpp/absl/random/CMakeFiles/absl_random_internal_randen.dir/internal/randen.cc.o
[422/665] Building CXX object _deps/protobuf-build/third_party/abseil-cpp/absl/random/CMakeFiles/absl_random_internal_pool_urbg.dir/internal/pool_urbg.cc.o
[423/665] Building CXX object _deps/protobuf-build/third_party/abseil-cpp/absl/random/CMakeFiles/absl_random_internal_randen_slow.dir/internal/randen_slow.cc.o
[424/665] Building CXX object _deps/protobuf-build/third_party/abseil-cpp/absl/random/CMakeFiles/absl_random_internal_seed_material.dir/internal/seed_material.cc.o
[425/665] Linking CXX static library _deps/protobuf-build/third_party/abseil-cpp/absl/random/libabsl_random_internal_randen_slow.a
[426/665] Building CXX object _deps/protobuf-build/third_party/abseil-cpp/absl/random/CMakeFiles/absl_random_internal_distribution_test_util.dir/internal/chi_square.cc.o
[427/665] Building CXX object _deps/protobuf-build/third_party/abseil-cpp/absl/random/CMakeFiles/absl_random_internal_randen_hwaes_impl.dir/internal/randen_hwaes.cc.o
[428/665] Linking CXX static library _deps/protobuf-build/third_party/abseil-cpp/absl/random/libabsl_random_internal_randen_hwaes_impl.a
[429/665] Linking CXX static library _deps/protobuf-build/third_party/abseil-cpp/absl/random/libabsl_random_internal_randen_hwaes.a
[430/665] Linking CXX static library _deps/protobuf-build/third_party/abseil-cpp/absl/random/libabsl_random_internal_randen.a
[431/665] Building CXX object _deps/protobuf-build/third_party/abseil-cpp/absl/random/CMakeFiles/absl_random_internal_distribution_test_util.dir/internal/distribution_test_util.cc.o
[432/665] Building CXX object _deps/protobuf-build/third_party/abseil-cpp/absl/strings/CMakeFiles/absl_string_view.dir/string_view.cc.o
[433/665] Linking CXX static library _deps/protobuf-build/third_party/abseil-cpp/absl/strings/libabsl_string_view.a
[434/665] Building CXX object _deps/protobuf-build/third_party/abseil-cpp/absl/status/CMakeFiles/absl_status.dir/status_payload_printer.cc.o
[435/665] Building CXX object _deps/protobuf-build/third_party/abseil-cpp/absl/strings/CMakeFiles/absl_strings.dir/ascii.cc.o
[436/665] Building CXX object _deps/protobuf-build/third_party/abseil-cpp/absl/status/CMakeFiles/absl_status.dir/internal/status_internal.cc.o
[437/665] Building CXX object _deps/protobuf-build/third_party/abseil-cpp/absl/status/CMakeFiles/absl_status.dir/status.cc.o
[438/665] Building CXX object _deps/protobuf-build/third_party/abseil-cpp/absl/status/CMakeFiles/absl_statusor.dir/statusor.cc.o
[439/665] Building CXX object _deps/protobuf-build/third_party/abseil-cpp/absl/strings/CMakeFiles/absl_strings.dir/charconv.cc.o
[440/665] Building CXX object _deps/protobuf-build/third_party/abseil-cpp/absl/strings/CMakeFiles/absl_strings.dir/internal/memutil.cc.o
[441/665] Building CXX object _deps/protobuf-build/third_party/abseil-cpp/absl/strings/CMakeFiles/absl_strings.dir/internal/charconv_parse.cc.o
[442/665] Building CXX object _deps/protobuf-build/third_party/abseil-cpp/absl/strings/CMakeFiles/absl_strings.dir/internal/damerau_levenshtein_distance.cc.o
[443/665] Building CXX object _deps/protobuf-build/third_party/abseil-cpp/absl/strings/CMakeFiles/absl_strings.dir/internal/charconv_bigint.cc.o
[444/665] Building CXX object _deps/protobuf-build/third_party/abseil-cpp/absl/strings/CMakeFiles/absl_strings.dir/escaping.cc.o
[445/665] Building CXX object _deps/protobuf-build/third_party/abseil-cpp/absl/strings/CMakeFiles/absl_strings.dir/internal/stringify_sink.cc.o
[446/665] Building CXX object _deps/protobuf-build/third_party/abseil-cpp/absl/strings/CMakeFiles/absl_strings.dir/match.cc.o
[447/665] Building CXX object _deps/protobuf-build/third_party/abseil-cpp/absl/strings/CMakeFiles/absl_strings_internal.dir/internal/ostringstream.cc.o
[448/665] Building CXX object _deps/protobuf-build/third_party/abseil-cpp/absl/strings/CMakeFiles/absl_strings_internal.dir/internal/utf8.cc.o
[449/665] Building CXX object _deps/protobuf-build/third_party/abseil-cpp/absl/strings/CMakeFiles/absl_strings.dir/substitute.cc.o
[450/665] Building CXX object _deps/protobuf-build/third_party/abseil-cpp/absl/strings/CMakeFiles/absl_strings.dir/numbers.cc.o
[451/665] Building CXX object _deps/protobuf-build/third_party/abseil-cpp/absl/strings/CMakeFiles/absl_strings.dir/str_cat.cc.o
[452/665] Building CXX object _deps/protobuf-build/third_party/abseil-cpp/absl/strings/CMakeFiles/absl_strings.dir/str_split.cc.o
[453/665] Building CXX object _deps/protobuf-build/third_party/abseil-cpp/absl/strings/CMakeFiles/absl_strings.dir/str_replace.cc.o
[454/665] Building CXX object _deps/protobuf-build/third_party/abseil-cpp/absl/strings/CMakeFiles/absl_strings_internal.dir/internal/escaping.cc.o
[455/665] Linking CXX static library _deps/protobuf-build/third_party/abseil-cpp/absl/strings/libabsl_strings_internal.a
[456/665] Linking CXX static library _deps/protobuf-build/third_party/abseil-cpp/absl/strings/libabsl_strings.a
[457/665] Linking CXX static library _deps/protobuf-build/third_party/abseil-cpp/absl/debugging/libabsl_symbolize.a
[458/665] Linking CXX static library _deps/protobuf-build/third_party/abseil-cpp/absl/debugging/libabsl_examine_stack.a
[459/665] Linking CXX static library _deps/protobuf-build/third_party/abseil-cpp/absl/debugging/libabsl_failure_signal_handler.a
[460/665] Linking CXX static library _deps/protobuf-build/third_party/abseil-cpp/absl/log/libabsl_log_internal_proto.a
[461/665] Linking CXX static library _deps/protobuf-build/third_party/abseil-cpp/absl/log/libabsl_log_internal_fnmatch.a
[462/665] Linking CXX static library _deps/protobuf-build/third_party/abseil-cpp/absl/random/libabsl_random_distributions.a
[463/665] Building CXX object _deps/protobuf-build/third_party/abseil-cpp/absl/strings/CMakeFiles/absl_str_format_internal.dir/internal/str_format/output.cc.o
[464/665] Building CXX object _deps/protobuf-build/third_party/abseil-cpp/absl/strings/CMakeFiles/absl_str_format_internal.dir/internal/str_format/extension.cc.o
[465/665] Building CXX object _deps/protobuf-build/third_party/abseil-cpp/absl/strings/CMakeFiles/absl_str_format_internal.dir/internal/str_format/parser.cc.o
[466/665] Building CXX object _deps/protobuf-build/third_party/abseil-cpp/absl/strings/CMakeFiles/absl_cord_internal.dir/internal/cord_internal.cc.o
[467/665] Building CXX object _deps/protobuf-build/third_party/abseil-cpp/absl/strings/CMakeFiles/absl_str_format_internal.dir/internal/str_format/bind.cc.o
[468/665] Building CXX object _deps/protobuf-build/third_party/abseil-cpp/absl/strings/CMakeFiles/absl_cord_internal.dir/internal/cord_rep_btree_reader.cc.o
[469/665] Building CXX object _deps/protobuf-build/third_party/abseil-cpp/absl/strings/CMakeFiles/absl_str_format_internal.dir/internal/str_format/float_conversion.cc.o
[470/665] Building CXX object _deps/protobuf-build/third_party/abseil-cpp/absl/strings/CMakeFiles/absl_str_format_internal.dir/internal/str_format/arg.cc.o
[471/665] Linking CXX static library _deps/protobuf-build/third_party/abseil-cpp/absl/strings/libabsl_str_format_internal.a
[472/665] Linking CXX static library _deps/protobuf-build/third_party/abseil-cpp/absl/crc/libabsl_crc32c.a
[473/665] Building CXX object _deps/protobuf-build/third_party/abseil-cpp/absl/strings/CMakeFiles/absl_cord_internal.dir/internal/cord_rep_btree_navigator.cc.o
[474/665] Linking CXX static library _deps/protobuf-build/third_party/abseil-cpp/absl/crc/libabsl_crc_cord_state.a
[475/665] Linking CXX static library _deps/protobuf-build/third_party/abseil-cpp/absl/random/libabsl_random_internal_distribution_test_util.a
[476/665] Building CXX object _deps/protobuf-build/third_party/abseil-cpp/absl/strings/CMakeFiles/absl_cord_internal.dir/internal/cord_rep_consume.cc.o
[477/665] Building CXX object _deps/protobuf-build/third_party/abseil-cpp/absl/strings/CMakeFiles/absl_cord_internal.dir/internal/cord_rep_crc.cc.o
[478/665] Building CXX object _deps/protobuf-build/third_party/abseil-cpp/absl/strings/CMakeFiles/absl_cordz_functions.dir/internal/cordz_functions.cc.o
[479/665] Linking CXX static library _deps/protobuf-build/third_party/abseil-cpp/absl/strings/libabsl_cordz_functions.a
[480/665] Building CXX object _deps/protobuf-build/third_party/abseil-cpp/absl/strings/CMakeFiles/absl_cordz_sample_token.dir/internal/cordz_sample_token.cc.o
[481/665] Building CXX object _deps/protobuf-build/third_party/abseil-cpp/absl/strings/CMakeFiles/absl_cordz_info.dir/internal/cordz_info.cc.o
[482/665] Building CXX object _deps/protobuf-build/third_party/abseil-cpp/absl/strings/CMakeFiles/absl_cord_internal.dir/internal/cord_rep_btree.cc.o
[483/665] Linking CXX static library _deps/protobuf-build/third_party/abseil-cpp/absl/strings/libabsl_cord_internal.a
[484/665] Building CXX object _deps/protobuf-build/third_party/abseil-cpp/absl/strings/CMakeFiles/absl_cord.dir/cord_buffer.cc.o
[485/665] Building CXX object _deps/protobuf-build/third_party/abseil-cpp/absl/strings/CMakeFiles/absl_cordz_handle.dir/internal/cordz_handle.cc.o
[486/665] Building CXX object _deps/protobuf-build/third_party/abseil-cpp/absl/strings/CMakeFiles/absl_cord.dir/cord_analysis.cc.o
[487/665] Building CXX object _deps/protobuf-build/third_party/abseil-cpp/absl/synchronization/CMakeFiles/absl_graphcycles_internal.dir/internal/graphcycles.cc.o
[488/665] Linking CXX static library _deps/protobuf-build/third_party/abseil-cpp/absl/synchronization/libabsl_graphcycles_internal.a
[489/665] Building CXX object _deps/protobuf-build/third_party/abseil-cpp/absl/synchronization/CMakeFiles/absl_synchronization.dir/barrier.cc.o
[490/665] Building CXX object _deps/protobuf-build/third_party/abseil-cpp/absl/synchronization/CMakeFiles/absl_synchronization.dir/blocking_counter.cc.o
[491/665] Building CXX object _deps/protobuf-build/third_party/abseil-cpp/absl/synchronization/CMakeFiles/absl_kernel_timeout_internal.dir/internal/kernel_timeout.cc.o
[492/665] Building CXX object _deps/protobuf-build/third_party/abseil-cpp/absl/synchronization/CMakeFiles/absl_synchronization.dir/internal/create_thread_identity.cc.o
[493/665] Building CXX object _deps/protobuf-build/third_party/abseil-cpp/absl/synchronization/CMakeFiles/absl_synchronization.dir/internal/futex_waiter.cc.o
[494/665] Building CXX object _deps/protobuf-build/third_party/abseil-cpp/absl/synchronization/CMakeFiles/absl_synchronization.dir/internal/per_thread_sem.cc.o
[495/665] Building CXX object _deps/protobuf-build/third_party/abseil-cpp/absl/synchronization/CMakeFiles/absl_synchronization.dir/internal/win32_waiter.cc.o
[496/665] Building CXX object _deps/protobuf-build/third_party/abseil-cpp/absl/synchronization/CMakeFiles/absl_synchronization.dir/internal/pthread_waiter.cc.o
[497/665] Building CXX object _deps/protobuf-build/third_party/abseil-cpp/absl/synchronization/CMakeFiles/absl_synchronization.dir/internal/waiter_base.cc.o
[498/665] Building CXX object _deps/protobuf-build/third_party/abseil-cpp/absl/synchronization/CMakeFiles/absl_synchronization.dir/internal/sem_waiter.cc.o
[499/665] Building CXX object _deps/protobuf-build/third_party/abseil-cpp/absl/synchronization/CMakeFiles/absl_synchronization.dir/internal/stdcpp_waiter.cc.o
[500/665] Building CXX object _deps/protobuf-build/third_party/abseil-cpp/absl/strings/CMakeFiles/absl_cord.dir/cord.cc.o
[501/665] Building CXX object _deps/protobuf-build/third_party/abseil-cpp/absl/synchronization/CMakeFiles/absl_synchronization.dir/notification.cc.o
[502/665] Building CXX object _deps/protobuf-build/third_party/abseil-cpp/absl/time/CMakeFiles/absl_time.dir/clock.cc.o
[503/665] Building CXX object _deps/protobuf-build/third_party/abseil-cpp/absl/synchronization/CMakeFiles/absl_synchronization.dir/mutex.cc.o
[504/665] Building CXX object _deps/protobuf-build/third_party/abseil-cpp/absl/time/CMakeFiles/absl_time.dir/civil_time.cc.o
[505/665] Building CXX object _deps/protobuf-build/third_party/abseil-cpp/absl/time/CMakeFiles/absl_time.dir/format.cc.o
[506/665] Building CXX object _deps/protobuf-build/third_party/abseil-cpp/absl/time/CMakeFiles/absl_civil_time.dir/internal/cctz/src/civil_time_detail.cc.o
[507/665] Linking CXX static library _deps/protobuf-build/third_party/abseil-cpp/absl/time/libabsl_civil_time.a
[508/665] Building CXX object _deps/protobuf-build/third_party/abseil-cpp/absl/time/CMakeFiles/absl_time_zone.dir/internal/cctz/src/time_zone_fixed.cc.o
[509/665] Building CXX object _deps/protobuf-build/third_party/abseil-cpp/absl/time/CMakeFiles/absl_time.dir/time.cc.o
[510/665] Building CXX object _deps/protobuf-build/third_party/abseil-cpp/absl/time/CMakeFiles/absl_time.dir/duration.cc.o
[511/665] Building CXX object _deps/protobuf-build/third_party/abseil-cpp/absl/time/CMakeFiles/absl_time_zone.dir/internal/cctz/src/time_zone_if.cc.o
[512/665] Building CXX object _deps/protobuf-build/third_party/abseil-cpp/absl/time/CMakeFiles/absl_time_zone.dir/internal/cctz/src/time_zone_impl.cc.o
[513/665] Building CXX object _deps/protobuf-build/third_party/abseil-cpp/absl/time/CMakeFiles/absl_time_zone.dir/internal/cctz/src/time_zone_libc.cc.o
[514/665] Building CXX object _deps/protobuf-build/third_party/abseil-cpp/absl/types/CMakeFiles/absl_bad_any_cast_impl.dir/bad_any_cast.cc.o
[515/665] Building CXX object _deps/protobuf-build/third_party/abseil-cpp/absl/time/CMakeFiles/absl_time_zone.dir/internal/cctz/src/time_zone_posix.cc.o
[516/665] Linking CXX static library _deps/protobuf-build/third_party/abseil-cpp/absl/types/libabsl_bad_any_cast_impl.a
[517/665] Building CXX object _deps/protobuf-build/third_party/abseil-cpp/absl/types/CMakeFiles/absl_bad_optional_access.dir/bad_optional_access.cc.o
[518/665] Linking CXX static library _deps/protobuf-build/third_party/abseil-cpp/absl/types/libabsl_bad_optional_access.a
[519/665] Linking CXX static library _deps/protobuf-build/third_party/abseil-cpp/absl/flags/libabsl_flags_marshalling.a
[520/665] Building CXX object _deps/protobuf-build/third_party/abseil-cpp/absl/time/CMakeFiles/absl_time_zone.dir/internal/cctz/src/time_zone_lookup.cc.o
[521/665] Building CXX object _deps/protobuf-build/third_party/abseil-cpp/absl/types/CMakeFiles/absl_bad_variant_access.dir/bad_variant_access.cc.o
[522/665] Building CXX object _deps/protobuf-build/third_party/abseil-cpp/absl/time/CMakeFiles/absl_time_zone.dir/internal/cctz/src/time_zone_format.cc.o
[523/665] Linking CXX static library _deps/protobuf-build/third_party/abseil-cpp/absl/types/libabsl_bad_variant_access.a
[524/665] Linking CXX static library _deps/protobuf-build/third_party/abseil-cpp/absl/flags/libabsl_flags_commandlineflag.a
[525/665] Linking CXX static library _deps/protobuf-build/third_party/abseil-cpp/absl/random/libabsl_random_internal_seed_material.a
[526/665] Linking CXX static library _deps/protobuf-build/third_party/abseil-cpp/absl/hash/libabsl_hash.a
[527/665] Linking CXX static library _deps/protobuf-build/third_party/abseil-cpp/absl/flags/libabsl_flags_private_handle_accessor.a
[528/665] Building C object _deps/protobuf-build/third_party/utf8_range/CMakeFiles/utf8_range.dir/utf8_range.c.o
[529/665] Linking CXX static library _deps/protobuf-build/third_party/abseil-cpp/absl/random/libabsl_random_internal_pool_urbg.a
[530/665] Building CXX object _deps/protobuf-build/third_party/abseil-cpp/absl/time/CMakeFiles/absl_time_zone.dir/internal/cctz/src/zone_info_source.cc.o
[531/665] Building C object _deps/protobuf-build/third_party/utf8_range/CMakeFiles/utf8_validity.dir/utf8_range.c.o
[532/665] Linking C static library _deps/protobuf-build/third_party/utf8_range/libutf8_range.a
[533/665] Linking CXX static library _deps/protobuf-build/third_party/abseil-cpp/absl/random/libabsl_random_seed_sequences.a
[534/665] Linking C static library _deps/protobuf-build/libupb.a
[535/665] Building CXX object _deps/google_benchmark-build/src/CMakeFiles/benchmark.dir/benchmark_name.cc.o
[536/665] Building CXX object _deps/protobuf-build/third_party/utf8_range/CMakeFiles/utf8_validity.dir/utf8_validity.cc.o
[537/665] Linking CXX static library _deps/protobuf-build/third_party/utf8_range/libutf8_validity.a
[538/665] Building CXX object _deps/google_benchmark-build/src/CMakeFiles/benchmark.dir/check.cc.o
[539/665] Building CXX object _deps/google_benchmark-build/src/CMakeFiles/benchmark.dir/colorprint.cc.o
[540/665] Building CXX object _deps/google_benchmark-build/src/CMakeFiles/benchmark.dir/benchmark_api_internal.cc.o
[541/665] Building CXX object _deps/protobuf-build/third_party/abseil-cpp/absl/time/CMakeFiles/absl_time_zone.dir/internal/cctz/src/time_zone_info.cc.o
[542/665] Linking CXX static library _deps/protobuf-build/third_party/abseil-cpp/absl/time/libabsl_time_zone.a
[543/665] Linking CXX static library _deps/protobuf-build/third_party/abseil-cpp/absl/time/libabsl_time.a
[544/665] Linking CXX static library _deps/protobuf-build/third_party/abseil-cpp/absl/log/libabsl_log_internal_globals.a
[545/665] Linking CXX static library _deps/protobuf-build/third_party/abseil-cpp/absl/log/libabsl_log_internal_format.a
[546/665] Linking CXX static library _deps/protobuf-build/third_party/abseil-cpp/absl/log/libabsl_log_entry.a
[547/665] Linking CXX static library _deps/protobuf-build/third_party/abseil-cpp/absl/log/libabsl_log_sink.a
[548/665] Linking CXX static library _deps/protobuf-build/third_party/abseil-cpp/absl/synchronization/libabsl_kernel_timeout_internal.a
[549/665] Linking CXX static library _deps/protobuf-build/third_party/abseil-cpp/absl/synchronization/libabsl_synchronization.a
[550/665] Linking CXX static library _deps/protobuf-build/third_party/abseil-cpp/absl/container/libabsl_hashtablez_sampler.a
[551/665] Linking CXX static library _deps/protobuf-build/third_party/abseil-cpp/absl/container/libabsl_raw_hash_set.a
[552/665] Linking CXX static library _deps/protobuf-build/third_party/abseil-cpp/absl/flags/libabsl_flags_program_name.a
[553/665] Linking CXX static library _deps/protobuf-build/third_party/abseil-cpp/absl/flags/libabsl_flags_config.a
[554/665] Building CXX object _deps/google_benchmark-build/src/CMakeFiles/benchmark.dir/benchmark_runner.cc.o
[555/665] Building CXX object _deps/google_benchmark-build/src/CMakeFiles/benchmark.dir/commandlineflags.cc.o
[556/665] Linking CXX static library _deps/protobuf-build/third_party/abseil-cpp/absl/flags/libabsl_flags_internal.a
[557/665] Linking CXX static library _deps/protobuf-build/third_party/abseil-cpp/absl/log/libabsl_vlog_config_internal.a
[558/665] Linking CXX static library _deps/protobuf-build/third_party/abseil-cpp/absl/strings/libabsl_cordz_handle.a
[559/665] Linking CXX static library _deps/protobuf-build/third_party/abseil-cpp/absl/log/libabsl_log_globals.a
[560/665] Linking CXX static library _deps/protobuf-build/third_party/abseil-cpp/absl/strings/libabsl_cordz_info.a
[561/665] Linking CXX static library _deps/protobuf-build/third_party/abseil-cpp/absl/log/libabsl_log_internal_log_sink_set.a
[562/665] Linking CXX static library _deps/protobuf-build/third_party/abseil-cpp/absl/log/libabsl_log_initialize.a
[563/665] Linking CXX static library _deps/protobuf-build/third_party/abseil-cpp/absl/log/libabsl_log_internal_message.a
[564/665] Linking CXX static library _deps/protobuf-build/third_party/abseil-cpp/absl/strings/libabsl_cordz_sample_token.a
[565/665] Linking CXX static library _deps/protobuf-build/third_party/abseil-cpp/absl/log/libabsl_log_internal_check_op.a
[566/665] Linking CXX static library _deps/protobuf-build/third_party/abseil-cpp/absl/log/libabsl_die_if_null.a
[567/665] Linking CXX static library _deps/protobuf-build/third_party/abseil-cpp/absl/strings/libabsl_cord.a
[568/665] Linking CXX static library _deps/protobuf-build/third_party/abseil-cpp/absl/flags/libabsl_flags_reflection.a
[569/665] Linking CXX static library _deps/protobuf-build/third_party/abseil-cpp/absl/flags/libabsl_flags_usage_internal.a
[570/665] Linking CXX static library _deps/protobuf-build/third_party/abseil-cpp/absl/flags/libabsl_flags_usage.a
[571/665] Linking CXX static library _deps/protobuf-build/third_party/abseil-cpp/absl/flags/libabsl_flags_parse.a
[572/665] Linking CXX static library _deps/protobuf-build/third_party/abseil-cpp/absl/log/libabsl_log_flags.a
[573/665] Linking CXX static library _deps/protobuf-build/third_party/abseil-cpp/absl/status/libabsl_status.a
[574/665] Building CXX object _deps/google_benchmark-build/src/CMakeFiles/benchmark.dir/complexity.cc.o
[575/665] Linking CXX static library _deps/protobuf-build/third_party/abseil-cpp/absl/status/libabsl_statusor.a
[576/665] Linking CXX static library _deps/protobuf-build/libprotobuf-lite.a
[577/665] Building CXX object _deps/google_benchmark-build/src/CMakeFiles/benchmark.dir/console_reporter.cc.o
[578/665] Linking CXX static library _deps/protobuf-build/libprotobuf.a
[579/665] Linking CXX executable _deps/protobuf-build/protoc-gen-upb-29.3.0
[580/665] Creating executable symlink _deps/protobuf-build/protoc-gen-upb
[581/665] Building CXX object _deps/google_benchmark-build/src/CMakeFiles/benchmark.dir/counter.cc.o
[582/665] Building CXX object _deps/google_benchmark-build/src/CMakeFiles/benchmark.dir/benchmark.cc.o
[583/665] Linking CXX executable _deps/protobuf-build/protoc-gen-upb_minitable-29.3.0
[584/665] Creating executable symlink _deps/protobuf-build/protoc-gen-upb_minitable
[585/665] Linking CXX static library _deps/protobuf-build/libprotoc.a
[586/665] Linking CXX executable _deps/protobuf-build/protoc-gen-upbdefs-29.3.0
[587/665] Creating executable symlink _deps/protobuf-build/protoc-gen-upbdefs
[588/665] Linking CXX executable _deps/protobuf-build/protoc-29.3.0
[589/665] Creating executable symlink _deps/protobuf-build/protoc
[590/665] Running cpp protocol buffer compiler on /home/tina.guest/tinylsm-writefix-source/tinylsm/proto/manifest.proto
[591/665] Building CXX object _deps/google_benchmark-build/src/CMakeFiles/benchmark.dir/perf_counters.cc.o
[592/665] Building CXX object _deps/google_benchmark-build/src/CMakeFiles/benchmark.dir/csv_reporter.cc.o
[593/665] Building CXX object _deps/google_benchmark-build/src/CMakeFiles/benchmark.dir/reporter.cc.o
[594/665] Building CXX object src/CMakeFiles/tinylsm.dir/db/filename.cpp.o
[595/665] Building CXX object _deps/google_benchmark-build/src/CMakeFiles/benchmark.dir/json_reporter.cc.o
[596/665] Building CXX object src/CMakeFiles/tinylsm.dir/db/diagnostic_snapshot.cpp.o
[597/665] Building CXX object src/CMakeFiles/tinylsm.dir/db/snapshot_registry.cpp.o
[598/665] Building CXX object _deps/google_benchmark-build/src/CMakeFiles/benchmark.dir/benchmark_register.cc.o
[599/665] Building CXX object src/CMakeFiles/tinylsm.dir/db/db.cpp.o
[600/665] Building CXX object src/CMakeFiles/tinylsm.dir/iterator/internal_iterator.cpp.o
[601/665] Building CXX object src/CMakeFiles/tinylsm.dir/manifest/manifest_state.cpp.o
[602/665] Building CXX object src/CMakeFiles/tinylsm.dir/io/file.cpp.o
[603/665] Building CXX object src/CMakeFiles/tinylsm.dir/sstable/block_cache.cpp.o
[604/665] Building CXX object src/CMakeFiles/tinylsm.dir/memtable/memtable.cpp.o
[605/665] Building CXX object src/CMakeFiles/tinylsm.dir/util/coding.cpp.o
[606/665] Building CXX object src/CMakeFiles/tinylsm.dir/util/crc32c.cpp.o
[607/665] Building CXX object src/CMakeFiles/tinylsm.dir/manifest/manifest_codec.cpp.o
In file included from /home/tina.guest/tinylsm-writefix-source/tinylsm/build/benchmark/_deps/protobuf-src/third_party/abseil-cpp/absl/strings/internal/str_format/arg.h:35,
                 from /home/tina.guest/tinylsm-writefix-source/tinylsm/build/benchmark/_deps/protobuf-src/third_party/abseil-cpp/absl/strings/str_format.h:83,
                 from /home/tina.guest/tinylsm-writefix-source/tinylsm/build/benchmark/_deps/protobuf-src/third_party/abseil-cpp/absl/crc/crc32c.h:32,
                 from /home/tina.guest/tinylsm-writefix-source/tinylsm/build/benchmark/_deps/protobuf-src/third_party/abseil-cpp/absl/crc/internal/crc_cord_state.h:23,
                 from /home/tina.guest/tinylsm-writefix-source/tinylsm/build/benchmark/_deps/protobuf-src/third_party/abseil-cpp/absl/strings/cord.h:80,
                 from /home/tina.guest/tinylsm-writefix-source/tinylsm/build/benchmark/_deps/protobuf-src/src/google/protobuf/io/coded_stream.h:111,
                 from /home/tina.guest/tinylsm-writefix-source/tinylsm/build/benchmark/src/manifest.pb.h:20,
                 from /home/tina.guest/tinylsm-writefix-source/tinylsm/src/manifest/manifest_codec.cpp:7:
/home/tina.guest/tinylsm-writefix-source/tinylsm/build/benchmark/_deps/protobuf-src/third_party/abseil-cpp/absl/numeric/int128.h:107:22: warning: ISO C++ does not support ‘__int128’ for ‘type name’ [-Wpedantic]
  107 |     alignas(unsigned __int128)
      |                      ^~~~~~~~
/home/tina.guest/tinylsm-writefix-source/tinylsm/build/benchmark/_deps/protobuf-src/third_party/abseil-cpp/absl/numeric/int128.h:121:21: warning: ISO C++ does not support ‘__int128’ for ‘v’ [-Wpedantic]
  121 |   constexpr uint128(__int128 v);           // NOLINT(runtime/explicit)
      |                     ^~~~~~~~
/home/tina.guest/tinylsm-writefix-source/tinylsm/build/benchmark/_deps/protobuf-src/third_party/abseil-cpp/absl/numeric/int128.h:122:30: warning: ISO C++ does not support ‘__int128’ for ‘v’ [-Wpedantic]
  122 |   constexpr uint128(unsigned __int128 v);  // NOLINT(runtime/explicit)
      |                              ^~~~~~~~
/home/tina.guest/tinylsm-writefix-source/tinylsm/build/benchmark/_deps/protobuf-src/third_party/abseil-cpp/absl/numeric/int128.h:137:22: warning: ISO C++ does not support ‘__int128’ for ‘v’ [-Wpedantic]
  137 |   uint128& operator=(__int128 v);
      |                      ^~~~~~~~
/home/tina.guest/tinylsm-writefix-source/tinylsm/build/benchmark/_deps/protobuf-src/third_party/abseil-cpp/absl/numeric/int128.h:138:31: warning: ISO C++ does not support ‘__int128’ for ‘v’ [-Wpedantic]
  138 |   uint128& operator=(unsigned __int128 v);
      |                               ^~~~~~~~
/home/tina.guest/tinylsm-writefix-source/tinylsm/build/benchmark/_deps/protobuf-src/third_party/abseil-cpp/absl/numeric/int128.h:163:31: warning: ISO C++ does not support ‘__int128’ for ‘type name’ [-Wpedantic]
  163 |   constexpr explicit operator __int128() const;
      |                               ^~~~~~~~
/home/tina.guest/tinylsm-writefix-source/tinylsm/build/benchmark/_deps/protobuf-src/third_party/abseil-cpp/absl/numeric/int128.h:163:31: warning: ISO C++ does not support ‘__int128’ for ‘type name’ [-Wpedantic]
/home/tina.guest/tinylsm-writefix-source/tinylsm/build/benchmark/_deps/protobuf-src/third_party/abseil-cpp/absl/numeric/int128.h:164:40: warning: ISO C++ does not support ‘__int128’ for ‘type name’ [-Wpedantic]
  164 |   constexpr explicit operator unsigned __int128() const;
      |                                        ^~~~~~~~
/home/tina.guest/tinylsm-writefix-source/tinylsm/build/benchmark/_deps/protobuf-src/third_party/abseil-cpp/absl/numeric/int128.h:164:40: warning: ISO C++ does not support ‘__int128’ for ‘type name’ [-Wpedantic]
/home/tina.guest/tinylsm-writefix-source/tinylsm/build/benchmark/_deps/protobuf-src/third_party/abseil-cpp/absl/numeric/int128.h:292:57: warning: ISO C++ does not support ‘__int128’ for ‘type name’ [-Wpedantic]
  292 |   static constexpr bool traps = numeric_limits<unsigned __int128>::traps;
      |                                                         ^~~~~~~~
/home/tina.guest/tinylsm-writefix-source/tinylsm/build/benchmark/_deps/protobuf-src/third_party/abseil-cpp/absl/numeric/int128.h:359:20: warning: ISO C++ does not support ‘__int128’ for ‘v’ [-Wpedantic]
  359 |   constexpr int128(__int128 v);  // NOLINT(runtime/explicit)
      |                    ^~~~~~~~
/home/tina.guest/tinylsm-writefix-source/tinylsm/build/benchmark/_deps/protobuf-src/third_party/abseil-cpp/absl/numeric/int128.h:360:38: warning: ISO C++ does not support ‘__int128’ for ‘v’ [-Wpedantic]
  360 |   constexpr explicit int128(unsigned __int128 v);
      |                                      ^~~~~~~~
/home/tina.guest/tinylsm-writefix-source/tinylsm/build/benchmark/_deps/protobuf-src/third_party/abseil-cpp/absl/numeric/int128.h:375:21: warning: ISO C++ does not support ‘__int128’ for ‘v’ [-Wpedantic]
  375 |   int128& operator=(__int128 v);
      |                     ^~~~~~~~
/home/tina.guest/tinylsm-writefix-source/tinylsm/build/benchmark/_deps/protobuf-src/third_party/abseil-cpp/absl/numeric/int128.h:399:31: warning: ISO C++ does not support ‘__int128’ for ‘type name’ [-Wpedantic]
  399 |   constexpr explicit operator __int128() const;
      |                               ^~~~~~~~
/home/tina.guest/tinylsm-writefix-source/tinylsm/build/benchmark/_deps/protobuf-src/third_party/abseil-cpp/absl/numeric/int128.h:399:31: warning: ISO C++ does not support ‘__int128’ for ‘type name’ [-Wpedantic]
/home/tina.guest/tinylsm-writefix-source/tinylsm/build/benchmark/_deps/protobuf-src/third_party/abseil-cpp/absl/numeric/int128.h:400:40: warning: ISO C++ does not support ‘__int128’ for ‘type name’ [-Wpedantic]
  400 |   constexpr explicit operator unsigned __int128() const;
      |                                        ^~~~~~~~
/home/tina.guest/tinylsm-writefix-source/tinylsm/build/benchmark/_deps/protobuf-src/third_party/abseil-cpp/absl/numeric/int128.h:400:40: warning: ISO C++ does not support ‘__int128’ for ‘type name’ [-Wpedantic]
/home/tina.guest/tinylsm-writefix-source/tinylsm/build/benchmark/_deps/protobuf-src/third_party/abseil-cpp/absl/numeric/int128.h:478:3: warning: ISO C++ does not support ‘__int128’ for ‘v_’ [-Wpedantic]
  478 |   __int128 v_;
      |   ^~~~~~~~
/home/tina.guest/tinylsm-writefix-source/tinylsm/build/benchmark/_deps/protobuf-src/third_party/abseil-cpp/absl/numeric/int128.h:535:48: warning: ISO C++ does not support ‘__int128’ for ‘type name’ [-Wpedantic]
  535 |   static constexpr bool traps = numeric_limits<__int128>::traps;
      |                                                ^~~~~~~~
/home/tina.guest/tinylsm-writefix-source/tinylsm/build/benchmark/_deps/protobuf-src/third_party/abseil-cpp/absl/numeric/int128.h:589:36: warning: ISO C++ does not support ‘__int128’ for ‘v’ [-Wpedantic]
  589 | inline uint128& uint128::operator=(__int128 v) { return *this = uint128(v); }
      |                                    ^~~~~~~~
/home/tina.guest/tinylsm-writefix-source/tinylsm/build/benchmark/_deps/protobuf-src/third_party/abseil-cpp/absl/numeric/int128.h:591:45: warning: ISO C++ does not support ‘__int128’ for ‘v’ [-Wpedantic]
  591 | inline uint128& uint128::operator=(unsigned __int128 v) {
      |                                             ^~~~~~~~
/home/tina.guest/tinylsm-writefix-source/tinylsm/build/benchmark/_deps/protobuf-src/third_party/abseil-cpp/absl/numeric/int128.h:670:28: warning: ISO C++ does not support ‘__int128’ for ‘v’ [-Wpedantic]
  670 | constexpr uint128::uint128(__int128 v)
      |                            ^~~~~~~~
/home/tina.guest/tinylsm-writefix-source/tinylsm/build/benchmark/_deps/protobuf-src/third_party/abseil-cpp/absl/numeric/int128.h: In constructor ‘constexpr absl::lts_20240116::uint128::uint128(__int128)’:
/home/tina.guest/tinylsm-writefix-source/tinylsm/build/benchmark/_deps/protobuf-src/third_party/abseil-cpp/absl/numeric/int128.h:672:54: warning: ISO C++ does not support ‘__int128’ for ‘type name’ [-Wpedantic]
  672 |       hi_{static_cast<uint64_t>(static_cast<unsigned __int128>(v) >> 64)} {}
      |                                                      ^~~~~~~~
/home/tina.guest/tinylsm-writefix-source/tinylsm/build/benchmark/_deps/protobuf-src/third_party/abseil-cpp/absl/numeric/int128.h: At global scope:
/home/tina.guest/tinylsm-writefix-source/tinylsm/build/benchmark/_deps/protobuf-src/third_party/abseil-cpp/absl/numeric/int128.h:673:37: warning: ISO C++ does not support ‘__int128’ for ‘v’ [-Wpedantic]
  673 | constexpr uint128::uint128(unsigned __int128 v)
      |                                     ^~~~~~~~
/home/tina.guest/tinylsm-writefix-source/tinylsm/build/benchmark/_deps/protobuf-src/third_party/abseil-cpp/absl/numeric/int128.h:772:29: warning: ISO C++ does not support ‘__int128’ for ‘type name’ [-Wpedantic]
  772 | constexpr uint128::operator __int128() const {
      |                             ^~~~~~~~
/home/tina.guest/tinylsm-writefix-source/tinylsm/build/benchmark/_deps/protobuf-src/third_party/abseil-cpp/absl/numeric/int128.h:772:29: warning: ISO C++ does not support ‘__int128’ for ‘type name’ [-Wpedantic]
/home/tina.guest/tinylsm-writefix-source/tinylsm/build/benchmark/_deps/protobuf-src/third_party/abseil-cpp/absl/numeric/int128.h:772:29: warning: ISO C++ does not support ‘__int128’ for ‘type name’ [-Wpedantic]
/home/tina.guest/tinylsm-writefix-source/tinylsm/build/benchmark/_deps/protobuf-src/third_party/abseil-cpp/absl/numeric/int128.h: In member function ‘constexpr absl::lts_20240116::uint128::operator __int128() const’:
/home/tina.guest/tinylsm-writefix-source/tinylsm/build/benchmark/_deps/protobuf-src/third_party/abseil-cpp/absl/numeric/int128.h:773:23: warning: ISO C++ does not support ‘__int128’ for ‘type name’ [-Wpedantic]
  773 |   return (static_cast<__int128>(hi_) << 64) + lo_;
      |                       ^~~~~~~~
/home/tina.guest/tinylsm-writefix-source/tinylsm/build/benchmark/_deps/protobuf-src/third_party/abseil-cpp/absl/numeric/int128.h: At global scope:
/home/tina.guest/tinylsm-writefix-source/tinylsm/build/benchmark/_deps/protobuf-src/third_party/abseil-cpp/absl/numeric/int128.h:776:38: warning: ISO C++ does not support ‘__int128’ for ‘type name’ [-Wpedantic]
  776 | constexpr uint128::operator unsigned __int128() const {
      |                                      ^~~~~~~~
/home/tina.guest/tinylsm-writefix-source/tinylsm/build/benchmark/_deps/protobuf-src/third_party/abseil-cpp/absl/numeric/int128.h:776:38: warning: ISO C++ does not support ‘__int128’ for ‘type name’ [-Wpedantic]
/home/tina.guest/tinylsm-writefix-source/tinylsm/build/benchmark/_deps/protobuf-src/third_party/abseil-cpp/absl/numeric/int128.h:776:38: warning: ISO C++ does not support ‘__int128’ for ‘type name’ [-Wpedantic]
/home/tina.guest/tinylsm-writefix-source/tinylsm/build/benchmark/_deps/protobuf-src/third_party/abseil-cpp/absl/numeric/int128.h: In member function ‘constexpr absl::lts_20240116::uint128::operator __int128 unsigned() const’:
/home/tina.guest/tinylsm-writefix-source/tinylsm/build/benchmark/_deps/protobuf-src/third_party/abseil-cpp/absl/numeric/int128.h:777:32: warning: ISO C++ does not support ‘__int128’ for ‘type name’ [-Wpedantic]
  777 |   return (static_cast<unsigned __int128>(hi_) << 64) + lo_;
      |                                ^~~~~~~~
/home/tina.guest/tinylsm-writefix-source/tinylsm/build/benchmark/_deps/protobuf-src/third_party/abseil-cpp/absl/numeric/int128.h: In function ‘constexpr bool absl::lts_20240116::operator==(uint128, uint128)’:
/home/tina.guest/tinylsm-writefix-source/tinylsm/build/benchmark/_deps/protobuf-src/third_party/abseil-cpp/absl/numeric/int128.h:800:31: warning: ISO C++ does not support ‘__int128’ for ‘type name’ [-Wpedantic]
  800 |   return static_cast<unsigned __int128>(lhs) ==
      |                               ^~~~~~~~
/home/tina.guest/tinylsm-writefix-source/tinylsm/build/benchmark/_deps/protobuf-src/third_party/abseil-cpp/absl/numeric/int128.h:801:31: warning: ISO C++ does not support ‘__int128’ for ‘type name’ [-Wpedantic]
  801 |          static_cast<unsigned __int128>(rhs);
      |                               ^~~~~~~~
/home/tina.guest/tinylsm-writefix-source/tinylsm/build/benchmark/_deps/protobuf-src/third_party/abseil-cpp/absl/numeric/int128.h: In function ‘constexpr bool absl::lts_20240116::operator<(uint128, uint128)’:
/home/tina.guest/tinylsm-writefix-source/tinylsm/build/benchmark/_deps/protobuf-src/third_party/abseil-cpp/absl/numeric/int128.h:812:31: warning: ISO C++ does not support ‘__int128’ for ‘type name’ [-Wpedantic]
  812 |   return static_cast<unsigned __int128>(lhs) <
      |                               ^~~~~~~~
/home/tina.guest/tinylsm-writefix-source/tinylsm/build/benchmark/_deps/protobuf-src/third_party/abseil-cpp/absl/numeric/int128.h:813:31: warning: ISO C++ does not support ‘__int128’ for ‘type name’ [-Wpedantic]
  813 |          static_cast<unsigned __int128>(rhs);
      |                               ^~~~~~~~
/home/tina.guest/tinylsm-writefix-source/tinylsm/build/benchmark/_deps/protobuf-src/third_party/abseil-cpp/absl/numeric/int128.h: In function ‘constexpr absl::lts_20240116::uint128 absl::lts_20240116::operator-(uint128)’:
/home/tina.guest/tinylsm-writefix-source/tinylsm/build/benchmark/_deps/protobuf-src/third_party/abseil-cpp/absl/numeric/int128.h:835:32: warning: ISO C++ does not support ‘__int128’ for ‘type name’ [-Wpedantic]
  835 |   return -static_cast<unsigned __int128>(val);
      |                                ^~~~~~~~
/home/tina.guest/tinylsm-writefix-source/tinylsm/build/benchmark/_deps/protobuf-src/third_party/abseil-cpp/absl/numeric/int128.h: In function ‘constexpr bool absl::lts_20240116::operator!(uint128)’:
/home/tina.guest/tinylsm-writefix-source/tinylsm/build/benchmark/_deps/protobuf-src/third_party/abseil-cpp/absl/numeric/int128.h:845:32: warning: ISO C++ does not support ‘__int128’ for ‘type name’ [-Wpedantic]
  845 |   return !static_cast<unsigned __int128>(val);
      |                                ^~~~~~~~
/home/tina.guest/tinylsm-writefix-source/tinylsm/build/benchmark/_deps/protobuf-src/third_party/abseil-cpp/absl/numeric/int128.h: In function ‘constexpr absl::lts_20240116::uint128 absl::lts_20240116::operator~(uint128)’:
/home/tina.guest/tinylsm-writefix-source/tinylsm/build/benchmark/_deps/protobuf-src/third_party/abseil-cpp/absl/numeric/int128.h:855:32: warning: ISO C++ does not support ‘__int128’ for ‘type name’ [-Wpedantic]
  855 |   return ~static_cast<unsigned __int128>(val);
      |                                ^~~~~~~~
/home/tina.guest/tinylsm-writefix-source/tinylsm/build/benchmark/_deps/protobuf-src/third_party/abseil-cpp/absl/numeric/int128.h: In function ‘constexpr absl::lts_20240116::uint128 absl::lts_20240116::operator|(uint128, uint128)’:
/home/tina.guest/tinylsm-writefix-source/tinylsm/build/benchmark/_deps/protobuf-src/third_party/abseil-cpp/absl/numeric/int128.h:863:31: warning: ISO C++ does not support ‘__int128’ for ‘type name’ [-Wpedantic]
  863 |   return static_cast<unsigned __int128>(lhs) |
      |                               ^~~~~~~~
/home/tina.guest/tinylsm-writefix-source/tinylsm/build/benchmark/_deps/protobuf-src/third_party/abseil-cpp/absl/numeric/int128.h:864:31: warning: ISO C++ does not support ‘__int128’ for ‘type name’ [-Wpedantic]
  864 |          static_cast<unsigned __int128>(rhs);
      |                               ^~~~~~~~
/home/tina.guest/tinylsm-writefix-source/tinylsm/build/benchmark/_deps/protobuf-src/third_party/abseil-cpp/absl/numeric/int128.h: In function ‘constexpr absl::lts_20240116::uint128 absl::lts_20240116::operator&(uint128, uint128)’:
/home/tina.guest/tinylsm-writefix-source/tinylsm/build/benchmark/_deps/protobuf-src/third_party/abseil-cpp/absl/numeric/int128.h:873:31: warning: ISO C++ does not support ‘__int128’ for ‘type name’ [-Wpedantic]
  873 |   return static_cast<unsigned __int128>(lhs) &
      |                               ^~~~~~~~
/home/tina.guest/tinylsm-writefix-source/tinylsm/build/benchmark/_deps/protobuf-src/third_party/abseil-cpp/absl/numeric/int128.h:874:31: warning: ISO C++ does not support ‘__int128’ for ‘type name’ [-Wpedantic]
  874 |          static_cast<unsigned __int128>(rhs);
      |                               ^~~~~~~~
/home/tina.guest/tinylsm-writefix-source/tinylsm/build/benchmark/_deps/protobuf-src/third_party/abseil-cpp/absl/numeric/int128.h: In function ‘constexpr absl::lts_20240116::uint128 absl::lts_20240116::operator^(uint128, uint128)’:
/home/tina.guest/tinylsm-writefix-source/tinylsm/build/benchmark/_deps/protobuf-src/third_party/abseil-cpp/absl/numeric/int128.h:883:31: warning: ISO C++ does not support ‘__int128’ for ‘type name’ [-Wpedantic]
  883 |   return static_cast<unsigned __int128>(lhs) ^
      |                               ^~~~~~~~
/home/tina.guest/tinylsm-writefix-source/tinylsm/build/benchmark/_deps/protobuf-src/third_party/abseil-cpp/absl/numeric/int128.h:884:31: warning: ISO C++ does not support ‘__int128’ for ‘type name’ [-Wpedantic]
  884 |          static_cast<unsigned __int128>(rhs);
      |                               ^~~~~~~~
/home/tina.guest/tinylsm-writefix-source/tinylsm/build/benchmark/_deps/protobuf-src/third_party/abseil-cpp/absl/numeric/int128.h: In function ‘constexpr absl::lts_20240116::uint128 absl::lts_20240116::operator<<(uint128, int)’:
/home/tina.guest/tinylsm-writefix-source/tinylsm/build/benchmark/_deps/protobuf-src/third_party/abseil-cpp/absl/numeric/int128.h:910:31: warning: ISO C++ does not support ‘__int128’ for ‘type name’ [-Wpedantic]
  910 |   return static_cast<unsigned __int128>(lhs) << amount;
      |                               ^~~~~~~~
/home/tina.guest/tinylsm-writefix-source/tinylsm/build/benchmark/_deps/protobuf-src/third_party/abseil-cpp/absl/numeric/int128.h: In function ‘constexpr absl::lts_20240116::uint128 absl::lts_20240116::operator>>(uint128, int)’:
/home/tina.guest/tinylsm-writefix-source/tinylsm/build/benchmark/_deps/protobuf-src/third_party/abseil-cpp/absl/numeric/int128.h:924:31: warning: ISO C++ does not support ‘__int128’ for ‘type name’ [-Wpedantic]
  924 |   return static_cast<unsigned __int128>(lhs) >> amount;
      |                               ^~~~~~~~
/home/tina.guest/tinylsm-writefix-source/tinylsm/build/benchmark/_deps/protobuf-src/third_party/abseil-cpp/absl/numeric/int128.h: In function ‘constexpr absl::lts_20240116::uint128 absl::lts_20240116::operator+(uint128, uint128)’:
/home/tina.guest/tinylsm-writefix-source/tinylsm/build/benchmark/_deps/protobuf-src/third_party/abseil-cpp/absl/numeric/int128.h:949:31: warning: ISO C++ does not support ‘__int128’ for ‘type name’ [-Wpedantic]
  949 |   return static_cast<unsigned __int128>(lhs) +
      |                               ^~~~~~~~
/home/tina.guest/tinylsm-writefix-source/tinylsm/build/benchmark/_deps/protobuf-src/third_party/abseil-cpp/absl/numeric/int128.h:950:31: warning: ISO C++ does not support ‘__int128’ for ‘type name’ [-Wpedantic]
  950 |          static_cast<unsigned __int128>(rhs);
      |                               ^~~~~~~~
/home/tina.guest/tinylsm-writefix-source/tinylsm/build/benchmark/_deps/protobuf-src/third_party/abseil-cpp/absl/numeric/int128.h: In function ‘constexpr absl::lts_20240116::uint128 absl::lts_20240116::operator-(uint128, uint128)’:
/home/tina.guest/tinylsm-writefix-source/tinylsm/build/benchmark/_deps/protobuf-src/third_party/abseil-cpp/absl/numeric/int128.h:972:31: warning: ISO C++ does not support ‘__int128’ for ‘type name’ [-Wpedantic]
  972 |   return static_cast<unsigned __int128>(lhs) -
      |                               ^~~~~~~~
/home/tina.guest/tinylsm-writefix-source/tinylsm/build/benchmark/_deps/protobuf-src/third_party/abseil-cpp/absl/numeric/int128.h:973:31: warning: ISO C++ does not support ‘__int128’ for ‘type name’ [-Wpedantic]
  973 |          static_cast<unsigned __int128>(rhs);
      |                               ^~~~~~~~
/home/tina.guest/tinylsm-writefix-source/tinylsm/build/benchmark/_deps/protobuf-src/third_party/abseil-cpp/absl/numeric/int128.h: In function ‘absl::lts_20240116::uint128 absl::lts_20240116::operator*(uint128, uint128)’:
/home/tina.guest/tinylsm-writefix-source/tinylsm/build/benchmark/_deps/protobuf-src/third_party/abseil-cpp/absl/numeric/int128.h:986:31: warning: ISO C++ does not support ‘__int128’ for ‘type name’ [-Wpedantic]
  986 |   return static_cast<unsigned __int128>(lhs) *
      |                               ^~~~~~~~
/home/tina.guest/tinylsm-writefix-source/tinylsm/build/benchmark/_deps/protobuf-src/third_party/abseil-cpp/absl/numeric/int128.h:987:31: warning: ISO C++ does not support ‘__int128’ for ‘type name’ [-Wpedantic]
  987 |          static_cast<unsigned __int128>(rhs);
      |                               ^~~~~~~~
/home/tina.guest/tinylsm-writefix-source/tinylsm/build/benchmark/_deps/protobuf-src/third_party/abseil-cpp/absl/numeric/int128.h: In function ‘absl::lts_20240116::uint128 absl::lts_20240116::operator/(uint128, uint128)’:
/home/tina.guest/tinylsm-writefix-source/tinylsm/build/benchmark/_deps/protobuf-src/third_party/abseil-cpp/absl/numeric/int128.h:1011:31: warning: ISO C++ does not support ‘__int128’ for ‘type name’ [-Wpedantic]
 1011 |   return static_cast<unsigned __int128>(lhs) /
      |                               ^~~~~~~~
/home/tina.guest/tinylsm-writefix-source/tinylsm/build/benchmark/_deps/protobuf-src/third_party/abseil-cpp/absl/numeric/int128.h:1012:31: warning: ISO C++ does not support ‘__int128’ for ‘type name’ [-Wpedantic]
 1012 |          static_cast<unsigned __int128>(rhs);
      |                               ^~~~~~~~
/home/tina.guest/tinylsm-writefix-source/tinylsm/build/benchmark/_deps/protobuf-src/third_party/abseil-cpp/absl/numeric/int128.h: In function ‘absl::lts_20240116::uint128 absl::lts_20240116::operator%(uint128, uint128)’:
/home/tina.guest/tinylsm-writefix-source/tinylsm/build/benchmark/_deps/protobuf-src/third_party/abseil-cpp/absl/numeric/int128.h:1016:31: warning: ISO C++ does not support ‘__int128’ for ‘type name’ [-Wpedantic]
 1016 |   return static_cast<unsigned __int128>(lhs) %
      |                               ^~~~~~~~
/home/tina.guest/tinylsm-writefix-source/tinylsm/build/benchmark/_deps/protobuf-src/third_party/abseil-cpp/absl/numeric/int128.h:1017:31: warning: ISO C++ does not support ‘__int128’ for ‘type name’ [-Wpedantic]
 1017 |          static_cast<unsigned __int128>(rhs);
      |                               ^~~~~~~~
In file included from /home/tina.guest/tinylsm-writefix-source/tinylsm/build/benchmark/_deps/protobuf-src/third_party/abseil-cpp/absl/numeric/int128.h:1152:
/home/tina.guest/tinylsm-writefix-source/tinylsm/build/benchmark/_deps/protobuf-src/third_party/abseil-cpp/absl/numeric/int128_have_intrinsic.inc: At global scope:
/home/tina.guest/tinylsm-writefix-source/tinylsm/build/benchmark/_deps/protobuf-src/third_party/abseil-cpp/absl/numeric/int128_have_intrinsic.inc:24:45: warning: ISO C++ does not support ‘__int128’ for ‘v’ [-Wpedantic]
   24 | constexpr __int128 BitCastToSigned(unsigned __int128 v) {
      |                                             ^~~~~~~~
/home/tina.guest/tinylsm-writefix-source/tinylsm/build/benchmark/_deps/protobuf-src/third_party/abseil-cpp/absl/numeric/int128_have_intrinsic.inc:24:11: warning: ISO C++ does not support ‘__int128’ for ‘BitCastToSigned’ [-Wpedantic]
   24 | constexpr __int128 BitCastToSigned(unsigned __int128 v) {
      |           ^~~~~~~~
/home/tina.guest/tinylsm-writefix-source/tinylsm/build/benchmark/_deps/protobuf-src/third_party/abseil-cpp/absl/numeric/int128_have_intrinsic.inc: In function ‘constexpr __int128 absl::lts_20240116::int128_internal::BitCastToSigned(__int128 unsigned)’:
/home/tina.guest/tinylsm-writefix-source/tinylsm/build/benchmark/_deps/protobuf-src/third_party/abseil-cpp/absl/numeric/int128_have_intrinsic.inc:30:36: warning: ISO C++ does not support ‘__int128’ for ‘type name’ [-Wpedantic]
   30 |   return v & (static_cast<unsigned __int128>(1) << 127)
      |                                    ^~~~~~~~
/home/tina.guest/tinylsm-writefix-source/tinylsm/build/benchmark/_deps/protobuf-src/third_party/abseil-cpp/absl/numeric/int128_have_intrinsic.inc:31:29: warning: ISO C++ does not support ‘__int128’ for ‘type name’ [-Wpedantic]
   31 |              ? ~static_cast<__int128>(~v)
      |                             ^~~~~~~~
/home/tina.guest/tinylsm-writefix-source/tinylsm/build/benchmark/_deps/protobuf-src/third_party/abseil-cpp/absl/numeric/int128_have_intrinsic.inc:32:28: warning: ISO C++ does not support ‘__int128’ for ‘type name’ [-Wpedantic]
   32 |              : static_cast<__int128>(v);
      |                            ^~~~~~~~
/home/tina.guest/tinylsm-writefix-source/tinylsm/build/benchmark/_deps/protobuf-src/third_party/abseil-cpp/absl/numeric/int128_have_intrinsic.inc: At global scope:
/home/tina.guest/tinylsm-writefix-source/tinylsm/build/benchmark/_deps/protobuf-src/third_party/abseil-cpp/absl/numeric/int128_have_intrinsic.inc:37:34: warning: ISO C++ does not support ‘__int128’ for ‘v’ [-Wpedantic]
   37 | inline int128& int128::operator=(__int128 v) {
      |                                  ^~~~~~~~
/home/tina.guest/tinylsm-writefix-source/tinylsm/build/benchmark/_deps/protobuf-src/third_party/abseil-cpp/absl/numeric/int128_have_intrinsic.inc: In function ‘constexpr int64_t absl::lts_20240116::Int128High64(int128)’:
/home/tina.guest/tinylsm-writefix-source/tinylsm/build/benchmark/_deps/protobuf-src/third_party/abseil-cpp/absl/numeric/int128_have_intrinsic.inc:49:50: warning: ISO C++ does not support ‘__int128’ for ‘type name’ [-Wpedantic]
   49 |       static_cast<uint64_t>(static_cast<unsigned __int128>(v.v_) >> 64));
      |                                                  ^~~~~~~~
/home/tina.guest/tinylsm-writefix-source/tinylsm/build/benchmark/_deps/protobuf-src/third_party/abseil-cpp/absl/numeric/int128_have_intrinsic.inc: In constructor ‘constexpr absl::lts_20240116::int128::int128(int64_t, uint64_t)’:
/home/tina.guest/tinylsm-writefix-source/tinylsm/build/benchmark/_deps/protobuf-src/third_party/abseil-cpp/absl/numeric/int128_have_intrinsic.inc:54:64: warning: ISO C++ does not support ‘__int128’ for ‘type name’ [-Wpedantic]
   54 |     : v_(int128_internal::BitCastToSigned(static_cast<unsigned __int128>(high)
      |                                                                ^~~~~~~~
/home/tina.guest/tinylsm-writefix-source/tinylsm/build/benchmark/_deps/protobuf-src/third_party/abseil-cpp/absl/numeric/int128_have_intrinsic.inc: At global scope:
/home/tina.guest/tinylsm-writefix-source/tinylsm/build/benchmark/_deps/protobuf-src/third_party/abseil-cpp/absl/numeric/int128_have_intrinsic.inc:65:26: warning: ISO C++ does not support ‘__int128’ for ‘v’ [-Wpedantic]
   65 | constexpr int128::int128(__int128 v) : v_{v} {}
      |                          ^~~~~~~~
/home/tina.guest/tinylsm-writefix-source/tinylsm/build/benchmark/_deps/protobuf-src/third_party/abseil-cpp/absl/numeric/int128_have_intrinsic.inc:74:35: warning: ISO C++ does not support ‘__int128’ for ‘v’ [-Wpedantic]
   74 | constexpr int128::int128(unsigned __int128 v) : v_{static_cast<__int128>(v)} {}
      |                                   ^~~~~~~~
/home/tina.guest/tinylsm-writefix-source/tinylsm/build/benchmark/_deps/protobuf-src/third_party/abseil-cpp/absl/numeric/int128_have_intrinsic.inc: In constructor ‘constexpr absl::lts_20240116::int128::int128(__int128 unsigned)’:
/home/tina.guest/tinylsm-writefix-source/tinylsm/build/benchmark/_deps/protobuf-src/third_party/abseil-cpp/absl/numeric/int128_have_intrinsic.inc:74:64: warning: ISO C++ does not support ‘__int128’ for ‘type name’ [-Wpedantic]
   74 | constexpr int128::int128(unsigned __int128 v) : v_{static_cast<__int128>(v)} {}
      |                                                                ^~~~~~~~
/home/tina.guest/tinylsm-writefix-source/tinylsm/build/benchmark/_deps/protobuf-src/third_party/abseil-cpp/absl/numeric/int128_have_intrinsic.inc: In constructor ‘absl::lts_20240116::int128::int128(float)’:
/home/tina.guest/tinylsm-writefix-source/tinylsm/build/benchmark/_deps/protobuf-src/third_party/abseil-cpp/absl/numeric/int128_have_intrinsic.inc:77:20: warning: ISO C++ does not support ‘__int128’ for ‘type name’ [-Wpedantic]
   77 |   v_ = static_cast<__int128>(v);
      |                    ^~~~~~~~
/home/tina.guest/tinylsm-writefix-source/tinylsm/build/benchmark/_deps/protobuf-src/third_party/abseil-cpp/absl/numeric/int128_have_intrinsic.inc: In constructor ‘absl::lts_20240116::int128::int128(double)’:
/home/tina.guest/tinylsm-writefix-source/tinylsm/build/benchmark/_deps/protobuf-src/third_party/abseil-cpp/absl/numeric/int128_have_intrinsic.inc:81:20: warning: ISO C++ does not support ‘__int128’ for ‘type name’ [-Wpedantic]
   81 |   v_ = static_cast<__int128>(v);
      |                    ^~~~~~~~
/home/tina.guest/tinylsm-writefix-source/tinylsm/build/benchmark/_deps/protobuf-src/third_party/abseil-cpp/absl/numeric/int128_have_intrinsic.inc: In constructor ‘absl::lts_20240116::int128::int128(long double)’:
/home/tina.guest/tinylsm-writefix-source/tinylsm/build/benchmark/_deps/protobuf-src/third_party/abseil-cpp/absl/numeric/int128_have_intrinsic.inc:85:20: warning: ISO C++ does not support ‘__int128’ for ‘type name’ [-Wpedantic]
   85 |   v_ = static_cast<__int128>(v);
      |                    ^~~~~~~~
/home/tina.guest/tinylsm-writefix-source/tinylsm/build/benchmark/_deps/protobuf-src/third_party/abseil-cpp/absl/numeric/int128_have_intrinsic.inc: In constructor ‘constexpr absl::lts_20240116::int128::int128(absl::lts_20240116::uint128)’:
/home/tina.guest/tinylsm-writefix-source/tinylsm/build/benchmark/_deps/protobuf-src/third_party/abseil-cpp/absl/numeric/int128_have_intrinsic.inc:88:54: warning: ISO C++ does not support ‘__int128’ for ‘type name’ [-Wpedantic]
   88 | constexpr int128::int128(uint128 v) : v_{static_cast<__int128>(v)} {}
      |                                                      ^~~~~~~~
/home/tina.guest/tinylsm-writefix-source/tinylsm/build/benchmark/_deps/protobuf-src/third_party/abseil-cpp/absl/numeric/int128_have_intrinsic.inc: At global scope:
/home/tina.guest/tinylsm-writefix-source/tinylsm/build/benchmark/_deps/protobuf-src/third_party/abseil-cpp/absl/numeric/int128_have_intrinsic.inc:146:28: warning: ISO C++ does not support ‘__int128’ for ‘type name’ [-Wpedantic]
  146 | constexpr int128::operator __int128() const { return v_; }
      |                            ^~~~~~~~
/home/tina.guest/tinylsm-writefix-source/tinylsm/build/benchmark/_deps/protobuf-src/third_party/abseil-cpp/absl/numeric/int128_have_intrinsic.inc:146:28: warning: ISO C++ does not support ‘__int128’ for ‘type name’ [-Wpedantic]
/home/tina.guest/tinylsm-writefix-source/tinylsm/build/benchmark/_deps/protobuf-src/third_party/abseil-cpp/absl/numeric/int128_have_intrinsic.inc:146:28: warning: ISO C++ does not support ‘__int128’ for ‘type name’ [-Wpedantic]
/home/tina.guest/tinylsm-writefix-source/tinylsm/build/benchmark/_deps/protobuf-src/third_party/abseil-cpp/absl/numeric/int128_have_intrinsic.inc:148:37: warning: ISO C++ does not support ‘__int128’ for ‘type name’ [-Wpedantic]
  148 | constexpr int128::operator unsigned __int128() const {
      |                                     ^~~~~~~~
/home/tina.guest/tinylsm-writefix-source/tinylsm/build/benchmark/_deps/protobuf-src/third_party/abseil-cpp/absl/numeric/int128_have_intrinsic.inc:148:37: warning: ISO C++ does not support ‘__int128’ for ‘type name’ [-Wpedantic]
/home/tina.guest/tinylsm-writefix-source/tinylsm/build/benchmark/_deps/protobuf-src/third_party/abseil-cpp/absl/numeric/int128_have_intrinsic.inc:148:37: warning: ISO C++ does not support ‘__int128’ for ‘type name’ [-Wpedantic]
/home/tina.guest/tinylsm-writefix-source/tinylsm/build/benchmark/_deps/protobuf-src/third_party/abseil-cpp/absl/numeric/int128_have_intrinsic.inc: In member function ‘constexpr absl::lts_20240116::int128::operator __int128 unsigned() const’:
/home/tina.guest/tinylsm-writefix-source/tinylsm/build/benchmark/_deps/protobuf-src/third_party/abseil-cpp/absl/numeric/int128_have_intrinsic.inc:149:31: warning: ISO C++ does not support ‘__int128’ for ‘type name’ [-Wpedantic]
  149 |   return static_cast<unsigned __int128>(v_);
      |                               ^~~~~~~~
/home/tina.guest/tinylsm-writefix-source/tinylsm/build/benchmark/_deps/protobuf-src/third_party/abseil-cpp/absl/numeric/int128_have_intrinsic.inc: In function ‘constexpr bool absl::lts_20240116::operator==(int128, int128)’:
/home/tina.guest/tinylsm-writefix-source/tinylsm/build/benchmark/_deps/protobuf-src/third_party/abseil-cpp/absl/numeric/int128_have_intrinsic.inc:200:22: warning: ISO C++ does not support ‘__int128’ for ‘type name’ [-Wpedantic]
  200 |   return static_cast<__int128>(lhs) == static_cast<__int128>(rhs);
      |                      ^~~~~~~~
/home/tina.guest/tinylsm-writefix-source/tinylsm/build/benchmark/_deps/protobuf-src/third_party/abseil-cpp/absl/numeric/int128_have_intrinsic.inc:200:52: warning: ISO C++ does not support ‘__int128’ for ‘type name’ [-Wpedantic]
  200 |   return static_cast<__int128>(lhs) == static_cast<__int128>(rhs);
      |                                                    ^~~~~~~~
/home/tina.guest/tinylsm-writefix-source/tinylsm/build/benchmark/_deps/protobuf-src/third_party/abseil-cpp/absl/numeric/int128_have_intrinsic.inc: In function ‘constexpr bool absl::lts_20240116::operator!=(int128, int128)’:
/home/tina.guest/tinylsm-writefix-source/tinylsm/build/benchmark/_deps/protobuf-src/third_party/abseil-cpp/absl/numeric/int128_have_intrinsic.inc:204:22: warning: ISO C++ does not support ‘__int128’ for ‘type name’ [-Wpedantic]
  204 |   return static_cast<__int128>(lhs) != static_cast<__int128>(rhs);
      |                      ^~~~~~~~
/home/tina.guest/tinylsm-writefix-source/tinylsm/build/benchmark/_deps/protobuf-src/third_party/abseil-cpp/absl/numeric/int128_have_intrinsic.inc:204:52: warning: ISO C++ does not support ‘__int128’ for ‘type name’ [-Wpedantic]
  204 |   return static_cast<__int128>(lhs) != static_cast<__int128>(rhs);
      |                                                    ^~~~~~~~
/home/tina.guest/tinylsm-writefix-source/tinylsm/build/benchmark/_deps/protobuf-src/third_party/abseil-cpp/absl/numeric/int128_have_intrinsic.inc: In function ‘constexpr bool absl::lts_20240116::operator<(int128, int128)’:
/home/tina.guest/tinylsm-writefix-source/tinylsm/build/benchmark/_deps/protobuf-src/third_party/abseil-cpp/absl/numeric/int128_have_intrinsic.inc:208:22: warning: ISO C++ does not support ‘__int128’ for ‘type name’ [-Wpedantic]
  208 |   return static_cast<__int128>(lhs) < static_cast<__int128>(rhs);
      |                      ^~~~~~~~
/home/tina.guest/tinylsm-writefix-source/tinylsm/build/benchmark/_deps/protobuf-src/third_party/abseil-cpp/absl/numeric/int128_have_intrinsic.inc:208:51: warning: ISO C++ does not support ‘__int128’ for ‘type name’ [-Wpedantic]
  208 |   return static_cast<__int128>(lhs) < static_cast<__int128>(rhs);
      |                                                   ^~~~~~~~
/home/tina.guest/tinylsm-writefix-source/tinylsm/build/benchmark/_deps/protobuf-src/third_party/abseil-cpp/absl/numeric/int128_have_intrinsic.inc: In function ‘constexpr bool absl::lts_20240116::operator>(int128, int128)’:
/home/tina.guest/tinylsm-writefix-source/tinylsm/build/benchmark/_deps/protobuf-src/third_party/abseil-cpp/absl/numeric/int128_have_intrinsic.inc:212:22: warning: ISO C++ does not support ‘__int128’ for ‘type name’ [-Wpedantic]
  212 |   return static_cast<__int128>(lhs) > static_cast<__int128>(rhs);
      |                      ^~~~~~~~
/home/tina.guest/tinylsm-writefix-source/tinylsm/build/benchmark/_deps/protobuf-src/third_party/abseil-cpp/absl/numeric/int128_have_intrinsic.inc:212:51: warning: ISO C++ does not support ‘__int128’ for ‘type name’ [-Wpedantic]
  212 |   return static_cast<__int128>(lhs) > static_cast<__int128>(rhs);
      |                                                   ^~~~~~~~
/home/tina.guest/tinylsm-writefix-source/tinylsm/build/benchmark/_deps/protobuf-src/third_party/abseil-cpp/absl/numeric/int128_have_intrinsic.inc: In function ‘constexpr bool absl::lts_20240116::operator<=(int128, int128)’:
/home/tina.guest/tinylsm-writefix-source/tinylsm/build/benchmark/_deps/protobuf-src/third_party/abseil-cpp/absl/numeric/int128_have_intrinsic.inc:216:22: warning: ISO C++ does not support ‘__int128’ for ‘type name’ [-Wpedantic]
  216 |   return static_cast<__int128>(lhs) <= static_cast<__int128>(rhs);
      |                      ^~~~~~~~
/home/tina.guest/tinylsm-writefix-source/tinylsm/build/benchmark/_deps/protobuf-src/third_party/abseil-cpp/absl/numeric/int128_have_intrinsic.inc:216:52: warning: ISO C++ does not support ‘__int128’ for ‘type name’ [-Wpedantic]
  216 |   return static_cast<__int128>(lhs) <= static_cast<__int128>(rhs);
      |                                                    ^~~~~~~~
/home/tina.guest/tinylsm-writefix-source/tinylsm/build/benchmark/_deps/protobuf-src/third_party/abseil-cpp/absl/numeric/int128_have_intrinsic.inc: In function ‘constexpr bool absl::lts_20240116::operator>=(int128, int128)’:
/home/tina.guest/tinylsm-writefix-source/tinylsm/build/benchmark/_deps/protobuf-src/third_party/abseil-cpp/absl/numeric/int128_have_intrinsic.inc:220:22: warning: ISO C++ does not support ‘__int128’ for ‘type name’ [-Wpedantic]
  220 |   return static_cast<__int128>(lhs) >= static_cast<__int128>(rhs);
      |                      ^~~~~~~~
/home/tina.guest/tinylsm-writefix-source/tinylsm/build/benchmark/_deps/protobuf-src/third_party/abseil-cpp/absl/numeric/int128_have_intrinsic.inc:220:52: warning: ISO C++ does not support ‘__int128’ for ‘type name’ [-Wpedantic]
  220 |   return static_cast<__int128>(lhs) >= static_cast<__int128>(rhs);
      |                                                    ^~~~~~~~
/home/tina.guest/tinylsm-writefix-source/tinylsm/build/benchmark/_deps/protobuf-src/third_party/abseil-cpp/absl/numeric/int128_have_intrinsic.inc: In function ‘constexpr absl::lts_20240116::int128 absl::lts_20240116::operator-(int128)’:
/home/tina.guest/tinylsm-writefix-source/tinylsm/build/benchmark/_deps/protobuf-src/third_party/abseil-cpp/absl/numeric/int128_have_intrinsic.inc:225:60: warning: ISO C++ does not support ‘__int128’ for ‘type name’ [-Wpedantic]
  225 | constexpr int128 operator-(int128 v) { return -static_cast<__int128>(v); }
      |                                                            ^~~~~~~~
/home/tina.guest/tinylsm-writefix-source/tinylsm/build/benchmark/_deps/protobuf-src/third_party/abseil-cpp/absl/numeric/int128_have_intrinsic.inc: In function ‘constexpr bool absl::lts_20240116::operator!(int128)’:
/home/tina.guest/tinylsm-writefix-source/tinylsm/build/benchmark/_deps/protobuf-src/third_party/abseil-cpp/absl/numeric/int128_have_intrinsic.inc:227:58: warning: ISO C++ does not support ‘__int128’ for ‘type name’ [-Wpedantic]
  227 | constexpr bool operator!(int128 v) { return !static_cast<__int128>(v); }
      |                                                          ^~~~~~~~
/home/tina.guest/tinylsm-writefix-source/tinylsm/build/benchmark/_deps/protobuf-src/third_party/abseil-cpp/absl/numeric/int128_have_intrinsic.inc: In function ‘constexpr absl::lts_20240116::int128 absl::lts_20240116::operator~(int128)’:
/home/tina.guest/tinylsm-writefix-source/tinylsm/build/benchmark/_deps/protobuf-src/third_party/abseil-cpp/absl/numeric/int128_have_intrinsic.inc:229:62: warning: ISO C++ does not support ‘__int128’ for ‘type name’ [-Wpedantic]
  229 | constexpr int128 operator~(int128 val) { return ~static_cast<__int128>(val); }
      |                                                              ^~~~~~~~
/home/tina.guest/tinylsm-writefix-source/tinylsm/build/benchmark/_deps/protobuf-src/third_party/abseil-cpp/absl/numeric/int128_have_intrinsic.inc: In function ‘constexpr absl::lts_20240116::int128 absl::lts_20240116::operator+(int128, int128)’:
/home/tina.guest/tinylsm-writefix-source/tinylsm/build/benchmark/_deps/protobuf-src/third_party/abseil-cpp/absl/numeric/int128_have_intrinsic.inc:234:22: warning: ISO C++ does not support ‘__int128’ for ‘type name’ [-Wpedantic]
  234 |   return static_cast<__int128>(lhs) + static_cast<__int128>(rhs);
      |                      ^~~~~~~~
/home/tina.guest/tinylsm-writefix-source/tinylsm/build/benchmark/_deps/protobuf-src/third_party/abseil-cpp/absl/numeric/int128_have_intrinsic.inc:234:51: warning: ISO C++ does not support ‘__int128’ for ‘type name’ [-Wpedantic]
  234 |   return static_cast<__int128>(lhs) + static_cast<__int128>(rhs);
      |                                                   ^~~~~~~~
/home/tina.guest/tinylsm-writefix-source/tinylsm/build/benchmark/_deps/protobuf-src/third_party/abseil-cpp/absl/numeric/int128_have_intrinsic.inc: In function ‘constexpr absl::lts_20240116::int128 absl::lts_20240116::operator-(int128, int128)’:
/home/tina.guest/tinylsm-writefix-source/tinylsm/build/benchmark/_deps/protobuf-src/third_party/abseil-cpp/absl/numeric/int128_have_intrinsic.inc:238:22: warning: ISO C++ does not support ‘__int128’ for ‘type name’ [-Wpedantic]
  238 |   return static_cast<__int128>(lhs) - static_cast<__int128>(rhs);
      |                      ^~~~~~~~
/home/tina.guest/tinylsm-writefix-source/tinylsm/build/benchmark/_deps/protobuf-src/third_party/abseil-cpp/absl/numeric/int128_have_intrinsic.inc:238:51: warning: ISO C++ does not support ‘__int128’ for ‘type name’ [-Wpedantic]
  238 |   return static_cast<__int128>(lhs) - static_cast<__int128>(rhs);
      |                                                   ^~~~~~~~
/home/tina.guest/tinylsm-writefix-source/tinylsm/build/benchmark/_deps/protobuf-src/third_party/abseil-cpp/absl/numeric/int128_have_intrinsic.inc: In function ‘absl::lts_20240116::int128 absl::lts_20240116::operator*(int128, int128)’:
/home/tina.guest/tinylsm-writefix-source/tinylsm/build/benchmark/_deps/protobuf-src/third_party/abseil-cpp/absl/numeric/int128_have_intrinsic.inc:242:22: warning: ISO C++ does not support ‘__int128’ for ‘type name’ [-Wpedantic]
  242 |   return static_cast<__int128>(lhs) * static_cast<__int128>(rhs);
      |                      ^~~~~~~~
/home/tina.guest/tinylsm-writefix-source/tinylsm/build/benchmark/_deps/protobuf-src/third_party/abseil-cpp/absl/numeric/int128_have_intrinsic.inc:242:51: warning: ISO C++ does not support ‘__int128’ for ‘type name’ [-Wpedantic]
  242 |   return static_cast<__int128>(lhs) * static_cast<__int128>(rhs);
      |                                                   ^~~~~~~~
/home/tina.guest/tinylsm-writefix-source/tinylsm/build/benchmark/_deps/protobuf-src/third_party/abseil-cpp/absl/numeric/int128_have_intrinsic.inc: In function ‘absl::lts_20240116::int128 absl::lts_20240116::operator/(int128, int128)’:
/home/tina.guest/tinylsm-writefix-source/tinylsm/build/benchmark/_deps/protobuf-src/third_party/abseil-cpp/absl/numeric/int128_have_intrinsic.inc:246:22: warning: ISO C++ does not support ‘__int128’ for ‘type name’ [-Wpedantic]
  246 |   return static_cast<__int128>(lhs) / static_cast<__int128>(rhs);
      |                      ^~~~~~~~
/home/tina.guest/tinylsm-writefix-source/tinylsm/build/benchmark/_deps/protobuf-src/third_party/abseil-cpp/absl/numeric/int128_have_intrinsic.inc:246:51: warning: ISO C++ does not support ‘__int128’ for ‘type name’ [-Wpedantic]
  246 |   return static_cast<__int128>(lhs) / static_cast<__int128>(rhs);
      |                                                   ^~~~~~~~
/home/tina.guest/tinylsm-writefix-source/tinylsm/build/benchmark/_deps/protobuf-src/third_party/abseil-cpp/absl/numeric/int128_have_intrinsic.inc: In function ‘absl::lts_20240116::int128 absl::lts_20240116::operator%(int128, int128)’:
/home/tina.guest/tinylsm-writefix-source/tinylsm/build/benchmark/_deps/protobuf-src/third_party/abseil-cpp/absl/numeric/int128_have_intrinsic.inc:250:22: warning: ISO C++ does not support ‘__int128’ for ‘type name’ [-Wpedantic]
  250 |   return static_cast<__int128>(lhs) % static_cast<__int128>(rhs);
      |                      ^~~~~~~~
/home/tina.guest/tinylsm-writefix-source/tinylsm/build/benchmark/_deps/protobuf-src/third_party/abseil-cpp/absl/numeric/int128_have_intrinsic.inc:250:51: warning: ISO C++ does not support ‘__int128’ for ‘type name’ [-Wpedantic]
  250 |   return static_cast<__int128>(lhs) % static_cast<__int128>(rhs);
      |                                                   ^~~~~~~~
/home/tina.guest/tinylsm-writefix-source/tinylsm/build/benchmark/_deps/protobuf-src/third_party/abseil-cpp/absl/numeric/int128_have_intrinsic.inc: In function ‘constexpr absl::lts_20240116::int128 absl::lts_20240116::operator|(int128, int128)’:
/home/tina.guest/tinylsm-writefix-source/tinylsm/build/benchmark/_deps/protobuf-src/third_party/abseil-cpp/absl/numeric/int128_have_intrinsic.inc:276:22: warning: ISO C++ does not support ‘__int128’ for ‘type name’ [-Wpedantic]
  276 |   return static_cast<__int128>(lhs) | static_cast<__int128>(rhs);
      |                      ^~~~~~~~
/home/tina.guest/tinylsm-writefix-source/tinylsm/build/benchmark/_deps/protobuf-src/third_party/abseil-cpp/absl/numeric/int128_have_intrinsic.inc:276:51: warning: ISO C++ does not support ‘__int128’ for ‘type name’ [-Wpedantic]
  276 |   return static_cast<__int128>(lhs) | static_cast<__int128>(rhs);
      |                                                   ^~~~~~~~
/home/tina.guest/tinylsm-writefix-source/tinylsm/build/benchmark/_deps/protobuf-src/third_party/abseil-cpp/absl/numeric/int128_have_intrinsic.inc: In function ‘constexpr absl::lts_20240116::int128 absl::lts_20240116::operator&(int128, int128)’:
/home/tina.guest/tinylsm-writefix-source/tinylsm/build/benchmark/_deps/protobuf-src/third_party/abseil-cpp/absl/numeric/int128_have_intrinsic.inc:280:22: warning: ISO C++ does not support ‘__int128’ for ‘type name’ [-Wpedantic]
  280 |   return static_cast<__int128>(lhs) & static_cast<__int128>(rhs);
      |                      ^~~~~~~~
/home/tina.guest/tinylsm-writefix-source/tinylsm/build/benchmark/_deps/protobuf-src/third_party/abseil-cpp/absl/numeric/int128_have_intrinsic.inc:280:51: warning: ISO C++ does not support ‘__int128’ for ‘type name’ [-Wpedantic]
  280 |   return static_cast<__int128>(lhs) & static_cast<__int128>(rhs);
      |                                                   ^~~~~~~~
/home/tina.guest/tinylsm-writefix-source/tinylsm/build/benchmark/_deps/protobuf-src/third_party/abseil-cpp/absl/numeric/int128_have_intrinsic.inc: In function ‘constexpr absl::lts_20240116::int128 absl::lts_20240116::operator^(int128, int128)’:
/home/tina.guest/tinylsm-writefix-source/tinylsm/build/benchmark/_deps/protobuf-src/third_party/abseil-cpp/absl/numeric/int128_have_intrinsic.inc:284:22: warning: ISO C++ does not support ‘__int128’ for ‘type name’ [-Wpedantic]
  284 |   return static_cast<__int128>(lhs) ^ static_cast<__int128>(rhs);
      |                      ^~~~~~~~
/home/tina.guest/tinylsm-writefix-source/tinylsm/build/benchmark/_deps/protobuf-src/third_party/abseil-cpp/absl/numeric/int128_have_intrinsic.inc:284:51: warning: ISO C++ does not support ‘__int128’ for ‘type name’ [-Wpedantic]
  284 |   return static_cast<__int128>(lhs) ^ static_cast<__int128>(rhs);
      |                                                   ^~~~~~~~
/home/tina.guest/tinylsm-writefix-source/tinylsm/build/benchmark/_deps/protobuf-src/third_party/abseil-cpp/absl/numeric/int128_have_intrinsic.inc: In function ‘constexpr absl::lts_20240116::int128 absl::lts_20240116::operator<<(int128, int)’:
/home/tina.guest/tinylsm-writefix-source/tinylsm/build/benchmark/_deps/protobuf-src/third_party/abseil-cpp/absl/numeric/int128_have_intrinsic.inc:288:22: warning: ISO C++ does not support ‘__int128’ for ‘type name’ [-Wpedantic]
  288 |   return static_cast<__int128>(lhs) << amount;
      |                      ^~~~~~~~
/home/tina.guest/tinylsm-writefix-source/tinylsm/build/benchmark/_deps/protobuf-src/third_party/abseil-cpp/absl/numeric/int128_have_intrinsic.inc: In function ‘constexpr absl::lts_20240116::int128 absl::lts_20240116::operator>>(int128, int)’:
/home/tina.guest/tinylsm-writefix-source/tinylsm/build/benchmark/_deps/protobuf-src/third_party/abseil-cpp/absl/numeric/int128_have_intrinsic.inc:292:22: warning: ISO C++ does not support ‘__int128’ for ‘type name’ [-Wpedantic]
  292 |   return static_cast<__int128>(lhs) >> amount;
      |                      ^~~~~~~~
In file included from /home/tina.guest/tinylsm-writefix-source/tinylsm/build/benchmark/_deps/protobuf-src/src/google/protobuf/arena.h:38,
                 from /home/tina.guest/tinylsm-writefix-source/tinylsm/build/benchmark/src/manifest.pb.h:21:
/home/tina.guest/tinylsm-writefix-source/tinylsm/build/benchmark/_deps/protobuf-src/src/google/protobuf/port.h: In function ‘void google::protobuf::internal::AssertDownCast(From*)’:
/home/tina.guest/tinylsm-writefix-source/tinylsm/build/benchmark/_deps/protobuf-src/src/google/protobuf/port.h:181:5: warning: testing if a concept-id is a valid expression; add ‘requires’ to check satisfaction [-Wmissing-requires]
  181 |     std::derived_from<std::remove_pointer_t<To>,
      |     ^
      |     requires 
[608/665] Building CXX object src/CMakeFiles/tinylsm.dir/wal/wal_record_codec.cpp.o
[609/665] Building CXX object src/CMakeFiles/tinylsm.dir/sstable/sstable_builder.cpp.o
[610/665] Building CXX object src/CMakeFiles/tinylsm.dir/wal/wal_reader.cpp.o
[611/665] Building CXX object src/CMakeFiles/tinylsm.dir/wal/wal_writer.cpp.o
[612/665] Building CXX object src/CMakeFiles/tinylsm.dir/sstable/sstable_reader.cpp.o
[613/665] Building CXX object src/CMakeFiles/tinylsm.dir/db/db_impl.cpp.o
[614/665] Building CXX object _deps/google_benchmark-build/src/CMakeFiles/benchmark.dir/string_util.cc.o
[615/665] Building CXX object _deps/google_benchmark-build/src/CMakeFiles/benchmark_main.dir/benchmark_main.cc.o
[616/665] Building CXX object _deps/google_benchmark-build/src/CMakeFiles/benchmark.dir/timers.cc.o
[617/665] Building CXX object _deps/google_benchmark-build/src/CMakeFiles/benchmark.dir/statistics.cc.o
[618/665] Building CXX object _deps/google_benchmark-build/src/CMakeFiles/benchmark.dir/sysinfo.cc.o
[619/665] Linking CXX static library _deps/google_benchmark-build/src/libbenchmark.a
[620/665] Linking CXX static library _deps/google_benchmark-build/src/libbenchmark_main.a
[621/665] Building CXX object _deps/leveldb-build/CMakeFiles/leveldb.dir/db/builder.cc.o
[622/665] Building CXX object _deps/leveldb-build/CMakeFiles/leveldb.dir/db/c.cc.o
[623/665] Building CXX object src/CMakeFiles/tinylsm.dir/manifest.pb.cc.o
In file included from /home/tina.guest/tinylsm-writefix-source/tinylsm/build/benchmark/_deps/protobuf-src/third_party/abseil-cpp/absl/strings/internal/str_format/arg.h:35,
                 from /home/tina.guest/tinylsm-writefix-source/tinylsm/build/benchmark/_deps/protobuf-src/third_party/abseil-cpp/absl/strings/str_format.h:83,
                 from /home/tina.guest/tinylsm-writefix-source/tinylsm/build/benchmark/_deps/protobuf-src/third_party/abseil-cpp/absl/crc/crc32c.h:32,
                 from /home/tina.guest/tinylsm-writefix-source/tinylsm/build/benchmark/_deps/protobuf-src/third_party/abseil-cpp/absl/crc/internal/crc_cord_state.h:23,
                 from /home/tina.guest/tinylsm-writefix-source/tinylsm/build/benchmark/_deps/protobuf-src/third_party/abseil-cpp/absl/strings/cord.h:80,
                 from /home/tina.guest/tinylsm-writefix-source/tinylsm/build/benchmark/_deps/protobuf-src/src/google/protobuf/io/coded_stream.h:111,
                 from /home/tina.guest/tinylsm-writefix-source/tinylsm/build/benchmark/src/manifest.pb.h:20,
                 from /home/tina.guest/tinylsm-writefix-source/tinylsm/build/benchmark/src/manifest.pb.cc:6:
/home/tina.guest/tinylsm-writefix-source/tinylsm/build/benchmark/_deps/protobuf-src/third_party/abseil-cpp/absl/numeric/int128.h:107:22: warning: ISO C++ does not support ‘__int128’ for ‘type name’ [-Wpedantic]
  107 |     alignas(unsigned __int128)
      |                      ^~~~~~~~
/home/tina.guest/tinylsm-writefix-source/tinylsm/build/benchmark/_deps/protobuf-src/third_party/abseil-cpp/absl/numeric/int128.h:121:21: warning: ISO C++ does not support ‘__int128’ for ‘v’ [-Wpedantic]
  121 |   constexpr uint128(__int128 v);           // NOLINT(runtime/explicit)
      |                     ^~~~~~~~
/home/tina.guest/tinylsm-writefix-source/tinylsm/build/benchmark/_deps/protobuf-src/third_party/abseil-cpp/absl/numeric/int128.h:122:30: warning: ISO C++ does not support ‘__int128’ for ‘v’ [-Wpedantic]
  122 |   constexpr uint128(unsigned __int128 v);  // NOLINT(runtime/explicit)
      |                              ^~~~~~~~
/home/tina.guest/tinylsm-writefix-source/tinylsm/build/benchmark/_deps/protobuf-src/third_party/abseil-cpp/absl/numeric/int128.h:137:22: warning: ISO C++ does not support ‘__int128’ for ‘v’ [-Wpedantic]
  137 |   uint128& operator=(__int128 v);
      |                      ^~~~~~~~
/home/tina.guest/tinylsm-writefix-source/tinylsm/build/benchmark/_deps/protobuf-src/third_party/abseil-cpp/absl/numeric/int128.h:138:31: warning: ISO C++ does not support ‘__int128’ for ‘v’ [-Wpedantic]
  138 |   uint128& operator=(unsigned __int128 v);
      |                               ^~~~~~~~
/home/tina.guest/tinylsm-writefix-source/tinylsm/build/benchmark/_deps/protobuf-src/third_party/abseil-cpp/absl/numeric/int128.h:163:31: warning: ISO C++ does not support ‘__int128’ for ‘type name’ [-Wpedantic]
  163 |   constexpr explicit operator __int128() const;
      |                               ^~~~~~~~
/home/tina.guest/tinylsm-writefix-source/tinylsm/build/benchmark/_deps/protobuf-src/third_party/abseil-cpp/absl/numeric/int128.h:163:31: warning: ISO C++ does not support ‘__int128’ for ‘type name’ [-Wpedantic]
/home/tina.guest/tinylsm-writefix-source/tinylsm/build/benchmark/_deps/protobuf-src/third_party/abseil-cpp/absl/numeric/int128.h:164:40: warning: ISO C++ does not support ‘__int128’ for ‘type name’ [-Wpedantic]
  164 |   constexpr explicit operator unsigned __int128() const;
      |                                        ^~~~~~~~
/home/tina.guest/tinylsm-writefix-source/tinylsm/build/benchmark/_deps/protobuf-src/third_party/abseil-cpp/absl/numeric/int128.h:164:40: warning: ISO C++ does not support ‘__int128’ for ‘type name’ [-Wpedantic]
/home/tina.guest/tinylsm-writefix-source/tinylsm/build/benchmark/_deps/protobuf-src/third_party/abseil-cpp/absl/numeric/int128.h:292:57: warning: ISO C++ does not support ‘__int128’ for ‘type name’ [-Wpedantic]
  292 |   static constexpr bool traps = numeric_limits<unsigned __int128>::traps;
      |                                                         ^~~~~~~~
/home/tina.guest/tinylsm-writefix-source/tinylsm/build/benchmark/_deps/protobuf-src/third_party/abseil-cpp/absl/numeric/int128.h:359:20: warning: ISO C++ does not support ‘__int128’ for ‘v’ [-Wpedantic]
  359 |   constexpr int128(__int128 v);  // NOLINT(runtime/explicit)
      |                    ^~~~~~~~
/home/tina.guest/tinylsm-writefix-source/tinylsm/build/benchmark/_deps/protobuf-src/third_party/abseil-cpp/absl/numeric/int128.h:360:38: warning: ISO C++ does not support ‘__int128’ for ‘v’ [-Wpedantic]
  360 |   constexpr explicit int128(unsigned __int128 v);
      |                                      ^~~~~~~~
/home/tina.guest/tinylsm-writefix-source/tinylsm/build/benchmark/_deps/protobuf-src/third_party/abseil-cpp/absl/numeric/int128.h:375:21: warning: ISO C++ does not support ‘__int128’ for ‘v’ [-Wpedantic]
  375 |   int128& operator=(__int128 v);
      |                     ^~~~~~~~
/home/tina.guest/tinylsm-writefix-source/tinylsm/build/benchmark/_deps/protobuf-src/third_party/abseil-cpp/absl/numeric/int128.h:399:31: warning: ISO C++ does not support ‘__int128’ for ‘type name’ [-Wpedantic]
  399 |   constexpr explicit operator __int128() const;
      |                               ^~~~~~~~
/home/tina.guest/tinylsm-writefix-source/tinylsm/build/benchmark/_deps/protobuf-src/third_party/abseil-cpp/absl/numeric/int128.h:399:31: warning: ISO C++ does not support ‘__int128’ for ‘type name’ [-Wpedantic]
/home/tina.guest/tinylsm-writefix-source/tinylsm/build/benchmark/_deps/protobuf-src/third_party/abseil-cpp/absl/numeric/int128.h:400:40: warning: ISO C++ does not support ‘__int128’ for ‘type name’ [-Wpedantic]
  400 |   constexpr explicit operator unsigned __int128() const;
      |                                        ^~~~~~~~
/home/tina.guest/tinylsm-writefix-source/tinylsm/build/benchmark/_deps/protobuf-src/third_party/abseil-cpp/absl/numeric/int128.h:400:40: warning: ISO C++ does not support ‘__int128’ for ‘type name’ [-Wpedantic]
/home/tina.guest/tinylsm-writefix-source/tinylsm/build/benchmark/_deps/protobuf-src/third_party/abseil-cpp/absl/numeric/int128.h:478:3: warning: ISO C++ does not support ‘__int128’ for ‘v_’ [-Wpedantic]
  478 |   __int128 v_;
      |   ^~~~~~~~
/home/tina.guest/tinylsm-writefix-source/tinylsm/build/benchmark/_deps/protobuf-src/third_party/abseil-cpp/absl/numeric/int128.h:535:48: warning: ISO C++ does not support ‘__int128’ for ‘type name’ [-Wpedantic]
  535 |   static constexpr bool traps = numeric_limits<__int128>::traps;
      |                                                ^~~~~~~~
/home/tina.guest/tinylsm-writefix-source/tinylsm/build/benchmark/_deps/protobuf-src/third_party/abseil-cpp/absl/numeric/int128.h:589:36: warning: ISO C++ does not support ‘__int128’ for ‘v’ [-Wpedantic]
  589 | inline uint128& uint128::operator=(__int128 v) { return *this = uint128(v); }
      |                                    ^~~~~~~~
/home/tina.guest/tinylsm-writefix-source/tinylsm/build/benchmark/_deps/protobuf-src/third_party/abseil-cpp/absl/numeric/int128.h:591:45: warning: ISO C++ does not support ‘__int128’ for ‘v’ [-Wpedantic]
  591 | inline uint128& uint128::operator=(unsigned __int128 v) {
      |                                             ^~~~~~~~
/home/tina.guest/tinylsm-writefix-source/tinylsm/build/benchmark/_deps/protobuf-src/third_party/abseil-cpp/absl/numeric/int128.h:670:28: warning: ISO C++ does not support ‘__int128’ for ‘v’ [-Wpedantic]
  670 | constexpr uint128::uint128(__int128 v)
      |                            ^~~~~~~~
/home/tina.guest/tinylsm-writefix-source/tinylsm/build/benchmark/_deps/protobuf-src/third_party/abseil-cpp/absl/numeric/int128.h: In constructor ‘constexpr absl::lts_20240116::uint128::uint128(__int128)’:
/home/tina.guest/tinylsm-writefix-source/tinylsm/build/benchmark/_deps/protobuf-src/third_party/abseil-cpp/absl/numeric/int128.h:672:54: warning: ISO C++ does not support ‘__int128’ for ‘type name’ [-Wpedantic]
  672 |       hi_{static_cast<uint64_t>(static_cast<unsigned __int128>(v) >> 64)} {}
      |                                                      ^~~~~~~~
/home/tina.guest/tinylsm-writefix-source/tinylsm/build/benchmark/_deps/protobuf-src/third_party/abseil-cpp/absl/numeric/int128.h: At global scope:
/home/tina.guest/tinylsm-writefix-source/tinylsm/build/benchmark/_deps/protobuf-src/third_party/abseil-cpp/absl/numeric/int128.h:673:37: warning: ISO C++ does not support ‘__int128’ for ‘v’ [-Wpedantic]
  673 | constexpr uint128::uint128(unsigned __int128 v)
      |                                     ^~~~~~~~
/home/tina.guest/tinylsm-writefix-source/tinylsm/build/benchmark/_deps/protobuf-src/third_party/abseil-cpp/absl/numeric/int128.h:772:29: warning: ISO C++ does not support ‘__int128’ for ‘type name’ [-Wpedantic]
  772 | constexpr uint128::operator __int128() const {
      |                             ^~~~~~~~
/home/tina.guest/tinylsm-writefix-source/tinylsm/build/benchmark/_deps/protobuf-src/third_party/abseil-cpp/absl/numeric/int128.h:772:29: warning: ISO C++ does not support ‘__int128’ for ‘type name’ [-Wpedantic]
/home/tina.guest/tinylsm-writefix-source/tinylsm/build/benchmark/_deps/protobuf-src/third_party/abseil-cpp/absl/numeric/int128.h:772:29: warning: ISO C++ does not support ‘__int128’ for ‘type name’ [-Wpedantic]
/home/tina.guest/tinylsm-writefix-source/tinylsm/build/benchmark/_deps/protobuf-src/third_party/abseil-cpp/absl/numeric/int128.h: In member function ‘constexpr absl::lts_20240116::uint128::operator __int128() const’:
/home/tina.guest/tinylsm-writefix-source/tinylsm/build/benchmark/_deps/protobuf-src/third_party/abseil-cpp/absl/numeric/int128.h:773:23: warning: ISO C++ does not support ‘__int128’ for ‘type name’ [-Wpedantic]
  773 |   return (static_cast<__int128>(hi_) << 64) + lo_;
      |                       ^~~~~~~~
/home/tina.guest/tinylsm-writefix-source/tinylsm/build/benchmark/_deps/protobuf-src/third_party/abseil-cpp/absl/numeric/int128.h: At global scope:
/home/tina.guest/tinylsm-writefix-source/tinylsm/build/benchmark/_deps/protobuf-src/third_party/abseil-cpp/absl/numeric/int128.h:776:38: warning: ISO C++ does not support ‘__int128’ for ‘type name’ [-Wpedantic]
  776 | constexpr uint128::operator unsigned __int128() const {
      |                                      ^~~~~~~~
/home/tina.guest/tinylsm-writefix-source/tinylsm/build/benchmark/_deps/protobuf-src/third_party/abseil-cpp/absl/numeric/int128.h:776:38: warning: ISO C++ does not support ‘__int128’ for ‘type name’ [-Wpedantic]
/home/tina.guest/tinylsm-writefix-source/tinylsm/build/benchmark/_deps/protobuf-src/third_party/abseil-cpp/absl/numeric/int128.h:776:38: warning: ISO C++ does not support ‘__int128’ for ‘type name’ [-Wpedantic]
/home/tina.guest/tinylsm-writefix-source/tinylsm/build/benchmark/_deps/protobuf-src/third_party/abseil-cpp/absl/numeric/int128.h: In member function ‘constexpr absl::lts_20240116::uint128::operator __int128 unsigned() const’:
/home/tina.guest/tinylsm-writefix-source/tinylsm/build/benchmark/_deps/protobuf-src/third_party/abseil-cpp/absl/numeric/int128.h:777:32: warning: ISO C++ does not support ‘__int128’ for ‘type name’ [-Wpedantic]
  777 |   return (static_cast<unsigned __int128>(hi_) << 64) + lo_;
      |                                ^~~~~~~~
/home/tina.guest/tinylsm-writefix-source/tinylsm/build/benchmark/_deps/protobuf-src/third_party/abseil-cpp/absl/numeric/int128.h: In function ‘constexpr bool absl::lts_20240116::operator==(uint128, uint128)’:
/home/tina.guest/tinylsm-writefix-source/tinylsm/build/benchmark/_deps/protobuf-src/third_party/abseil-cpp/absl/numeric/int128.h:800:31: warning: ISO C++ does not support ‘__int128’ for ‘type name’ [-Wpedantic]
  800 |   return static_cast<unsigned __int128>(lhs) ==
      |                               ^~~~~~~~
/home/tina.guest/tinylsm-writefix-source/tinylsm/build/benchmark/_deps/protobuf-src/third_party/abseil-cpp/absl/numeric/int128.h:801:31: warning: ISO C++ does not support ‘__int128’ for ‘type name’ [-Wpedantic]
  801 |          static_cast<unsigned __int128>(rhs);
      |                               ^~~~~~~~
/home/tina.guest/tinylsm-writefix-source/tinylsm/build/benchmark/_deps/protobuf-src/third_party/abseil-cpp/absl/numeric/int128.h: In function ‘constexpr bool absl::lts_20240116::operator<(uint128, uint128)’:
/home/tina.guest/tinylsm-writefix-source/tinylsm/build/benchmark/_deps/protobuf-src/third_party/abseil-cpp/absl/numeric/int128.h:812:31: warning: ISO C++ does not support ‘__int128’ for ‘type name’ [-Wpedantic]
  812 |   return static_cast<unsigned __int128>(lhs) <
      |                               ^~~~~~~~
/home/tina.guest/tinylsm-writefix-source/tinylsm/build/benchmark/_deps/protobuf-src/third_party/abseil-cpp/absl/numeric/int128.h:813:31: warning: ISO C++ does not support ‘__int128’ for ‘type name’ [-Wpedantic]
  813 |          static_cast<unsigned __int128>(rhs);
      |                               ^~~~~~~~
/home/tina.guest/tinylsm-writefix-source/tinylsm/build/benchmark/_deps/protobuf-src/third_party/abseil-cpp/absl/numeric/int128.h: In function ‘constexpr absl::lts_20240116::uint128 absl::lts_20240116::operator-(uint128)’:
/home/tina.guest/tinylsm-writefix-source/tinylsm/build/benchmark/_deps/protobuf-src/third_party/abseil-cpp/absl/numeric/int128.h:835:32: warning: ISO C++ does not support ‘__int128’ for ‘type name’ [-Wpedantic]
  835 |   return -static_cast<unsigned __int128>(val);
      |                                ^~~~~~~~
/home/tina.guest/tinylsm-writefix-source/tinylsm/build/benchmark/_deps/protobuf-src/third_party/abseil-cpp/absl/numeric/int128.h: In function ‘constexpr bool absl::lts_20240116::operator!(uint128)’:
/home/tina.guest/tinylsm-writefix-source/tinylsm/build/benchmark/_deps/protobuf-src/third_party/abseil-cpp/absl/numeric/int128.h:845:32: warning: ISO C++ does not support ‘__int128’ for ‘type name’ [-Wpedantic]
  845 |   return !static_cast<unsigned __int128>(val);
      |                                ^~~~~~~~
/home/tina.guest/tinylsm-writefix-source/tinylsm/build/benchmark/_deps/protobuf-src/third_party/abseil-cpp/absl/numeric/int128.h: In function ‘constexpr absl::lts_20240116::uint128 absl::lts_20240116::operator~(uint128)’:
/home/tina.guest/tinylsm-writefix-source/tinylsm/build/benchmark/_deps/protobuf-src/third_party/abseil-cpp/absl/numeric/int128.h:855:32: warning: ISO C++ does not support ‘__int128’ for ‘type name’ [-Wpedantic]
  855 |   return ~static_cast<unsigned __int128>(val);
      |                                ^~~~~~~~
/home/tina.guest/tinylsm-writefix-source/tinylsm/build/benchmark/_deps/protobuf-src/third_party/abseil-cpp/absl/numeric/int128.h: In function ‘constexpr absl::lts_20240116::uint128 absl::lts_20240116::operator|(uint128, uint128)’:
/home/tina.guest/tinylsm-writefix-source/tinylsm/build/benchmark/_deps/protobuf-src/third_party/abseil-cpp/absl/numeric/int128.h:863:31: warning: ISO C++ does not support ‘__int128’ for ‘type name’ [-Wpedantic]
  863 |   return static_cast<unsigned __int128>(lhs) |
      |                               ^~~~~~~~
/home/tina.guest/tinylsm-writefix-source/tinylsm/build/benchmark/_deps/protobuf-src/third_party/abseil-cpp/absl/numeric/int128.h:864:31: warning: ISO C++ does not support ‘__int128’ for ‘type name’ [-Wpedantic]
  864 |          static_cast<unsigned __int128>(rhs);
      |                               ^~~~~~~~
/home/tina.guest/tinylsm-writefix-source/tinylsm/build/benchmark/_deps/protobuf-src/third_party/abseil-cpp/absl/numeric/int128.h: In function ‘constexpr absl::lts_20240116::uint128 absl::lts_20240116::operator&(uint128, uint128)’:
/home/tina.guest/tinylsm-writefix-source/tinylsm/build/benchmark/_deps/protobuf-src/third_party/abseil-cpp/absl/numeric/int128.h:873:31: warning: ISO C++ does not support ‘__int128’ for ‘type name’ [-Wpedantic]
  873 |   return static_cast<unsigned __int128>(lhs) &
      |                               ^~~~~~~~
/home/tina.guest/tinylsm-writefix-source/tinylsm/build/benchmark/_deps/protobuf-src/third_party/abseil-cpp/absl/numeric/int128.h:874:31: warning: ISO C++ does not support ‘__int128’ for ‘type name’ [-Wpedantic]
  874 |          static_cast<unsigned __int128>(rhs);
      |                               ^~~~~~~~
/home/tina.guest/tinylsm-writefix-source/tinylsm/build/benchmark/_deps/protobuf-src/third_party/abseil-cpp/absl/numeric/int128.h: In function ‘constexpr absl::lts_20240116::uint128 absl::lts_20240116::operator^(uint128, uint128)’:
/home/tina.guest/tinylsm-writefix-source/tinylsm/build/benchmark/_deps/protobuf-src/third_party/abseil-cpp/absl/numeric/int128.h:883:31: warning: ISO C++ does not support ‘__int128’ for ‘type name’ [-Wpedantic]
  883 |   return static_cast<unsigned __int128>(lhs) ^
      |                               ^~~~~~~~
/home/tina.guest/tinylsm-writefix-source/tinylsm/build/benchmark/_deps/protobuf-src/third_party/abseil-cpp/absl/numeric/int128.h:884:31: warning: ISO C++ does not support ‘__int128’ for ‘type name’ [-Wpedantic]
  884 |          static_cast<unsigned __int128>(rhs);
      |                               ^~~~~~~~
/home/tina.guest/tinylsm-writefix-source/tinylsm/build/benchmark/_deps/protobuf-src/third_party/abseil-cpp/absl/numeric/int128.h: In function ‘constexpr absl::lts_20240116::uint128 absl::lts_20240116::operator<<(uint128, int)’:
/home/tina.guest/tinylsm-writefix-source/tinylsm/build/benchmark/_deps/protobuf-src/third_party/abseil-cpp/absl/numeric/int128.h:910:31: warning: ISO C++ does not support ‘__int128’ for ‘type name’ [-Wpedantic]
  910 |   return static_cast<unsigned __int128>(lhs) << amount;
      |                               ^~~~~~~~
/home/tina.guest/tinylsm-writefix-source/tinylsm/build/benchmark/_deps/protobuf-src/third_party/abseil-cpp/absl/numeric/int128.h: In function ‘constexpr absl::lts_20240116::uint128 absl::lts_20240116::operator>>(uint128, int)’:
/home/tina.guest/tinylsm-writefix-source/tinylsm/build/benchmark/_deps/protobuf-src/third_party/abseil-cpp/absl/numeric/int128.h:924:31: warning: ISO C++ does not support ‘__int128’ for ‘type name’ [-Wpedantic]
  924 |   return static_cast<unsigned __int128>(lhs) >> amount;
      |                               ^~~~~~~~
/home/tina.guest/tinylsm-writefix-source/tinylsm/build/benchmark/_deps/protobuf-src/third_party/abseil-cpp/absl/numeric/int128.h: In function ‘constexpr absl::lts_20240116::uint128 absl::lts_20240116::operator+(uint128, uint128)’:
/home/tina.guest/tinylsm-writefix-source/tinylsm/build/benchmark/_deps/protobuf-src/third_party/abseil-cpp/absl/numeric/int128.h:949:31: warning: ISO C++ does not support ‘__int128’ for ‘type name’ [-Wpedantic]
  949 |   return static_cast<unsigned __int128>(lhs) +
      |                               ^~~~~~~~
/home/tina.guest/tinylsm-writefix-source/tinylsm/build/benchmark/_deps/protobuf-src/third_party/abseil-cpp/absl/numeric/int128.h:950:31: warning: ISO C++ does not support ‘__int128’ for ‘type name’ [-Wpedantic]
  950 |          static_cast<unsigned __int128>(rhs);
      |                               ^~~~~~~~
/home/tina.guest/tinylsm-writefix-source/tinylsm/build/benchmark/_deps/protobuf-src/third_party/abseil-cpp/absl/numeric/int128.h: In function ‘constexpr absl::lts_20240116::uint128 absl::lts_20240116::operator-(uint128, uint128)’:
/home/tina.guest/tinylsm-writefix-source/tinylsm/build/benchmark/_deps/protobuf-src/third_party/abseil-cpp/absl/numeric/int128.h:972:31: warning: ISO C++ does not support ‘__int128’ for ‘type name’ [-Wpedantic]
  972 |   return static_cast<unsigned __int128>(lhs) -
      |                               ^~~~~~~~
/home/tina.guest/tinylsm-writefix-source/tinylsm/build/benchmark/_deps/protobuf-src/third_party/abseil-cpp/absl/numeric/int128.h:973:31: warning: ISO C++ does not support ‘__int128’ for ‘type name’ [-Wpedantic]
  973 |          static_cast<unsigned __int128>(rhs);
      |                               ^~~~~~~~
/home/tina.guest/tinylsm-writefix-source/tinylsm/build/benchmark/_deps/protobuf-src/third_party/abseil-cpp/absl/numeric/int128.h: In function ‘absl::lts_20240116::uint128 absl::lts_20240116::operator*(uint128, uint128)’:
/home/tina.guest/tinylsm-writefix-source/tinylsm/build/benchmark/_deps/protobuf-src/third_party/abseil-cpp/absl/numeric/int128.h:986:31: warning: ISO C++ does not support ‘__int128’ for ‘type name’ [-Wpedantic]
  986 |   return static_cast<unsigned __int128>(lhs) *
      |                               ^~~~~~~~
/home/tina.guest/tinylsm-writefix-source/tinylsm/build/benchmark/_deps/protobuf-src/third_party/abseil-cpp/absl/numeric/int128.h:987:31: warning: ISO C++ does not support ‘__int128’ for ‘type name’ [-Wpedantic]
  987 |          static_cast<unsigned __int128>(rhs);
      |                               ^~~~~~~~
/home/tina.guest/tinylsm-writefix-source/tinylsm/build/benchmark/_deps/protobuf-src/third_party/abseil-cpp/absl/numeric/int128.h: In function ‘absl::lts_20240116::uint128 absl::lts_20240116::operator/(uint128, uint128)’:
/home/tina.guest/tinylsm-writefix-source/tinylsm/build/benchmark/_deps/protobuf-src/third_party/abseil-cpp/absl/numeric/int128.h:1011:31: warning: ISO C++ does not support ‘__int128’ for ‘type name’ [-Wpedantic]
 1011 |   return static_cast<unsigned __int128>(lhs) /
      |                               ^~~~~~~~
/home/tina.guest/tinylsm-writefix-source/tinylsm/build/benchmark/_deps/protobuf-src/third_party/abseil-cpp/absl/numeric/int128.h:1012:31: warning: ISO C++ does not support ‘__int128’ for ‘type name’ [-Wpedantic]
 1012 |          static_cast<unsigned __int128>(rhs);
      |                               ^~~~~~~~
/home/tina.guest/tinylsm-writefix-source/tinylsm/build/benchmark/_deps/protobuf-src/third_party/abseil-cpp/absl/numeric/int128.h: In function ‘absl::lts_20240116::uint128 absl::lts_20240116::operator%(uint128, uint128)’:
/home/tina.guest/tinylsm-writefix-source/tinylsm/build/benchmark/_deps/protobuf-src/third_party/abseil-cpp/absl/numeric/int128.h:1016:31: warning: ISO C++ does not support ‘__int128’ for ‘type name’ [-Wpedantic]
 1016 |   return static_cast<unsigned __int128>(lhs) %
      |                               ^~~~~~~~
/home/tina.guest/tinylsm-writefix-source/tinylsm/build/benchmark/_deps/protobuf-src/third_party/abseil-cpp/absl/numeric/int128.h:1017:31: warning: ISO C++ does not support ‘__int128’ for ‘type name’ [-Wpedantic]
 1017 |          static_cast<unsigned __int128>(rhs);
      |                               ^~~~~~~~
In file included from /home/tina.guest/tinylsm-writefix-source/tinylsm/build/benchmark/_deps/protobuf-src/third_party/abseil-cpp/absl/numeric/int128.h:1152:
/home/tina.guest/tinylsm-writefix-source/tinylsm/build/benchmark/_deps/protobuf-src/third_party/abseil-cpp/absl/numeric/int128_have_intrinsic.inc: At global scope:
/home/tina.guest/tinylsm-writefix-source/tinylsm/build/benchmark/_deps/protobuf-src/third_party/abseil-cpp/absl/numeric/int128_have_intrinsic.inc:24:45: warning: ISO C++ does not support ‘__int128’ for ‘v’ [-Wpedantic]
   24 | constexpr __int128 BitCastToSigned(unsigned __int128 v) {
      |                                             ^~~~~~~~
/home/tina.guest/tinylsm-writefix-source/tinylsm/build/benchmark/_deps/protobuf-src/third_party/abseil-cpp/absl/numeric/int128_have_intrinsic.inc:24:11: warning: ISO C++ does not support ‘__int128’ for ‘BitCastToSigned’ [-Wpedantic]
   24 | constexpr __int128 BitCastToSigned(unsigned __int128 v) {
      |           ^~~~~~~~
/home/tina.guest/tinylsm-writefix-source/tinylsm/build/benchmark/_deps/protobuf-src/third_party/abseil-cpp/absl/numeric/int128_have_intrinsic.inc: In function ‘constexpr __int128 absl::lts_20240116::int128_internal::BitCastToSigned(__int128 unsigned)’:
/home/tina.guest/tinylsm-writefix-source/tinylsm/build/benchmark/_deps/protobuf-src/third_party/abseil-cpp/absl/numeric/int128_have_intrinsic.inc:30:36: warning: ISO C++ does not support ‘__int128’ for ‘type name’ [-Wpedantic]
   30 |   return v & (static_cast<unsigned __int128>(1) << 127)
      |                                    ^~~~~~~~
/home/tina.guest/tinylsm-writefix-source/tinylsm/build/benchmark/_deps/protobuf-src/third_party/abseil-cpp/absl/numeric/int128_have_intrinsic.inc:31:29: warning: ISO C++ does not support ‘__int128’ for ‘type name’ [-Wpedantic]
   31 |              ? ~static_cast<__int128>(~v)
      |                             ^~~~~~~~
/home/tina.guest/tinylsm-writefix-source/tinylsm/build/benchmark/_deps/protobuf-src/third_party/abseil-cpp/absl/numeric/int128_have_intrinsic.inc:32:28: warning: ISO C++ does not support ‘__int128’ for ‘type name’ [-Wpedantic]
   32 |              : static_cast<__int128>(v);
      |                            ^~~~~~~~
/home/tina.guest/tinylsm-writefix-source/tinylsm/build/benchmark/_deps/protobuf-src/third_party/abseil-cpp/absl/numeric/int128_have_intrinsic.inc: At global scope:
/home/tina.guest/tinylsm-writefix-source/tinylsm/build/benchmark/_deps/protobuf-src/third_party/abseil-cpp/absl/numeric/int128_have_intrinsic.inc:37:34: warning: ISO C++ does not support ‘__int128’ for ‘v’ [-Wpedantic]
   37 | inline int128& int128::operator=(__int128 v) {
      |                                  ^~~~~~~~
/home/tina.guest/tinylsm-writefix-source/tinylsm/build/benchmark/_deps/protobuf-src/third_party/abseil-cpp/absl/numeric/int128_have_intrinsic.inc: In function ‘constexpr int64_t absl::lts_20240116::Int128High64(int128)’:
/home/tina.guest/tinylsm-writefix-source/tinylsm/build/benchmark/_deps/protobuf-src/third_party/abseil-cpp/absl/numeric/int128_have_intrinsic.inc:49:50: warning: ISO C++ does not support ‘__int128’ for ‘type name’ [-Wpedantic]
   49 |       static_cast<uint64_t>(static_cast<unsigned __int128>(v.v_) >> 64));
      |                                                  ^~~~~~~~
/home/tina.guest/tinylsm-writefix-source/tinylsm/build/benchmark/_deps/protobuf-src/third_party/abseil-cpp/absl/numeric/int128_have_intrinsic.inc: In constructor ‘constexpr absl::lts_20240116::int128::int128(int64_t, uint64_t)’:
/home/tina.guest/tinylsm-writefix-source/tinylsm/build/benchmark/_deps/protobuf-src/third_party/abseil-cpp/absl/numeric/int128_have_intrinsic.inc:54:64: warning: ISO C++ does not support ‘__int128’ for ‘type name’ [-Wpedantic]
   54 |     : v_(int128_internal::BitCastToSigned(static_cast<unsigned __int128>(high)
      |                                                                ^~~~~~~~
/home/tina.guest/tinylsm-writefix-source/tinylsm/build/benchmark/_deps/protobuf-src/third_party/abseil-cpp/absl/numeric/int128_have_intrinsic.inc: At global scope:
/home/tina.guest/tinylsm-writefix-source/tinylsm/build/benchmark/_deps/protobuf-src/third_party/abseil-cpp/absl/numeric/int128_have_intrinsic.inc:65:26: warning: ISO C++ does not support ‘__int128’ for ‘v’ [-Wpedantic]
   65 | constexpr int128::int128(__int128 v) : v_{v} {}
      |                          ^~~~~~~~
/home/tina.guest/tinylsm-writefix-source/tinylsm/build/benchmark/_deps/protobuf-src/third_party/abseil-cpp/absl/numeric/int128_have_intrinsic.inc:74:35: warning: ISO C++ does not support ‘__int128’ for ‘v’ [-Wpedantic]
   74 | constexpr int128::int128(unsigned __int128 v) : v_{static_cast<__int128>(v)} {}
      |                                   ^~~~~~~~
/home/tina.guest/tinylsm-writefix-source/tinylsm/build/benchmark/_deps/protobuf-src/third_party/abseil-cpp/absl/numeric/int128_have_intrinsic.inc: In constructor ‘constexpr absl::lts_20240116::int128::int128(__int128 unsigned)’:
/home/tina.guest/tinylsm-writefix-source/tinylsm/build/benchmark/_deps/protobuf-src/third_party/abseil-cpp/absl/numeric/int128_have_intrinsic.inc:74:64: warning: ISO C++ does not support ‘__int128’ for ‘type name’ [-Wpedantic]
   74 | constexpr int128::int128(unsigned __int128 v) : v_{static_cast<__int128>(v)} {}
      |                                                                ^~~~~~~~
/home/tina.guest/tinylsm-writefix-source/tinylsm/build/benchmark/_deps/protobuf-src/third_party/abseil-cpp/absl/numeric/int128_have_intrinsic.inc: In constructor ‘absl::lts_20240116::int128::int128(float)’:
/home/tina.guest/tinylsm-writefix-source/tinylsm/build/benchmark/_deps/protobuf-src/third_party/abseil-cpp/absl/numeric/int128_have_intrinsic.inc:77:20: warning: ISO C++ does not support ‘__int128’ for ‘type name’ [-Wpedantic]
   77 |   v_ = static_cast<__int128>(v);
      |                    ^~~~~~~~
/home/tina.guest/tinylsm-writefix-source/tinylsm/build/benchmark/_deps/protobuf-src/third_party/abseil-cpp/absl/numeric/int128_have_intrinsic.inc: In constructor ‘absl::lts_20240116::int128::int128(double)’:
/home/tina.guest/tinylsm-writefix-source/tinylsm/build/benchmark/_deps/protobuf-src/third_party/abseil-cpp/absl/numeric/int128_have_intrinsic.inc:81:20: warning: ISO C++ does not support ‘__int128’ for ‘type name’ [-Wpedantic]
   81 |   v_ = static_cast<__int128>(v);
      |                    ^~~~~~~~
/home/tina.guest/tinylsm-writefix-source/tinylsm/build/benchmark/_deps/protobuf-src/third_party/abseil-cpp/absl/numeric/int128_have_intrinsic.inc: In constructor ‘absl::lts_20240116::int128::int128(long double)’:
/home/tina.guest/tinylsm-writefix-source/tinylsm/build/benchmark/_deps/protobuf-src/third_party/abseil-cpp/absl/numeric/int128_have_intrinsic.inc:85:20: warning: ISO C++ does not support ‘__int128’ for ‘type name’ [-Wpedantic]
   85 |   v_ = static_cast<__int128>(v);
      |                    ^~~~~~~~
/home/tina.guest/tinylsm-writefix-source/tinylsm/build/benchmark/_deps/protobuf-src/third_party/abseil-cpp/absl/numeric/int128_have_intrinsic.inc: In constructor ‘constexpr absl::lts_20240116::int128::int128(absl::lts_20240116::uint128)’:
/home/tina.guest/tinylsm-writefix-source/tinylsm/build/benchmark/_deps/protobuf-src/third_party/abseil-cpp/absl/numeric/int128_have_intrinsic.inc:88:54: warning: ISO C++ does not support ‘__int128’ for ‘type name’ [-Wpedantic]
   88 | constexpr int128::int128(uint128 v) : v_{static_cast<__int128>(v)} {}
      |                                                      ^~~~~~~~
/home/tina.guest/tinylsm-writefix-source/tinylsm/build/benchmark/_deps/protobuf-src/third_party/abseil-cpp/absl/numeric/int128_have_intrinsic.inc: At global scope:
/home/tina.guest/tinylsm-writefix-source/tinylsm/build/benchmark/_deps/protobuf-src/third_party/abseil-cpp/absl/numeric/int128_have_intrinsic.inc:146:28: warning: ISO C++ does not support ‘__int128’ for ‘type name’ [-Wpedantic]
  146 | constexpr int128::operator __int128() const { return v_; }
      |                            ^~~~~~~~
/home/tina.guest/tinylsm-writefix-source/tinylsm/build/benchmark/_deps/protobuf-src/third_party/abseil-cpp/absl/numeric/int128_have_intrinsic.inc:146:28: warning: ISO C++ does not support ‘__int128’ for ‘type name’ [-Wpedantic]
/home/tina.guest/tinylsm-writefix-source/tinylsm/build/benchmark/_deps/protobuf-src/third_party/abseil-cpp/absl/numeric/int128_have_intrinsic.inc:146:28: warning: ISO C++ does not support ‘__int128’ for ‘type name’ [-Wpedantic]
/home/tina.guest/tinylsm-writefix-source/tinylsm/build/benchmark/_deps/protobuf-src/third_party/abseil-cpp/absl/numeric/int128_have_intrinsic.inc:148:37: warning: ISO C++ does not support ‘__int128’ for ‘type name’ [-Wpedantic]
  148 | constexpr int128::operator unsigned __int128() const {
      |                                     ^~~~~~~~
/home/tina.guest/tinylsm-writefix-source/tinylsm/build/benchmark/_deps/protobuf-src/third_party/abseil-cpp/absl/numeric/int128_have_intrinsic.inc:148:37: warning: ISO C++ does not support ‘__int128’ for ‘type name’ [-Wpedantic]
/home/tina.guest/tinylsm-writefix-source/tinylsm/build/benchmark/_deps/protobuf-src/third_party/abseil-cpp/absl/numeric/int128_have_intrinsic.inc:148:37: warning: ISO C++ does not support ‘__int128’ for ‘type name’ [-Wpedantic]
/home/tina.guest/tinylsm-writefix-source/tinylsm/build/benchmark/_deps/protobuf-src/third_party/abseil-cpp/absl/numeric/int128_have_intrinsic.inc: In member function ‘constexpr absl::lts_20240116::int128::operator __int128 unsigned() const’:
/home/tina.guest/tinylsm-writefix-source/tinylsm/build/benchmark/_deps/protobuf-src/third_party/abseil-cpp/absl/numeric/int128_have_intrinsic.inc:149:31: warning: ISO C++ does not support ‘__int128’ for ‘type name’ [-Wpedantic]
  149 |   return static_cast<unsigned __int128>(v_);
      |                               ^~~~~~~~
/home/tina.guest/tinylsm-writefix-source/tinylsm/build/benchmark/_deps/protobuf-src/third_party/abseil-cpp/absl/numeric/int128_have_intrinsic.inc: In function ‘constexpr bool absl::lts_20240116::operator==(int128, int128)’:
/home/tina.guest/tinylsm-writefix-source/tinylsm/build/benchmark/_deps/protobuf-src/third_party/abseil-cpp/absl/numeric/int128_have_intrinsic.inc:200:22: warning: ISO C++ does not support ‘__int128’ for ‘type name’ [-Wpedantic]
  200 |   return static_cast<__int128>(lhs) == static_cast<__int128>(rhs);
      |                      ^~~~~~~~
/home/tina.guest/tinylsm-writefix-source/tinylsm/build/benchmark/_deps/protobuf-src/third_party/abseil-cpp/absl/numeric/int128_have_intrinsic.inc:200:52: warning: ISO C++ does not support ‘__int128’ for ‘type name’ [-Wpedantic]
  200 |   return static_cast<__int128>(lhs) == static_cast<__int128>(rhs);
      |                                                    ^~~~~~~~
/home/tina.guest/tinylsm-writefix-source/tinylsm/build/benchmark/_deps/protobuf-src/third_party/abseil-cpp/absl/numeric/int128_have_intrinsic.inc: In function ‘constexpr bool absl::lts_20240116::operator!=(int128, int128)’:
/home/tina.guest/tinylsm-writefix-source/tinylsm/build/benchmark/_deps/protobuf-src/third_party/abseil-cpp/absl/numeric/int128_have_intrinsic.inc:204:22: warning: ISO C++ does not support ‘__int128’ for ‘type name’ [-Wpedantic]
  204 |   return static_cast<__int128>(lhs) != static_cast<__int128>(rhs);
      |                      ^~~~~~~~
/home/tina.guest/tinylsm-writefix-source/tinylsm/build/benchmark/_deps/protobuf-src/third_party/abseil-cpp/absl/numeric/int128_have_intrinsic.inc:204:52: warning: ISO C++ does not support ‘__int128’ for ‘type name’ [-Wpedantic]
  204 |   return static_cast<__int128>(lhs) != static_cast<__int128>(rhs);
      |                                                    ^~~~~~~~
/home/tina.guest/tinylsm-writefix-source/tinylsm/build/benchmark/_deps/protobuf-src/third_party/abseil-cpp/absl/numeric/int128_have_intrinsic.inc: In function ‘constexpr bool absl::lts_20240116::operator<(int128, int128)’:
/home/tina.guest/tinylsm-writefix-source/tinylsm/build/benchmark/_deps/protobuf-src/third_party/abseil-cpp/absl/numeric/int128_have_intrinsic.inc:208:22: warning: ISO C++ does not support ‘__int128’ for ‘type name’ [-Wpedantic]
  208 |   return static_cast<__int128>(lhs) < static_cast<__int128>(rhs);
      |                      ^~~~~~~~
/home/tina.guest/tinylsm-writefix-source/tinylsm/build/benchmark/_deps/protobuf-src/third_party/abseil-cpp/absl/numeric/int128_have_intrinsic.inc:208:51: warning: ISO C++ does not support ‘__int128’ for ‘type name’ [-Wpedantic]
  208 |   return static_cast<__int128>(lhs) < static_cast<__int128>(rhs);
      |                                                   ^~~~~~~~
/home/tina.guest/tinylsm-writefix-source/tinylsm/build/benchmark/_deps/protobuf-src/third_party/abseil-cpp/absl/numeric/int128_have_intrinsic.inc: In function ‘constexpr bool absl::lts_20240116::operator>(int128, int128)’:
/home/tina.guest/tinylsm-writefix-source/tinylsm/build/benchmark/_deps/protobuf-src/third_party/abseil-cpp/absl/numeric/int128_have_intrinsic.inc:212:22: warning: ISO C++ does not support ‘__int128’ for ‘type name’ [-Wpedantic]
  212 |   return static_cast<__int128>(lhs) > static_cast<__int128>(rhs);
      |                      ^~~~~~~~
/home/tina.guest/tinylsm-writefix-source/tinylsm/build/benchmark/_deps/protobuf-src/third_party/abseil-cpp/absl/numeric/int128_have_intrinsic.inc:212:51: warning: ISO C++ does not support ‘__int128’ for ‘type name’ [-Wpedantic]
  212 |   return static_cast<__int128>(lhs) > static_cast<__int128>(rhs);
      |                                                   ^~~~~~~~
/home/tina.guest/tinylsm-writefix-source/tinylsm/build/benchmark/_deps/protobuf-src/third_party/abseil-cpp/absl/numeric/int128_have_intrinsic.inc: In function ‘constexpr bool absl::lts_20240116::operator<=(int128, int128)’:
/home/tina.guest/tinylsm-writefix-source/tinylsm/build/benchmark/_deps/protobuf-src/third_party/abseil-cpp/absl/numeric/int128_have_intrinsic.inc:216:22: warning: ISO C++ does not support ‘__int128’ for ‘type name’ [-Wpedantic]
  216 |   return static_cast<__int128>(lhs) <= static_cast<__int128>(rhs);
      |                      ^~~~~~~~
/home/tina.guest/tinylsm-writefix-source/tinylsm/build/benchmark/_deps/protobuf-src/third_party/abseil-cpp/absl/numeric/int128_have_intrinsic.inc:216:52: warning: ISO C++ does not support ‘__int128’ for ‘type name’ [-Wpedantic]
  216 |   return static_cast<__int128>(lhs) <= static_cast<__int128>(rhs);
      |                                                    ^~~~~~~~
/home/tina.guest/tinylsm-writefix-source/tinylsm/build/benchmark/_deps/protobuf-src/third_party/abseil-cpp/absl/numeric/int128_have_intrinsic.inc: In function ‘constexpr bool absl::lts_20240116::operator>=(int128, int128)’:
/home/tina.guest/tinylsm-writefix-source/tinylsm/build/benchmark/_deps/protobuf-src/third_party/abseil-cpp/absl/numeric/int128_have_intrinsic.inc:220:22: warning: ISO C++ does not support ‘__int128’ for ‘type name’ [-Wpedantic]
  220 |   return static_cast<__int128>(lhs) >= static_cast<__int128>(rhs);
      |                      ^~~~~~~~
/home/tina.guest/tinylsm-writefix-source/tinylsm/build/benchmark/_deps/protobuf-src/third_party/abseil-cpp/absl/numeric/int128_have_intrinsic.inc:220:52: warning: ISO C++ does not support ‘__int128’ for ‘type name’ [-Wpedantic]
  220 |   return static_cast<__int128>(lhs) >= static_cast<__int128>(rhs);
      |                                                    ^~~~~~~~
/home/tina.guest/tinylsm-writefix-source/tinylsm/build/benchmark/_deps/protobuf-src/third_party/abseil-cpp/absl/numeric/int128_have_intrinsic.inc: In function ‘constexpr absl::lts_20240116::int128 absl::lts_20240116::operator-(int128)’:
/home/tina.guest/tinylsm-writefix-source/tinylsm/build/benchmark/_deps/protobuf-src/third_party/abseil-cpp/absl/numeric/int128_have_intrinsic.inc:225:60: warning: ISO C++ does not support ‘__int128’ for ‘type name’ [-Wpedantic]
  225 | constexpr int128 operator-(int128 v) { return -static_cast<__int128>(v); }
      |                                                            ^~~~~~~~
/home/tina.guest/tinylsm-writefix-source/tinylsm/build/benchmark/_deps/protobuf-src/third_party/abseil-cpp/absl/numeric/int128_have_intrinsic.inc: In function ‘constexpr bool absl::lts_20240116::operator!(int128)’:
/home/tina.guest/tinylsm-writefix-source/tinylsm/build/benchmark/_deps/protobuf-src/third_party/abseil-cpp/absl/numeric/int128_have_intrinsic.inc:227:58: warning: ISO C++ does not support ‘__int128’ for ‘type name’ [-Wpedantic]
  227 | constexpr bool operator!(int128 v) { return !static_cast<__int128>(v); }
      |                                                          ^~~~~~~~
/home/tina.guest/tinylsm-writefix-source/tinylsm/build/benchmark/_deps/protobuf-src/third_party/abseil-cpp/absl/numeric/int128_have_intrinsic.inc: In function ‘constexpr absl::lts_20240116::int128 absl::lts_20240116::operator~(int128)’:
/home/tina.guest/tinylsm-writefix-source/tinylsm/build/benchmark/_deps/protobuf-src/third_party/abseil-cpp/absl/numeric/int128_have_intrinsic.inc:229:62: warning: ISO C++ does not support ‘__int128’ for ‘type name’ [-Wpedantic]
  229 | constexpr int128 operator~(int128 val) { return ~static_cast<__int128>(val); }
      |                                                              ^~~~~~~~
/home/tina.guest/tinylsm-writefix-source/tinylsm/build/benchmark/_deps/protobuf-src/third_party/abseil-cpp/absl/numeric/int128_have_intrinsic.inc: In function ‘constexpr absl::lts_20240116::int128 absl::lts_20240116::operator+(int128, int128)’:
/home/tina.guest/tinylsm-writefix-source/tinylsm/build/benchmark/_deps/protobuf-src/third_party/abseil-cpp/absl/numeric/int128_have_intrinsic.inc:234:22: warning: ISO C++ does not support ‘__int128’ for ‘type name’ [-Wpedantic]
  234 |   return static_cast<__int128>(lhs) + static_cast<__int128>(rhs);
      |                      ^~~~~~~~
/home/tina.guest/tinylsm-writefix-source/tinylsm/build/benchmark/_deps/protobuf-src/third_party/abseil-cpp/absl/numeric/int128_have_intrinsic.inc:234:51: warning: ISO C++ does not support ‘__int128’ for ‘type name’ [-Wpedantic]
  234 |   return static_cast<__int128>(lhs) + static_cast<__int128>(rhs);
      |                                                   ^~~~~~~~
/home/tina.guest/tinylsm-writefix-source/tinylsm/build/benchmark/_deps/protobuf-src/third_party/abseil-cpp/absl/numeric/int128_have_intrinsic.inc: In function ‘constexpr absl::lts_20240116::int128 absl::lts_20240116::operator-(int128, int128)’:
/home/tina.guest/tinylsm-writefix-source/tinylsm/build/benchmark/_deps/protobuf-src/third_party/abseil-cpp/absl/numeric/int128_have_intrinsic.inc:238:22: warning: ISO C++ does not support ‘__int128’ for ‘type name’ [-Wpedantic]
  238 |   return static_cast<__int128>(lhs) - static_cast<__int128>(rhs);
      |                      ^~~~~~~~
/home/tina.guest/tinylsm-writefix-source/tinylsm/build/benchmark/_deps/protobuf-src/third_party/abseil-cpp/absl/numeric/int128_have_intrinsic.inc:238:51: warning: ISO C++ does not support ‘__int128’ for ‘type name’ [-Wpedantic]
  238 |   return static_cast<__int128>(lhs) - static_cast<__int128>(rhs);
      |                                                   ^~~~~~~~
/home/tina.guest/tinylsm-writefix-source/tinylsm/build/benchmark/_deps/protobuf-src/third_party/abseil-cpp/absl/numeric/int128_have_intrinsic.inc: In function ‘absl::lts_20240116::int128 absl::lts_20240116::operator*(int128, int128)’:
/home/tina.guest/tinylsm-writefix-source/tinylsm/build/benchmark/_deps/protobuf-src/third_party/abseil-cpp/absl/numeric/int128_have_intrinsic.inc:242:22: warning: ISO C++ does not support ‘__int128’ for ‘type name’ [-Wpedantic]
  242 |   return static_cast<__int128>(lhs) * static_cast<__int128>(rhs);
      |                      ^~~~~~~~
/home/tina.guest/tinylsm-writefix-source/tinylsm/build/benchmark/_deps/protobuf-src/third_party/abseil-cpp/absl/numeric/int128_have_intrinsic.inc:242:51: warning: ISO C++ does not support ‘__int128’ for ‘type name’ [-Wpedantic]
  242 |   return static_cast<__int128>(lhs) * static_cast<__int128>(rhs);
      |                                                   ^~~~~~~~
/home/tina.guest/tinylsm-writefix-source/tinylsm/build/benchmark/_deps/protobuf-src/third_party/abseil-cpp/absl/numeric/int128_have_intrinsic.inc: In function ‘absl::lts_20240116::int128 absl::lts_20240116::operator/(int128, int128)’:
/home/tina.guest/tinylsm-writefix-source/tinylsm/build/benchmark/_deps/protobuf-src/third_party/abseil-cpp/absl/numeric/int128_have_intrinsic.inc:246:22: warning: ISO C++ does not support ‘__int128’ for ‘type name’ [-Wpedantic]
  246 |   return static_cast<__int128>(lhs) / static_cast<__int128>(rhs);
      |                      ^~~~~~~~
/home/tina.guest/tinylsm-writefix-source/tinylsm/build/benchmark/_deps/protobuf-src/third_party/abseil-cpp/absl/numeric/int128_have_intrinsic.inc:246:51: warning: ISO C++ does not support ‘__int128’ for ‘type name’ [-Wpedantic]
  246 |   return static_cast<__int128>(lhs) / static_cast<__int128>(rhs);
      |                                                   ^~~~~~~~
/home/tina.guest/tinylsm-writefix-source/tinylsm/build/benchmark/_deps/protobuf-src/third_party/abseil-cpp/absl/numeric/int128_have_intrinsic.inc: In function ‘absl::lts_20240116::int128 absl::lts_20240116::operator%(int128, int128)’:
/home/tina.guest/tinylsm-writefix-source/tinylsm/build/benchmark/_deps/protobuf-src/third_party/abseil-cpp/absl/numeric/int128_have_intrinsic.inc:250:22: warning: ISO C++ does not support ‘__int128’ for ‘type name’ [-Wpedantic]
  250 |   return static_cast<__int128>(lhs) % static_cast<__int128>(rhs);
      |                      ^~~~~~~~
/home/tina.guest/tinylsm-writefix-source/tinylsm/build/benchmark/_deps/protobuf-src/third_party/abseil-cpp/absl/numeric/int128_have_intrinsic.inc:250:51: warning: ISO C++ does not support ‘__int128’ for ‘type name’ [-Wpedantic]
  250 |   return static_cast<__int128>(lhs) % static_cast<__int128>(rhs);
      |                                                   ^~~~~~~~
/home/tina.guest/tinylsm-writefix-source/tinylsm/build/benchmark/_deps/protobuf-src/third_party/abseil-cpp/absl/numeric/int128_have_intrinsic.inc: In function ‘constexpr absl::lts_20240116::int128 absl::lts_20240116::operator|(int128, int128)’:
/home/tina.guest/tinylsm-writefix-source/tinylsm/build/benchmark/_deps/protobuf-src/third_party/abseil-cpp/absl/numeric/int128_have_intrinsic.inc:276:22: warning: ISO C++ does not support ‘__int128’ for ‘type name’ [-Wpedantic]
  276 |   return static_cast<__int128>(lhs) | static_cast<__int128>(rhs);
      |                      ^~~~~~~~
/home/tina.guest/tinylsm-writefix-source/tinylsm/build/benchmark/_deps/protobuf-src/third_party/abseil-cpp/absl/numeric/int128_have_intrinsic.inc:276:51: warning: ISO C++ does not support ‘__int128’ for ‘type name’ [-Wpedantic]
  276 |   return static_cast<__int128>(lhs) | static_cast<__int128>(rhs);
      |                                                   ^~~~~~~~
/home/tina.guest/tinylsm-writefix-source/tinylsm/build/benchmark/_deps/protobuf-src/third_party/abseil-cpp/absl/numeric/int128_have_intrinsic.inc: In function ‘constexpr absl::lts_20240116::int128 absl::lts_20240116::operator&(int128, int128)’:
/home/tina.guest/tinylsm-writefix-source/tinylsm/build/benchmark/_deps/protobuf-src/third_party/abseil-cpp/absl/numeric/int128_have_intrinsic.inc:280:22: warning: ISO C++ does not support ‘__int128’ for ‘type name’ [-Wpedantic]
  280 |   return static_cast<__int128>(lhs) & static_cast<__int128>(rhs);
      |                      ^~~~~~~~
/home/tina.guest/tinylsm-writefix-source/tinylsm/build/benchmark/_deps/protobuf-src/third_party/abseil-cpp/absl/numeric/int128_have_intrinsic.inc:280:51: warning: ISO C++ does not support ‘__int128’ for ‘type name’ [-Wpedantic]
  280 |   return static_cast<__int128>(lhs) & static_cast<__int128>(rhs);
      |                                                   ^~~~~~~~
/home/tina.guest/tinylsm-writefix-source/tinylsm/build/benchmark/_deps/protobuf-src/third_party/abseil-cpp/absl/numeric/int128_have_intrinsic.inc: In function ‘constexpr absl::lts_20240116::int128 absl::lts_20240116::operator^(int128, int128)’:
/home/tina.guest/tinylsm-writefix-source/tinylsm/build/benchmark/_deps/protobuf-src/third_party/abseil-cpp/absl/numeric/int128_have_intrinsic.inc:284:22: warning: ISO C++ does not support ‘__int128’ for ‘type name’ [-Wpedantic]
  284 |   return static_cast<__int128>(lhs) ^ static_cast<__int128>(rhs);
      |                      ^~~~~~~~
/home/tina.guest/tinylsm-writefix-source/tinylsm/build/benchmark/_deps/protobuf-src/third_party/abseil-cpp/absl/numeric/int128_have_intrinsic.inc:284:51: warning: ISO C++ does not support ‘__int128’ for ‘type name’ [-Wpedantic]
  284 |   return static_cast<__int128>(lhs) ^ static_cast<__int128>(rhs);
      |                                                   ^~~~~~~~
/home/tina.guest/tinylsm-writefix-source/tinylsm/build/benchmark/_deps/protobuf-src/third_party/abseil-cpp/absl/numeric/int128_have_intrinsic.inc: In function ‘constexpr absl::lts_20240116::int128 absl::lts_20240116::operator<<(int128, int)’:
/home/tina.guest/tinylsm-writefix-source/tinylsm/build/benchmark/_deps/protobuf-src/third_party/abseil-cpp/absl/numeric/int128_have_intrinsic.inc:288:22: warning: ISO C++ does not support ‘__int128’ for ‘type name’ [-Wpedantic]
  288 |   return static_cast<__int128>(lhs) << amount;
      |                      ^~~~~~~~
/home/tina.guest/tinylsm-writefix-source/tinylsm/build/benchmark/_deps/protobuf-src/third_party/abseil-cpp/absl/numeric/int128_have_intrinsic.inc: In function ‘constexpr absl::lts_20240116::int128 absl::lts_20240116::operator>>(int128, int)’:
/home/tina.guest/tinylsm-writefix-source/tinylsm/build/benchmark/_deps/protobuf-src/third_party/abseil-cpp/absl/numeric/int128_have_intrinsic.inc:292:22: warning: ISO C++ does not support ‘__int128’ for ‘type name’ [-Wpedantic]
  292 |   return static_cast<__int128>(lhs) >> amount;
      |                      ^~~~~~~~
In file included from /home/tina.guest/tinylsm-writefix-source/tinylsm/build/benchmark/_deps/protobuf-src/src/google/protobuf/arena.h:38,
                 from /home/tina.guest/tinylsm-writefix-source/tinylsm/build/benchmark/src/manifest.pb.h:21:
/home/tina.guest/tinylsm-writefix-source/tinylsm/build/benchmark/_deps/protobuf-src/src/google/protobuf/port.h: In function ‘void google::protobuf::internal::AssertDownCast(From*)’:
/home/tina.guest/tinylsm-writefix-source/tinylsm/build/benchmark/_deps/protobuf-src/src/google/protobuf/port.h:181:5: warning: testing if a concept-id is a valid expression; add ‘requires’ to check satisfaction [-Wmissing-requires]
  181 |     std::derived_from<std::remove_pointer_t<To>,
      |     ^
      |     requires 
[624/665] Linking CXX static library src/libtinylsm.a
[625/665] Building CXX object _deps/leveldb-build/CMakeFiles/leveldb.dir/db/dbformat.cc.o
[626/665] Building CXX object _deps/leveldb-build/CMakeFiles/leveldb.dir/db/filename.cc.o
[627/665] Building CXX object _deps/leveldb-build/CMakeFiles/leveldb.dir/db/log_reader.cc.o
[628/665] Building CXX object _deps/leveldb-build/CMakeFiles/leveldb.dir/db/dumpfile.cc.o
[629/665] Building CXX object _deps/leveldb-build/CMakeFiles/leveldb.dir/db/db_iter.cc.o
[630/665] Building CXX object _deps/leveldb-build/CMakeFiles/leveldb.dir/db/log_writer.cc.o
[631/665] Building CXX object _deps/leveldb-build/CMakeFiles/leveldb.dir/db/memtable.cc.o
[632/665] Building CXX object _deps/leveldb-build/CMakeFiles/leveldb.dir/db/table_cache.cc.o
[633/665] Building CXX object _deps/leveldb-build/CMakeFiles/leveldb.dir/db/db_impl.cc.o
[634/665] Building CXX object _deps/leveldb-build/CMakeFiles/leveldb.dir/db/write_batch.cc.o
[635/665] Building CXX object _deps/leveldb-build/CMakeFiles/leveldb.dir/db/version_edit.cc.o
[636/665] Building CXX object _deps/leveldb-build/CMakeFiles/leveldb.dir/db/repair.cc.o
[637/665] Building CXX object _deps/leveldb-build/CMakeFiles/leveldb.dir/table/filter_block.cc.o
[638/665] Building CXX object _deps/leveldb-build/CMakeFiles/leveldb.dir/table/block_builder.cc.o
[639/665] Building CXX object _deps/leveldb-build/CMakeFiles/leveldb.dir/table/block.cc.o
[640/665] Building CXX object _deps/leveldb-build/CMakeFiles/leveldb.dir/table/format.cc.o
[641/665] Building CXX object benchmarks/CMakeFiles/tinylsm_bench.dir/db_benchmark.cpp.o
/home/tina.guest/tinylsm-writefix-source/tinylsm/benchmarks/db_benchmark.cpp: In lambda function:
/home/tina.guest/tinylsm-writefix-source/tinylsm/benchmarks/db_benchmark.cpp:1555:19: warning: loop variable ‘<structured bindings>’ creates a copy from type ‘const std::pair<{anonymous}::SstableKeyShape, const char*>’ [-Wrange-loop-construct]
 1555 |   for (const auto [shape, raw_label] :
      |                   ^~~~~~~~~~~~~~~~~~
/home/tina.guest/tinylsm-writefix-source/tinylsm/benchmarks/db_benchmark.cpp:1555:19: note: use reference type to prevent copying
 1555 |   for (const auto [shape, raw_label] :
      |                   ^~~~~~~~~~~~~~~~~~
      |                   &
[642/665] Building CXX object _deps/leveldb-build/CMakeFiles/leveldb.dir/table/iterator.cc.o
[643/665] Building CXX object _deps/leveldb-build/CMakeFiles/leveldb.dir/util/arena.cc.o
[644/665] Building CXX object _deps/leveldb-build/CMakeFiles/leveldb.dir/table/table_builder.cc.o
[645/665] Building CXX object _deps/leveldb-build/CMakeFiles/leveldb.dir/util/bloom.cc.o
[646/665] Building CXX object _deps/leveldb-build/CMakeFiles/leveldb.dir/table/two_level_iterator.cc.o
[647/665] Building CXX object _deps/leveldb-build/CMakeFiles/leveldb.dir/table/table.cc.o
[648/665] Building CXX object _deps/leveldb-build/CMakeFiles/leveldb.dir/db/version_set.cc.o
[649/665] Building CXX object _deps/leveldb-build/CMakeFiles/leveldb.dir/table/merger.cc.o
[650/665] Building CXX object _deps/leveldb-build/CMakeFiles/leveldb.dir/util/cache.cc.o
[651/665] Building CXX object _deps/leveldb-build/CMakeFiles/leveldb.dir/util/crc32c.cc.o
[652/665] Building CXX object _deps/leveldb-build/CMakeFiles/leveldb.dir/util/filter_policy.cc.o
[653/665] Building CXX object _deps/leveldb-build/CMakeFiles/leveldb.dir/util/comparator.cc.o
[654/665] Building CXX object _deps/leveldb-build/CMakeFiles/leveldb.dir/util/coding.cc.o
[655/665] Building CXX object _deps/leveldb-build/CMakeFiles/leveldb.dir/util/hash.cc.o
[656/665] Building CXX object _deps/leveldb-build/CMakeFiles/leveldb.dir/util/options.cc.o
[657/665] Building CXX object _deps/leveldb-build/CMakeFiles/leveldb.dir/util/env.cc.o
[658/665] Building CXX object _deps/leveldb-build/CMakeFiles/leveldb.dir/util/status.cc.o
[659/665] Building CXX object _deps/leveldb-build/CMakeFiles/leveldb.dir/util/logging.cc.o
[660/665] Building CXX object _deps/leveldb-build/CMakeFiles/leveldbutil.dir/db/leveldbutil.cc.o
[661/665] Building CXX object _deps/leveldb-build/CMakeFiles/leveldb.dir/helpers/memenv/memenv.cc.o
[662/665] Building CXX object _deps/leveldb-build/CMakeFiles/leveldb.dir/util/env_posix.cc.o
[663/665] Linking CXX static library _deps/leveldb-build/libleveldb.a
[664/665] Linking CXX executable _deps/leveldb-build/leveldbutil
[665/665] Linking CXX executable benchmarks/tinylsm_bench
+ /home/tina.guest/tinylsm-writefix-source/tinylsm/build/benchmark/benchmarks/tinylsm_bench --benchmark_filter=\^TinyLSM/\(SnapshotWriterOverlap\(MaterializedScan\|Iterator\)\|GroupCommit\(On\|Off\)\) --benchmark_out=/home/tina.guest/tinylsm-perf-results/20260909-write-regression-fix/run1/next-goals.json --benchmark_out_format=json --benchmark_report_aggregates_only=true --benchmark_display_aggregates_only=true --benchmark_enable_random_interleaving=true
2026-09-09T17:00:25+08:00
Running /home/tina.guest/tinylsm-writefix-source/tinylsm/build/benchmark/benchmarks/tinylsm_bench
Run on (4 X 48 MHz CPU s)
Load Average: 5.73, 3.50, 1.54
--------------------------------------------------------------------------------------------------------------------------------------------------
Benchmark                                                                                        Time             CPU   Iterations UserCounters...
--------------------------------------------------------------------------------------------------------------------------------------------------
TinyLSM/GroupCommitOn4Writers/iterations:1/repeats:5/manual_time_mean                   1271383006 ns      1081816 ns            5 bytes_per_second=1.67475Mi/s grouped_requests=8.192k items_per_second=6.45625k/s max_group_requests=8 max_writer_queue_depth=3 operations=8.192k ops_per_second=6.45625k/s physical_groups=6.112k put_p50_us=365.272 put_p95_us=431.142 put_p99_us=2.4603k wal_syncs=6.112k wal_syncs_per_write=0.746094 writer_count=4 writer_queue_wait_us=3.89138M
TinyLSM/GroupCommitOn4Writers/iterations:1/repeats:5/manual_time_median                 1242003050 ns      1080502 ns            5 bytes_per_second=1.71095Mi/s grouped_requests=8.192k items_per_second=6.5958k/s max_group_requests=8 max_writer_queue_depth=3 operations=8.192k ops_per_second=6.5958k/s physical_groups=6.111k put_p50_us=367.731 put_p95_us=432.442 put_p99_us=2.46277k wal_syncs=6.111k wal_syncs_per_write=0.745972 writer_count=4 writer_queue_wait_us=3.89597M
TinyLSM/GroupCommitOn4Writers/iterations:1/repeats:5/manual_time_stddev                   64646959 ns        93213 ns            5 bytes_per_second=84.1428Ki/s grouped_requests=68.2394u items_per_second=316.773/s max_group_requests=66.64n max_writer_queue_depth=24.99n operations=68.2394u ops_per_second=316.773/s physical_groups=27.037 put_p50_us=9.43929 put_p95_us=9.88848 put_p99_us=314.321 wal_syncs=27.037 wal_syncs_per_write=3.30042m writer_count=33.32n writer_queue_wait_us=202.137k
TinyLSM/GroupCommitOn4Writers/iterations:1/repeats:5/manual_time_cv                           5.08 %          8.62 %             5 bytes_per_second=4.91% grouped_requests=0.00% items_per_second=4.91% max_group_requests=0.00% max_writer_queue_depth=0.00% operations=0.00% ops_per_second=4.91% physical_groups=0.44% put_p50_us=2.58% put_p95_us=2.29% put_p99_us=12.78% wal_syncs=0.44% wal_syncs_per_write=0.44% writer_count=0.00% writer_queue_wait_us=5.19%
TinyLSM/GroupCommitOff2Writers/iterations:1/repeats:5/manual_time_mean                  1559009048 ns       970500 ns            5 bytes_per_second=1.36373Mi/s grouped_requests=8.192k items_per_second=5.25726k/s max_group_requests=1 max_writer_queue_depth=1 operations=8.192k ops_per_second=5.25726k/s physical_groups=8.192k put_p50_us=359.421 put_p95_us=419.033 put_p99_us=753.011 wal_syncs=8.192k wal_syncs_per_write=1 writer_count=2 writer_queue_wait_us=3.11428M
TinyLSM/GroupCommitOff2Writers/iterations:1/repeats:5/manual_time_median                1544600072 ns       938750 ns            5 bytes_per_second=1.37576Mi/s grouped_requests=8.192k items_per_second=5.30364k/s max_group_requests=1 max_writer_queue_depth=1 operations=8.192k ops_per_second=5.30364k/s physical_groups=8.192k put_p50_us=358.563 put_p95_us=416.733 put_p99_us=511.072 wal_syncs=8.192k wal_syncs_per_write=1 writer_count=2 writer_queue_wait_us=3.08558M
TinyLSM/GroupCommitOff2Writers/iterations:1/repeats:5/manual_time_stddev                  39538551 ns        81623 ns            5 bytes_per_second=34.5618Ki/s grouped_requests=68.2394u items_per_second=130.115/s max_group_requests=8.33n max_writer_queue_depth=8.33n operations=68.2394u ops_per_second=130.115/s physical_groups=68.2394u put_p50_us=5.15152 put_p95_us=3.81107 put_p99_us=527.509 wal_syncs=68.2394u wal_syncs_per_write=8.33n writer_count=16.66n writer_queue_wait_us=79.3253k
TinyLSM/GroupCommitOff2Writers/iterations:1/repeats:5/manual_time_cv                          2.54 %          8.41 %             5 bytes_per_second=2.47% grouped_requests=0.00% items_per_second=2.47% max_group_requests=0.00% max_writer_queue_depth=0.00% operations=0.00% ops_per_second=2.47% physical_groups=0.00% put_p50_us=1.43% put_p95_us=0.91% put_p99_us=70.05% wal_syncs=0.00% wal_syncs_per_write=0.00% writer_count=0.00% writer_queue_wait_us=2.55%
TinyLSM/GroupCommitOn2Writers/iterations:1/repeats:5/manual_time_mean                   1514269676 ns       949891 ns            5 bytes_per_second=1.40627Mi/s grouped_requests=8.192k items_per_second=5.42124k/s max_group_requests=8 max_writer_queue_depth=1 operations=8.192k ops_per_second=5.42124k/s physical_groups=8.192k put_p50_us=351.904 put_p95_us=409.916 put_p99_us=906.837 wal_syncs=8.192k wal_syncs_per_write=1 writer_count=2 writer_queue_wait_us=3.0249M
TinyLSM/GroupCommitOn2Writers/iterations:1/repeats:5/manual_time_median                 1523700062 ns       973332 ns            5 bytes_per_second=1.39463Mi/s grouped_requests=8.192k items_per_second=5.37639k/s max_group_requests=8 max_writer_queue_depth=1 operations=8.192k ops_per_second=5.37639k/s physical_groups=8.192k put_p50_us=351.896 put_p95_us=410.275 put_p99_us=447.193 wal_syncs=8.192k wal_syncs_per_write=1 writer_count=2 writer_queue_wait_us=3.04402M
TinyLSM/GroupCommitOn2Writers/iterations:1/repeats:5/manual_time_stddev                   78232821 ns        53112 ns            5 bytes_per_second=73.1844Ki/s grouped_requests=68.2394u items_per_second=275.518/s max_group_requests=66.64n max_writer_queue_depth=8.33n operations=68.2394u ops_per_second=275.518/s physical_groups=68.2394u put_p50_us=11.0624 put_p95_us=11.6558 put_p99_us=863.223 wal_syncs=68.2394u wal_syncs_per_write=8.33n writer_count=16.66n writer_queue_wait_us=156.341k
TinyLSM/GroupCommitOn2Writers/iterations:1/repeats:5/manual_time_cv                           5.17 %          5.59 %             5 bytes_per_second=5.08% grouped_requests=0.00% items_per_second=5.08% max_group_requests=0.00% max_writer_queue_depth=0.00% operations=0.00% ops_per_second=5.08% physical_groups=0.00% put_p50_us=3.14% put_p95_us=2.84% put_p99_us=95.19% wal_syncs=0.00% wal_syncs_per_write=0.00% writer_count=0.00% writer_queue_wait_us=5.17%
TinyLSM/GroupCommitOn1Writers/iterations:1/repeats:5/manual_time_mean                   1898037511 ns      1050824 ns            5 bytes_per_second=1.20222Mi/s grouped_requests=8.192k items_per_second=4.63462k/s max_group_requests=8 max_writer_queue_depth=1 operations=8.192k ops_per_second=4.63462k/s physical_groups=8.192k put_p50_us=183.036 put_p95_us=413.642 put_p99_us=709.434 wal_syncs=8.192k wal_syncs_per_write=1 writer_count=1 writer_queue_wait_us=1.89538M
TinyLSM/GroupCommitOn1Writers/iterations:1/repeats:5/manual_time_median                 1616551508 ns       832375 ns            5 bytes_per_second=1.31453Mi/s grouped_requests=8.192k items_per_second=5.06758k/s max_group_requests=8 max_writer_queue_depth=1 operations=8.192k ops_per_second=5.06758k/s physical_groups=8.192k put_p50_us=180.843 put_p95_us=217.055 put_p99_us=289.517 wal_syncs=8.192k wal_syncs_per_write=1 writer_count=1 writer_queue_wait_us=1.61428M
TinyLSM/GroupCommitOn1Writers/iterations:1/repeats:5/manual_time_stddev                  672472209 ns       468126 ns            5 bytes_per_second=299.587Ki/s grouped_requests=68.2394u items_per_second=1.12786k/s max_group_requests=66.64n max_writer_queue_depth=8.33n operations=68.2394u ops_per_second=1.12786k/s physical_groups=68.2394u put_p50_us=7.87665 put_p95_us=440.967 put_p99_us=863.045 wal_syncs=68.2394u wal_syncs_per_write=8.33n writer_count=8.33n writer_queue_wait_us=672.295k
TinyLSM/GroupCommitOn1Writers/iterations:1/repeats:5/manual_time_cv                          35.43 %         44.55 %             5 bytes_per_second=24.34% grouped_requests=0.00% items_per_second=24.34% max_group_requests=0.00% max_writer_queue_depth=0.00% operations=0.00% ops_per_second=24.34% physical_groups=0.00% put_p50_us=4.30% put_p95_us=106.61% put_p99_us=121.65% wal_syncs=0.00% wal_syncs_per_write=0.00% writer_count=0.00% writer_queue_wait_us=35.47%
TinyLSM/GroupCommitOff16Writers/iterations:1/repeats:5/manual_time_mean                 1539535215 ns      1345775 ns            5 bytes_per_second=1.38116Mi/s grouped_requests=8.192k items_per_second=5.32444k/s max_group_requests=1 max_writer_queue_depth=15 operations=8.192k ops_per_second=5.32444k/s physical_groups=8.192k put_p50_us=2.73466k put_p95_us=2.98353k put_p99_us=4.4144k wal_syncs=8.192k wal_syncs_per_write=1 writer_count=16 writer_queue_wait_us=23.1589M
TinyLSM/GroupCommitOff16Writers/iterations:1/repeats:5/manual_time_median               1534296863 ns      1356833 ns            5 bytes_per_second=1.385Mi/s grouped_requests=8.192k items_per_second=5.33925k/s max_group_requests=1 max_writer_queue_depth=15 operations=8.192k ops_per_second=5.33925k/s physical_groups=8.192k put_p50_us=2.72536k put_p95_us=2.98109k put_p99_us=5.04254k wal_syncs=8.192k wal_syncs_per_write=1 writer_count=16 writer_queue_wait_us=23.0996M
TinyLSM/GroupCommitOff16Writers/iterations:1/repeats:5/manual_time_stddev                 43696934 ns       121390 ns            5 bytes_per_second=39.1927Ki/s grouped_requests=68.2394u items_per_second=147.549/s max_group_requests=8.33n max_writer_queue_depth=124.95n operations=68.2394u ops_per_second=147.549/s physical_groups=68.2394u put_p50_us=51.0948 put_p95_us=49.4959 put_p99_us=1.21175k wal_syncs=68.2394u wal_syncs_per_write=8.33n writer_count=133.28n writer_queue_wait_us=674.098k
TinyLSM/GroupCommitOff16Writers/iterations:1/repeats:5/manual_time_cv                         2.84 %          9.02 %             5 bytes_per_second=2.77% grouped_requests=0.00% items_per_second=2.77% max_group_requests=0.00% max_writer_queue_depth=0.00% operations=0.00% ops_per_second=2.77% physical_groups=0.00% put_p50_us=1.87% put_p95_us=1.66% put_p99_us=27.45% wal_syncs=0.00% wal_syncs_per_write=0.00% writer_count=0.00% writer_queue_wait_us=2.91%
TinyLSM/GroupCommitOn8Writers/iterations:1/repeats:5/manual_time_mean                    623968056 ns      1246234 ns            5 bytes_per_second=3.41991Mi/s grouped_requests=8.192k items_per_second=13.1839k/s max_group_requests=8 max_writer_queue_depth=7.4 operations=8.192k ops_per_second=13.1839k/s physical_groups=2.9374k put_p50_us=403.123 put_p95_us=492.253 put_p99_us=648.503 wal_syncs=2.9374k wal_syncs_per_write=0.358569 writer_count=8 writer_queue_wait_us=3.90609M
TinyLSM/GroupCommitOn8Writers/iterations:1/repeats:5/manual_time_median                  606542534 ns      1224500 ns            5 bytes_per_second=3.50346Mi/s grouped_requests=8.192k items_per_second=13.5061k/s max_group_requests=8 max_writer_queue_depth=7 operations=8.192k ops_per_second=13.5061k/s physical_groups=3.036k put_p50_us=403.44 put_p95_us=490.112 put_p99_us=531.114 wal_syncs=3.036k wal_syncs_per_write=0.370605 writer_count=8 writer_queue_wait_us=3.94522M
TinyLSM/GroupCommitOn8Writers/iterations:1/repeats:5/manual_time_stddev                   47019322 ns       108372 ns            5 bytes_per_second=242.811Ki/s grouped_requests=68.2394u items_per_second=914.11/s max_group_requests=66.64n max_writer_queue_depth=0.547723 operations=68.2394u ops_per_second=914.11/s physical_groups=141.844 put_p50_us=6.86027 put_p95_us=21.6062 put_p99_us=201.271 wal_syncs=141.844 wal_syncs_per_write=0.017315 writer_count=66.64n writer_queue_wait_us=326.495k
TinyLSM/GroupCommitOn8Writers/iterations:1/repeats:5/manual_time_cv                           7.54 %          8.70 %             5 bytes_per_second=6.93% grouped_requests=0.00% items_per_second=6.93% max_group_requests=0.00% max_writer_queue_depth=7.40% operations=0.00% ops_per_second=6.93% physical_groups=4.83% put_p50_us=1.70% put_p95_us=4.39% put_p99_us=31.04% wal_syncs=4.83% wal_syncs_per_write=4.83% writer_count=0.00% writer_queue_wait_us=8.36%
TinyLSM/SnapshotWriterOverlapMaterializedScan/iterations:1/repeats:5/manual_time_mean     18702576 ns    169440442 ns            5 bytes_per_second=641.16Mi/s items_per_second=5.79573M/s operations=105k ops_per_second=5.79573M/s write_lock_acquisitions=5k write_lock_wait_ns=5.63947M writer_p50_us=1.8084 writer_p95_us=2.9002 writer_p99_us=3.9586
TinyLSM/SnapshotWriterOverlapMaterializedScan/iterations:1/repeats:5/manual_time_median   18212898 ns    170030583 ns            5 bytes_per_second=637.776Mi/s items_per_second=5.76515M/s operations=105k ops_per_second=5.76515M/s write_lock_acquisitions=5k write_lock_wait_ns=4.56581M writer_p50_us=1.792 writer_p95_us=2.75 writer_p99_us=4.251
TinyLSM/SnapshotWriterOverlapMaterializedScan/iterations:1/repeats:5/manual_time_stddev    3632996 ns      6675418 ns            5 bytes_per_second=130.496Mi/s items_per_second=1.17961M/s operations=874.65u ops_per_second=1.17961M/s write_lock_acquisitions=41.65u write_lock_wait_ns=1.97022M writer_p50_us=0.0224566 writer_p95_us=0.734668 writer_p99_us=1.14845
TinyLSM/SnapshotWriterOverlapMaterializedScan/iterations:1/repeats:5/manual_time_cv          19.43 %          3.94 %             5 bytes_per_second=20.35% items_per_second=20.35% operations=0.00% ops_per_second=20.35% write_lock_acquisitions=0.00% write_lock_wait_ns=34.94% writer_p50_us=1.24% writer_p95_us=25.33% writer_p99_us=29.01%
TinyLSM/GroupCommitOn16Writers/iterations:1/repeats:5/manual_time_mean                   344891919 ns      1325624 ns            5 bytes_per_second=6.1664Mi/s grouped_requests=8.192k items_per_second=23.7718k/s max_group_requests=8 max_writer_queue_depth=15 operations=8.192k ops_per_second=23.7718k/s physical_groups=1.5306k put_p50_us=461.376 put_p95_us=545.748 put_p99_us=1.03341k wal_syncs=1.5306k wal_syncs_per_write=0.186841 writer_count=16 writer_queue_wait_us=4.03105M
TinyLSM/GroupCommitOn16Writers/iterations:1/repeats:5/manual_time_median                 341763047 ns      1275956 ns            5 bytes_per_second=6.21776Mi/s grouped_requests=8.192k items_per_second=23.9698k/s max_group_requests=8 max_writer_queue_depth=15 operations=8.192k ops_per_second=23.9698k/s physical_groups=1.53k put_p50_us=464.735 put_p95_us=544.531 put_p99_us=610.368 wal_syncs=1.53k wal_syncs_per_write=0.186768 writer_count=16 writer_queue_wait_us=3.97508M
TinyLSM/GroupCommitOn16Writers/iterations:1/repeats:5/manual_time_stddev                  11239012 ns       104722 ns            5 bytes_per_second=198.23Ki/s grouped_requests=68.2394u items_per_second=746.276/s max_group_requests=66.64n max_writer_queue_depth=124.95n operations=68.2394u ops_per_second=746.276/s physical_groups=1.51658 put_p50_us=7.91152 put_p95_us=4.22455 put_p99_us=899.845 wal_syncs=1.51658 wal_syncs_per_write=185.129u writer_count=133.28n writer_queue_wait_us=177.287k
TinyLSM/GroupCommitOn16Writers/iterations:1/repeats:5/manual_time_cv                          3.26 %          7.90 %             5 bytes_per_second=3.14% grouped_requests=0.00% items_per_second=3.14% max_group_requests=0.00% max_writer_queue_depth=0.00% operations=0.00% ops_per_second=3.14% physical_groups=0.10% put_p50_us=1.71% put_p95_us=0.77% put_p99_us=87.08% wal_syncs=0.10% wal_syncs_per_write=0.10% writer_count=0.00% writer_queue_wait_us=4.40%
TinyLSM/GroupCommitOff8Writers/iterations:1/repeats:5/manual_time_mean                  1565196439 ns      1210050 ns            5 bytes_per_second=1.35784Mi/s grouped_requests=8.192k items_per_second=5.23457k/s max_group_requests=1 max_writer_queue_depth=7 operations=8.192k ops_per_second=5.23457k/s physical_groups=8.192k put_p50_us=1.26679k put_p95_us=1.42543k put_p99_us=2.66312k wal_syncs=8.192k wal_syncs_per_write=1 writer_count=8 writer_queue_wait_us=11.1956M
TinyLSM/GroupCommitOff8Writers/iterations:1/repeats:5/manual_time_median                1570446522 ns      1143833 ns            5 bytes_per_second=1.35312Mi/s grouped_requests=8.192k items_per_second=5.21635k/s max_group_requests=1 max_writer_queue_depth=7 operations=8.192k ops_per_second=5.21635k/s physical_groups=8.192k put_p50_us=1.25378k put_p95_us=1.42516k put_p99_us=2.70657k wal_syncs=8.192k wal_syncs_per_write=1 writer_count=8 writer_queue_wait_us=11.1882M
TinyLSM/GroupCommitOff8Writers/iterations:1/repeats:5/manual_time_stddev                  20503844 ns       155840 ns            5 bytes_per_second=18.2935Ki/s grouped_requests=68.2394u items_per_second=68.8695/s max_group_requests=8.33n max_writer_queue_depth=58.31n operations=68.2394u ops_per_second=68.8695/s physical_groups=68.2394u put_p50_us=34.2492 put_p95_us=23.3521 put_p99_us=1.12458k wal_syncs=68.2394u wal_syncs_per_write=8.33n writer_count=66.64n writer_queue_wait_us=146.396k
TinyLSM/GroupCommitOff8Writers/iterations:1/repeats:5/manual_time_cv                          1.31 %         12.88 %             5 bytes_per_second=1.32% grouped_requests=0.00% items_per_second=1.32% max_group_requests=0.00% max_writer_queue_depth=0.00% operations=0.00% ops_per_second=1.32% physical_groups=0.00% put_p50_us=2.70% put_p95_us=1.64% put_p99_us=42.23% wal_syncs=0.00% wal_syncs_per_write=0.00% writer_count=0.00% writer_queue_wait_us=1.31%
TinyLSM/SnapshotWriterOverlapIterator/iterations:1/repeats:5/manual_time_mean             17544156 ns    174902449 ns            5 bytes_per_second=665.23Mi/s items_per_second=6.01332M/s operations=105k ops_per_second=6.01332M/s write_lock_acquisitions=5k write_lock_wait_ns=7.86612M writer_p50_us=1.8254 writer_p95_us=2.2586 writer_p99_us=2.9084
TinyLSM/SnapshotWriterOverlapIterator/iterations:1/repeats:5/manual_time_median           17548595 ns    173097499 ns            5 bytes_per_second=661.919Mi/s items_per_second=5.98338M/s operations=105k ops_per_second=5.98338M/s write_lock_acquisitions=5k write_lock_wait_ns=8.18607M writer_p50_us=1.792 writer_p95_us=2.209 writer_p99_us=2.833
TinyLSM/SnapshotWriterOverlapIterator/iterations:1/repeats:5/manual_time_stddev            1353256 ns      7435656 ns            5 bytes_per_second=51.0094Mi/s items_per_second=461.097k/s operations=874.65u ops_per_second=461.097k/s write_lock_acquisitions=41.65u write_lock_wait_ns=1.01954M writer_p50_us=0.0746847 writer_p95_us=0.0903399 writer_p99_us=0.293852
TinyLSM/SnapshotWriterOverlapIterator/iterations:1/repeats:5/manual_time_cv                   7.71 %          4.25 %             5 bytes_per_second=7.67% items_per_second=7.67% operations=0.00% ops_per_second=7.67% write_lock_acquisitions=0.00% write_lock_wait_ns=12.96% writer_p50_us=4.09% writer_p95_us=4.00% writer_p99_us=10.10%
TinyLSM/GroupCommitOff4Writers/iterations:1/repeats:5/manual_time_mean                  1546184811 ns      1095775 ns            5 bytes_per_second=1.37465Mi/s grouped_requests=8.192k items_per_second=5.29936k/s max_group_requests=1 max_writer_queue_depth=3 operations=8.192k ops_per_second=5.29936k/s physical_groups=8.192k put_p50_us=545.573 put_p95_us=620.002 put_p99_us=724.75 wal_syncs=8.192k wal_syncs_per_write=1 writer_count=4 writer_queue_wait_us=5.04158M
TinyLSM/GroupCommitOff4Writers/iterations:1/repeats:5/manual_time_median                1547957213 ns      1092708 ns            5 bytes_per_second=1.37278Mi/s grouped_requests=8.192k items_per_second=5.29214k/s max_group_requests=1 max_writer_queue_depth=3 operations=8.192k ops_per_second=5.29214k/s physical_groups=8.192k put_p50_us=547.698 put_p95_us=621.161 put_p99_us=670.497 wal_syncs=8.192k wal_syncs_per_write=1 writer_count=4 writer_queue_wait_us=5.04516M
TinyLSM/GroupCommitOff4Writers/iterations:1/repeats:5/manual_time_stddev                  25501836 ns        28982 ns            5 bytes_per_second=23.2491Ki/s grouped_requests=68.2394u items_per_second=87.5259/s max_group_requests=8.33n max_writer_queue_depth=24.99n operations=68.2394u ops_per_second=87.5259/s physical_groups=68.2394u put_p50_us=5.84156 put_p95_us=6.84075 put_p99_us=136.45 wal_syncs=68.2394u wal_syncs_per_write=8.33n writer_count=33.32n writer_queue_wait_us=53.6155k
TinyLSM/GroupCommitOff4Writers/iterations:1/repeats:5/manual_time_cv                          1.65 %          2.64 %             5 bytes_per_second=1.65% grouped_requests=0.00% items_per_second=1.65% max_group_requests=0.00% max_writer_queue_depth=0.00% operations=0.00% ops_per_second=1.65% physical_groups=0.00% put_p50_us=1.07% put_p95_us=1.10% put_p99_us=18.83% wal_syncs=0.00% wal_syncs_per_write=0.00% writer_count=0.00% writer_queue_wait_us=1.06%
TinyLSM/GroupCommitOff1Writers/iterations:1/repeats:5/manual_time_mean                  1484737954 ns       855150 ns            5 bytes_per_second=1.43263Mi/s grouped_requests=8.192k items_per_second=5.52289k/s max_group_requests=1 max_writer_queue_depth=1 operations=8.192k ops_per_second=5.52289k/s physical_groups=8.192k put_p50_us=177.193 put_p95_us=208.354 put_p99_us=254.839 wal_syncs=8.192k wal_syncs_per_write=1 writer_count=1 writer_queue_wait_us=1.48236M
TinyLSM/GroupCommitOff1Writers/iterations:1/repeats:5/manual_time_median                1481563180 ns       874791 ns            5 bytes_per_second=1.4343Mi/s grouped_requests=8.192k items_per_second=5.5293k/s max_group_requests=1 max_writer_queue_depth=1 operations=8.192k ops_per_second=5.5293k/s physical_groups=8.192k put_p50_us=177.969 put_p95_us=209.262 put_p99_us=254.973 wal_syncs=8.192k wal_syncs_per_write=1 writer_count=1 writer_queue_wait_us=1.47902M
TinyLSM/GroupCommitOff1Writers/iterations:1/repeats:5/manual_time_stddev                  52236330 ns        77929 ns            5 bytes_per_second=51.1391Ki/s grouped_requests=68.2394u items_per_second=192.524/s max_group_requests=8.33n max_writer_queue_depth=8.33n operations=68.2394u ops_per_second=192.524/s physical_groups=68.2394u put_p50_us=5.85548 put_p95_us=5.31316 put_p99_us=10.8882 wal_syncs=68.2394u wal_syncs_per_write=8.33n writer_count=8.33n writer_queue_wait_us=52.0314k
TinyLSM/GroupCommitOff1Writers/iterations:1/repeats:5/manual_time_cv                          3.52 %          9.11 %             5 bytes_per_second=3.49% grouped_requests=0.00% items_per_second=3.49% max_group_requests=0.00% max_writer_queue_depth=0.00% operations=0.00% ops_per_second=3.49% physical_groups=0.00% put_p50_us=3.30% put_p95_us=2.55% put_p99_us=4.27% wal_syncs=0.00% wal_syncs_per_write=0.00% writer_count=0.00% writer_queue_wait_us=3.51%
	Command being timed: "./run benchmark -- --benchmark_filter=^TinyLSM/(SnapshotWriterOverlap(MaterializedScan|Iterator)|GroupCommit(On|Off)) --benchmark_out=/home/tina.guest/tinylsm-perf-results/20260909-write-regression-fix/run1/next-goals.json --benchmark_out_format=json --benchmark_report_aggregates_only=true --benchmark_display_aggregates_only=true --benchmark_enable_random_interleaving=true"
	User time (seconds): 546.40
	System time (seconds): 42.11
	Percent of CPU this job got: 237%
	Elapsed (wall clock) time (h:mm:ss or m:ss): 4:07.99
	Average shared text size (kbytes): 0
	Average unshared data size (kbytes): 0
	Average stack size (kbytes): 0
	Average total size (kbytes): 0
	Maximum resident set size (kbytes): 800168
	Average resident set size (kbytes): 0
	Major (requiring I/O) page faults: 8
	Minor (reclaiming a frame) page faults: 36099877
	Voluntary context switches: 1069926
	Involuntary context switches: 123824
	Swaps: 0
	File system inputs: 368
	File system outputs: 4294784
	Socket messages sent: 0
	Socket messages received: 0
	Signals delivered: 0
	Page size (bytes): 4096
	Exit status: 0
