+ cmake --preset benchmark
Preset CMake variables:

  BUILD_TESTING:BOOL="FALSE"
  CMAKE_BUILD_TYPE="Release"
  CMAKE_EXPORT_COMPILE_COMMANDS:BOOL="TRUE"
  TINYLSM_BENCHMARK_LEVELDB:BOOL="TRUE"
  TINYLSM_BUILD_BENCHMARKS:BOOL="TRUE"
  TINYLSM_BUILD_TOOLS:BOOL="FALSE"

-- 
-- 29.3.0
-- Google Benchmark version: v1.9.5, normalized to 1.9.5
-- Configuring done (0.2s)
-- Generating done (0.0s)
-- Build files have been written to: /home/tina.guest/tinylsm-post-opt-source/tinylsm/build/benchmark
+ cmake --build --preset benchmark
ninja: no work to do.
+ /home/tina.guest/tinylsm-post-opt-source/tinylsm/build/benchmark/benchmarks/tinylsm_bench --benchmark_out=/home/tina.guest/tinylsm-post-opt-results/run2/post-v6-linux.json --benchmark_out_format=json --benchmark_report_aggregates_only=true --benchmark_display_aggregates_only=true --benchmark_enable_random_interleaving=true
2026-09-10T00:41:54+08:00
Running /home/tina.guest/tinylsm-post-opt-source/tinylsm/build/benchmark/benchmarks/tinylsm_bench
Run on (4 X 48 MHz CPU s)
Load Average: 1.21, 0.48, 0.21
----------------------------------------------------------------------------------------------------------------------------------------------------
Benchmark                                                                                          Time             CPU   Iterations UserCounters...
----------------------------------------------------------------------------------------------------------------------------------------------------
TinyLSM/ConcurrentFill8/iterations:1/repeats:5/manual_time_mean                            348096119 ns      1830925 ns            5 bytes_per_second=25.4267Mi/s items_per_second=229.844k/s operations=80k ops_per_second=229.844k/s
TinyLSM/ConcurrentFill8/iterations:1/repeats:5/manual_time_median                          345979052 ns      1811082 ns            5 bytes_per_second=25.5799Mi/s items_per_second=231.228k/s operations=80k ops_per_second=231.228k/s
TinyLSM/ConcurrentFill8/iterations:1/repeats:5/manual_time_stddev                            3824053 ns       113955 ns            5 bytes_per_second=283.494Ki/s items_per_second=2.50257k/s operations=666.4u ops_per_second=2.50257k/s
TinyLSM/ConcurrentFill8/iterations:1/repeats:5/manual_time_cv                                   1.10 %          6.22 %             5 bytes_per_second=1.09% items_per_second=1.09% operations=0.00% ops_per_second=1.09%
TinyLSM/GroupCommitOn16Writers/iterations:1/repeats:5/manual_time_mean                     315333255 ns      1151776 ns            5 bytes_per_second=6.73968Mi/s grouped_requests=8.192k items_per_second=25.9819k/s max_group_requests=8 max_writer_queue_depth=15 operations=8.192k ops_per_second=25.9819k/s physical_groups=1.5284k put_p50_us=435.457 put_p95_us=492.653 put_p99_us=541.329 wal_syncs=1.5284k wal_syncs_per_write=0.186572 writer_count=16 writer_queue_wait_us=3.67504M
TinyLSM/GroupCommitOn16Writers/iterations:1/repeats:5/manual_time_median                   315779264 ns      1104999 ns            5 bytes_per_second=6.72938Mi/s grouped_requests=8.192k items_per_second=25.9422k/s max_group_requests=8 max_writer_queue_depth=15 operations=8.192k ops_per_second=25.9422k/s physical_groups=1.529k put_p50_us=434.505 put_p95_us=483.008 put_p99_us=540.32 wal_syncs=1.529k wal_syncs_per_write=0.186646 writer_count=16 writer_queue_wait_us=3.6738M
TinyLSM/GroupCommitOn16Writers/iterations:1/repeats:5/manual_time_stddev                     3761296 ns       137980 ns            5 bytes_per_second=83.1191Ki/s grouped_requests=68.2394u items_per_second=312.919/s max_group_requests=66.64n max_writer_queue_depth=124.95n operations=68.2394u ops_per_second=312.919/s physical_groups=1.34164 put_p50_us=8.15383 put_p95_us=22.5957 put_p99_us=31.9291 wal_syncs=1.34164 wal_syncs_per_write=163.775u writer_count=133.28n writer_queue_wait_us=62.2836k
TinyLSM/GroupCommitOn16Writers/iterations:1/repeats:5/manual_time_cv                            1.19 %         11.98 %             5 bytes_per_second=1.20% grouped_requests=0.00% items_per_second=1.20% max_group_requests=0.00% max_writer_queue_depth=0.00% operations=0.00% ops_per_second=1.20% physical_groups=0.09% put_p50_us=1.87% put_p95_us=4.59% put_p99_us=5.90% wal_syncs=0.09% wal_syncs_per_write=0.09% writer_count=0.00% writer_queue_wait_us=1.69%
TinyLSM/ConcurrentFill1/iterations:1/repeats:5/manual_time_mean                             17504634 ns       579375 ns            5 bytes_per_second=63.2063Mi/s items_per_second=571.35k/s operations=10k ops_per_second=571.35k/s
TinyLSM/ConcurrentFill1/iterations:1/repeats:5/manual_time_median                           17428986 ns       566459 ns            5 bytes_per_second=63.4726Mi/s items_per_second=573.757k/s operations=10k ops_per_second=573.757k/s
TinyLSM/ConcurrentFill1/iterations:1/repeats:5/manual_time_stddev                             221137 ns        41958 ns            5 bytes_per_second=812.453Ki/s items_per_second=7.172k/s operations=83.3u ops_per_second=7.172k/s
TinyLSM/ConcurrentFill1/iterations:1/repeats:5/manual_time_cv                                   1.26 %          7.24 %             5 bytes_per_second=1.26% items_per_second=1.26% operations=0.00% ops_per_second=1.26%
TinyLSM/ScanProfile/iterations:1/repeats:1/manual_time                                    ERROR OCCURRED: 'multi-table Scan result mismatch'
TinyLSM/GroupCommitOn4Writers/iterations:1/repeats:5/manual_time_mean                     1102955756 ns       965117 ns            5 bytes_per_second=1.92913Mi/s grouped_requests=8.192k items_per_second=7.43692k/s max_group_requests=8 max_writer_queue_depth=3 operations=8.192k ops_per_second=7.43692k/s physical_groups=6.073k put_p50_us=352.304 put_p95_us=398.205 put_p99_us=432.434 wal_syncs=6.073k wal_syncs_per_write=0.741333 writer_count=4 writer_queue_wait_us=3.36006M
TinyLSM/GroupCommitOn4Writers/iterations:1/repeats:5/manual_time_median                   1106009766 ns       985541 ns            5 bytes_per_second=1.92132Mi/s grouped_requests=8.192k items_per_second=7.40681k/s max_group_requests=8 max_writer_queue_depth=3 operations=8.192k ops_per_second=7.40681k/s physical_groups=6.099k put_p50_us=351.058 put_p95_us=399.675 put_p99_us=424.717 wal_syncs=6.099k wal_syncs_per_write=0.744507 writer_count=4 writer_queue_wait_us=3.33743M
TinyLSM/GroupCommitOn4Writers/iterations:1/repeats:5/manual_time_stddev                     44031202 ns       111541 ns            5 bytes_per_second=79.9744Ki/s grouped_requests=68.2394u items_per_second=301.08/s max_group_requests=66.64n max_writer_queue_depth=24.99n operations=68.2394u ops_per_second=301.08/s physical_groups=77.0195 put_p50_us=10.52 put_p95_us=9.62096 put_p99_us=14.8752 wal_syncs=77.0195 wal_syncs_per_write=9.40179m writer_count=33.32n writer_queue_wait_us=84.412k
TinyLSM/GroupCommitOn4Writers/iterations:1/repeats:5/manual_time_cv                             3.99 %         11.56 %             5 bytes_per_second=4.05% grouped_requests=0.00% items_per_second=4.05% max_group_requests=0.00% max_writer_queue_depth=0.00% operations=0.00% ops_per_second=4.05% physical_groups=1.27% put_p50_us=2.99% put_p95_us=2.42% put_p99_us=3.44% wal_syncs=1.27% wal_syncs_per_write=1.27% writer_count=0.00% writer_queue_wait_us=2.51%
TinyLSM/FillBatch100/iterations:1/repeats:5/manual_time_mean                                 5672763 ns      1839492 ns            5 bytes_per_second=20.9488Mi/s items_per_second=189.366k/s operations=1k ops_per_second=189.366k/s
TinyLSM/FillBatch100/iterations:1/repeats:5/manual_time_median                               5497366 ns      1837042 ns            5 bytes_per_second=20.1235Mi/s items_per_second=181.905k/s operations=1k ops_per_second=181.905k/s
TinyLSM/FillBatch100/iterations:1/repeats:5/manual_time_stddev                               1736673 ns        37436 ns            5 bytes_per_second=6.22137Mi/s items_per_second=56.2378k/s operations=8.33u ops_per_second=56.2378k/s
TinyLSM/FillBatch100/iterations:1/repeats:5/manual_time_cv                                     30.61 %          2.04 %             5 bytes_per_second=29.70% items_per_second=29.70% operations=0.00% ops_per_second=29.70%
TinyLSM/SnapshotIterator100K/iterations:1/repeats:5/manual_time_mean                       101276377 ns    243973199 ns            5 bytes_per_second=1.06708Gi/s first_result_ns=3.4203M items_per_second=9.87733M/s operations=1M ops_per_second=9.87733M/s peak_rss_kb=813.874k snapshot_sequence=100k
TinyLSM/SnapshotIterator100K/iterations:1/repeats:5/manual_time_median                     102054684 ns    244275458 ns            5 bytes_per_second=1.05858Gi/s first_result_ns=3.43628M items_per_second=9.79867M/s operations=1M ops_per_second=9.79867M/s peak_rss_kb=829.216k snapshot_sequence=100k
TinyLSM/SnapshotIterator100K/iterations:1/repeats:5/manual_time_stddev                       2066979 ns      2674871 ns            5 bytes_per_second=22.7326Mi/s first_result_ns=55.0829k items_per_second=205.491k/s operations=8.33m ops_per_second=205.491k/s peak_rss_kb=29.7025k snapshot_sequence=833u
TinyLSM/SnapshotIterator100K/iterations:1/repeats:5/manual_time_cv                              2.04 %          1.10 %             5 bytes_per_second=2.08% first_result_ns=1.61% items_per_second=2.08% operations=0.00% ops_per_second=2.08% peak_rss_kb=3.65% snapshot_sequence=0.00%
TinyLSM/SstableDataBlockEncodeV2RandomRestart16/iterations:1/repeats:5/manual_time_mean     13527438 ns     13518192 ns            5 bytes_per_entry=134.627 bytes_per_second=152.491Mi/s encoded_bytes=2.20572M items_per_second=1.21135M/s operations=16.384k ops_per_second=1.21135M/s restart_interval=16
TinyLSM/SstableDataBlockEncodeV2RandomRestart16/iterations:1/repeats:5/manual_time_median   13568248 ns     13542750 ns            5 bytes_per_entry=134.627 bytes_per_second=152.009Mi/s encoded_bytes=2.20572M items_per_second=1.20753M/s operations=16.384k ops_per_second=1.20753M/s restart_interval=16
TinyLSM/SstableDataBlockEncodeV2RandomRestart16/iterations:1/repeats:5/manual_time_stddev     186976 ns       178259 ns            5 bytes_per_entry=1.12144u bytes_per_second=2.11449Mi/s encoded_bytes=0.0183737 items_per_second=16.797k/s operations=136.479u ops_per_second=16.797k/s restart_interval=133.28n
TinyLSM/SstableDataBlockEncodeV2RandomRestart16/iterations:1/repeats:5/manual_time_cv           1.38 %          1.32 %             5 bytes_per_entry=0.00% bytes_per_second=1.39% encoded_bytes=0.00% items_per_second=1.39% operations=0.00% ops_per_second=1.39% restart_interval=0.00%
TinyLSM/ConcurrentFill2/iterations:1/repeats:5/manual_time_mean                             46254537 ns      1182742 ns            5 bytes_per_second=47.8442Mi/s items_per_second=432.486k/s operations=20k ops_per_second=432.486k/s
TinyLSM/ConcurrentFill2/iterations:1/repeats:5/manual_time_median                           46029510 ns      1115833 ns            5 bytes_per_second=48.0675Mi/s items_per_second=434.504k/s operations=20k ops_per_second=434.504k/s
TinyLSM/ConcurrentFill2/iterations:1/repeats:5/manual_time_stddev                             769913 ns       191914 ns            5 bytes_per_second=812.709Ki/s items_per_second=7.17426k/s operations=166.6u ops_per_second=7.17426k/s
TinyLSM/ConcurrentFill2/iterations:1/repeats:5/manual_time_cv                                   1.66 %         16.23 %             5 bytes_per_second=1.66% items_per_second=1.66% operations=0.00% ops_per_second=1.66%
LevelDB/FillBatch1/iterations:1/repeats:5/manual_time_mean                                 164410671 ns     12522207 ns            5 bytes_per_second=689.281Ki/s items_per_second=6.08469k/s operations=1k ops_per_second=6.08469k/s
LevelDB/FillBatch1/iterations:1/repeats:5/manual_time_median                               163263807 ns     12510837 ns            5 bytes_per_second=693.854Ki/s items_per_second=6.12506k/s operations=1k ops_per_second=6.12506k/s
LevelDB/FillBatch1/iterations:1/repeats:5/manual_time_stddev                                 3664075 ns       604632 ns            5 bytes_per_second=14.9849Ki/s items_per_second=132.28/s operations=8.33u ops_per_second=132.28/s
LevelDB/FillBatch1/iterations:1/repeats:5/manual_time_cv                                        2.23 %          4.83 %             5 bytes_per_second=2.17% items_per_second=2.17% operations=0.00% ops_per_second=2.17%
TinyLSM/SstableDataBlockEncodeV2PrefixRestart64/iterations:1/repeats:5/manual_time_mean     12663665 ns     12649083 ns            5 bytes_per_entry=122.92 bytes_per_second=162.871Mi/s encoded_bytes=2.01393M items_per_second=1.29381M/s operations=16.384k ops_per_second=1.29381M/s restart_interval=64
TinyLSM/SstableDataBlockEncodeV2PrefixRestart64/iterations:1/repeats:5/manual_time_median   12655601 ns     12649250 ns            5 bytes_per_entry=122.92 bytes_per_second=162.971Mi/s encoded_bytes=2.01393M items_per_second=1.2946M/s operations=16.384k ops_per_second=1.2946M/s restart_interval=64
TinyLSM/SstableDataBlockEncodeV2PrefixRestart64/iterations:1/repeats:5/manual_time_stddev      64900 ns        68759 ns            5 bytes_per_entry=1.02393u bytes_per_second=856.935Ki/s encoded_bytes=0.016776 items_per_second=6.64774k/s operations=136.479u ops_per_second=6.64774k/s restart_interval=533.12n
TinyLSM/SstableDataBlockEncodeV2PrefixRestart64/iterations:1/repeats:5/manual_time_cv           0.51 %          0.54 %             5 bytes_per_entry=0.00% bytes_per_second=0.51% encoded_bytes=0.00% items_per_second=0.51% operations=0.00% ops_per_second=0.51% restart_interval=0.00%
TinyLSM/SstableDataBlockLookupV2PrefixRestart64/iterations:1/repeats:5/manual_time_mean    181696616 ns    181567441 ns            5 block_bytes=15.745k bytes_per_entry=123.008 bytes_per_second=1.38567Mi/s items_per_second=11.0074k/s operations=2k ops_per_second=11.0074k/s restart_interval=64
TinyLSM/SstableDataBlockLookupV2PrefixRestart64/iterations:1/repeats:5/manual_time_median  181788460 ns    181451374 ns            5 block_bytes=15.745k bytes_per_entry=123.008 bytes_per_second=1.38496Mi/s items_per_second=11.0018k/s operations=2k ops_per_second=11.0018k/s restart_interval=64
TinyLSM/SstableDataBlockLookupV2PrefixRestart64/iterations:1/repeats:5/manual_time_stddev     330006 ns       285835 ns            5 block_bytes=131.156u bytes_per_entry=1.02466u bytes_per_second=2.5764Ki/s items_per_second=19.9866/s operations=16.66u ops_per_second=19.9866/s restart_interval=533.12n
TinyLSM/SstableDataBlockLookupV2PrefixRestart64/iterations:1/repeats:5/manual_time_cv           0.18 %          0.16 %             5 block_bytes=0.00% bytes_per_entry=0.00% bytes_per_second=0.18% items_per_second=0.18% operations=0.00% ops_per_second=0.18% restart_interval=0.00%
LevelDB/ConcurrentFill1/iterations:1/repeats:5/manual_time_mean                              6028858 ns       359508 ns            5 bytes_per_second=183.587Mi/s items_per_second=1.65952M/s operations=10k ops_per_second=1.65952M/s
LevelDB/ConcurrentFill1/iterations:1/repeats:5/manual_time_median                            6094859 ns       350959 ns            5 bytes_per_second=181.507Mi/s items_per_second=1.64073M/s operations=10k ops_per_second=1.64073M/s
LevelDB/ConcurrentFill1/iterations:1/repeats:5/manual_time_stddev                             150629 ns        21185 ns            5 bytes_per_second=4.60722Mi/s items_per_second=41.6468k/s operations=83.3u ops_per_second=41.6468k/s
LevelDB/ConcurrentFill1/iterations:1/repeats:5/manual_time_cv                                   2.50 %          5.89 %             5 bytes_per_second=2.51% items_per_second=2.51% operations=0.00% ops_per_second=2.51%
TinyLSM/ConcurrentFill4/iterations:1/repeats:5/manual_time_mean                            169120044 ns      1583308 ns            5 bytes_per_second=26.1701Mi/s items_per_second=236.563k/s operations=40k ops_per_second=236.563k/s
TinyLSM/ConcurrentFill4/iterations:1/repeats:5/manual_time_median                          168041518 ns      1549041 ns            5 bytes_per_second=26.3331Mi/s items_per_second=238.036k/s operations=40k ops_per_second=238.036k/s
TinyLSM/ConcurrentFill4/iterations:1/repeats:5/manual_time_stddev                            2631923 ns       132563 ns            5 bytes_per_second=410.073Ki/s items_per_second=3.61995k/s operations=333.2u ops_per_second=3.61995k/s
TinyLSM/ConcurrentFill4/iterations:1/repeats:5/manual_time_cv                                   1.56 %          8.37 %             5 bytes_per_second=1.53% items_per_second=1.53% operations=0.00% ops_per_second=1.53%
TinyLSM/CompactManyTables/iterations:1/repeats:5/manual_time_mean                          497124797 ns    415994294 ns            5 bytes_per_second=22.2578Mi/s items_per_second=201.199k/s operations=100k ops_per_second=201.199k/s
TinyLSM/CompactManyTables/iterations:1/repeats:5/manual_time_median                        492708477 ns    415792416 ns            5 bytes_per_second=22.4527Mi/s items_per_second=202.96k/s operations=100k ops_per_second=202.96k/s
TinyLSM/CompactManyTables/iterations:1/repeats:5/manual_time_stddev                          8085806 ns      1347053 ns            5 bytes_per_second=364.866Ki/s items_per_second=3.22088k/s operations=833u ops_per_second=3.22088k/s
TinyLSM/CompactManyTables/iterations:1/repeats:5/manual_time_cv                                 1.63 %          0.32 %             5 bytes_per_second=1.60% items_per_second=1.60% operations=0.00% ops_per_second=1.60%
LevelDB/FillBatch10/iterations:1/repeats:5/manual_time_mean                                 19507855 ns      2072558 ns            5 bytes_per_second=5.7061Mi/s items_per_second=51.58k/s operations=1k ops_per_second=51.58k/s
LevelDB/FillBatch10/iterations:1/repeats:5/manual_time_median                               18950548 ns      2033996 ns            5 bytes_per_second=5.83763Mi/s items_per_second=52.7689k/s operations=1k ops_per_second=52.7689k/s
LevelDB/FillBatch10/iterations:1/repeats:5/manual_time_stddev                                1741759 ns       236350 ns            5 bytes_per_second=506.766Ki/s items_per_second=4.47352k/s operations=8.33u ops_per_second=4.47352k/s
LevelDB/FillBatch10/iterations:1/repeats:5/manual_time_cv                                       8.93 %         11.40 %             5 bytes_per_second=8.67% items_per_second=8.67% operations=0.00% ops_per_second=8.67%
TinyLSM/SstableDataBlockEncodeV2RandomRestart4/iterations:1/repeats:5/manual_time_mean      13730319 ns     13672958 ns            5 bytes_per_entry=136.104 bytes_per_second=150.231Mi/s encoded_bytes=2.22993M items_per_second=1.19339M/s operations=16.384k ops_per_second=1.19339M/s restart_interval=4
TinyLSM/SstableDataBlockEncodeV2RandomRestart4/iterations:1/repeats:5/manual_time_median    13632134 ns     13636708 ns            5 bytes_per_entry=136.104 bytes_per_second=151.297Mi/s encoded_bytes=2.22993M items_per_second=1.20187M/s operations=16.384k ops_per_second=1.20187M/s restart_interval=4
TinyLSM/SstableDataBlockEncodeV2RandomRestart4/iterations:1/repeats:5/manual_time_stddev      156555 ns        79347 ns            5 bytes_per_entry=1.13375u bytes_per_second=1.69898Mi/s encoded_bytes=0.0185753 items_per_second=13.4963k/s operations=136.479u ops_per_second=13.4963k/s restart_interval=33.32n
TinyLSM/SstableDataBlockEncodeV2RandomRestart4/iterations:1/repeats:5/manual_time_cv            1.14 %          0.58 %             5 bytes_per_entry=0.00% bytes_per_second=1.13% encoded_bytes=0.00% items_per_second=1.13% operations=0.00% ops_per_second=1.13% restart_interval=0.00%
LevelDB/ScanTail10000Repeated/iterations:1/repeats:5/manual_time_mean                        2644875 ns     66257258 ns            5 bytes_per_second=8.2107Gi/s items_per_second=76.0015M/s operations=200k ops_per_second=76.0015M/s
LevelDB/ScanTail10000Repeated/iterations:1/repeats:5/manual_time_median                      2704182 ns     65532081 ns            5 bytes_per_second=7.9901Gi/s items_per_second=73.9595M/s operations=200k ops_per_second=73.9595M/s
LevelDB/ScanTail10000Repeated/iterations:1/repeats:5/manual_time_stddev                       202619 ns      1265599 ns            5 bytes_per_second=693.311Mi/s items_per_second=6.26715M/s operations=1.666m ops_per_second=6.26715M/s
LevelDB/ScanTail10000Repeated/iterations:1/repeats:5/manual_time_cv                             7.66 %          1.91 %             5 bytes_per_second=8.25% items_per_second=8.25% operations=0.00% ops_per_second=8.25%
TinyLSM/FillBatch1/iterations:1/repeats:5/manual_time_mean                                 180093486 ns     14793793 ns            5 bytes_per_second=629.898Ki/s items_per_second=5.56048k/s operations=1k ops_per_second=5.56048k/s
TinyLSM/FillBatch1/iterations:1/repeats:5/manual_time_median                               179604444 ns     15207505 ns            5 bytes_per_second=630.726Ki/s items_per_second=5.56779k/s operations=1k ops_per_second=5.56779k/s
TinyLSM/FillBatch1/iterations:1/repeats:5/manual_time_stddev                                 7572904 ns      1786469 ns            5 bytes_per_second=26.3054Ki/s items_per_second=232.213/s operations=8.33u ops_per_second=232.213/s
TinyLSM/FillBatch1/iterations:1/repeats:5/manual_time_cv                                        4.20 %         12.08 %             5 bytes_per_second=4.18% items_per_second=4.18% operations=0.00% ops_per_second=4.18%
TinyLSM/ReadMemTableHit/iterations:1/repeats:5/manual_time_mean                             63069270 ns     99191275 ns            5 block_decodes=0 block_reads=0 bytes_per_second=350.996Mi/s cache_charge_bytes=0 cache_evictions=0 cache_hits=0 cache_inserts=0 cache_misses=0 items_per_second=3.17281M/s operations=200k ops_per_second=3.17281M/s table_probes=0
TinyLSM/ReadMemTableHit/iterations:1/repeats:5/manual_time_median                           62666771 ns     97610418 ns            5 block_decodes=0 block_reads=0 bytes_per_second=353.062Mi/s cache_charge_bytes=0 cache_evictions=0 cache_hits=0 cache_inserts=0 cache_misses=0 items_per_second=3.19148M/s operations=200k ops_per_second=3.19148M/s table_probes=0
TinyLSM/ReadMemTableHit/iterations:1/repeats:5/manual_time_stddev                            1637143 ns      3693006 ns            5 block_decodes=0 block_reads=0 bytes_per_second=9.01663Mi/s cache_charge_bytes=0 cache_evictions=0 cache_hits=0 cache_inserts=0 cache_misses=0 items_per_second=81.5054k/s operations=1.666m ops_per_second=81.5054k/s table_probes=0
TinyLSM/ReadMemTableHit/iterations:1/repeats:5/manual_time_cv                                   2.60 %          3.72 %             5 block_decodes=0.00% block_reads=0.00% bytes_per_second=2.57% cache_charge_bytes=0.00% cache_evictions=0.00% cache_hits=0.00% cache_inserts=0.00% cache_misses=0.00% items_per_second=2.57% operations=0.00% ops_per_second=2.57% table_probes=0.00%
TinyLSM/GroupCommitOff1Writers/iterations:1/repeats:5/manual_time_mean                    1470178230 ns       740000 ns            5 bytes_per_second=1.44807Mi/s grouped_requests=8.192k items_per_second=5.58239k/s max_group_requests=1 max_writer_queue_depth=1 operations=8.192k ops_per_second=5.58239k/s physical_groups=8.192k put_p50_us=173.149 put_p95_us=201.44 put_p99_us=241.729 wal_syncs=8.192k wal_syncs_per_write=1 writer_count=1 writer_queue_wait_us=1.46818M
TinyLSM/GroupCommitOff1Writers/iterations:1/repeats:5/manual_time_median                  1456310186 ns       778001 ns            5 bytes_per_second=1.45917Mi/s grouped_requests=8.192k items_per_second=5.62518k/s max_group_requests=1 max_writer_queue_depth=1 operations=8.192k ops_per_second=5.62518k/s physical_groups=8.192k put_p50_us=171.137 put_p95_us=201.673 put_p99_us=236.847 wal_syncs=8.192k wal_syncs_per_write=1 writer_count=1 writer_queue_wait_us=1.45445M
TinyLSM/GroupCommitOff1Writers/iterations:1/repeats:5/manual_time_stddev                    71932534 ns       106637 ns            5 bytes_per_second=69.7961Ki/s grouped_requests=68.2394u items_per_second=262.762/s max_group_requests=8.33n max_writer_queue_depth=8.33n operations=68.2394u ops_per_second=262.762/s physical_groups=68.2394u put_p50_us=5.16013 put_p95_us=9.1323 put_p99_us=33.3753 wal_syncs=68.2394u wal_syncs_per_write=8.33n writer_count=8.33n writer_queue_wait_us=71.9621k
TinyLSM/GroupCommitOff1Writers/iterations:1/repeats:5/manual_time_cv                            4.89 %         14.41 %             5 bytes_per_second=4.71% grouped_requests=0.00% items_per_second=4.71% max_group_requests=0.00% max_writer_queue_depth=0.00% operations=0.00% ops_per_second=4.71% physical_groups=0.00% put_p50_us=2.98% put_p95_us=4.53% put_p99_us=13.81% wal_syncs=0.00% wal_syncs_per_write=0.00% writer_count=0.00% writer_queue_wait_us=4.90%
TinyLSM/SnapshotRetentionHeld60s/iterations:1/repeats:5/manual_time_mean                    41768632 ns     55232731 ns            5 active_snapshots=1 bytes_per_second=37.0824Mi/s items_per_second=335.205k/s live_sstable_bytes=1.7499M operations=14k ops_per_second=335.205k/s overwrite_generations=6 retained_bytes=1.62405M retained_versions=14.005k
TinyLSM/SnapshotRetentionHeld60s/iterations:1/repeats:5/manual_time_median                  41748985 ns     55080496 ns            5 active_snapshots=1 bytes_per_second=37.0971Mi/s items_per_second=335.337k/s live_sstable_bytes=1.7499M operations=14k ops_per_second=335.337k/s overwrite_generations=6 retained_bytes=1.62405M retained_versions=14.005k
TinyLSM/SnapshotRetentionHeld60s/iterations:1/repeats:5/manual_time_stddev                    401546 ns       470054 ns            5 active_snapshots=8.33n bytes_per_second=365.078Ki/s items_per_second=3.22275k/s live_sstable_bytes=0.0145767 operations=116.62u ops_per_second=3.22275k/s overwrite_generations=49.98n retained_bytes=0.0135283 retained_versions=116.662u
TinyLSM/SnapshotRetentionHeld60s/iterations:1/repeats:5/manual_time_cv                          0.96 %          0.85 %             5 active_snapshots=0.00% bytes_per_second=0.96% items_per_second=0.96% live_sstable_bytes=0.00% operations=0.00% ops_per_second=0.96% overwrite_generations=0.00% retained_bytes=0.00% retained_versions=0.00%
TinyLSM/ReadRandomHit/iterations:1/repeats:5/manual_time_mean                             4215448405 ns   4390275892 ns            5 bytes_per_second=2.62433Mi/s items_per_second=23.7225k/s operations=100k ops_per_second=23.7225k/s
TinyLSM/ReadRandomHit/iterations:1/repeats:5/manual_time_median                           4214887403 ns   4389912526 ns            5 bytes_per_second=2.62465Mi/s items_per_second=23.7254k/s operations=100k ops_per_second=23.7254k/s
TinyLSM/ReadRandomHit/iterations:1/repeats:5/manual_time_stddev                             13320558 ns      8128304 ns            5 bytes_per_second=8.47443Ki/s items_per_second=74.8087/s operations=833u ops_per_second=74.8087/s
TinyLSM/ReadRandomHit/iterations:1/repeats:5/manual_time_cv                                     0.32 %          0.19 %             5 bytes_per_second=0.32% items_per_second=0.32% operations=0.00% ops_per_second=0.32%
LevelDB/FillBatch100/iterations:1/repeats:5/manual_time_mean                                 3346624 ns       716173 ns            5 bytes_per_second=36.3125Mi/s items_per_second=328.245k/s operations=1k ops_per_second=328.245k/s
LevelDB/FillBatch100/iterations:1/repeats:5/manual_time_median                               2557800 ns       711331 ns            5 bytes_per_second=43.2505Mi/s items_per_second=390.961k/s operations=1k ops_per_second=390.961k/s
LevelDB/FillBatch100/iterations:1/repeats:5/manual_time_stddev                               1200478 ns        52805 ns            5 bytes_per_second=11.4027Mi/s items_per_second=103.074k/s operations=8.33u ops_per_second=103.074k/s
LevelDB/FillBatch100/iterations:1/repeats:5/manual_time_cv                                     35.87 %          7.37 %             5 bytes_per_second=31.40% items_per_second=31.40% operations=0.00% ops_per_second=31.40%
TinyLSM/GroupCommitOff16Writers/iterations:1/repeats:5/manual_time_mean                   1490055170 ns      1250532 ns            5 bytes_per_second=1.42906Mi/s grouped_requests=8.192k items_per_second=5.50912k/s max_group_requests=1 max_writer_queue_depth=15 operations=8.192k ops_per_second=5.50912k/s physical_groups=8.192k put_p50_us=2.636k put_p95_us=2.88395k put_p99_us=3.8415k wal_syncs=8.192k wal_syncs_per_write=1 writer_count=16 writer_queue_wait_us=22.4829M
TinyLSM/GroupCommitOff16Writers/iterations:1/repeats:5/manual_time_median                 1496097031 ns      1218334 ns            5 bytes_per_second=1.42036Mi/s grouped_requests=8.192k items_per_second=5.47558k/s max_group_requests=1 max_writer_queue_depth=15 operations=8.192k ops_per_second=5.47558k/s physical_groups=8.192k put_p50_us=2.61528k put_p95_us=2.92189k put_p99_us=3.88533k wal_syncs=8.192k wal_syncs_per_write=1 writer_count=16 writer_queue_wait_us=22.5942M
TinyLSM/GroupCommitOff16Writers/iterations:1/repeats:5/manual_time_stddev                   75256857 ns       110634 ns            5 bytes_per_second=74.5417Ki/s grouped_requests=68.2394u items_per_second=280.628/s max_group_requests=8.33n max_writer_queue_depth=124.95n operations=68.2394u ops_per_second=280.628/s physical_groups=68.2394u put_p50_us=97.6746 put_p95_us=119.069 put_p99_us=1.0183k wal_syncs=68.2394u wal_syncs_per_write=8.33n writer_count=133.28n writer_queue_wait_us=1.20409M
TinyLSM/GroupCommitOff16Writers/iterations:1/repeats:5/manual_time_cv                           5.05 %          8.85 %             5 bytes_per_second=5.09% grouped_requests=0.00% items_per_second=5.09% max_group_requests=0.00% max_writer_queue_depth=0.00% operations=0.00% ops_per_second=5.09% physical_groups=0.00% put_p50_us=3.71% put_p95_us=4.13% put_p99_us=26.51% wal_syncs=0.00% wal_syncs_per_write=0.00% writer_count=0.00% writer_queue_wait_us=5.36%
LevelDB/FillSequentialAsync/iterations:1/repeats:5/manual_time_mean                         61748767 ns     62188640 ns            5 bytes_per_second=179.17Mi/s items_per_second=1.6196M/s operations=100k ops_per_second=1.6196M/s
LevelDB/FillSequentialAsync/iterations:1/repeats:5/manual_time_median                       61839631 ns     62199708 ns            5 bytes_per_second=178.892Mi/s items_per_second=1.61709M/s operations=100k ops_per_second=1.61709M/s
LevelDB/FillSequentialAsync/iterations:1/repeats:5/manual_time_stddev                         630699 ns       645938 ns            5 bytes_per_second=1.83179Mi/s items_per_second=16.5584k/s operations=833u ops_per_second=16.5584k/s
LevelDB/FillSequentialAsync/iterations:1/repeats:5/manual_time_cv                               1.02 %          1.04 %             5 bytes_per_second=1.02% items_per_second=1.02% operations=0.00% ops_per_second=1.02%
TinyLSM/GroupCommitOff4Writers/iterations:1/repeats:5/manual_time_mean                    1462171914 ns       950808 ns            5 bytes_per_second=1.45421Mi/s grouped_requests=8.192k items_per_second=5.60606k/s max_group_requests=1 max_writer_queue_depth=3 operations=8.192k ops_per_second=5.60606k/s physical_groups=8.192k put_p50_us=521.687 put_p95_us=582.56 put_p99_us=657.431 wal_syncs=8.192k wal_syncs_per_write=1 writer_count=4 writer_queue_wait_us=4.79653M
TinyLSM/GroupCommitOff4Writers/iterations:1/repeats:5/manual_time_median                  1468002984 ns       957207 ns            5 bytes_per_second=1.44754Mi/s grouped_requests=8.192k items_per_second=5.58037k/s max_group_requests=1 max_writer_queue_depth=3 operations=8.192k ops_per_second=5.58037k/s physical_groups=8.192k put_p50_us=525.318 put_p95_us=585.42 put_p99_us=671.779 wal_syncs=8.192k wal_syncs_per_write=1 writer_count=4 writer_queue_wait_us=4.80989M
TinyLSM/GroupCommitOff4Writers/iterations:1/repeats:5/manual_time_stddev                    40203698 ns       106079 ns            5 bytes_per_second=41.4529Ki/s grouped_requests=68.2394u items_per_second=156.058/s max_group_requests=8.33n max_writer_queue_depth=24.99n operations=68.2394u ops_per_second=156.058/s physical_groups=68.2394u put_p50_us=13.9145 put_p95_us=8.1105 put_p99_us=31.4289 wal_syncs=68.2394u wal_syncs_per_write=8.33n writer_count=33.32n writer_queue_wait_us=136.256k
TinyLSM/GroupCommitOff4Writers/iterations:1/repeats:5/manual_time_cv                            2.75 %         11.16 %             5 bytes_per_second=2.78% grouped_requests=0.00% items_per_second=2.78% max_group_requests=0.00% max_writer_queue_depth=0.00% operations=0.00% ops_per_second=2.78% physical_groups=0.00% put_p50_us=2.67% put_p95_us=1.39% put_p99_us=4.78% wal_syncs=0.00% wal_syncs_per_write=0.00% writer_count=0.00% writer_queue_wait_us=2.84%
TinyLSM/SstableDataBlockLookupV2RandomRestart4/iterations:1/repeats:5/manual_time_mean     201526137 ns    201397199 ns            5 block_bytes=17.6k bytes_per_entry=137.5 bytes_per_second=1.24933Mi/s items_per_second=9.92439k/s operations=2k ops_per_second=9.92439k/s restart_interval=4
TinyLSM/SstableDataBlockLookupV2RandomRestart4/iterations:1/repeats:5/manual_time_median   201873640 ns    201770040 ns            5 block_bytes=17.6k bytes_per_entry=137.5 bytes_per_second=1.24717Mi/s items_per_second=9.90719k/s operations=2k ops_per_second=9.90719k/s restart_interval=4
TinyLSM/SstableDataBlockLookupV2RandomRestart4/iterations:1/repeats:5/manual_time_stddev      769220 ns       847703 ns            5 block_bytes=146.608u bytes_per_entry=1.14538u bytes_per_second=4.89722Ki/s items_per_second=37.9905/s operations=16.66u ops_per_second=37.9905/s restart_interval=33.32n
TinyLSM/SstableDataBlockLookupV2RandomRestart4/iterations:1/repeats:5/manual_time_cv            0.38 %          0.42 %             5 block_bytes=0.00% bytes_per_entry=0.00% bytes_per_second=0.38% items_per_second=0.38% operations=0.00% ops_per_second=0.38% restart_interval=0.00%
TinyLSM/CompactionMixedManual/iterations:1/repeats:5/manual_time_mean                     4413005441 ns   4339341336 ns            5 background_compactions=0 bytes_per_second=1.15212Mi/s compaction_debt_bytes=0 compaction_debt_tables=0 compaction_input_bytes=5.46227M compaction_output_bytes=1.13736M compactions=1 flush_output_bytes=5.46227M foreground_reads=200 foreground_scans=200 foreground_writes=19.6k get_p50_us=3.98316k get_p95_us=8.50081k get_p99_us=9.17608k items_per_second=4.53213k/s live_sstable_bytes=1.13736M logical_live_bytes=1.10187M logical_write_bytes=5.28M operations=20k ops_per_second=4.53213k/s point_lookups=200 put_p50_us=2.667 put_p95_us=5.3758 put_p99_us=13.2934 read_amplification=51.251 scan_p50_us=17.0046k scan_p95_us=32.6861k scan_p99_us=38.2937k scan_table_inputs=10.3288k space_amplification=1.03221 table_count=1 table_probes=10.2502k write_amplification=1.24993
TinyLSM/CompactionMixedManual/iterations:1/repeats:5/manual_time_median                   4411199807 ns   4338792052 ns            5 background_compactions=0 bytes_per_second=1.15257Mi/s compaction_debt_bytes=0 compaction_debt_tables=0 compaction_input_bytes=5.46227M compaction_output_bytes=1.13736M compactions=1 flush_output_bytes=5.46227M foreground_reads=200 foreground_scans=200 foreground_writes=19.6k get_p50_us=4.00731k get_p95_us=8.48841k get_p99_us=9.18034k items_per_second=4.53391k/s live_sstable_bytes=1.13736M logical_live_bytes=1.10187M logical_write_bytes=5.28M operations=20k ops_per_second=4.53391k/s point_lookups=200 put_p50_us=2.667 put_p95_us=5.418 put_p99_us=13.841 read_amplification=51.255 scan_p50_us=17.0075k scan_p95_us=32.6499k scan_p99_us=38.29k scan_table_inputs=10.329k space_amplification=1.03221 table_count=1 table_probes=10.251k write_amplification=1.24993
TinyLSM/CompactionMixedManual/iterations:1/repeats:5/manual_time_stddev                     19335923 ns     14811087 ns            5 background_compactions=0 bytes_per_second=5.16699Ki/s compaction_debt_bytes=0 compaction_debt_tables=0 compaction_input_bytes=0.0455007 compaction_output_bytes=9.47422m compactions=8.33n flush_output_bytes=0.0455007 foreground_reads=1.666u foreground_scans=1.666u foreground_writes=163.268u get_p50_us=44.9853 get_p95_us=59.2933 get_p99_us=10.3807 items_per_second=19.8492/s live_sstable_bytes=9.47422m logical_live_bytes=9.1786m logical_write_bytes=0.0439824 operations=166.6u ops_per_second=19.8492/s point_lookups=1.666u put_p50_us=1.22474m put_p95_us=0.0832748 put_p99_us=2.06871 read_amplification=0.010247 scan_p50_us=240.162 scan_p95_us=146.524 scan_p99_us=202.677 scan_table_inputs=4.60435 space_amplification=4.2918n table_count=8.33n table_probes=2.04939 write_amplification=7.27302n
TinyLSM/CompactionMixedManual/iterations:1/repeats:5/manual_time_cv                             0.44 %          0.34 %             5 background_compactions=0.00% bytes_per_second=0.44% compaction_debt_bytes=0.00% compaction_debt_tables=0.00% compaction_input_bytes=0.00% compaction_output_bytes=0.00% compactions=0.00% flush_output_bytes=0.00% foreground_reads=0.00% foreground_scans=0.00% foreground_writes=0.00% get_p50_us=1.13% get_p95_us=0.70% get_p99_us=0.11% items_per_second=0.44% live_sstable_bytes=0.00% logical_live_bytes=0.00% logical_write_bytes=0.00% operations=0.00% ops_per_second=0.44% point_lookups=0.00% put_p50_us=0.05% put_p95_us=1.55% put_p99_us=15.56% read_amplification=0.02% scan_p50_us=1.41% scan_p95_us=0.45% scan_p99_us=0.53% scan_table_inputs=0.04% space_amplification=0.00% table_count=0.00% table_probes=0.02% write_amplification=0.00%
LevelDB/ConcurrentFill8/iterations:1/repeats:5/manual_time_mean                            260993997 ns       867908 ns            5 bytes_per_second=33.9105Mi/s items_per_second=306.532k/s operations=80k ops_per_second=306.532k/s
LevelDB/ConcurrentFill8/iterations:1/repeats:5/manual_time_median                          260527122 ns       844376 ns            5 bytes_per_second=33.97Mi/s items_per_second=307.07k/s operations=80k ops_per_second=307.07k/s
LevelDB/ConcurrentFill8/iterations:1/repeats:5/manual_time_stddev                            1817357 ns       155744 ns            5 bytes_per_second=241.828Ki/s items_per_second=2.13476k/s operations=666.4u ops_per_second=2.13476k/s
LevelDB/ConcurrentFill8/iterations:1/repeats:5/manual_time_cv                                   0.70 %         17.94 %             5 bytes_per_second=0.70% items_per_second=0.70% operations=0.00% ops_per_second=0.70%
TinyLSM/SstableDataBlockLookupV2PrefixRestart4/iterations:1/repeats:5/manual_time_mean     198526673 ns    198480558 ns            5 block_bytes=17.298k bytes_per_entry=135.141 bytes_per_second=1.26825Mi/s items_per_second=10.0747k/s operations=2k ops_per_second=10.0747k/s restart_interval=4
TinyLSM/SstableDataBlockLookupV2PrefixRestart4/iterations:1/repeats:5/manual_time_median   198591043 ns    198529334 ns            5 block_bytes=17.298k bytes_per_entry=135.141 bytes_per_second=1.26778Mi/s items_per_second=10.0709k/s operations=2k ops_per_second=10.0709k/s restart_interval=4
TinyLSM/SstableDataBlockLookupV2PrefixRestart4/iterations:1/repeats:5/manual_time_stddev     1482121 ns      1433172 ns            5 block_bytes=144.092u bytes_per_entry=1.12572u bytes_per_second=9.66534Ki/s items_per_second=74.9796/s operations=16.66u ops_per_second=74.9796/s restart_interval=33.32n
TinyLSM/SstableDataBlockLookupV2PrefixRestart4/iterations:1/repeats:5/manual_time_cv            0.75 %          0.72 %             5 block_bytes=0.00% bytes_per_entry=0.00% bytes_per_second=0.74% items_per_second=0.74% operations=0.00% ops_per_second=0.74% restart_interval=0.00%
LevelDB/ConcurrentFill4/iterations:1/repeats:5/manual_time_mean                            130529687 ns       589700 ns            5 bytes_per_second=33.9303Mi/s items_per_second=306.711k/s operations=40k ops_per_second=306.711k/s
LevelDB/ConcurrentFill4/iterations:1/repeats:5/manual_time_median                          128829643 ns       585625 ns            5 bytes_per_second=34.3481Mi/s items_per_second=310.488k/s operations=40k ops_per_second=310.488k/s
LevelDB/ConcurrentFill4/iterations:1/repeats:5/manual_time_stddev                            4313750 ns        82285 ns            5 bytes_per_second=1.11943Mi/s items_per_second=10.119k/s operations=333.2u ops_per_second=10.119k/s
LevelDB/ConcurrentFill4/iterations:1/repeats:5/manual_time_cv                                   3.30 %         13.95 %             5 bytes_per_second=3.30% items_per_second=3.30% operations=0.00% ops_per_second=3.30%
TinyLSM/SnapshotRetentionReleased60s/iterations:1/repeats:5/manual_time_mean                21559004 ns     35421171 ns            5 active_snapshots=0 bytes_per_second=71.8492Mi/s items_per_second=649.477k/s live_sstable_bytes=252.048k operations=14k ops_per_second=649.477k/s overwrite_generations=6 retained_bytes=232.05k retained_versions=2.005k
TinyLSM/SnapshotRetentionReleased60s/iterations:1/repeats:5/manual_time_median              21475080 ns     35403047 ns            5 active_snapshots=0 bytes_per_second=72.1193Mi/s items_per_second=651.918k/s live_sstable_bytes=252.048k operations=14k ops_per_second=651.918k/s overwrite_generations=6 retained_bytes=232.05k retained_versions=2.005k
TinyLSM/SnapshotRetentionReleased60s/iterations:1/repeats:5/manual_time_stddev                295339 ns       215001 ns            5 active_snapshots=0 bytes_per_second=996.943Ki/s items_per_second=8.8006k/s live_sstable_bytes=2.09956m operations=116.62u ops_per_second=8.8006k/s overwrite_generations=49.98n retained_bytes=1.93298m retained_versions=16.7017u
TinyLSM/SnapshotRetentionReleased60s/iterations:1/repeats:5/manual_time_cv                      1.37 %          0.61 %             5 active_snapshots=0.00% bytes_per_second=1.36% items_per_second=1.36% live_sstable_bytes=0.00% operations=0.00% ops_per_second=1.36% overwrite_generations=0.00% retained_bytes=0.00% retained_versions=0.00%
TinyLSM/ReadSingleTableHit/iterations:1/repeats:5/manual_time_mean                          17005452 ns     51566466 ns            5 block_decodes=0 block_reads=0 bytes_per_second=325.319Mi/s cache_charge_bytes=0 cache_evictions=0 cache_hits=0 cache_inserts=0 cache_misses=0 items_per_second=2.9407M/s operations=50k ops_per_second=2.9407M/s table_probes=0
TinyLSM/ReadSingleTableHit/iterations:1/repeats:5/manual_time_median                        17058421 ns     51594625 ns            5 block_decodes=0 block_reads=0 bytes_per_second=324.257Mi/s cache_charge_bytes=0 cache_evictions=0 cache_hits=0 cache_inserts=0 cache_misses=0 items_per_second=2.9311M/s operations=50k ops_per_second=2.9311M/s table_probes=0
TinyLSM/ReadSingleTableHit/iterations:1/repeats:5/manual_time_stddev                          240005 ns       255766 ns            5 block_decodes=0 block_reads=0 bytes_per_second=4.5849Mi/s cache_charge_bytes=0 cache_evictions=0 cache_hits=0 cache_inserts=0 cache_misses=0 items_per_second=41.445k/s operations=416.5u ops_per_second=41.445k/s table_probes=0
TinyLSM/ReadSingleTableHit/iterations:1/repeats:5/manual_time_cv                                1.41 %          0.50 %             5 block_decodes=0.00% block_reads=0.00% bytes_per_second=1.41% cache_charge_bytes=0.00% cache_evictions=0.00% cache_hits=0.00% cache_inserts=0.00% cache_misses=0.00% items_per_second=1.41% operations=0.00% ops_per_second=1.41% table_probes=0.00%
LevelDB/ConcurrentFill2/iterations:1/repeats:5/manual_time_mean                             28169636 ns       436975 ns            5 bytes_per_second=78.761Mi/s items_per_second=711.956k/s operations=20k ops_per_second=711.956k/s
LevelDB/ConcurrentFill2/iterations:1/repeats:5/manual_time_median                           28655587 ns       428208 ns            5 bytes_per_second=77.2109Mi/s items_per_second=697.944k/s operations=20k ops_per_second=697.944k/s
LevelDB/ConcurrentFill2/iterations:1/repeats:5/manual_time_stddev                            1647692 ns        34105 ns            5 bytes_per_second=4.66231Mi/s items_per_second=42.1447k/s operations=166.6u ops_per_second=42.1447k/s
LevelDB/ConcurrentFill2/iterations:1/repeats:5/manual_time_cv                                   5.85 %          7.80 %             5 bytes_per_second=5.92% items_per_second=5.92% operations=0.00% ops_per_second=5.92%
TinyLSM/ReadRepeatedHit/iterations:1/repeats:5/manual_time_mean                             11984165 ns     47148766 ns            5 block_decodes=0 block_reads=0 bytes_per_second=461.574Mi/s cache_charge_bytes=0 cache_evictions=0 cache_hits=0 cache_inserts=0 cache_misses=0 items_per_second=4.17237M/s operations=50k ops_per_second=4.17237M/s table_probes=0
TinyLSM/ReadRepeatedHit/iterations:1/repeats:5/manual_time_median                           11965301 ns     46719667 ns            5 block_decodes=0 block_reads=0 bytes_per_second=462.279Mi/s cache_charge_bytes=0 cache_evictions=0 cache_hits=0 cache_inserts=0 cache_misses=0 items_per_second=4.17875M/s operations=50k ops_per_second=4.17875M/s table_probes=0
TinyLSM/ReadRepeatedHit/iterations:1/repeats:5/manual_time_stddev                              92376 ns       983070 ns            5 block_decodes=0 block_reads=0 bytes_per_second=3.557Mi/s cache_charge_bytes=0 cache_evictions=0 cache_hits=0 cache_inserts=0 cache_misses=0 items_per_second=32.1533k/s operations=416.5u ops_per_second=32.1533k/s table_probes=0
TinyLSM/ReadRepeatedHit/iterations:1/repeats:5/manual_time_cv                                   0.77 %          2.09 %             5 block_decodes=0.00% block_reads=0.00% bytes_per_second=0.77% cache_charge_bytes=0.00% cache_evictions=0.00% cache_hits=0.00% cache_inserts=0.00% cache_misses=0.00% items_per_second=0.77% operations=0.00% ops_per_second=0.77% table_probes=0.00%
TinyLSM/ReadRepeatedHitCacheDisabled/iterations:1/repeats:5/manual_time_mean                11885182 ns     46350499 ns            5 block_decodes=0 block_reads=0 bytes_per_second=465.402Mi/s cache_charge_bytes=0 cache_evictions=0 cache_hits=0 cache_inserts=0 cache_misses=0 items_per_second=4.20697M/s operations=50k ops_per_second=4.20697M/s table_probes=0
TinyLSM/ReadRepeatedHitCacheDisabled/iterations:1/repeats:5/manual_time_median              11888884 ns     46228374 ns            5 block_decodes=0 block_reads=0 bytes_per_second=465.251Mi/s cache_charge_bytes=0 cache_evictions=0 cache_hits=0 cache_inserts=0 cache_misses=0 items_per_second=4.20561M/s operations=50k ops_per_second=4.20561M/s table_probes=0
TinyLSM/ReadRepeatedHitCacheDisabled/iterations:1/repeats:5/manual_time_stddev                 47647 ns       231135 ns            5 block_decodes=0 block_reads=0 bytes_per_second=1.86611Mi/s cache_charge_bytes=0 cache_evictions=0 cache_hits=0 cache_inserts=0 cache_misses=0 items_per_second=16.8686k/s operations=416.5u ops_per_second=16.8686k/s table_probes=0
TinyLSM/ReadRepeatedHitCacheDisabled/iterations:1/repeats:5/manual_time_cv                      0.40 %          0.50 %             5 block_decodes=0.00% block_reads=0.00% bytes_per_second=0.40% cache_charge_bytes=0.00% cache_evictions=0.00% cache_hits=0.00% cache_inserts=0.00% cache_misses=0.00% items_per_second=0.40% operations=0.00% ops_per_second=0.40% table_probes=0.00%
TinyLSM/SnapshotWriterOverlapMaterializedScan/iterations:1/repeats:5/manual_time_mean       19339717 ns    143116358 ns            5 bytes_per_second=601.09Mi/s items_per_second=5.43352M/s operations=105k ops_per_second=5.43352M/s write_lock_acquisitions=5k write_lock_wait_ns=5.36252M writer_p50_us=1.7764 writer_p95_us=2.0344 writer_p99_us=2.5268
TinyLSM/SnapshotWriterOverlapMaterializedScan/iterations:1/repeats:5/manual_time_median     19166871 ns    142734166 ns            5 bytes_per_second=606.033Mi/s items_per_second=5.4782M/s operations=105k ops_per_second=5.4782M/s write_lock_acquisitions=5k write_lock_wait_ns=5.49446M writer_p50_us=1.792 writer_p95_us=1.962 writer_p99_us=2.543
TinyLSM/SnapshotWriterOverlapMaterializedScan/iterations:1/repeats:5/manual_time_stddev       609994 ns      1182650 ns            5 bytes_per_second=18.7789Mi/s items_per_second=169.751k/s operations=874.65u ops_per_second=169.751k/s write_lock_acquisitions=41.65u write_lock_wait_ns=983.465k writer_p50_us=0.0232121 writer_p95_us=0.14562 writer_p99_us=0.123611
TinyLSM/SnapshotWriterOverlapMaterializedScan/iterations:1/repeats:5/manual_time_cv             3.15 %          0.83 %             5 bytes_per_second=3.12% items_per_second=3.12% operations=0.00% ops_per_second=3.12% write_lock_acquisitions=0.00% write_lock_wait_ns=18.34% writer_p50_us=1.31% writer_p95_us=7.16% writer_p99_us=4.89%
TinyLSM/SstableDataBlockEncodeV1Random/iterations:1/repeats:5/manual_time_mean              13732112 ns     13721808 ns            5 bytes_per_entry=138 bytes_per_second=150.21Mi/s encoded_bytes=2.261M items_per_second=1.19323M/s operations=16.384k ops_per_second=1.19323M/s restart_interval=0
TinyLSM/SstableDataBlockEncodeV1Random/iterations:1/repeats:5/manual_time_median            13639413 ns     13635208 ns            5 bytes_per_entry=138 bytes_per_second=151.216Mi/s encoded_bytes=2.261M items_per_second=1.20122M/s operations=16.384k ops_per_second=1.20122M/s restart_interval=0
TinyLSM/SstableDataBlockEncodeV1Random/iterations:1/repeats:5/manual_time_stddev              150003 ns       145968 ns            5 bytes_per_entry=1.14954u bytes_per_second=1.63202Mi/s encoded_bytes=0.0188341 items_per_second=12.9643k/s operations=136.479u ops_per_second=12.9643k/s restart_interval=0
TinyLSM/SstableDataBlockEncodeV1Random/iterations:1/repeats:5/manual_time_cv                    1.09 %          1.06 %             5 bytes_per_entry=0.00% bytes_per_second=1.09% encoded_bytes=0.00% items_per_second=1.09% operations=0.00% ops_per_second=1.09% restart_interval=0.00%
TinyLSM/SstableDataBlockEncodeV2PrefixRestart4/iterations:1/repeats:5/manual_time_mean      13969075 ns     13948258 ns            5 bytes_per_entry=135.051 bytes_per_second=147.751Mi/s encoded_bytes=2.21267M items_per_second=1.1737M/s operations=16.384k ops_per_second=1.1737M/s restart_interval=4
TinyLSM/SstableDataBlockEncodeV2PrefixRestart4/iterations:1/repeats:5/manual_time_median    13866609 ns     13856166 ns            5 bytes_per_entry=135.051 bytes_per_second=148.739Mi/s encoded_bytes=2.21267M items_per_second=1.18154M/s operations=16.384k ops_per_second=1.18154M/s restart_interval=4
TinyLSM/SstableDataBlockEncodeV2PrefixRestart4/iterations:1/repeats:5/manual_time_stddev      419674 ns       381125 ns            5 bytes_per_entry=1.12497u bytes_per_second=4.29817Mi/s encoded_bytes=0.0184316 items_per_second=34.1437k/s operations=136.479u ops_per_second=34.1437k/s restart_interval=33.32n
TinyLSM/SstableDataBlockEncodeV2PrefixRestart4/iterations:1/repeats:5/manual_time_cv            3.00 %          2.73 %             5 bytes_per_entry=0.00% bytes_per_second=2.91% encoded_bytes=0.00% items_per_second=2.91% operations=0.00% ops_per_second=2.91% restart_interval=0.00%
TinyLSM/SstableDataBlockLookupV2PrefixRestart16/iterations:1/repeats:5/manual_time_mean    184495993 ns    184428608 ns            5 block_bytes=16.056k bytes_per_entry=125.438 bytes_per_second=1.36469Mi/s items_per_second=10.8407k/s operations=2k ops_per_second=10.8407k/s restart_interval=16
TinyLSM/SstableDataBlockLookupV2PrefixRestart16/iterations:1/repeats:5/manual_time_median  184878645 ns    184847124 ns            5 block_bytes=16.056k bytes_per_entry=125.438 bytes_per_second=1.36181Mi/s items_per_second=10.8179k/s operations=2k ops_per_second=10.8179k/s restart_interval=16
TinyLSM/SstableDataBlockLookupV2PrefixRestart16/iterations:1/repeats:5/manual_time_stddev    1226374 ns      1227207 ns            5 block_bytes=133.747u bytes_per_entry=1.04489u bytes_per_second=9.30405Ki/s items_per_second=72.1769/s operations=16.66u ops_per_second=72.1769/s restart_interval=133.28n
TinyLSM/SstableDataBlockLookupV2PrefixRestart16/iterations:1/repeats:5/manual_time_cv           0.66 %          0.67 %             5 block_bytes=0.00% bytes_per_entry=0.00% bytes_per_second=0.67% items_per_second=0.67% operations=0.00% ops_per_second=0.67% restart_interval=0.00%
TinyLSM/SstableDataBlockEncodeV2PrefixRestart16/iterations:1/repeats:5/manual_time_mean     12775053 ns     12773459 ns            5 bytes_per_entry=125.346 bytes_per_second=161.471Mi/s encoded_bytes=2.05367M items_per_second=1.28269M/s operations=16.384k ops_per_second=1.28269M/s restart_interval=16
TinyLSM/SstableDataBlockEncodeV2PrefixRestart16/iterations:1/repeats:5/manual_time_median   12777018 ns     12776209 ns            5 bytes_per_entry=125.346 bytes_per_second=161.423Mi/s encoded_bytes=2.05367M items_per_second=1.2823M/s operations=16.384k ops_per_second=1.2823M/s restart_interval=16
TinyLSM/SstableDataBlockEncodeV2PrefixRestart16/iterations:1/repeats:5/manual_time_stddev     172268 ns       169300 ns            5 bytes_per_entry=1.04413u bytes_per_second=2.16798Mi/s encoded_bytes=0.0171071 items_per_second=17.2219k/s operations=136.479u ops_per_second=17.2219k/s restart_interval=133.28n
TinyLSM/SstableDataBlockEncodeV2PrefixRestart16/iterations:1/repeats:5/manual_time_cv           1.35 %          1.33 %             5 bytes_per_entry=0.00% bytes_per_second=1.34% encoded_bytes=0.00% items_per_second=1.34% operations=0.00% ops_per_second=1.34% restart_interval=0.00%
TinyLSM/CompactionMixedSizeTiered/iterations:1/repeats:5/manual_time_mean                 1077759906 ns    540632422 ns            5 background_compactions=34 bytes_per_second=4.71821Mi/s compaction_debt_bytes=0 compaction_debt_tables=0 compaction_input_bytes=36.0005M compaction_output_bytes=31.7281M compactions=34 flush_output_bytes=5.46227M foreground_reads=200 foreground_scans=200 foreground_writes=19.6k get_p50_us=282.939 get_p95_us=390.172 get_p99_us=461.832 items_per_second=18.5602k/s live_sstable_bytes=1.18988M logical_live_bytes=1.10187M logical_write_bytes=5.28M operations=20k ops_per_second=18.5602k/s point_lookups=200 put_p50_us=2.7084 put_p95_us=5.4418 put_p99_us=12.6164 read_amplification=3.215 scan_p50_us=1.72946k scan_p95_us=4.34427k scan_p99_us=5.58088k scan_table_inputs=651.8 space_amplification=1.07987 table_count=2 table_probes=643 write_amplification=7.04362
TinyLSM/CompactionMixedSizeTiered/iterations:1/repeats:5/manual_time_median               1075589179 ns    536124748 ns            5 background_compactions=34 bytes_per_second=4.72692Mi/s compaction_debt_bytes=0 compaction_debt_tables=0 compaction_input_bytes=35.9195M compaction_output_bytes=31.6471M compactions=34 flush_output_bytes=5.46227M foreground_reads=200 foreground_scans=200 foreground_writes=19.6k get_p50_us=282.864 get_p95_us=387.058 get_p99_us=461.295 items_per_second=18.5945k/s live_sstable_bytes=1.18988M logical_live_bytes=1.10187M logical_write_bytes=5.28M operations=20k ops_per_second=18.5945k/s point_lookups=200 put_p50_us=2.708 put_p95_us=5.46 put_p99_us=13.795 read_amplification=3.22 scan_p50_us=1.68756k scan_p95_us=4.32781k scan_p99_us=5.26829k scan_table_inputs=653 space_amplification=1.07987 table_count=2 table_probes=644 write_amplification=7.0283
TinyLSM/CompactionMixedSizeTiered/iterations:1/repeats:5/manual_time_stddev                 15777397 ns      9665293 ns            5 background_compactions=283.22n bytes_per_second=70.7108Ki/s compaction_debt_bytes=0 compaction_debt_tables=0 compaction_input_bytes=302.174k compaction_output_bytes=302.174k compactions=283.22n flush_output_bytes=0.0455007 foreground_reads=1.666u foreground_scans=1.666u foreground_writes=163.268u get_p50_us=1.66967 get_p95_us=9.15241 get_p99_us=77.7359 items_per_second=271.638/s live_sstable_bytes=9.9117m logical_live_bytes=9.1786m logical_write_bytes=0.0439824 operations=166.6u ops_per_second=271.638/s point_lookups=1.666u put_p50_us=547.723u put_p95_us=0.111466 put_p99_us=1.85612 read_amplification=0.0269258 scan_p50_us=70.3146 scan_p95_us=53.0189 scan_p99_us=1.14449k scan_table_inputs=4.96991 space_amplification=0 table_count=16.66n table_probes=5.38516 write_amplification=0.0572299
TinyLSM/CompactionMixedSizeTiered/iterations:1/repeats:5/manual_time_cv                         1.46 %          1.79 %             5 background_compactions=0.00% bytes_per_second=1.46% compaction_debt_bytes=0.00% compaction_debt_tables=0.00% compaction_input_bytes=0.84% compaction_output_bytes=0.95% compactions=0.00% flush_output_bytes=0.00% foreground_reads=0.00% foreground_scans=0.00% foreground_writes=0.00% get_p50_us=0.59% get_p95_us=2.35% get_p99_us=16.83% items_per_second=1.46% live_sstable_bytes=0.00% logical_live_bytes=0.00% logical_write_bytes=0.00% operations=0.00% ops_per_second=1.46% point_lookups=0.00% put_p50_us=0.02% put_p95_us=2.05% put_p99_us=14.71% read_amplification=0.84% scan_p50_us=4.07% scan_p95_us=1.22% scan_p99_us=20.51% scan_table_inputs=0.76% space_amplification=0.00% table_count=0.00% table_probes=0.84% write_amplification=0.81%
TinyLSM/GroupCommitOn8Writers/iterations:1/repeats:5/manual_time_mean                      581928374 ns      1123282 ns            5 bytes_per_second=3.65399Mi/s grouped_requests=8.192k items_per_second=14.0863k/s max_group_requests=8 max_writer_queue_depth=7 operations=8.192k ops_per_second=14.0863k/s physical_groups=3.0358k put_p50_us=389.793 put_p95_us=442.289 put_p99_us=481.97 wal_syncs=3.0358k wal_syncs_per_write=0.370581 writer_count=8 writer_queue_wait_us=3.52067M
TinyLSM/GroupCommitOn8Writers/iterations:1/repeats:5/manual_time_median                    578413255 ns      1126538 ns            5 bytes_per_second=3.67384Mi/s grouped_requests=8.192k items_per_second=14.1629k/s max_group_requests=8 max_writer_queue_depth=7 operations=8.192k ops_per_second=14.1629k/s physical_groups=3.049k put_p50_us=387.29 put_p95_us=438.58 put_p99_us=480.69 wal_syncs=3.049k wal_syncs_per_write=0.372192 writer_count=8 writer_queue_wait_us=3.46857M
TinyLSM/GroupCommitOn8Writers/iterations:1/repeats:5/manual_time_stddev                     16624394 ns        25150 ns            5 bytes_per_second=104.697Ki/s grouped_requests=68.2394u items_per_second=394.155/s max_group_requests=66.64n max_writer_queue_depth=58.31n operations=68.2394u ops_per_second=394.155/s physical_groups=26.8645 put_p50_us=9.34022 put_p95_us=11.7759 put_p99_us=11.7677 wal_syncs=26.8645 wal_syncs_per_write=3.27935m writer_count=66.64n writer_queue_wait_us=115.767k
TinyLSM/GroupCommitOn8Writers/iterations:1/repeats:5/manual_time_cv                             2.86 %          2.24 %             5 bytes_per_second=2.80% grouped_requests=0.00% items_per_second=2.80% max_group_requests=0.00% max_writer_queue_depth=0.00% operations=0.00% ops_per_second=2.80% physical_groups=0.88% put_p50_us=2.40% put_p95_us=2.66% put_p99_us=2.44% wal_syncs=0.88% wal_syncs_per_write=0.88% writer_count=0.00% writer_queue_wait_us=3.29%
LevelDB/ReadRandomHit/iterations:1/repeats:5/manual_time_mean                               52417453 ns    115688624 ns            5 bytes_per_second=211.057Mi/s items_per_second=1.90784M/s operations=100k ops_per_second=1.90784M/s
LevelDB/ReadRandomHit/iterations:1/repeats:5/manual_time_median                             52596456 ns    114867290 ns            5 bytes_per_second=210.33Mi/s items_per_second=1.90127M/s operations=100k ops_per_second=1.90127M/s
LevelDB/ReadRandomHit/iterations:1/repeats:5/manual_time_stddev                               380832 ns      2378360 ns            5 bytes_per_second=1.54038Mi/s items_per_second=13.9242k/s operations=833u ops_per_second=13.9242k/s
LevelDB/ReadRandomHit/iterations:1/repeats:5/manual_time_cv                                     0.73 %          2.06 %             5 bytes_per_second=0.73% items_per_second=0.73% operations=0.00% ops_per_second=0.73%
TinyLSM/ReadRandomMiss/iterations:1/repeats:5/manual_time_mean                              25994029 ns    204298974 ns            5 bytes_per_second=58.7029Mi/s items_per_second=3.84716M/s operations=100k ops_per_second=3.84716M/s
TinyLSM/ReadRandomMiss/iterations:1/repeats:5/manual_time_median                            25988928 ns    204688082 ns            5 bytes_per_second=58.7127Mi/s items_per_second=3.84779M/s operations=100k ops_per_second=3.84779M/s
TinyLSM/ReadRandomMiss/iterations:1/repeats:5/manual_time_stddev                              161644 ns       786370 ns            5 bytes_per_second=373.704Ki/s items_per_second=23.9171k/s operations=833u ops_per_second=23.9171k/s
TinyLSM/ReadRandomMiss/iterations:1/repeats:5/manual_time_cv                                    0.62 %          0.38 %             5 bytes_per_second=0.62% items_per_second=0.62% operations=0.00% ops_per_second=0.62%
TinyLSM/SstableDataBlockLookupV2RandomRestart64/iterations:1/repeats:5/manual_time_mean    200682336 ns    200587274 ns            5 block_bytes=17.415k bytes_per_entry=136.055 bytes_per_second=1.25459Mi/s items_per_second=9.96614k/s operations=2k ops_per_second=9.96614k/s restart_interval=64
TinyLSM/SstableDataBlockLookupV2RandomRestart64/iterations:1/repeats:5/manual_time_median  200493512 ns    200460000 ns            5 block_bytes=17.415k bytes_per_entry=136.055 bytes_per_second=1.25575Mi/s items_per_second=9.97539k/s operations=2k ops_per_second=9.97539k/s restart_interval=64
TinyLSM/SstableDataBlockLookupV2RandomRestart64/iterations:1/repeats:5/manual_time_stddev     831405 ns       763778 ns            5 block_bytes=145.067u bytes_per_entry=1.13334u bytes_per_second=5.31749Ki/s items_per_second=41.2508/s operations=16.66u ops_per_second=41.2508/s restart_interval=533.12n
TinyLSM/SstableDataBlockLookupV2RandomRestart64/iterations:1/repeats:5/manual_time_cv           0.41 %          0.38 %             5 block_bytes=0.00% bytes_per_entry=0.00% bytes_per_second=0.41% items_per_second=0.41% operations=0.00% ops_per_second=0.41% restart_interval=0.00%
TinyLSM/GroupCommitOff8Writers/iterations:1/repeats:5/manual_time_mean                    1500790735 ns      1168927 ns            5 bytes_per_second=1.41693Mi/s grouped_requests=8.192k items_per_second=5.46234k/s max_group_requests=1 max_writer_queue_depth=7 operations=8.192k ops_per_second=5.46234k/s physical_groups=8.192k put_p50_us=1.24643k put_p95_us=1.35131k put_p99_us=1.92735k wal_syncs=8.192k wal_syncs_per_write=1 writer_count=8 writer_queue_wait_us=10.7342M
TinyLSM/GroupCommitOff8Writers/iterations:1/repeats:5/manual_time_median                  1473273695 ns      1126501 ns            5 bytes_per_second=1.44237Mi/s grouped_requests=8.192k items_per_second=5.56041k/s max_group_requests=1 max_writer_queue_depth=7 operations=8.192k ops_per_second=5.56041k/s physical_groups=8.192k put_p50_us=1.2464k put_p95_us=1.33762k put_p99_us=1.53398k wal_syncs=8.192k wal_syncs_per_write=1 writer_count=8 writer_queue_wait_us=10.5153M
TinyLSM/GroupCommitOff8Writers/iterations:1/repeats:5/manual_time_stddev                    45158564 ns        99913 ns            5 bytes_per_second=42.8565Ki/s grouped_requests=68.2394u items_per_second=161.342/s max_group_requests=8.33n max_writer_queue_depth=58.31n operations=68.2394u ops_per_second=161.342/s physical_groups=68.2394u put_p50_us=27.7012 put_p95_us=30.3289 put_p99_us=619.09 wal_syncs=68.2394u wal_syncs_per_write=8.33n writer_count=66.64n writer_queue_wait_us=371.749k
TinyLSM/GroupCommitOff8Writers/iterations:1/repeats:5/manual_time_cv                            3.01 %          8.55 %             5 bytes_per_second=2.95% grouped_requests=0.00% items_per_second=2.95% max_group_requests=0.00% max_writer_queue_depth=0.00% operations=0.00% ops_per_second=2.95% physical_groups=0.00% put_p50_us=2.22% put_p95_us=2.24% put_p99_us=32.12% wal_syncs=0.00% wal_syncs_per_write=0.00% writer_count=0.00% writer_queue_wait_us=3.46%
TinyLSM/GroupCommitOn1Writers/iterations:1/repeats:5/manual_time_mean                     1421468975 ns       766809 ns            5 bytes_per_second=1.4955Mi/s grouped_requests=8.192k items_per_second=5.76526k/s max_group_requests=8 max_writer_queue_depth=1 operations=8.192k ops_per_second=5.76526k/s physical_groups=8.192k put_p50_us=170.738 put_p95_us=197.363 put_p99_us=224.245 wal_syncs=8.192k wal_syncs_per_write=1 writer_count=1 writer_queue_wait_us=1.41952M
TinyLSM/GroupCommitOn1Writers/iterations:1/repeats:5/manual_time_median                   1432360822 ns       731584 ns            5 bytes_per_second=1.48356Mi/s grouped_requests=8.192k items_per_second=5.71923k/s max_group_requests=8 max_writer_queue_depth=1 operations=8.192k ops_per_second=5.71923k/s physical_groups=8.192k put_p50_us=171.096 put_p95_us=196.983 put_p99_us=224.675 wal_syncs=8.192k wal_syncs_per_write=1 writer_count=1 writer_queue_wait_us=1.43043M
TinyLSM/GroupCommitOn1Writers/iterations:1/repeats:5/manual_time_stddev                     30824346 ns       103034 ns            5 bytes_per_second=33.7748Ki/s grouped_requests=68.2394u items_per_second=127.152/s max_group_requests=66.64n max_writer_queue_depth=8.33n operations=68.2394u ops_per_second=127.152/s physical_groups=68.2394u put_p50_us=3.75882 put_p95_us=6.12916 put_p99_us=9.87713 wal_syncs=68.2394u wal_syncs_per_write=8.33n writer_count=8.33n writer_queue_wait_us=30.9132k
TinyLSM/GroupCommitOn1Writers/iterations:1/repeats:5/manual_time_cv                             2.17 %         13.44 %             5 bytes_per_second=2.21% grouped_requests=0.00% items_per_second=2.21% max_group_requests=0.00% max_writer_queue_depth=0.00% operations=0.00% ops_per_second=2.21% physical_groups=0.00% put_p50_us=2.20% put_p95_us=3.11% put_p99_us=4.40% wal_syncs=0.00% wal_syncs_per_write=0.00% writer_count=0.00% writer_queue_wait_us=2.18%
TinyLSM/GroupCommitOff2Writers/iterations:1/repeats:5/manual_time_mean                    1449837759 ns       814883 ns            5 bytes_per_second=1.46688Mi/s grouped_requests=8.192k items_per_second=5.65493k/s max_group_requests=1 max_writer_queue_depth=1 operations=8.192k ops_per_second=5.65493k/s physical_groups=8.192k put_p50_us=349.273 put_p95_us=388.271 put_p99_us=413.326 wal_syncs=8.192k wal_syncs_per_write=1 writer_count=2 writer_queue_wait_us=2.89631M
TinyLSM/GroupCommitOff2Writers/iterations:1/repeats:5/manual_time_median                  1462981837 ns       853210 ns            5 bytes_per_second=1.45251Mi/s grouped_requests=8.192k items_per_second=5.59952k/s max_group_requests=1 max_writer_queue_depth=1 operations=8.192k ops_per_second=5.59952k/s physical_groups=8.192k put_p50_us=353.269 put_p95_us=392.083 put_p99_us=417.674 wal_syncs=8.192k wal_syncs_per_write=1 writer_count=2 writer_queue_wait_us=2.92181M
TinyLSM/GroupCommitOff2Writers/iterations:1/repeats:5/manual_time_stddev                    45673461 ns        79183 ns            5 bytes_per_second=48.9161Ki/s grouped_requests=68.2394u items_per_second=184.155/s max_group_requests=8.33n max_writer_queue_depth=8.33n operations=68.2394u ops_per_second=184.155/s physical_groups=68.2394u put_p50_us=11.1112 put_p95_us=10.4165 put_p99_us=10.7757 wal_syncs=68.2394u wal_syncs_per_write=8.33n writer_count=16.66n writer_queue_wait_us=91.1189k
TinyLSM/GroupCommitOff2Writers/iterations:1/repeats:5/manual_time_cv                            3.15 %          9.72 %             5 bytes_per_second=3.26% grouped_requests=0.00% items_per_second=3.26% max_group_requests=0.00% max_writer_queue_depth=0.00% operations=0.00% ops_per_second=3.26% physical_groups=0.00% put_p50_us=3.18% put_p95_us=2.68% put_p99_us=2.61% wal_syncs=0.00% wal_syncs_per_write=0.00% writer_count=0.00% writer_queue_wait_us=3.15%
TinyLSM/ConcurrentRead2/iterations:1/repeats:5/manual_time_mean                              9805021 ns     34958167 ns            5 bytes_per_second=451.44Mi/s items_per_second=4.08077M/s operations=40k ops_per_second=4.08077M/s
TinyLSM/ConcurrentRead2/iterations:1/repeats:5/manual_time_median                            9835951 ns     34946333 ns            5 bytes_per_second=449.885Mi/s items_per_second=4.06671M/s operations=40k ops_per_second=4.06671M/s
TinyLSM/ConcurrentRead2/iterations:1/repeats:5/manual_time_stddev                             190289 ns       270071 ns            5 bytes_per_second=8.74946Mi/s items_per_second=79.0903k/s operations=333.2u ops_per_second=79.0903k/s
TinyLSM/ConcurrentRead2/iterations:1/repeats:5/manual_time_cv                                   1.94 %          0.77 %             5 bytes_per_second=1.94% items_per_second=1.94% operations=0.00% ops_per_second=1.94%
TinyLSM/ScanMultiTableRepeated/iterations:1/repeats:5/manual_time                         ERROR OCCURRED: 'multi-table Scan result mismatch'
TinyLSM/ScanMultiTableRepeated/iterations:1/repeats:5/manual_time                         ERROR OCCURRED: 'multi-table Scan result mismatch'
TinyLSM/ScanMultiTableRepeated/iterations:1/repeats:5/manual_time                         ERROR OCCURRED: 'multi-table Scan result mismatch'
TinyLSM/ScanMultiTableRepeated/iterations:1/repeats:5/manual_time                         ERROR OCCURRED: 'multi-table Scan result mismatch'
TinyLSM/ScanMultiTableRepeated/iterations:1/repeats:5/manual_time                         ERROR OCCURRED: 'multi-table Scan result mismatch'
TinyLSM/ReadMultiTableMiss/iterations:1/repeats:5/manual_time_mean                          33531830 ns     67071117 ns            5 block_decodes=216 block_reads=216 bytes_per_second=11.3766Mi/s cache_charge_bytes=3.95176M cache_evictions=0 cache_hits=72.4662k cache_inserts=162 cache_misses=162 items_per_second=745.576k/s operations=25k ops_per_second=745.576k/s table_probes=73.2542k
TinyLSM/ReadMultiTableMiss/iterations:1/repeats:5/manual_time_median                        33452347 ns     67012876 ns            5 block_decodes=216 block_reads=216 bytes_per_second=11.4034Mi/s cache_charge_bytes=3.95176M cache_evictions=0 cache_hits=72.716k cache_inserts=162 cache_misses=162 items_per_second=747.332k/s operations=25k ops_per_second=747.332k/s table_probes=73.506k
TinyLSM/ReadMultiTableMiss/iterations:1/repeats:5/manual_time_stddev                          171870 ns       294328 ns            5 block_decodes=1.79928u block_reads=1.79928u bytes_per_second=59.3553Ki/s cache_charge_bytes=0.0329181 cache_evictions=0 cache_hits=641.627 cache_inserts=1.34946u cache_misses=1.34946u items_per_second=3.79874k/s operations=208.25u ops_per_second=3.79874k/s table_probes=646.042
TinyLSM/ReadMultiTableMiss/iterations:1/repeats:5/manual_time_cv                                0.51 %          0.44 %             5 block_decodes=0.00% block_reads=0.00% bytes_per_second=0.51% cache_charge_bytes=0.00% cache_evictions=0.00% cache_hits=0.89% cache_inserts=0.00% cache_misses=0.00% items_per_second=0.51% operations=0.00% ops_per_second=0.51% table_probes=0.88%
TinyLSM/SnapshotIterator10K/iterations:1/repeats:5/manual_time_mean                          9887469 ns     23844267 ns            5 bytes_per_second=1.09494Gi/s first_result_ns=319.984k items_per_second=10.1352M/s operations=100k ops_per_second=10.1352M/s peak_rss_kb=811.59k snapshot_sequence=10k
TinyLSM/SnapshotIterator10K/iterations:1/repeats:5/manual_time_median                        9976012 ns     24027875 ns            5 bytes_per_second=1.08293Gi/s first_result_ns=320.152k items_per_second=10.024M/s operations=100k ops_per_second=10.024M/s peak_rss_kb=816.884k snapshot_sequence=10k
TinyLSM/SnapshotIterator10K/iterations:1/repeats:5/manual_time_stddev                         498942 ns       436219 ns            5 bytes_per_second=58.586Mi/s first_result_ns=6.65591k items_per_second=529.585k/s operations=833u ops_per_second=529.585k/s peak_rss_kb=42.9065k snapshot_sequence=83.3u
TinyLSM/SnapshotIterator10K/iterations:1/repeats:5/manual_time_cv                               5.05 %          1.83 %             5 bytes_per_second=5.23% first_result_ns=2.08% items_per_second=5.23% operations=0.00% ops_per_second=5.23% peak_rss_kb=5.29% snapshot_sequence=0.00%
TinyLSM/SnapshotMaterializedScan10K/iterations:1/repeats:5/manual_time_mean                 13706705 ns     27554050 ns            5 bytes_per_second=807.678Mi/s first_result_ns=1.20773M items_per_second=7.30097M/s operations=100k ops_per_second=7.30097M/s peak_rss_kb=834.159k snapshot_sequence=10k
TinyLSM/SnapshotMaterializedScan10K/iterations:1/repeats:5/manual_time_median               13847846 ns     27498793 ns            5 bytes_per_second=798.87Mi/s first_result_ns=1.22011M items_per_second=7.22134M/s operations=100k ops_per_second=7.22134M/s peak_rss_kb=835.768k snapshot_sequence=10k
TinyLSM/SnapshotMaterializedScan10K/iterations:1/repeats:5/manual_time_stddev                 406856 ns       379067 ns            5 bytes_per_second=24.5364Mi/s first_result_ns=38.7396k items_per_second=221.796k/s operations=833u ops_per_second=221.796k/s peak_rss_kb=18.3347k snapshot_sequence=83.3u
TinyLSM/SnapshotMaterializedScan10K/iterations:1/repeats:5/manual_time_cv                       2.97 %          1.38 %             5 bytes_per_second=3.04% first_result_ns=3.21% items_per_second=3.04% operations=0.00% ops_per_second=3.04% peak_rss_kb=2.20% snapshot_sequence=0.00%
TinyLSM/SnapshotMaterializedScan100K/iterations:1/repeats:5/manual_time_mean               138857959 ns    281629558 ns            5 bytes_per_second=796.823Mi/s first_result_ns=12.2288M items_per_second=7.20284M/s operations=1M ops_per_second=7.20284M/s peak_rss_kb=813.033k snapshot_sequence=100k
TinyLSM/SnapshotMaterializedScan100K/iterations:1/repeats:5/manual_time_median             138820541 ns    281413750 ns            5 bytes_per_second=796.901Mi/s first_result_ns=12.2146M items_per_second=7.20354M/s operations=1M ops_per_second=7.20354M/s peak_rss_kb=824.256k snapshot_sequence=100k
TinyLSM/SnapshotMaterializedScan100K/iterations:1/repeats:5/manual_time_stddev               2042619 ns      1665974 ns            5 bytes_per_second=11.638Mi/s first_result_ns=191.438k items_per_second=105.201k/s operations=8.33m ops_per_second=105.201k/s peak_rss_kb=37.9204k snapshot_sequence=833u
TinyLSM/SnapshotMaterializedScan100K/iterations:1/repeats:5/manual_time_cv                      1.47 %          0.59 %             5 bytes_per_second=1.46% first_result_ns=1.57% items_per_second=1.46% operations=0.00% ops_per_second=1.46% peak_rss_kb=4.66% snapshot_sequence=0.00%
TinyLSM/ScanTail10000Repeated/iterations:1/repeats:5/manual_time_mean                       29879087 ns    209673300 ns            5 bytes_per_second=740.739Mi/s items_per_second=6.69588M/s operations=200k ops_per_second=6.69588M/s
TinyLSM/ScanTail10000Repeated/iterations:1/repeats:5/manual_time_median                     29695068 ns    210017166 ns            5 bytes_per_second=745.081Mi/s items_per_second=6.73513M/s operations=200k ops_per_second=6.73513M/s
TinyLSM/ScanTail10000Repeated/iterations:1/repeats:5/manual_time_stddev                       616044 ns      2174212 ns            5 bytes_per_second=14.9579Mi/s items_per_second=135.211k/s operations=1.666m ops_per_second=135.211k/s
TinyLSM/ScanTail10000Repeated/iterations:1/repeats:5/manual_time_cv                             2.06 %          1.04 %             5 bytes_per_second=2.02% items_per_second=2.02% operations=0.00% ops_per_second=2.02%
TinyLSM/SnapshotWriterOverlapIterator/iterations:1/repeats:5/manual_time_mean               14582463 ns    143803099 ns            5 bytes_per_second=799.398Mi/s items_per_second=7.22611M/s operations=105k ops_per_second=7.22611M/s write_lock_acquisitions=5k write_lock_wait_ns=5.35757M writer_p50_us=1.7764 writer_p95_us=2.127 writer_p99_us=2.5772
TinyLSM/SnapshotWriterOverlapIterator/iterations:1/repeats:5/manual_time_median             14650856 ns    143343333 ns            5 bytes_per_second=792.838Mi/s items_per_second=7.16682M/s operations=105k ops_per_second=7.16682M/s write_lock_acquisitions=5k write_lock_wait_ns=5.54211M writer_p50_us=1.791 writer_p95_us=2.167 writer_p99_us=2.546
TinyLSM/SnapshotWriterOverlapIterator/iterations:1/repeats:5/manual_time_stddev               948816 ns      1063297 ns            5 bytes_per_second=54.6532Mi/s items_per_second=494.035k/s operations=874.65u ops_per_second=494.035k/s write_lock_acquisitions=41.65u write_lock_wait_ns=839.479k writer_p50_us=0.0223338 writer_p95_us=0.126258 writer_p99_us=0.0815365
TinyLSM/SnapshotWriterOverlapIterator/iterations:1/repeats:5/manual_time_cv                     6.51 %          0.74 %             5 bytes_per_second=6.84% items_per_second=6.84% operations=0.00% ops_per_second=6.84% write_lock_acquisitions=0.00% write_lock_wait_ns=15.67% writer_p50_us=1.26% writer_p95_us=5.94% writer_p99_us=3.16%
TinyLSM/ScanMultiTableCacheDisabled/iterations:1/repeats:5/manual_time                    ERROR OCCURRED: 'multi-table Scan result mismatch'
TinyLSM/ScanMultiTableCacheDisabled/iterations:1/repeats:5/manual_time                    ERROR OCCURRED: 'multi-table Scan result mismatch'
TinyLSM/ScanMultiTableCacheDisabled/iterations:1/repeats:5/manual_time                    ERROR OCCURRED: 'multi-table Scan result mismatch'
TinyLSM/ScanMultiTableCacheDisabled/iterations:1/repeats:5/manual_time                    ERROR OCCURRED: 'multi-table Scan result mismatch'
TinyLSM/ScanMultiTableCacheDisabled/iterations:1/repeats:5/manual_time                    ERROR OCCURRED: 'multi-table Scan result mismatch'
TinyLSM/FillSequentialAsync/iterations:1/repeats:5/manual_time_mean                        189108550 ns    179880265 ns            5 bytes_per_second=58.5064Mi/s items_per_second=528.866k/s operations=100k ops_per_second=528.866k/s
TinyLSM/FillSequentialAsync/iterations:1/repeats:5/manual_time_median                      188050661 ns    179905373 ns            5 bytes_per_second=58.8279Mi/s items_per_second=531.772k/s operations=100k ops_per_second=531.772k/s
TinyLSM/FillSequentialAsync/iterations:1/repeats:5/manual_time_stddev                        2431411 ns       640790 ns            5 bytes_per_second=758.51Ki/s items_per_second=6.69581k/s operations=833u ops_per_second=6.69581k/s
TinyLSM/FillSequentialAsync/iterations:1/repeats:5/manual_time_cv                               1.29 %          0.36 %             5 bytes_per_second=1.27% items_per_second=1.27% operations=0.00% ops_per_second=1.27%
TinyLSM/ConcurrentRead1/iterations:1/repeats:5/manual_time_mean                             13638028 ns     34865549 ns            5 bytes_per_second=324.503Mi/s items_per_second=2.93333M/s operations=40k ops_per_second=2.93333M/s
TinyLSM/ConcurrentRead1/iterations:1/repeats:5/manual_time_median                           13600707 ns     34958998 ns            5 bytes_per_second=325.354Mi/s items_per_second=2.94102M/s operations=40k ops_per_second=2.94102M/s
TinyLSM/ConcurrentRead1/iterations:1/repeats:5/manual_time_stddev                             167998 ns       312196 ns            5 bytes_per_second=3.9833Mi/s items_per_second=36.0068k/s operations=333.2u ops_per_second=36.0068k/s
TinyLSM/ConcurrentRead1/iterations:1/repeats:5/manual_time_cv                                   1.23 %          0.90 %             5 bytes_per_second=1.23% items_per_second=1.23% operations=0.00% ops_per_second=1.23%
TinyLSM/FillBatch10/iterations:1/repeats:5/manual_time_mean                                 21010703 ns      3339228 ns            5 bytes_per_second=5.28281Mi/s items_per_second=47.7537k/s operations=1k ops_per_second=47.7537k/s
TinyLSM/FillBatch10/iterations:1/repeats:5/manual_time_median                               20476547 ns      3420674 ns            5 bytes_per_second=5.40258Mi/s items_per_second=48.8364k/s operations=1k ops_per_second=48.8364k/s
TinyLSM/FillBatch10/iterations:1/repeats:5/manual_time_stddev                                1382596 ns       153200 ns            5 bytes_per_second=342.445Ki/s items_per_second=3.02296k/s operations=8.33u ops_per_second=3.02296k/s
TinyLSM/FillBatch10/iterations:1/repeats:5/manual_time_cv                                       6.58 %          4.59 %             5 bytes_per_second=6.33% items_per_second=6.33% operations=0.00% ops_per_second=6.33%
TinyLSM/SnapshotIterator1000K/iterations:1/repeats:5/manual_time_mean                     1039782549 ns   2671051282 ns            5 bytes_per_second=1.03929Gi/s first_result_ns=36.2953M items_per_second=9.62007M/s operations=10M ops_per_second=9.62007M/s peak_rss_kb=779.287k snapshot_sequence=1M
TinyLSM/SnapshotIterator1000K/iterations:1/repeats:5/manual_time_median                   1039823722 ns   2658069784 ns            5 bytes_per_second=1.03896Gi/s first_result_ns=36.3528M items_per_second=9.61701M/s operations=10M ops_per_second=9.61701M/s peak_rss_kb=794.124k snapshot_sequence=1M
TinyLSM/SnapshotIterator1000K/iterations:1/repeats:5/manual_time_stddev                     19396312 ns     90454110 ns            5 bytes_per_second=19.7997Mi/s first_result_ns=451.03k items_per_second=178.978k/s operations=0.0833 ops_per_second=178.978k/s peak_rss_kb=83.1713k snapshot_sequence=8.33m
TinyLSM/SnapshotIterator1000K/iterations:1/repeats:5/manual_time_cv                             1.87 %          3.39 %             5 bytes_per_second=1.86% first_result_ns=1.24% items_per_second=1.86% operations=0.00% ops_per_second=1.86% peak_rss_kb=10.67% snapshot_sequence=0.00%
TinyLSM/SnapshotRetentionHeld0s/iterations:1/repeats:5/manual_time_mean                     10829540 ns      8047492 ns            5 active_snapshots=1 bytes_per_second=20.436Mi/s items_per_second=184.73k/s live_sstable_bytes=251.927k operations=2k ops_per_second=184.73k/s overwrite_generations=0 retained_bytes=232k retained_versions=2k
TinyLSM/SnapshotRetentionHeld0s/iterations:1/repeats:5/manual_time_median                   10732848 ns      8011626 ns            5 active_snapshots=1 bytes_per_second=20.6145Mi/s items_per_second=186.344k/s live_sstable_bytes=251.927k operations=2k ops_per_second=186.344k/s overwrite_generations=0 retained_bytes=232k retained_versions=2k
TinyLSM/SnapshotRetentionHeld0s/iterations:1/repeats:5/manual_time_stddev                     199818 ns       122033 ns            5 active_snapshots=8.33n bytes_per_second=383.378Ki/s items_per_second=3.38431k/s live_sstable_bytes=2.09855m operations=16.66u ops_per_second=3.38431k/s overwrite_generations=0 retained_bytes=1.93256m retained_versions=16.66u
TinyLSM/SnapshotRetentionHeld0s/iterations:1/repeats:5/manual_time_cv                           1.85 %          1.52 %             5 active_snapshots=0.00% bytes_per_second=1.83% items_per_second=1.83% live_sstable_bytes=0.00% operations=0.00% ops_per_second=1.83% overwrite_generations=0.00% retained_bytes=0.00% retained_versions=0.00%
TinyLSM/WriteFlushLatencySync/iterations:1/repeats:5/manual_time_mean                     3800845636 ns    351485032 ns            5 background_flushes=26 background_queue_depth_max=1 bytes_per_second=1.36513Mi/s flush_stall_ns=64.7194M items_per_second=5.26265k/s memtable_rotations=26 operations=20k ops_per_second=5.26265k/s put_p50_us=176.785 put_p95_us=203.51 put_p99_us=245.962 wal_syncs=20k
TinyLSM/WriteFlushLatencySync/iterations:1/repeats:5/manual_time_median                   3821744938 ns    351019809 ns            5 background_flushes=26 background_queue_depth_max=1 bytes_per_second=1.35749Mi/s flush_stall_ns=68.912M items_per_second=5.23321k/s memtable_rotations=26 operations=20k ops_per_second=5.23321k/s put_p50_us=176.847 put_p95_us=203.835 put_p99_us=245.621 wal_syncs=20k
TinyLSM/WriteFlushLatencySync/iterations:1/repeats:5/manual_time_stddev                     47373802 ns      1129790 ns            5 background_flushes=216.58n background_queue_depth_max=8.33n bytes_per_second=17.5517Ki/s flush_stall_ns=16.6301M items_per_second=66.0771/s memtable_rotations=216.58n operations=166.6u ops_per_second=66.0771/s put_p50_us=0.728501 put_p95_us=1.05418 put_p99_us=3.56617 wal_syncs=166.6u
TinyLSM/WriteFlushLatencySync/iterations:1/repeats:5/manual_time_cv                             1.25 %          0.32 %             5 background_flushes=0.00% background_queue_depth_max=0.00% bytes_per_second=1.26% flush_stall_ns=25.70% items_per_second=1.26% memtable_rotations=0.00% operations=0.00% ops_per_second=1.26% put_p50_us=0.41% put_p95_us=0.52% put_p99_us=1.45% wal_syncs=0.00%
TinyLSM/ScanSingleTableRepeated/iterations:1/repeats:5/manual_time_mean                     27824644 ns     62669399 ns            5 block_decodes=60.6 block_reads=61.6 bytes_per_second=795.623Mi/s cache_charge_bytes=0 cache_evictions=0 cache_hits=0 cache_inserts=0 cache_misses=0 items_per_second=7.192M/s operations=200k ops_per_second=7.192M/s table_probes=0
TinyLSM/ScanSingleTableRepeated/iterations:1/repeats:5/manual_time_median                   28253579 ns     62737207 ns            5 block_decodes=62 block_reads=63 bytes_per_second=783.095Mi/s cache_charge_bytes=0 cache_evictions=0 cache_hits=0 cache_inserts=0 cache_misses=0 items_per_second=7.07875M/s operations=200k ops_per_second=7.07875M/s table_probes=0
TinyLSM/ScanSingleTableRepeated/iterations:1/repeats:5/manual_time_stddev                     733742 ns       199019 ns            5 block_decodes=8.20366 block_reads=8.20366 bytes_per_second=21.6283Mi/s cache_charge_bytes=0 cache_evictions=0 cache_hits=0 cache_inserts=0 cache_misses=0 items_per_second=195.508k/s operations=1.666m ops_per_second=195.508k/s table_probes=0
TinyLSM/ScanSingleTableRepeated/iterations:1/repeats:5/manual_time_cv                           2.64 %          0.32 %             5 block_decodes=13.54% block_reads=13.32% bytes_per_second=2.72% cache_charge_bytes=0.00% cache_evictions=0.00% cache_hits=0.00% cache_inserts=0.00% cache_misses=0.00% items_per_second=2.72% operations=0.00% ops_per_second=2.72% table_probes=0.00%
TinyLSM/ConcurrentRead4/iterations:1/repeats:5/manual_time_mean                              8925748 ns     35551410 ns            5 bytes_per_second=498.483Mi/s items_per_second=4.50601M/s operations=40k ops_per_second=4.50601M/s
TinyLSM/ConcurrentRead4/iterations:1/repeats:5/manual_time_median                            8544008 ns     35654507 ns            5 bytes_per_second=517.913Mi/s items_per_second=4.68164M/s operations=40k ops_per_second=4.68164M/s
TinyLSM/ConcurrentRead4/iterations:1/repeats:5/manual_time_stddev                             766959 ns       591956 ns            5 bytes_per_second=39.6199Mi/s items_per_second=358.142k/s operations=333.2u ops_per_second=358.142k/s
TinyLSM/ConcurrentRead4/iterations:1/repeats:5/manual_time_cv                                   8.59 %          1.67 %             5 bytes_per_second=7.95% items_per_second=7.95% operations=0.00% ops_per_second=7.95%
LevelDB/ReadRandomMiss/iterations:1/repeats:5/manual_time_mean                              26354806 ns     88980048 ns            5 bytes_per_second=57.8996Mi/s items_per_second=3.79451M/s operations=100k ops_per_second=3.79451M/s
LevelDB/ReadRandomMiss/iterations:1/repeats:5/manual_time_median                            26401928 ns     88995705 ns            5 bytes_per_second=57.7942Mi/s items_per_second=3.7876M/s operations=100k ops_per_second=3.7876M/s
LevelDB/ReadRandomMiss/iterations:1/repeats:5/manual_time_stddev                              173425 ns       703670 ns            5 bytes_per_second=390.603Ki/s items_per_second=24.9986k/s operations=833u ops_per_second=24.9986k/s
LevelDB/ReadRandomMiss/iterations:1/repeats:5/manual_time_cv                                    0.66 %          0.79 %             5 bytes_per_second=0.66% items_per_second=0.66% operations=0.00% ops_per_second=0.66%
LevelDB/FillSequentialSync/iterations:1/repeats:5/manual_time_mean                         179034599 ns     12936139 ns            5 bytes_per_second=636.034Ki/s items_per_second=5.61465k/s operations=1k ops_per_second=5.61465k/s
LevelDB/FillSequentialSync/iterations:1/repeats:5/manual_time_median                       180778646 ns     13000199 ns            5 bytes_per_second=626.63Ki/s items_per_second=5.53163k/s operations=1k ops_per_second=5.53163k/s
LevelDB/FillSequentialSync/iterations:1/repeats:5/manual_time_stddev                        14552688 ns       365417 ns            5 bytes_per_second=50.852Ki/s items_per_second=448.9/s operations=8.33u ops_per_second=448.9/s
LevelDB/FillSequentialSync/iterations:1/repeats:5/manual_time_cv                                8.13 %          2.82 %             5 bytes_per_second=8.00% items_per_second=8.00% operations=0.00% ops_per_second=8.00%
TinyLSM/SstableDataBlockEncodeV1Prefix/iterations:1/repeats:5/manual_time_mean              16742040 ns     16714967 ns            5 bytes_per_entry=170 bytes_per_second=123.201Mi/s encoded_bytes=2.78529M items_per_second=978.683k/s operations=16.384k ops_per_second=978.683k/s restart_interval=0
TinyLSM/SstableDataBlockEncodeV1Prefix/iterations:1/repeats:5/manual_time_median            16687351 ns     16686208 ns            5 bytes_per_entry=170 bytes_per_second=123.597Mi/s encoded_bytes=2.78529M items_per_second=981.822k/s operations=16.384k ops_per_second=981.822k/s restart_interval=0
TinyLSM/SstableDataBlockEncodeV1Prefix/iterations:1/repeats:5/manual_time_stddev              157011 ns       166566 ns            5 bytes_per_entry=1.4161u bytes_per_second=1.14721Mi/s encoded_bytes=0.0232015 items_per_second=9.11317k/s operations=136.479u ops_per_second=9.11317k/s restart_interval=0
TinyLSM/SstableDataBlockEncodeV1Prefix/iterations:1/repeats:5/manual_time_cv                    0.94 %          1.00 %             5 bytes_per_entry=0.00% bytes_per_second=0.93% encoded_bytes=0.00% items_per_second=0.93% operations=0.00% ops_per_second=0.93% restart_interval=0.00%
TinyLSM/SstableDataBlockEncodeV2RandomRestart64/iterations:1/repeats:5/manual_time_mean     13571988 ns     13571292 ns            5 bytes_per_entry=134.259 bytes_per_second=151.982Mi/s encoded_bytes=2.1997M items_per_second=1.20731M/s operations=16.384k ops_per_second=1.20731M/s restart_interval=64
TinyLSM/SstableDataBlockEncodeV2RandomRestart64/iterations:1/repeats:5/manual_time_median   13622376 ns     13625125 ns            5 bytes_per_entry=134.259 bytes_per_second=151.405Mi/s encoded_bytes=2.1997M items_per_second=1.20273M/s operations=16.384k ops_per_second=1.20273M/s restart_interval=64
TinyLSM/SstableDataBlockEncodeV2RandomRestart64/iterations:1/repeats:5/manual_time_stddev     149022 ns       150894 ns            5 bytes_per_entry=1.11838u bytes_per_second=1.68506Mi/s encoded_bytes=0.0183235 items_per_second=13.3857k/s operations=136.479u ops_per_second=13.3857k/s restart_interval=533.12n
TinyLSM/SstableDataBlockEncodeV2RandomRestart64/iterations:1/repeats:5/manual_time_cv           1.10 %          1.11 %             5 bytes_per_entry=0.00% bytes_per_second=1.11% encoded_bytes=0.00% items_per_second=1.11% operations=0.00% ops_per_second=1.11% restart_interval=0.00%
TinyLSM/ReadMultiTableHit/iterations:1/repeats:5/manual_time_mean                           34254727 ns     67979118 ns            5 block_decodes=216 block_reads=216 bytes_per_second=80.7437Mi/s cache_charge_bytes=3.95176M cache_evictions=0 cache_hits=73.1172k cache_inserts=162 cache_misses=162 items_per_second=729.878k/s operations=25k ops_per_second=729.878k/s table_probes=73.7088k
TinyLSM/ReadMultiTableHit/iterations:1/repeats:5/manual_time_median                         34396325 ns     68067669 ns            5 block_decodes=216 block_reads=216 bytes_per_second=80.4056Mi/s cache_charge_bytes=3.95176M cache_evictions=0 cache_hits=73.161k cache_inserts=162 cache_misses=162 items_per_second=726.822k/s operations=25k ops_per_second=726.822k/s table_probes=73.752k
TinyLSM/ReadMultiTableHit/iterations:1/repeats:5/manual_time_stddev                           322933 ns       625848 ns            5 block_decodes=1.79928u block_reads=1.79928u bytes_per_second=782.662Ki/s cache_charge_bytes=0.0329181 cache_evictions=0 cache_hits=157.605 cache_inserts=1.34946u cache_misses=1.34946u items_per_second=6.90902k/s operations=208.25u ops_per_second=6.90902k/s table_probes=158.333
TinyLSM/ReadMultiTableHit/iterations:1/repeats:5/manual_time_cv                                 0.94 %          0.92 %             5 block_decodes=0.00% block_reads=0.00% bytes_per_second=0.95% cache_charge_bytes=0.00% cache_evictions=0.00% cache_hits=0.22% cache_inserts=0.00% cache_misses=0.00% items_per_second=0.95% operations=0.00% ops_per_second=0.95% table_probes=0.21%
TinyLSM/GroupCommitOn2Writers/iterations:1/repeats:5/manual_time_mean                     1458798230 ns       848742 ns            5 bytes_per_second=1.45693Mi/s grouped_requests=8.192k items_per_second=5.61656k/s max_group_requests=8 max_writer_queue_depth=1 operations=8.192k ops_per_second=5.61656k/s physical_groups=8.192k put_p50_us=351.606 put_p95_us=394.532 put_p99_us=433.77 wal_syncs=8.192k wal_syncs_per_write=1 writer_count=2 writer_queue_wait_us=2.91426M
TinyLSM/GroupCommitOn2Writers/iterations:1/repeats:5/manual_time_median                   1456903960 ns       829792 ns            5 bytes_per_second=1.45857Mi/s grouped_requests=8.192k items_per_second=5.62288k/s max_group_requests=8 max_writer_queue_depth=1 operations=8.192k ops_per_second=5.62288k/s physical_groups=8.192k put_p50_us=352.261 put_p95_us=393.782 put_p99_us=425.184 wal_syncs=8.192k wal_syncs_per_write=1 writer_count=2 writer_queue_wait_us=2.9106M
TinyLSM/GroupCommitOn2Writers/iterations:1/repeats:5/manual_time_stddev                     21531314 ns       104459 ns            5 bytes_per_second=21.9543Ki/s grouped_requests=68.2394u items_per_second=82.6513/s max_group_requests=66.64n max_writer_queue_depth=8.33n operations=68.2394u ops_per_second=82.6513/s physical_groups=68.2394u put_p50_us=5.93503 put_p95_us=4.84335 put_p99_us=19.2267 wal_syncs=68.2394u wal_syncs_per_write=8.33n writer_count=16.66n writer_queue_wait_us=43.2955k
TinyLSM/GroupCommitOn2Writers/iterations:1/repeats:5/manual_time_cv                             1.48 %         12.31 %             5 bytes_per_second=1.47% grouped_requests=0.00% items_per_second=1.47% max_group_requests=0.00% max_writer_queue_depth=0.00% operations=0.00% ops_per_second=1.47% physical_groups=0.00% put_p50_us=1.69% put_p95_us=1.23% put_p99_us=4.43% wal_syncs=0.00% wal_syncs_per_write=0.00% writer_count=0.00% writer_queue_wait_us=1.49%
TinyLSM/ConcurrentRead8/iterations:1/repeats:5/manual_time_mean                              7565830 ns     35289840 ns            5 bytes_per_second=586.246Mi/s items_per_second=5.29934M/s operations=40k ops_per_second=5.29934M/s
TinyLSM/ConcurrentRead8/iterations:1/repeats:5/manual_time_median                            7376280 ns     35175617 ns            5 bytes_per_second=599.903Mi/s items_per_second=5.42279M/s operations=40k ops_per_second=5.42279M/s
TinyLSM/ConcurrentRead8/iterations:1/repeats:5/manual_time_stddev                             417957 ns       260720 ns            5 bytes_per_second=31.0902Mi/s items_per_second=281.038k/s operations=333.2u ops_per_second=281.038k/s
TinyLSM/ConcurrentRead8/iterations:1/repeats:5/manual_time_cv                                   5.52 %          0.74 %             5 bytes_per_second=5.30% items_per_second=5.30% operations=0.00% ops_per_second=5.30%
TinyLSM/FillSequentialSync/iterations:1/repeats:5/manual_time_mean                         174645638 ns     14925425 ns            5 bytes_per_second=649.736Ki/s items_per_second=5.7356k/s operations=1k ops_per_second=5.7356k/s
TinyLSM/FillSequentialSync/iterations:1/repeats:5/manual_time_median                       178663205 ns     15110008 ns            5 bytes_per_second=634.049Ki/s items_per_second=5.59712k/s operations=1k ops_per_second=5.59712k/s
TinyLSM/FillSequentialSync/iterations:1/repeats:5/manual_time_stddev                         7970740 ns       658592 ns            5 bytes_per_second=30.1581Ki/s items_per_second=266.223/s operations=8.33u ops_per_second=266.223/s
TinyLSM/FillSequentialSync/iterations:1/repeats:5/manual_time_cv                                4.56 %          4.41 %             5 bytes_per_second=4.64% items_per_second=4.64% operations=0.00% ops_per_second=4.64%
TinyLSM/SnapshotMaterializedScan1000K/iterations:1/repeats:5/manual_time_mean             1468685799 ns   3057129772 ns            5 bytes_per_second=753.273Mi/s first_result_ns=136.038M items_per_second=6.80918M/s operations=10M ops_per_second=6.80918M/s peak_rss_kb=917.641k snapshot_sequence=1M
TinyLSM/SnapshotMaterializedScan1000K/iterations:1/repeats:5/manual_time_median           1466443613 ns   3052586737 ns            5 bytes_per_second=754.384Mi/s first_result_ns=135.89M items_per_second=6.81922M/s operations=10M ops_per_second=6.81922M/s peak_rss_kb=942.2k snapshot_sequence=1M
TinyLSM/SnapshotMaterializedScan1000K/iterations:1/repeats:5/manual_time_stddev             12052792 ns     23238627 ns            5 bytes_per_second=6.18512Mi/s first_result_ns=1.0255M items_per_second=55.9101k/s operations=0.0833 ops_per_second=55.9101k/s peak_rss_kb=56.8999k snapshot_sequence=8.33m
TinyLSM/SnapshotMaterializedScan1000K/iterations:1/repeats:5/manual_time_cv                     0.82 %          0.76 %             5 bytes_per_second=0.82% first_result_ns=0.75% items_per_second=0.82% operations=0.00% ops_per_second=0.82% peak_rss_kb=6.20% snapshot_sequence=0.00%
TinyLSM/WriteFlushLatencyAsync/iterations:1/repeats:5/manual_time_mean                    1.2097e+10 ns    294144276 ns            5 background_flushes=134 background_queue_depth_max=1 bytes_per_second=2.14434Mi/s flush_stall_ns=11.6532G items_per_second=8.26655k/s memtable_rotations=134 operations=100k ops_per_second=8.26655k/s put_p50_us=2.6174 put_p95_us=3.4762 put_p99_us=5.8686 wal_syncs=0
TinyLSM/WriteFlushLatencyAsync/iterations:1/repeats:5/manual_time_median                  1.2094e+10 ns    294964395 ns            5 background_flushes=134 background_queue_depth_max=1 bytes_per_second=2.14495Mi/s flush_stall_ns=11.665G items_per_second=8.26889k/s memtable_rotations=134 operations=100k ops_per_second=8.26889k/s put_p50_us=2.625 put_p95_us=3.464 put_p99_us=5.876 wal_syncs=0
TinyLSM/WriteFlushLatencyAsync/iterations:1/repeats:5/manual_time_stddev                    23184765 ns      1773809 ns            5 background_flushes=1.11622u background_queue_depth_max=8.33n bytes_per_second=4.20329Ki/s flush_stall_ns=36.8283M items_per_second=15.8242/s memtable_rotations=1.11622u operations=833u ops_per_second=15.8242/s put_p50_us=0.0164408 put_p95_us=0.0759585 put_p99_us=0.117558 wal_syncs=0
TinyLSM/WriteFlushLatencyAsync/iterations:1/repeats:5/manual_time_cv                            0.19 %          0.60 %             5 background_flushes=0.00% background_queue_depth_max=0.00% bytes_per_second=0.19% flush_stall_ns=0.32% items_per_second=0.19% memtable_rotations=0.00% operations=0.00% ops_per_second=0.19% put_p50_us=0.63% put_p95_us=2.19% put_p99_us=2.00% wal_syncs=0.00%
TinyLSM/SstableDataBlockLookupV2RandomRestart16/iterations:1/repeats:5/manual_time_mean    199908075 ns    199776941 ns            5 block_bytes=17.452k bytes_per_entry=136.344 bytes_per_second=1.25948Mi/s items_per_second=10.005k/s operations=2k ops_per_second=10.005k/s restart_interval=16
TinyLSM/SstableDataBlockLookupV2RandomRestart16/iterations:1/repeats:5/manual_time_median  199335698 ns    199243958 ns            5 block_bytes=17.452k bytes_per_entry=136.344 bytes_per_second=1.26305Mi/s items_per_second=10.0333k/s operations=2k ops_per_second=10.0333k/s restart_interval=16
TinyLSM/SstableDataBlockLookupV2RandomRestart16/iterations:1/repeats:5/manual_time_stddev    1480279 ns      1536392 ns            5 block_bytes=145.375u bytes_per_entry=1.13574u bytes_per_second=9.46064Ki/s items_per_second=73.3917/s operations=16.66u ops_per_second=73.3917/s restart_interval=133.28n
TinyLSM/SstableDataBlockLookupV2RandomRestart16/iterations:1/repeats:5/manual_time_cv           0.74 %          0.77 %             5 block_bytes=0.00% bytes_per_entry=0.00% bytes_per_second=0.73% items_per_second=0.73% operations=0.00% ops_per_second=0.73% restart_interval=0.00%
TinyLSM/SnapshotRetentionHeld10s/iterations:1/repeats:5/manual_time_mean                    15746957 ns     15833424 ns            5 active_snapshots=1 bytes_per_second=28.1066Mi/s items_per_second=254.068k/s live_sstable_bytes=501.444k operations=4k ops_per_second=254.068k/s overwrite_generations=1 retained_bytes=464k retained_versions=4k
TinyLSM/SnapshotRetentionHeld10s/iterations:1/repeats:5/manual_time_median                  15612943 ns     15829125 ns            5 active_snapshots=1 bytes_per_second=28.3422Mi/s items_per_second=256.198k/s live_sstable_bytes=501.444k operations=4k ops_per_second=256.198k/s overwrite_generations=1 retained_bytes=464k retained_versions=4k
TinyLSM/SnapshotRetentionHeld10s/iterations:1/repeats:5/manual_time_stddev                    251331 ns       198888 ns            5 active_snapshots=8.33n bytes_per_second=451.18Ki/s items_per_second=3.98283k/s live_sstable_bytes=4.17703m operations=33.32u ops_per_second=3.98283k/s overwrite_generations=8.33n retained_bytes=3.86512m retained_versions=33.32u
TinyLSM/SnapshotRetentionHeld10s/iterations:1/repeats:5/manual_time_cv                          1.60 %          1.26 %             5 active_snapshots=0.00% bytes_per_second=1.57% items_per_second=1.57% live_sstable_bytes=0.00% operations=0.00% ops_per_second=1.57% overwrite_generations=0.00% retained_bytes=0.00% retained_versions=0.00%
TinyLSM/SstableDataBlockLookupV1Prefix/iterations:1/repeats:5/manual_time_mean             267751036 ns    267743332 ns            5 block_bytes=21.768k bytes_per_entry=170.062 bytes_per_second=963.918Ki/s items_per_second=7.47767k/s operations=2k ops_per_second=7.47767k/s restart_interval=0
TinyLSM/SstableDataBlockLookupV1Prefix/iterations:1/repeats:5/manual_time_median           264670807 ns    264697540 ns            5 block_bytes=21.768k bytes_per_entry=170.062 bytes_per_second=974.087Ki/s items_per_second=7.55656k/s operations=2k ops_per_second=7.55656k/s restart_interval=0
TinyLSM/SstableDataBlockLookupV1Prefix/iterations:1/repeats:5/manual_time_stddev            10025491 ns     10013055 ns            5 block_bytes=181.327u bytes_per_entry=1.41662u bytes_per_second=34.6116Ki/s items_per_second=268.502/s operations=16.66u ops_per_second=268.502/s restart_interval=0
TinyLSM/SstableDataBlockLookupV1Prefix/iterations:1/repeats:5/manual_time_cv                    3.74 %          3.74 %             5 block_bytes=0.00% bytes_per_entry=0.00% bytes_per_second=3.59% items_per_second=3.59% operations=0.00% ops_per_second=3.59% restart_interval=0.00%
TinyLSM/SstableDataBlockLookupV1Random/iterations:1/repeats:5/manual_time_mean             214477589 ns    214441300 ns            5 block_bytes=17.672k bytes_per_entry=138.062 bytes_per_second=1.17396Mi/s items_per_second=9.32563k/s operations=2k ops_per_second=9.32563k/s restart_interval=0
TinyLSM/SstableDataBlockLookupV1Random/iterations:1/repeats:5/manual_time_median           213324097 ns    213300541 ns            5 block_bytes=17.672k bytes_per_entry=138.062 bytes_per_second=1.18022Mi/s items_per_second=9.37541k/s operations=2k ops_per_second=9.37541k/s restart_interval=0
TinyLSM/SstableDataBlockLookupV1Random/iterations:1/repeats:5/manual_time_stddev             1994172 ns      1937806 ns            5 block_bytes=147.208u bytes_per_entry=1.15006u bytes_per_second=11.1242Ki/s items_per_second=86.2968/s operations=16.66u ops_per_second=86.2968/s restart_interval=0
TinyLSM/SstableDataBlockLookupV1Random/iterations:1/repeats:5/manual_time_cv                    0.93 %          0.90 %             5 block_bytes=0.00% bytes_per_entry=0.00% bytes_per_second=0.93% items_per_second=0.93% operations=0.00% ops_per_second=0.93% restart_interval=0.00%
