+ cmake --preset release
Preset CMake variables:

  BUILD_TESTING:BOOL="FALSE"
  CMAKE_BUILD_TYPE="Release"
  CMAKE_EXPORT_COMPILE_COMMANDS:BOOL="TRUE"
  TINYLSM_BUILD_TOOLS:BOOL="TRUE"

-- The CXX compiler identification is GNU 13.3.0
-- Detecting CXX compiler ABI info
-- Detecting CXX compiler ABI info - done
-- Check for working CXX compiler: /usr/bin/c++ - skipped
-- Detecting CXX compile features
-- Detecting CXX compile features - done
-- Performing Test CMAKE_HAVE_LIBC_PTHREAD
-- Performing Test CMAKE_HAVE_LIBC_PTHREAD - Success
-- Found Threads: TRUE  
-- Using the multi-header code from /home/tina.guest/tinylsm-perf-source-v2/tinylsm/build/release/_deps/nlohmann_json-src/include/
-- The C compiler identification is GNU 13.3.0
-- Detecting C compiler ABI info
-- Detecting C compiler ABI info - done
-- Check for working C compiler: /usr/bin/cc - skipped
-- Detecting C compile features
-- Detecting C compile features - done
-- 
-- 29.3.0
-- Performing Test protobuf_HAVE_LD_VERSION_SCRIPT
-- Performing Test protobuf_HAVE_LD_VERSION_SCRIPT - Success
-- Found ZLIB: /usr/lib/aarch64-linux-gnu/libz.so (found version "1.3")  
-- Performing Test protobuf_HAVE_BUILTIN_ATOMICS
-- Performing Test protobuf_HAVE_BUILTIN_ATOMICS - Success
-- Performing Test ABSL_INTERNAL_AT_LEAST_CXX17
-- Performing Test ABSL_INTERNAL_AT_LEAST_CXX17 - Success
-- Performing Test ABSL_INTERNAL_AT_LEAST_CXX20
-- Performing Test ABSL_INTERNAL_AT_LEAST_CXX20 - Success
-- Configuring done (27.7s)
-- Generating done (0.1s)
-- Build files have been written to: /home/tina.guest/tinylsm-perf-source-v2/tinylsm/build/release
+ cmake --build --preset release
[1/617] Building CXX object _deps/protobuf-build/CMakeFiles/libprotobuf-lite.dir/src/google/protobuf/arenaz_sampler.cc.o
[2/617] Building CXX object _deps/protobuf-build/CMakeFiles/libprotobuf-lite.dir/src/google/protobuf/arena_align.cc.o
[3/617] Building CXX object _deps/protobuf-build/CMakeFiles/libprotobuf-lite.dir/src/google/protobuf/arenastring.cc.o
In file included from /home/tina.guest/tinylsm-perf-source-v2/tinylsm/build/release/_deps/protobuf-src/src/google/protobuf/arena.h:38,
                 from /home/tina.guest/tinylsm-perf-source-v2/tinylsm/build/release/_deps/protobuf-src/src/google/protobuf/arenastring.h:19,
                 from /home/tina.guest/tinylsm-perf-source-v2/tinylsm/build/release/_deps/protobuf-src/src/google/protobuf/arenastring.cc:8:
/home/tina.guest/tinylsm-perf-source-v2/tinylsm/build/release/_deps/protobuf-src/src/google/protobuf/port.h: In function ‘void google::protobuf::internal::AssertDownCast(From*)’:
/home/tina.guest/tinylsm-perf-source-v2/tinylsm/build/release/_deps/protobuf-src/src/google/protobuf/port.h:181:5: warning: testing if a concept-id is a valid expression; add ‘requires’ to check satisfaction [-Wmissing-requires]
  181 |     std::derived_from<std::remove_pointer_t<To>,
      |     ^
      |     requires 
[4/617] Building CXX object _deps/protobuf-build/CMakeFiles/libprotobuf-lite.dir/src/google/protobuf/arena.cc.o
In file included from /home/tina.guest/tinylsm-perf-source-v2/tinylsm/build/release/_deps/protobuf-src/src/google/protobuf/arena.h:38,
                 from /home/tina.guest/tinylsm-perf-source-v2/tinylsm/build/release/_deps/protobuf-src/src/google/protobuf/arena.cc:8:
/home/tina.guest/tinylsm-perf-source-v2/tinylsm/build/release/_deps/protobuf-src/src/google/protobuf/port.h: In function ‘void google::protobuf::internal::AssertDownCast(From*)’:
/home/tina.guest/tinylsm-perf-source-v2/tinylsm/build/release/_deps/protobuf-src/src/google/protobuf/port.h:181:5: warning: testing if a concept-id is a valid expression; add ‘requires’ to check satisfaction [-Wmissing-requires]
  181 |     std::derived_from<std::remove_pointer_t<To>,
      |     ^
      |     requires 
[5/617] Building CXX object _deps/protobuf-build/CMakeFiles/libprotobuf-lite.dir/src/google/protobuf/generated_enum_util.cc.o
In file included from /home/tina.guest/tinylsm-perf-source-v2/tinylsm/build/release/_deps/protobuf-src/src/google/protobuf/arena.h:38,
                 from /home/tina.guest/tinylsm-perf-source-v2/tinylsm/build/release/_deps/protobuf-src/src/google/protobuf/message_lite.h:34,
                 from /home/tina.guest/tinylsm-perf-source-v2/tinylsm/build/release/_deps/protobuf-src/src/google/protobuf/generated_enum_util.h:20,
                 from /home/tina.guest/tinylsm-perf-source-v2/tinylsm/build/release/_deps/protobuf-src/src/google/protobuf/generated_enum_util.cc:8:
/home/tina.guest/tinylsm-perf-source-v2/tinylsm/build/release/_deps/protobuf-src/src/google/protobuf/port.h: In function ‘void google::protobuf::internal::AssertDownCast(From*)’:
/home/tina.guest/tinylsm-perf-source-v2/tinylsm/build/release/_deps/protobuf-src/src/google/protobuf/port.h:181:5: warning: testing if a concept-id is a valid expression; add ‘requires’ to check satisfaction [-Wmissing-requires]
  181 |     std::derived_from<std::remove_pointer_t<To>,
      |     ^
      |     requires 
[6/617] Building CXX object _deps/protobuf-build/CMakeFiles/libprotobuf-lite.dir/src/google/protobuf/any_lite.cc.o
In file included from /home/tina.guest/tinylsm-perf-source-v2/tinylsm/build/release/_deps/protobuf-src/src/google/protobuf/any.h:14,
                 from /home/tina.guest/tinylsm-perf-source-v2/tinylsm/build/release/_deps/protobuf-src/src/google/protobuf/any_lite.cc:15:
/home/tina.guest/tinylsm-perf-source-v2/tinylsm/build/release/_deps/protobuf-src/src/google/protobuf/port.h: In function ‘void google::protobuf::internal::AssertDownCast(From*)’:
/home/tina.guest/tinylsm-perf-source-v2/tinylsm/build/release/_deps/protobuf-src/src/google/protobuf/port.h:181:5: warning: testing if a concept-id is a valid expression; add ‘requires’ to check satisfaction [-Wmissing-requires]
  181 |     std::derived_from<std::remove_pointer_t<To>,
      |     ^
      |     requires 
[7/617] Building CXX object _deps/protobuf-build/CMakeFiles/libprotobuf-lite.dir/src/google/protobuf/generated_message_util.cc.o
In file included from /home/tina.guest/tinylsm-perf-source-v2/tinylsm/build/release/_deps/protobuf-src/src/google/protobuf/any.h:14,
                 from /home/tina.guest/tinylsm-perf-source-v2/tinylsm/build/release/_deps/protobuf-src/src/google/protobuf/generated_message_util.h:36,
                 from /home/tina.guest/tinylsm-perf-source-v2/tinylsm/build/release/_deps/protobuf-src/src/google/protobuf/generated_message_util.cc:12:
/home/tina.guest/tinylsm-perf-source-v2/tinylsm/build/release/_deps/protobuf-src/src/google/protobuf/port.h: In function ‘void google::protobuf::internal::AssertDownCast(From*)’:
/home/tina.guest/tinylsm-perf-source-v2/tinylsm/build/release/_deps/protobuf-src/src/google/protobuf/port.h:181:5: warning: testing if a concept-id is a valid expression; add ‘requires’ to check satisfaction [-Wmissing-requires]
  181 |     std::derived_from<std::remove_pointer_t<To>,
      |     ^
      |     requires 
[8/617] Building CXX object _deps/protobuf-build/CMakeFiles/libprotobuf-lite.dir/src/google/protobuf/io/io_win32.cc.o
[9/617] Building CXX object _deps/protobuf-build/CMakeFiles/libprotobuf-lite.dir/src/google/protobuf/implicit_weak_message.cc.o
In file included from /home/tina.guest/tinylsm-perf-source-v2/tinylsm/build/release/_deps/protobuf-src/src/google/protobuf/arena.h:38,
                 from /home/tina.guest/tinylsm-perf-source-v2/tinylsm/build/release/_deps/protobuf-src/src/google/protobuf/implicit_weak_message.h:14,
                 from /home/tina.guest/tinylsm-perf-source-v2/tinylsm/build/release/_deps/protobuf-src/src/google/protobuf/implicit_weak_message.cc:8:
/home/tina.guest/tinylsm-perf-source-v2/tinylsm/build/release/_deps/protobuf-src/src/google/protobuf/port.h: In function ‘void google::protobuf::internal::AssertDownCast(From*)’:
/home/tina.guest/tinylsm-perf-source-v2/tinylsm/build/release/_deps/protobuf-src/src/google/protobuf/port.h:181:5: warning: testing if a concept-id is a valid expression; add ‘requires’ to check satisfaction [-Wmissing-requires]
  181 |     std::derived_from<std::remove_pointer_t<To>,
      |     ^
      |     requires 
[10/617] Building CXX object _deps/protobuf-build/CMakeFiles/libprotobuf-lite.dir/src/google/protobuf/inlined_string_field.cc.o
In file included from /home/tina.guest/tinylsm-perf-source-v2/tinylsm/build/release/_deps/protobuf-src/src/google/protobuf/arena.h:38,
                 from /home/tina.guest/tinylsm-perf-source-v2/tinylsm/build/release/_deps/protobuf-src/src/google/protobuf/arenastring.h:19,
                 from /home/tina.guest/tinylsm-perf-source-v2/tinylsm/build/release/_deps/protobuf-src/src/google/protobuf/inlined_string_field.h:16,
                 from /home/tina.guest/tinylsm-perf-source-v2/tinylsm/build/release/_deps/protobuf-src/src/google/protobuf/inlined_string_field.cc:8:
/home/tina.guest/tinylsm-perf-source-v2/tinylsm/build/release/_deps/protobuf-src/src/google/protobuf/port.h: In function ‘void google::protobuf::internal::AssertDownCast(From*)’:
/home/tina.guest/tinylsm-perf-source-v2/tinylsm/build/release/_deps/protobuf-src/src/google/protobuf/port.h:181:5: warning: testing if a concept-id is a valid expression; add ‘requires’ to check satisfaction [-Wmissing-requires]
  181 |     std::derived_from<std::remove_pointer_t<To>,
      |     ^
      |     requires 
[11/617] Building CXX object _deps/protobuf-build/CMakeFiles/libprotobuf-lite.dir/src/google/protobuf/io/zero_copy_stream.cc.o
In file included from /home/tina.guest/tinylsm-perf-source-v2/tinylsm/build/release/_deps/protobuf-src/src/google/protobuf/io/zero_copy_stream.h:89,
                 from /home/tina.guest/tinylsm-perf-source-v2/tinylsm/build/release/_deps/protobuf-src/src/google/protobuf/io/zero_copy_stream.cc:12:
/home/tina.guest/tinylsm-perf-source-v2/tinylsm/build/release/_deps/protobuf-src/src/google/protobuf/port.h: In function ‘void google::protobuf::internal::AssertDownCast(From*)’:
/home/tina.guest/tinylsm-perf-source-v2/tinylsm/build/release/_deps/protobuf-src/src/google/protobuf/port.h:181:5: warning: testing if a concept-id is a valid expression; add ‘requires’ to check satisfaction [-Wmissing-requires]
  181 |     std::derived_from<std::remove_pointer_t<To>,
      |     ^
      |     requires 
[12/617] Building CXX object _deps/protobuf-build/CMakeFiles/libprotobuf-lite.dir/src/google/protobuf/io/zero_copy_stream_impl.cc.o
In file included from /home/tina.guest/tinylsm-perf-source-v2/tinylsm/build/release/_deps/protobuf-src/src/google/protobuf/io/zero_copy_stream.h:89,
                 from /home/tina.guest/tinylsm-perf-source-v2/tinylsm/build/release/_deps/protobuf-src/src/google/protobuf/io/zero_copy_stream_impl.h:24,
                 from /home/tina.guest/tinylsm-perf-source-v2/tinylsm/build/release/_deps/protobuf-src/src/google/protobuf/io/zero_copy_stream_impl.cc:28:
/home/tina.guest/tinylsm-perf-source-v2/tinylsm/build/release/_deps/protobuf-src/src/google/protobuf/port.h: In function ‘void google::protobuf::internal::AssertDownCast(From*)’:
/home/tina.guest/tinylsm-perf-source-v2/tinylsm/build/release/_deps/protobuf-src/src/google/protobuf/port.h:181:5: warning: testing if a concept-id is a valid expression; add ‘requires’ to check satisfaction [-Wmissing-requires]
  181 |     std::derived_from<std::remove_pointer_t<To>,
      |     ^
      |     requires 
[13/617] Building CXX object _deps/protobuf-build/CMakeFiles/libprotobuf-lite.dir/src/google/protobuf/io/coded_stream.cc.o
In file included from /home/tina.guest/tinylsm-perf-source-v2/tinylsm/build/release/_deps/protobuf-src/src/google/protobuf/arena.h:38,
                 from /home/tina.guest/tinylsm-perf-source-v2/tinylsm/build/release/_deps/protobuf-src/src/google/protobuf/io/coded_stream.cc:37:
/home/tina.guest/tinylsm-perf-source-v2/tinylsm/build/release/_deps/protobuf-src/src/google/protobuf/port.h: In function ‘void google::protobuf::internal::AssertDownCast(From*)’:
/home/tina.guest/tinylsm-perf-source-v2/tinylsm/build/release/_deps/protobuf-src/src/google/protobuf/port.h:181:5: warning: testing if a concept-id is a valid expression; add ‘requires’ to check satisfaction [-Wmissing-requires]
  181 |     std::derived_from<std::remove_pointer_t<To>,
      |     ^
      |     requires 
[14/617] Building CXX object _deps/protobuf-build/CMakeFiles/libprotobuf-lite.dir/src/google/protobuf/io/zero_copy_stream_impl_lite.cc.o
In file included from /home/tina.guest/tinylsm-perf-source-v2/tinylsm/build/release/_deps/protobuf-src/src/google/protobuf/io/zero_copy_stream.h:89,
                 from /home/tina.guest/tinylsm-perf-source-v2/tinylsm/build/release/_deps/protobuf-src/src/google/protobuf/io/zero_copy_stream_impl_lite.h:35,
                 from /home/tina.guest/tinylsm-perf-source-v2/tinylsm/build/release/_deps/protobuf-src/src/google/protobuf/io/zero_copy_stream_impl_lite.cc:12:
/home/tina.guest/tinylsm-perf-source-v2/tinylsm/build/release/_deps/protobuf-src/src/google/protobuf/port.h: In function ‘void google::protobuf::internal::AssertDownCast(From*)’:
/home/tina.guest/tinylsm-perf-source-v2/tinylsm/build/release/_deps/protobuf-src/src/google/protobuf/port.h:181:5: warning: testing if a concept-id is a valid expression; add ‘requires’ to check satisfaction [-Wmissing-requires]
  181 |     std::derived_from<std::remove_pointer_t<To>,
      |     ^
      |     requires 
[15/617] Building CXX object _deps/protobuf-build/CMakeFiles/libprotobuf-lite.dir/src/google/protobuf/extension_set.cc.o
In file included from /home/tina.guest/tinylsm-perf-source-v2/tinylsm/build/release/_deps/protobuf-src/src/google/protobuf/extension_set.h:36,
                 from /home/tina.guest/tinylsm-perf-source-v2/tinylsm/build/release/_deps/protobuf-src/src/google/protobuf/extension_set.cc:12:
/home/tina.guest/tinylsm-perf-source-v2/tinylsm/build/release/_deps/protobuf-src/src/google/protobuf/port.h: In function ‘void google::protobuf::internal::AssertDownCast(From*)’:
/home/tina.guest/tinylsm-perf-source-v2/tinylsm/build/release/_deps/protobuf-src/src/google/protobuf/port.h:181:5: warning: testing if a concept-id is a valid expression; add ‘requires’ to check satisfaction [-Wmissing-requires]
  181 |     std::derived_from<std::remove_pointer_t<To>,
      |     ^
      |     requires 
[16/617] Building CXX object _deps/protobuf-build/CMakeFiles/libprotobuf-lite.dir/src/google/protobuf/raw_ptr.cc.o
[17/617] Building CXX object _deps/protobuf-build/CMakeFiles/libprotobuf-lite.dir/src/google/protobuf/port.cc.o
In file included from /home/tina.guest/tinylsm-perf-source-v2/tinylsm/build/release/_deps/protobuf-src/src/google/protobuf/port.cc:8:
/home/tina.guest/tinylsm-perf-source-v2/tinylsm/build/release/_deps/protobuf-src/src/google/protobuf/port.h: In function ‘void google::protobuf::internal::AssertDownCast(From*)’:
/home/tina.guest/tinylsm-perf-source-v2/tinylsm/build/release/_deps/protobuf-src/src/google/protobuf/port.h:181:5: warning: testing if a concept-id is a valid expression; add ‘requires’ to check satisfaction [-Wmissing-requires]
  181 |     std::derived_from<std::remove_pointer_t<To>,
      |     ^
      |     requires 
[18/617] Building CXX object _deps/protobuf-build/CMakeFiles/libprotobuf-lite.dir/src/google/protobuf/message_lite.cc.o
In file included from /home/tina.guest/tinylsm-perf-source-v2/tinylsm/build/release/_deps/protobuf-src/src/google/protobuf/arena.h:38,
                 from /home/tina.guest/tinylsm-perf-source-v2/tinylsm/build/release/_deps/protobuf-src/src/google/protobuf/message_lite.h:34,
                 from /home/tina.guest/tinylsm-perf-source-v2/tinylsm/build/release/_deps/protobuf-src/src/google/protobuf/message_lite.cc:13:
/home/tina.guest/tinylsm-perf-source-v2/tinylsm/build/release/_deps/protobuf-src/src/google/protobuf/port.h: In function ‘void google::protobuf::internal::AssertDownCast(From*)’:
/home/tina.guest/tinylsm-perf-source-v2/tinylsm/build/release/_deps/protobuf-src/src/google/protobuf/port.h:181:5: warning: testing if a concept-id is a valid expression; add ‘requires’ to check satisfaction [-Wmissing-requires]
  181 |     std::derived_from<std::remove_pointer_t<To>,
      |     ^
      |     requires 
[19/617] Building CXX object _deps/protobuf-build/CMakeFiles/libprotobuf-lite.dir/src/google/protobuf/map.cc.o
In file included from /home/tina.guest/tinylsm-perf-source-v2/tinylsm/build/release/_deps/protobuf-src/src/google/protobuf/arena.h:38,
                 from /home/tina.guest/tinylsm-perf-source-v2/tinylsm/build/release/_deps/protobuf-src/src/google/protobuf/map.h:39,
                 from /home/tina.guest/tinylsm-perf-source-v2/tinylsm/build/release/_deps/protobuf-src/src/google/protobuf/map.cc:8:
/home/tina.guest/tinylsm-perf-source-v2/tinylsm/build/release/_deps/protobuf-src/src/google/protobuf/port.h: In function ‘void google::protobuf::internal::AssertDownCast(From*)’:
/home/tina.guest/tinylsm-perf-source-v2/tinylsm/build/release/_deps/protobuf-src/src/google/protobuf/port.h:181:5: warning: testing if a concept-id is a valid expression; add ‘requires’ to check satisfaction [-Wmissing-requires]
  181 |     std::derived_from<std::remove_pointer_t<To>,
      |     ^
      |     requires 
/home/tina.guest/tinylsm-perf-source-v2/tinylsm/build/release/_deps/protobuf-src/src/google/protobuf/map.cc: In lambda function:
/home/tina.guest/tinylsm-perf-source-v2/tinylsm/build/release/_deps/protobuf-src/src/google/protobuf/map.cc:119:23: warning: implicit capture of ‘this’ via ‘[=]’ is deprecated in C++20 [-Wdeprecated]
  119 |     const auto loop = [=](auto destroy_node) {
      |                       ^
/home/tina.guest/tinylsm-perf-source-v2/tinylsm/build/release/_deps/protobuf-src/src/google/protobuf/map.cc:119:23: note: add explicit ‘this’ or ‘*this’ capture
[20/617] Building CXX object _deps/protobuf-build/CMakeFiles/libprotobuf-lite.dir/src/google/protobuf/repeated_field.cc.o
In file included from /home/tina.guest/tinylsm-perf-source-v2/tinylsm/build/release/_deps/protobuf-src/src/google/protobuf/arena.h:38,
                 from /home/tina.guest/tinylsm-perf-source-v2/tinylsm/build/release/_deps/protobuf-src/src/google/protobuf/repeated_field.h:40,
                 from /home/tina.guest/tinylsm-perf-source-v2/tinylsm/build/release/_deps/protobuf-src/src/google/protobuf/repeated_field.cc:12:
/home/tina.guest/tinylsm-perf-source-v2/tinylsm/build/release/_deps/protobuf-src/src/google/protobuf/port.h: In function ‘void google::protobuf::internal::AssertDownCast(From*)’:
/home/tina.guest/tinylsm-perf-source-v2/tinylsm/build/release/_deps/protobuf-src/src/google/protobuf/port.h:181:5: warning: testing if a concept-id is a valid expression; add ‘requires’ to check satisfaction [-Wmissing-requires]
  181 |     std::derived_from<std::remove_pointer_t<To>,
      |     ^
      |     requires 
[21/617] Building CXX object _deps/protobuf-build/CMakeFiles/libprotobuf-lite.dir/src/google/protobuf/parse_context.cc.o
In file included from /home/tina.guest/tinylsm-perf-source-v2/tinylsm/build/release/_deps/protobuf-src/src/google/protobuf/arena.h:38,
                 from /home/tina.guest/tinylsm-perf-source-v2/tinylsm/build/release/_deps/protobuf-src/src/google/protobuf/parse_context.h:24,
                 from /home/tina.guest/tinylsm-perf-source-v2/tinylsm/build/release/_deps/protobuf-src/src/google/protobuf/parse_context.cc:8:
/home/tina.guest/tinylsm-perf-source-v2/tinylsm/build/release/_deps/protobuf-src/src/google/protobuf/port.h: In function ‘void google::protobuf::internal::AssertDownCast(From*)’:
/home/tina.guest/tinylsm-perf-source-v2/tinylsm/build/release/_deps/protobuf-src/src/google/protobuf/port.h:181:5: warning: testing if a concept-id is a valid expression; add ‘requires’ to check satisfaction [-Wmissing-requires]
  181 |     std::derived_from<std::remove_pointer_t<To>,
      |     ^
      |     requires 
[22/617] Building CXX object _deps/protobuf-build/CMakeFiles/libprotobuf-lite.dir/src/google/protobuf/generated_message_tctable_lite.cc.o
In file included from /home/tina.guest/tinylsm-perf-source-v2/tinylsm/build/release/_deps/protobuf-src/src/google/protobuf/arena.h:38,
                 from /home/tina.guest/tinylsm-perf-source-v2/tinylsm/build/release/_deps/protobuf-src/src/google/protobuf/arenastring.h:19,
                 from /home/tina.guest/tinylsm-perf-source-v2/tinylsm/build/release/_deps/protobuf-src/src/google/protobuf/generated_message_tctable_lite.cc:24:
/home/tina.guest/tinylsm-perf-source-v2/tinylsm/build/release/_deps/protobuf-src/src/google/protobuf/port.h: In function ‘void google::protobuf::internal::AssertDownCast(From*)’:
/home/tina.guest/tinylsm-perf-source-v2/tinylsm/build/release/_deps/protobuf-src/src/google/protobuf/port.h:181:5: warning: testing if a concept-id is a valid expression; add ‘requires’ to check satisfaction [-Wmissing-requires]
  181 |     std::derived_from<std::remove_pointer_t<To>,
      |     ^
      |     requires 
[23/617] Building CXX object _deps/protobuf-build/CMakeFiles/libprotobuf-lite.dir/src/google/protobuf/stubs/common.cc.o
[24/617] Building CXX object _deps/protobuf-build/CMakeFiles/libprotobuf-lite.dir/src/google/protobuf/wire_format_lite.cc.o
In file included from /home/tina.guest/tinylsm-perf-source-v2/tinylsm/build/release/_deps/protobuf-src/src/google/protobuf/arena.h:38,
                 from /home/tina.guest/tinylsm-perf-source-v2/tinylsm/build/release/_deps/protobuf-src/src/google/protobuf/arenastring.h:19,
                 from /home/tina.guest/tinylsm-perf-source-v2/tinylsm/build/release/_deps/protobuf-src/src/google/protobuf/wire_format_lite.h:30,
                 from /home/tina.guest/tinylsm-perf-source-v2/tinylsm/build/release/_deps/protobuf-src/src/google/protobuf/wire_format_lite.cc:12:
/home/tina.guest/tinylsm-perf-source-v2/tinylsm/build/release/_deps/protobuf-src/src/google/protobuf/port.h: In function ‘void google::protobuf::internal::AssertDownCast(From*)’:
/home/tina.guest/tinylsm-perf-source-v2/tinylsm/build/release/_deps/protobuf-src/src/google/protobuf/port.h:181:5: warning: testing if a concept-id is a valid expression; add ‘requires’ to check satisfaction [-Wmissing-requires]
  181 |     std::derived_from<std::remove_pointer_t<To>,
      |     ^
      |     requires 
[25/617] Building CXX object _deps/protobuf-build/CMakeFiles/libprotobuf-lite.dir/src/google/protobuf/repeated_ptr_field.cc.o
In file included from /home/tina.guest/tinylsm-perf-source-v2/tinylsm/build/release/_deps/protobuf-src/src/google/protobuf/arena.h:38,
                 from /home/tina.guest/tinylsm-perf-source-v2/tinylsm/build/release/_deps/protobuf-src/src/google/protobuf/repeated_ptr_field.h:38,
                 from /home/tina.guest/tinylsm-perf-source-v2/tinylsm/build/release/_deps/protobuf-src/src/google/protobuf/repeated_ptr_field.cc:12:
/home/tina.guest/tinylsm-perf-source-v2/tinylsm/build/release/_deps/protobuf-src/src/google/protobuf/port.h: In function ‘void google::protobuf::internal::AssertDownCast(From*)’:
/home/tina.guest/tinylsm-perf-source-v2/tinylsm/build/release/_deps/protobuf-src/src/google/protobuf/port.h:181:5: warning: testing if a concept-id is a valid expression; add ‘requires’ to check satisfaction [-Wmissing-requires]
  181 |     std::derived_from<std::remove_pointer_t<To>,
      |     ^
      |     requires 
[26/617] Building CXX object _deps/protobuf-build/CMakeFiles/libprotobuf.dir/src/google/protobuf/any.pb.cc.o
In file included from /home/tina.guest/tinylsm-perf-source-v2/tinylsm/build/release/_deps/protobuf-src/src/google/protobuf/arena.h:38,
                 from /home/tina.guest/tinylsm-perf-source-v2/tinylsm/build/release/_deps/protobuf-src/src/google/protobuf/any.pb.h:21,
                 from /home/tina.guest/tinylsm-perf-source-v2/tinylsm/build/release/_deps/protobuf-src/src/google/protobuf/any.pb.cc:6:
/home/tina.guest/tinylsm-perf-source-v2/tinylsm/build/release/_deps/protobuf-src/src/google/protobuf/port.h: In function ‘void google::protobuf::internal::AssertDownCast(From*)’:
/home/tina.guest/tinylsm-perf-source-v2/tinylsm/build/release/_deps/protobuf-src/src/google/protobuf/port.h:181:5: warning: testing if a concept-id is a valid expression; add ‘requires’ to check satisfaction [-Wmissing-requires]
  181 |     std::derived_from<std::remove_pointer_t<To>,
      |     ^
      |     requires 
[27/617] Building CXX object _deps/protobuf-build/CMakeFiles/libprotobuf.dir/src/google/protobuf/duration.pb.cc.o
In file included from /home/tina.guest/tinylsm-perf-source-v2/tinylsm/build/release/_deps/protobuf-src/src/google/protobuf/arena.h:38,
                 from /home/tina.guest/tinylsm-perf-source-v2/tinylsm/build/release/_deps/protobuf-src/src/google/protobuf/duration.pb.h:21,
                 from /home/tina.guest/tinylsm-perf-source-v2/tinylsm/build/release/_deps/protobuf-src/src/google/protobuf/duration.pb.cc:6:
/home/tina.guest/tinylsm-perf-source-v2/tinylsm/build/release/_deps/protobuf-src/src/google/protobuf/port.h: In function ‘void google::protobuf::internal::AssertDownCast(From*)’:
/home/tina.guest/tinylsm-perf-source-v2/tinylsm/build/release/_deps/protobuf-src/src/google/protobuf/port.h:181:5: warning: testing if a concept-id is a valid expression; add ‘requires’ to check satisfaction [-Wmissing-requires]
  181 |     std::derived_from<std::remove_pointer_t<To>,
      |     ^
      |     requires 
[28/617] Building CXX object _deps/protobuf-build/CMakeFiles/libprotobuf.dir/src/google/protobuf/api.pb.cc.o
In file included from /home/tina.guest/tinylsm-perf-source-v2/tinylsm/build/release/_deps/protobuf-src/src/google/protobuf/arena.h:38,
                 from /home/tina.guest/tinylsm-perf-source-v2/tinylsm/build/release/_deps/protobuf-src/src/google/protobuf/api.pb.h:21,
                 from /home/tina.guest/tinylsm-perf-source-v2/tinylsm/build/release/_deps/protobuf-src/src/google/protobuf/api.pb.cc:6:
/home/tina.guest/tinylsm-perf-source-v2/tinylsm/build/release/_deps/protobuf-src/src/google/protobuf/port.h: In function ‘void google::protobuf::internal::AssertDownCast(From*)’:
/home/tina.guest/tinylsm-perf-source-v2/tinylsm/build/release/_deps/protobuf-src/src/google/protobuf/port.h:181:5: warning: testing if a concept-id is a valid expression; add ‘requires’ to check satisfaction [-Wmissing-requires]
  181 |     std::derived_from<std::remove_pointer_t<To>,
      |     ^
      |     requires 
[29/617] Building CXX object _deps/protobuf-build/CMakeFiles/libprotobuf.dir/src/google/protobuf/field_mask.pb.cc.o
In file included from /home/tina.guest/tinylsm-perf-source-v2/tinylsm/build/release/_deps/protobuf-src/src/google/protobuf/arena.h:38,
                 from /home/tina.guest/tinylsm-perf-source-v2/tinylsm/build/release/_deps/protobuf-src/src/google/protobuf/field_mask.pb.h:21,
                 from /home/tina.guest/tinylsm-perf-source-v2/tinylsm/build/release/_deps/protobuf-src/src/google/protobuf/field_mask.pb.cc:6:
/home/tina.guest/tinylsm-perf-source-v2/tinylsm/build/release/_deps/protobuf-src/src/google/protobuf/port.h: In function ‘void google::protobuf::internal::AssertDownCast(From*)’:
/home/tina.guest/tinylsm-perf-source-v2/tinylsm/build/release/_deps/protobuf-src/src/google/protobuf/port.h:181:5: warning: testing if a concept-id is a valid expression; add ‘requires’ to check satisfaction [-Wmissing-requires]
  181 |     std::derived_from<std::remove_pointer_t<To>,
      |     ^
      |     requires 
[30/617] Building CXX object _deps/protobuf-build/CMakeFiles/libprotobuf.dir/src/google/protobuf/empty.pb.cc.o
In file included from /home/tina.guest/tinylsm-perf-source-v2/tinylsm/build/release/_deps/protobuf-src/src/google/protobuf/arena.h:38,
                 from /home/tina.guest/tinylsm-perf-source-v2/tinylsm/build/release/_deps/protobuf-src/src/google/protobuf/empty.pb.h:21,
                 from /home/tina.guest/tinylsm-perf-source-v2/tinylsm/build/release/_deps/protobuf-src/src/google/protobuf/empty.pb.cc:6:
/home/tina.guest/tinylsm-perf-source-v2/tinylsm/build/release/_deps/protobuf-src/src/google/protobuf/port.h: In function ‘void google::protobuf::internal::AssertDownCast(From*)’:
/home/tina.guest/tinylsm-perf-source-v2/tinylsm/build/release/_deps/protobuf-src/src/google/protobuf/port.h:181:5: warning: testing if a concept-id is a valid expression; add ‘requires’ to check satisfaction [-Wmissing-requires]
  181 |     std::derived_from<std::remove_pointer_t<To>,
      |     ^
      |     requires 
[31/617] Building CXX object _deps/protobuf-build/CMakeFiles/libprotobuf.dir/src/google/protobuf/source_context.pb.cc.o
In file included from /home/tina.guest/tinylsm-perf-source-v2/tinylsm/build/release/_deps/protobuf-src/src/google/protobuf/arena.h:38,
                 from /home/tina.guest/tinylsm-perf-source-v2/tinylsm/build/release/_deps/protobuf-src/src/google/protobuf/source_context.pb.h:21,
                 from /home/tina.guest/tinylsm-perf-source-v2/tinylsm/build/release/_deps/protobuf-src/src/google/protobuf/source_context.pb.cc:6:
/home/tina.guest/tinylsm-perf-source-v2/tinylsm/build/release/_deps/protobuf-src/src/google/protobuf/port.h: In function ‘void google::protobuf::internal::AssertDownCast(From*)’:
/home/tina.guest/tinylsm-perf-source-v2/tinylsm/build/release/_deps/protobuf-src/src/google/protobuf/port.h:181:5: warning: testing if a concept-id is a valid expression; add ‘requires’ to check satisfaction [-Wmissing-requires]
  181 |     std::derived_from<std::remove_pointer_t<To>,
      |     ^
      |     requires 
[32/617] Building CXX object _deps/protobuf-build/CMakeFiles/libprotobuf.dir/src/google/protobuf/timestamp.pb.cc.o
In file included from /home/tina.guest/tinylsm-perf-source-v2/tinylsm/build/release/_deps/protobuf-src/src/google/protobuf/arena.h:38,
                 from /home/tina.guest/tinylsm-perf-source-v2/tinylsm/build/release/_deps/protobuf-src/src/google/protobuf/timestamp.pb.h:21,
                 from /home/tina.guest/tinylsm-perf-source-v2/tinylsm/build/release/_deps/protobuf-src/src/google/protobuf/timestamp.pb.cc:6:
/home/tina.guest/tinylsm-perf-source-v2/tinylsm/build/release/_deps/protobuf-src/src/google/protobuf/port.h: In function ‘void google::protobuf::internal::AssertDownCast(From*)’:
/home/tina.guest/tinylsm-perf-source-v2/tinylsm/build/release/_deps/protobuf-src/src/google/protobuf/port.h:181:5: warning: testing if a concept-id is a valid expression; add ‘requires’ to check satisfaction [-Wmissing-requires]
  181 |     std::derived_from<std::remove_pointer_t<To>,
      |     ^
      |     requires 
[33/617] Building CXX object _deps/protobuf-build/CMakeFiles/libprotobuf.dir/src/google/protobuf/struct.pb.cc.o
In file included from /home/tina.guest/tinylsm-perf-source-v2/tinylsm/build/release/_deps/protobuf-src/src/google/protobuf/arena.h:38,
                 from /home/tina.guest/tinylsm-perf-source-v2/tinylsm/build/release/_deps/protobuf-src/src/google/protobuf/struct.pb.h:21,
                 from /home/tina.guest/tinylsm-perf-source-v2/tinylsm/build/release/_deps/protobuf-src/src/google/protobuf/struct.pb.cc:6:
/home/tina.guest/tinylsm-perf-source-v2/tinylsm/build/release/_deps/protobuf-src/src/google/protobuf/port.h: In function ‘void google::protobuf::internal::AssertDownCast(From*)’:
/home/tina.guest/tinylsm-perf-source-v2/tinylsm/build/release/_deps/protobuf-src/src/google/protobuf/port.h:181:5: warning: testing if a concept-id is a valid expression; add ‘requires’ to check satisfaction [-Wmissing-requires]
  181 |     std::derived_from<std::remove_pointer_t<To>,
      |     ^
      |     requires 
[34/617] Building CXX object _deps/protobuf-build/CMakeFiles/libprotobuf.dir/src/google/protobuf/wrappers.pb.cc.o
In file included from /home/tina.guest/tinylsm-perf-source-v2/tinylsm/build/release/_deps/protobuf-src/src/google/protobuf/arena.h:38,
                 from /home/tina.guest/tinylsm-perf-source-v2/tinylsm/build/release/_deps/protobuf-src/src/google/protobuf/wrappers.pb.h:21,
                 from /home/tina.guest/tinylsm-perf-source-v2/tinylsm/build/release/_deps/protobuf-src/src/google/protobuf/wrappers.pb.cc:6:
/home/tina.guest/tinylsm-perf-source-v2/tinylsm/build/release/_deps/protobuf-src/src/google/protobuf/port.h: In function ‘void google::protobuf::internal::AssertDownCast(From*)’:
/home/tina.guest/tinylsm-perf-source-v2/tinylsm/build/release/_deps/protobuf-src/src/google/protobuf/port.h:181:5: warning: testing if a concept-id is a valid expression; add ‘requires’ to check satisfaction [-Wmissing-requires]
  181 |     std::derived_from<std::remove_pointer_t<To>,
      |     ^
      |     requires 
[35/617] Building CXX object _deps/protobuf-build/CMakeFiles/libprotobuf.dir/src/google/protobuf/type.pb.cc.o
In file included from /home/tina.guest/tinylsm-perf-source-v2/tinylsm/build/release/_deps/protobuf-src/src/google/protobuf/arena.h:38,
                 from /home/tina.guest/tinylsm-perf-source-v2/tinylsm/build/release/_deps/protobuf-src/src/google/protobuf/type.pb.h:21,
                 from /home/tina.guest/tinylsm-perf-source-v2/tinylsm/build/release/_deps/protobuf-src/src/google/protobuf/type.pb.cc:6:
/home/tina.guest/tinylsm-perf-source-v2/tinylsm/build/release/_deps/protobuf-src/src/google/protobuf/port.h: In function ‘void google::protobuf::internal::AssertDownCast(From*)’:
/home/tina.guest/tinylsm-perf-source-v2/tinylsm/build/release/_deps/protobuf-src/src/google/protobuf/port.h:181:5: warning: testing if a concept-id is a valid expression; add ‘requires’ to check satisfaction [-Wmissing-requires]
  181 |     std::derived_from<std::remove_pointer_t<To>,
      |     ^
      |     requires 
[36/617] Building CXX object _deps/protobuf-build/CMakeFiles/libprotobuf.dir/src/google/protobuf/any.cc.o
In file included from /home/tina.guest/tinylsm-perf-source-v2/tinylsm/build/release/_deps/protobuf-src/src/google/protobuf/any.h:14,
                 from /home/tina.guest/tinylsm-perf-source-v2/tinylsm/build/release/_deps/protobuf-src/src/google/protobuf/any.cc:8:
/home/tina.guest/tinylsm-perf-source-v2/tinylsm/build/release/_deps/protobuf-src/src/google/protobuf/port.h: In function ‘void google::protobuf::internal::AssertDownCast(From*)’:
/home/tina.guest/tinylsm-perf-source-v2/tinylsm/build/release/_deps/protobuf-src/src/google/protobuf/port.h:181:5: warning: testing if a concept-id is a valid expression; add ‘requires’ to check satisfaction [-Wmissing-requires]
  181 |     std::derived_from<std::remove_pointer_t<To>,
      |     ^
      |     requires 
[37/617] Building CXX object _deps/protobuf-build/CMakeFiles/libprotobuf.dir/src/google/protobuf/arenaz_sampler.cc.o
[38/617] Building CXX object _deps/protobuf-build/CMakeFiles/libprotobuf.dir/src/google/protobuf/arena_align.cc.o
[39/617] Building CXX object _deps/protobuf-build/CMakeFiles/libprotobuf.dir/src/google/protobuf/arena.cc.o
In file included from /home/tina.guest/tinylsm-perf-source-v2/tinylsm/build/release/_deps/protobuf-src/src/google/protobuf/arena.h:38,
                 from /home/tina.guest/tinylsm-perf-source-v2/tinylsm/build/release/_deps/protobuf-src/src/google/protobuf/arena.cc:8:
/home/tina.guest/tinylsm-perf-source-v2/tinylsm/build/release/_deps/protobuf-src/src/google/protobuf/port.h: In function ‘void google::protobuf::internal::AssertDownCast(From*)’:
/home/tina.guest/tinylsm-perf-source-v2/tinylsm/build/release/_deps/protobuf-src/src/google/protobuf/port.h:181:5: warning: testing if a concept-id is a valid expression; add ‘requires’ to check satisfaction [-Wmissing-requires]
  181 |     std::derived_from<std::remove_pointer_t<To>,
      |     ^
      |     requires 
[40/617] Building CXX object _deps/protobuf-build/CMakeFiles/libprotobuf.dir/src/google/protobuf/any_lite.cc.o
In file included from /home/tina.guest/tinylsm-perf-source-v2/tinylsm/build/release/_deps/protobuf-src/src/google/protobuf/any.h:14,
                 from /home/tina.guest/tinylsm-perf-source-v2/tinylsm/build/release/_deps/protobuf-src/src/google/protobuf/any_lite.cc:15:
/home/tina.guest/tinylsm-perf-source-v2/tinylsm/build/release/_deps/protobuf-src/src/google/protobuf/port.h: In function ‘void google::protobuf::internal::AssertDownCast(From*)’:
/home/tina.guest/tinylsm-perf-source-v2/tinylsm/build/release/_deps/protobuf-src/src/google/protobuf/port.h:181:5: warning: testing if a concept-id is a valid expression; add ‘requires’ to check satisfaction [-Wmissing-requires]
  181 |     std::derived_from<std::remove_pointer_t<To>,
      |     ^
      |     requires 
[41/617] Building CXX object _deps/protobuf-build/CMakeFiles/libprotobuf.dir/src/google/protobuf/arenastring.cc.o
In file included from /home/tina.guest/tinylsm-perf-source-v2/tinylsm/build/release/_deps/protobuf-src/src/google/protobuf/arena.h:38,
                 from /home/tina.guest/tinylsm-perf-source-v2/tinylsm/build/release/_deps/protobuf-src/src/google/protobuf/arenastring.h:19,
                 from /home/tina.guest/tinylsm-perf-source-v2/tinylsm/build/release/_deps/protobuf-src/src/google/protobuf/arenastring.cc:8:
/home/tina.guest/tinylsm-perf-source-v2/tinylsm/build/release/_deps/protobuf-src/src/google/protobuf/port.h: In function ‘void google::protobuf::internal::AssertDownCast(From*)’:
/home/tina.guest/tinylsm-perf-source-v2/tinylsm/build/release/_deps/protobuf-src/src/google/protobuf/port.h:181:5: warning: testing if a concept-id is a valid expression; add ‘requires’ to check satisfaction [-Wmissing-requires]
  181 |     std::derived_from<std::remove_pointer_t<To>,
      |     ^
      |     requires 
[42/617] Building CXX object _deps/protobuf-build/CMakeFiles/libprotobuf.dir/src/google/protobuf/cpp_features.pb.cc.o
In file included from /home/tina.guest/tinylsm-perf-source-v2/tinylsm/build/release/_deps/protobuf-src/src/google/protobuf/arena.h:38,
                 from /home/tina.guest/tinylsm-perf-source-v2/tinylsm/build/release/_deps/protobuf-src/src/google/protobuf/cpp_features.pb.h:21,
                 from /home/tina.guest/tinylsm-perf-source-v2/tinylsm/build/release/_deps/protobuf-src/src/google/protobuf/cpp_features.pb.cc:6:
/home/tina.guest/tinylsm-perf-source-v2/tinylsm/build/release/_deps/protobuf-src/src/google/protobuf/port.h: In function ‘void google::protobuf::internal::AssertDownCast(From*)’:
/home/tina.guest/tinylsm-perf-source-v2/tinylsm/build/release/_deps/protobuf-src/src/google/protobuf/port.h:181:5: warning: testing if a concept-id is a valid expression; add ‘requires’ to check satisfaction [-Wmissing-requires]
  181 |     std::derived_from<std::remove_pointer_t<To>,
      |     ^
      |     requires 
[43/617] Building CXX object _deps/protobuf-build/CMakeFiles/libprotobuf.dir/src/google/protobuf/compiler/importer.cc.o
In file included from /home/tina.guest/tinylsm-perf-source-v2/tinylsm/build/release/_deps/protobuf-src/src/google/protobuf/extension_set.h:36,
                 from /home/tina.guest/tinylsm-perf-source-v2/tinylsm/build/release/_deps/protobuf-src/src/google/protobuf/descriptor.h:56,
                 from /home/tina.guest/tinylsm-perf-source-v2/tinylsm/build/release/_deps/protobuf-src/src/google/protobuf/compiler/parser.h:24,
                 from /home/tina.guest/tinylsm-perf-source-v2/tinylsm/build/release/_deps/protobuf-src/src/google/protobuf/compiler/importer.h:22,
                 from /home/tina.guest/tinylsm-perf-source-v2/tinylsm/build/release/_deps/protobuf-src/src/google/protobuf/compiler/importer.cc:12:
/home/tina.guest/tinylsm-perf-source-v2/tinylsm/build/release/_deps/protobuf-src/src/google/protobuf/port.h: In function ‘void google::protobuf::internal::AssertDownCast(From*)’:
/home/tina.guest/tinylsm-perf-source-v2/tinylsm/build/release/_deps/protobuf-src/src/google/protobuf/port.h:181:5: warning: testing if a concept-id is a valid expression; add ‘requires’ to check satisfaction [-Wmissing-requires]
  181 |     std::derived_from<std::remove_pointer_t<To>,
      |     ^
      |     requires 
[44/617] Building CXX object _deps/protobuf-build/CMakeFiles/libprotobuf.dir/src/google/protobuf/compiler/parser.cc.o
In file included from /home/tina.guest/tinylsm-perf-source-v2/tinylsm/build/release/_deps/protobuf-src/src/google/protobuf/extension_set.h:36,
                 from /home/tina.guest/tinylsm-perf-source-v2/tinylsm/build/release/_deps/protobuf-src/src/google/protobuf/descriptor.h:56,
                 from /home/tina.guest/tinylsm-perf-source-v2/tinylsm/build/release/_deps/protobuf-src/src/google/protobuf/compiler/parser.h:24,
                 from /home/tina.guest/tinylsm-perf-source-v2/tinylsm/build/release/_deps/protobuf-src/src/google/protobuf/compiler/parser.cc:14:
/home/tina.guest/tinylsm-perf-source-v2/tinylsm/build/release/_deps/protobuf-src/src/google/protobuf/port.h: In function ‘void google::protobuf::internal::AssertDownCast(From*)’:
/home/tina.guest/tinylsm-perf-source-v2/tinylsm/build/release/_deps/protobuf-src/src/google/protobuf/port.h:181:5: warning: testing if a concept-id is a valid expression; add ‘requires’ to check satisfaction [-Wmissing-requires]
  181 |     std::derived_from<std::remove_pointer_t<To>,
      |     ^
      |     requires 
[45/617] Building CXX object _deps/protobuf-build/CMakeFiles/libprotobuf.dir/src/google/protobuf/dynamic_message.cc.o
In file included from /home/tina.guest/tinylsm-perf-source-v2/tinylsm/build/release/_deps/protobuf-src/src/google/protobuf/extension_set.h:36,
                 from /home/tina.guest/tinylsm-perf-source-v2/tinylsm/build/release/_deps/protobuf-src/src/google/protobuf/descriptor.h:56,
                 from /home/tina.guest/tinylsm-perf-source-v2/tinylsm/build/release/_deps/protobuf-src/src/google/protobuf/dynamic_message.h:27,
                 from /home/tina.guest/tinylsm-perf-source-v2/tinylsm/build/release/_deps/protobuf-src/src/google/protobuf/dynamic_message.cc:42:
/home/tina.guest/tinylsm-perf-source-v2/tinylsm/build/release/_deps/protobuf-src/src/google/protobuf/port.h: In function ‘void google::protobuf::internal::AssertDownCast(From*)’:
/home/tina.guest/tinylsm-perf-source-v2/tinylsm/build/release/_deps/protobuf-src/src/google/protobuf/port.h:181:5: warning: testing if a concept-id is a valid expression; add ‘requires’ to check satisfaction [-Wmissing-requires]
  181 |     std::derived_from<std::remove_pointer_t<To>,
      |     ^
      |     requires 
[46/617] Building CXX object _deps/protobuf-build/CMakeFiles/libprotobuf.dir/src/google/protobuf/descriptor.pb.cc.o
In file included from /home/tina.guest/tinylsm-perf-source-v2/tinylsm/build/release/_deps/protobuf-src/src/google/protobuf/arena.h:38,
                 from /home/tina.guest/tinylsm-perf-source-v2/tinylsm/build/release/_deps/protobuf-src/src/google/protobuf/descriptor.pb.h:21,
                 from /home/tina.guest/tinylsm-perf-source-v2/tinylsm/build/release/_deps/protobuf-src/src/google/protobuf/descriptor.pb.cc:6:
/home/tina.guest/tinylsm-perf-source-v2/tinylsm/build/release/_deps/protobuf-src/src/google/protobuf/port.h: In function ‘void google::protobuf::internal::AssertDownCast(From*)’:
/home/tina.guest/tinylsm-perf-source-v2/tinylsm/build/release/_deps/protobuf-src/src/google/protobuf/port.h:181:5: warning: testing if a concept-id is a valid expression; add ‘requires’ to check satisfaction [-Wmissing-requires]
  181 |     std::derived_from<std::remove_pointer_t<To>,
      |     ^
      |     requires 
[47/617] Building CXX object _deps/protobuf-build/CMakeFiles/libprotobuf.dir/src/google/protobuf/extension_set_heavy.cc.o
In file included from /home/tina.guest/tinylsm-perf-source-v2/tinylsm/build/release/_deps/protobuf-src/src/google/protobuf/arena.h:38,
                 from /home/tina.guest/tinylsm-perf-source-v2/tinylsm/build/release/_deps/protobuf-src/src/google/protobuf/extension_set_heavy.cc:22:
/home/tina.guest/tinylsm-perf-source-v2/tinylsm/build/release/_deps/protobuf-src/src/google/protobuf/port.h: In function ‘void google::protobuf::internal::AssertDownCast(From*)’:
/home/tina.guest/tinylsm-perf-source-v2/tinylsm/build/release/_deps/protobuf-src/src/google/protobuf/port.h:181:5: warning: testing if a concept-id is a valid expression; add ‘requires’ to check satisfaction [-Wmissing-requires]
  181 |     std::derived_from<std::remove_pointer_t<To>,
      |     ^
      |     requires 
[48/617] Building CXX object _deps/protobuf-build/CMakeFiles/libprotobuf.dir/src/google/protobuf/extension_set.cc.o
In file included from /home/tina.guest/tinylsm-perf-source-v2/tinylsm/build/release/_deps/protobuf-src/src/google/protobuf/extension_set.h:36,
                 from /home/tina.guest/tinylsm-perf-source-v2/tinylsm/build/release/_deps/protobuf-src/src/google/protobuf/extension_set.cc:12:
/home/tina.guest/tinylsm-perf-source-v2/tinylsm/build/release/_deps/protobuf-src/src/google/protobuf/port.h: In function ‘void google::protobuf::internal::AssertDownCast(From*)’:
/home/tina.guest/tinylsm-perf-source-v2/tinylsm/build/release/_deps/protobuf-src/src/google/protobuf/port.h:181:5: warning: testing if a concept-id is a valid expression; add ‘requires’ to check satisfaction [-Wmissing-requires]
  181 |     std::derived_from<std::remove_pointer_t<To>,
      |     ^
      |     requires 
[49/617] Building CXX object _deps/protobuf-build/CMakeFiles/libprotobuf.dir/src/google/protobuf/descriptor_database.cc.o
In file included from /home/tina.guest/tinylsm-perf-source-v2/tinylsm/build/release/_deps/protobuf-src/src/google/protobuf/extension_set.h:36,
                 from /home/tina.guest/tinylsm-perf-source-v2/tinylsm/build/release/_deps/protobuf-src/src/google/protobuf/descriptor.h:56,
                 from /home/tina.guest/tinylsm-perf-source-v2/tinylsm/build/release/_deps/protobuf-src/src/google/protobuf/descriptor_database.h:22,
                 from /home/tina.guest/tinylsm-perf-source-v2/tinylsm/build/release/_deps/protobuf-src/src/google/protobuf/descriptor_database.cc:12:
/home/tina.guest/tinylsm-perf-source-v2/tinylsm/build/release/_deps/protobuf-src/src/google/protobuf/port.h: In function ‘void google::protobuf::internal::AssertDownCast(From*)’:
/home/tina.guest/tinylsm-perf-source-v2/tinylsm/build/release/_deps/protobuf-src/src/google/protobuf/port.h:181:5: warning: testing if a concept-id is a valid expression; add ‘requires’ to check satisfaction [-Wmissing-requires]
  181 |     std::derived_from<std::remove_pointer_t<To>,
      |     ^
      |     requires 
[50/617] Building CXX object _deps/protobuf-build/CMakeFiles/libprotobuf.dir/src/google/protobuf/generated_enum_util.cc.o
In file included from /home/tina.guest/tinylsm-perf-source-v2/tinylsm/build/release/_deps/protobuf-src/src/google/protobuf/arena.h:38,
                 from /home/tina.guest/tinylsm-perf-source-v2/tinylsm/build/release/_deps/protobuf-src/src/google/protobuf/message_lite.h:34,
                 from /home/tina.guest/tinylsm-perf-source-v2/tinylsm/build/release/_deps/protobuf-src/src/google/protobuf/generated_enum_util.h:20,
                 from /home/tina.guest/tinylsm-perf-source-v2/tinylsm/build/release/_deps/protobuf-src/src/google/protobuf/generated_enum_util.cc:8:
/home/tina.guest/tinylsm-perf-source-v2/tinylsm/build/release/_deps/protobuf-src/src/google/protobuf/port.h: In function ‘void google::protobuf::internal::AssertDownCast(From*)’:
/home/tina.guest/tinylsm-perf-source-v2/tinylsm/build/release/_deps/protobuf-src/src/google/protobuf/port.h:181:5: warning: testing if a concept-id is a valid expression; add ‘requires’ to check satisfaction [-Wmissing-requires]
  181 |     std::derived_from<std::remove_pointer_t<To>,
      |     ^
      |     requires 
[51/617] Building CXX object _deps/protobuf-build/CMakeFiles/libprotobuf.dir/src/google/protobuf/generated_message_bases.cc.o
In file included from /home/tina.guest/tinylsm-perf-source-v2/tinylsm/build/release/_deps/protobuf-src/src/google/protobuf/arena.h:38,
                 from /home/tina.guest/tinylsm-perf-source-v2/tinylsm/build/release/_deps/protobuf-src/src/google/protobuf/generated_message_bases.h:15,
                 from /home/tina.guest/tinylsm-perf-source-v2/tinylsm/build/release/_deps/protobuf-src/src/google/protobuf/generated_message_bases.cc:8:
/home/tina.guest/tinylsm-perf-source-v2/tinylsm/build/release/_deps/protobuf-src/src/google/protobuf/port.h: In function ‘void google::protobuf::internal::AssertDownCast(From*)’:
/home/tina.guest/tinylsm-perf-source-v2/tinylsm/build/release/_deps/protobuf-src/src/google/protobuf/port.h:181:5: warning: testing if a concept-id is a valid expression; add ‘requires’ to check satisfaction [-Wmissing-requires]
  181 |     std::derived_from<std::remove_pointer_t<To>,
      |     ^
      |     requires 
[52/617] Building CXX object _deps/protobuf-build/CMakeFiles/libprotobuf.dir/src/google/protobuf/feature_resolver.cc.o
In file included from /home/tina.guest/tinylsm-perf-source-v2/tinylsm/build/release/_deps/protobuf-src/src/google/protobuf/extension_set.h:36,
                 from /home/tina.guest/tinylsm-perf-source-v2/tinylsm/build/release/_deps/protobuf-src/src/google/protobuf/descriptor.h:56,
                 from /home/tina.guest/tinylsm-perf-source-v2/tinylsm/build/release/_deps/protobuf-src/src/google/protobuf/feature_resolver.h:21,
                 from /home/tina.guest/tinylsm-perf-source-v2/tinylsm/build/release/_deps/protobuf-src/src/google/protobuf/feature_resolver.cc:8:
/home/tina.guest/tinylsm-perf-source-v2/tinylsm/build/release/_deps/protobuf-src/src/google/protobuf/port.h: In function ‘void google::protobuf::internal::AssertDownCast(From*)’:
/home/tina.guest/tinylsm-perf-source-v2/tinylsm/build/release/_deps/protobuf-src/src/google/protobuf/port.h:181:5: warning: testing if a concept-id is a valid expression; add ‘requires’ to check satisfaction [-Wmissing-requires]
  181 |     std::derived_from<std::remove_pointer_t<To>,
      |     ^
      |     requires 
[53/617] Building CXX object _deps/protobuf-build/CMakeFiles/libprotobuf.dir/src/google/protobuf/generated_message_util.cc.o
In file included from /home/tina.guest/tinylsm-perf-source-v2/tinylsm/build/release/_deps/protobuf-src/src/google/protobuf/any.h:14,
                 from /home/tina.guest/tinylsm-perf-source-v2/tinylsm/build/release/_deps/protobuf-src/src/google/protobuf/generated_message_util.h:36,
                 from /home/tina.guest/tinylsm-perf-source-v2/tinylsm/build/release/_deps/protobuf-src/src/google/protobuf/generated_message_util.cc:12:
/home/tina.guest/tinylsm-perf-source-v2/tinylsm/build/release/_deps/protobuf-src/src/google/protobuf/port.h: In function ‘void google::protobuf::internal::AssertDownCast(From*)’:
/home/tina.guest/tinylsm-perf-source-v2/tinylsm/build/release/_deps/protobuf-src/src/google/protobuf/port.h:181:5: warning: testing if a concept-id is a valid expression; add ‘requires’ to check satisfaction [-Wmissing-requires]
  181 |     std::derived_from<std::remove_pointer_t<To>,
      |     ^
      |     requires 
[54/617] Building CXX object _deps/protobuf-build/CMakeFiles/libprotobuf.dir/src/google/protobuf/generated_message_tctable_full.cc.o
In file included from /home/tina.guest/tinylsm-perf-source-v2/tinylsm/build/release/_deps/protobuf-src/src/google/protobuf/extension_set.h:36,
                 from /home/tina.guest/tinylsm-perf-source-v2/tinylsm/build/release/_deps/protobuf-src/src/google/protobuf/generated_message_tctable_full.cc:33:
/home/tina.guest/tinylsm-perf-source-v2/tinylsm/build/release/_deps/protobuf-src/src/google/protobuf/port.h: In function ‘void google::protobuf::internal::AssertDownCast(From*)’:
/home/tina.guest/tinylsm-perf-source-v2/tinylsm/build/release/_deps/protobuf-src/src/google/protobuf/port.h:181:5: warning: testing if a concept-id is a valid expression; add ‘requires’ to check satisfaction [-Wmissing-requires]
  181 |     std::derived_from<std::remove_pointer_t<To>,
      |     ^
      |     requires 
[55/617] Building CXX object _deps/protobuf-build/CMakeFiles/libprotobuf.dir/src/google/protobuf/generated_message_tctable_gen.cc.o
In file included from /home/tina.guest/tinylsm-perf-source-v2/tinylsm/build/release/_deps/protobuf-src/src/google/protobuf/extension_set.h:36,
                 from /home/tina.guest/tinylsm-perf-source-v2/tinylsm/build/release/_deps/protobuf-src/src/google/protobuf/descriptor.h:56,
                 from /home/tina.guest/tinylsm-perf-source-v2/tinylsm/build/release/_deps/protobuf-src/src/google/protobuf/generated_message_tctable_gen.h:19,
                 from /home/tina.guest/tinylsm-perf-source-v2/tinylsm/build/release/_deps/protobuf-src/src/google/protobuf/generated_message_tctable_gen.cc:8:
/home/tina.guest/tinylsm-perf-source-v2/tinylsm/build/release/_deps/protobuf-src/src/google/protobuf/port.h: In function ‘void google::protobuf::internal::AssertDownCast(From*)’:
/home/tina.guest/tinylsm-perf-source-v2/tinylsm/build/release/_deps/protobuf-src/src/google/protobuf/port.h:181:5: warning: testing if a concept-id is a valid expression; add ‘requires’ to check satisfaction [-Wmissing-requires]
  181 |     std::derived_from<std::remove_pointer_t<To>,
      |     ^
      |     requires 
[56/617] Building CXX object _deps/protobuf-build/CMakeFiles/libprotobuf.dir/src/google/protobuf/implicit_weak_message.cc.o
In file included from /home/tina.guest/tinylsm-perf-source-v2/tinylsm/build/release/_deps/protobuf-src/src/google/protobuf/arena.h:38,
                 from /home/tina.guest/tinylsm-perf-source-v2/tinylsm/build/release/_deps/protobuf-src/src/google/protobuf/implicit_weak_message.h:14,
                 from /home/tina.guest/tinylsm-perf-source-v2/tinylsm/build/release/_deps/protobuf-src/src/google/protobuf/implicit_weak_message.cc:8:
/home/tina.guest/tinylsm-perf-source-v2/tinylsm/build/release/_deps/protobuf-src/src/google/protobuf/port.h: In function ‘void google::protobuf::internal::AssertDownCast(From*)’:
/home/tina.guest/tinylsm-perf-source-v2/tinylsm/build/release/_deps/protobuf-src/src/google/protobuf/port.h:181:5: warning: testing if a concept-id is a valid expression; add ‘requires’ to check satisfaction [-Wmissing-requires]
  181 |     std::derived_from<std::remove_pointer_t<To>,
      |     ^
      |     requires 
[57/617] Building CXX object _deps/protobuf-build/CMakeFiles/libprotobuf.dir/src/google/protobuf/inlined_string_field.cc.o
In file included from /home/tina.guest/tinylsm-perf-source-v2/tinylsm/build/release/_deps/protobuf-src/src/google/protobuf/arena.h:38,
                 from /home/tina.guest/tinylsm-perf-source-v2/tinylsm/build/release/_deps/protobuf-src/src/google/protobuf/arenastring.h:19,
                 from /home/tina.guest/tinylsm-perf-source-v2/tinylsm/build/release/_deps/protobuf-src/src/google/protobuf/inlined_string_field.h:16,
                 from /home/tina.guest/tinylsm-perf-source-v2/tinylsm/build/release/_deps/protobuf-src/src/google/protobuf/inlined_string_field.cc:8:
/home/tina.guest/tinylsm-perf-source-v2/tinylsm/build/release/_deps/protobuf-src/src/google/protobuf/port.h: In function ‘void google::protobuf::internal::AssertDownCast(From*)’:
/home/tina.guest/tinylsm-perf-source-v2/tinylsm/build/release/_deps/protobuf-src/src/google/protobuf/port.h:181:5: warning: testing if a concept-id is a valid expression; add ‘requires’ to check satisfaction [-Wmissing-requires]
  181 |     std::derived_from<std::remove_pointer_t<To>,
      |     ^
      |     requires 
[58/617] Building CXX object _deps/protobuf-build/CMakeFiles/libprotobuf.dir/src/google/protobuf/io/io_win32.cc.o
[59/617] Building CXX object _deps/protobuf-build/CMakeFiles/libprotobuf.dir/src/google/protobuf/io/gzip_stream.cc.o
In file included from /home/tina.guest/tinylsm-perf-source-v2/tinylsm/build/release/_deps/protobuf-src/src/google/protobuf/io/zero_copy_stream.h:89,
                 from /home/tina.guest/tinylsm-perf-source-v2/tinylsm/build/release/_deps/protobuf-src/src/google/protobuf/io/gzip_stream.h:24,
                 from /home/tina.guest/tinylsm-perf-source-v2/tinylsm/build/release/_deps/protobuf-src/src/google/protobuf/io/gzip_stream.cc:15:
/home/tina.guest/tinylsm-perf-source-v2/tinylsm/build/release/_deps/protobuf-src/src/google/protobuf/port.h: In function ‘void google::protobuf::internal::AssertDownCast(From*)’:
/home/tina.guest/tinylsm-perf-source-v2/tinylsm/build/release/_deps/protobuf-src/src/google/protobuf/port.h:181:5: warning: testing if a concept-id is a valid expression; add ‘requires’ to check satisfaction [-Wmissing-requires]
  181 |     std::derived_from<std::remove_pointer_t<To>,
      |     ^
      |     requires 
[60/617] Building CXX object _deps/protobuf-build/CMakeFiles/libprotobuf.dir/src/google/protobuf/io/coded_stream.cc.o
In file included from /home/tina.guest/tinylsm-perf-source-v2/tinylsm/build/release/_deps/protobuf-src/src/google/protobuf/arena.h:38,
                 from /home/tina.guest/tinylsm-perf-source-v2/tinylsm/build/release/_deps/protobuf-src/src/google/protobuf/io/coded_stream.cc:37:
/home/tina.guest/tinylsm-perf-source-v2/tinylsm/build/release/_deps/protobuf-src/src/google/protobuf/port.h: In function ‘void google::protobuf::internal::AssertDownCast(From*)’:
/home/tina.guest/tinylsm-perf-source-v2/tinylsm/build/release/_deps/protobuf-src/src/google/protobuf/port.h:181:5: warning: testing if a concept-id is a valid expression; add ‘requires’ to check satisfaction [-Wmissing-requires]
  181 |     std::derived_from<std::remove_pointer_t<To>,
      |     ^
      |     requires 
[61/617] Building CXX object _deps/protobuf-build/CMakeFiles/libprotobuf.dir/src/google/protobuf/generated_message_reflection.cc.o
In file included from /home/tina.guest/tinylsm-perf-source-v2/tinylsm/build/release/_deps/protobuf-src/src/google/protobuf/extension_set.h:36,
                 from /home/tina.guest/tinylsm-perf-source-v2/tinylsm/build/release/_deps/protobuf-src/src/google/protobuf/descriptor.h:56,
                 from /home/tina.guest/tinylsm-perf-source-v2/tinylsm/build/release/_deps/protobuf-src/src/google/protobuf/generated_message_reflection.h:25,
                 from /home/tina.guest/tinylsm-perf-source-v2/tinylsm/build/release/_deps/protobuf-src/src/google/protobuf/generated_message_reflection.cc:12:
/home/tina.guest/tinylsm-perf-source-v2/tinylsm/build/release/_deps/protobuf-src/src/google/protobuf/port.h: In function ‘void google::protobuf::internal::AssertDownCast(From*)’:
/home/tina.guest/tinylsm-perf-source-v2/tinylsm/build/release/_deps/protobuf-src/src/google/protobuf/port.h:181:5: warning: testing if a concept-id is a valid expression; add ‘requires’ to check satisfaction [-Wmissing-requires]
  181 |     std::derived_from<std::remove_pointer_t<To>,
      |     ^
      |     requires 
[62/617] Building CXX object _deps/protobuf-build/CMakeFiles/libprotobuf.dir/src/google/protobuf/io/strtod.cc.o
[63/617] Building CXX object _deps/protobuf-build/CMakeFiles/libprotobuf.dir/src/google/protobuf/io/zero_copy_sink.cc.o
In file included from /home/tina.guest/tinylsm-perf-source-v2/tinylsm/build/release/_deps/protobuf-src/src/google/protobuf/io/zero_copy_stream.h:89,
                 from /home/tina.guest/tinylsm-perf-source-v2/tinylsm/build/release/_deps/protobuf-src/src/google/protobuf/io/zero_copy_sink.h:13,
                 from /home/tina.guest/tinylsm-perf-source-v2/tinylsm/build/release/_deps/protobuf-src/src/google/protobuf/io/zero_copy_sink.cc:8:
/home/tina.guest/tinylsm-perf-source-v2/tinylsm/build/release/_deps/protobuf-src/src/google/protobuf/port.h: In function ‘void google::protobuf::internal::AssertDownCast(From*)’:
/home/tina.guest/tinylsm-perf-source-v2/tinylsm/build/release/_deps/protobuf-src/src/google/protobuf/port.h:181:5: warning: testing if a concept-id is a valid expression; add ‘requires’ to check satisfaction [-Wmissing-requires]
  181 |     std::derived_from<std::remove_pointer_t<To>,
      |     ^
      |     requires 
[64/617] Building CXX object _deps/protobuf-build/CMakeFiles/libprotobuf.dir/src/google/protobuf/generated_message_tctable_lite.cc.o
In file included from /home/tina.guest/tinylsm-perf-source-v2/tinylsm/build/release/_deps/protobuf-src/src/google/protobuf/arena.h:38,
                 from /home/tina.guest/tinylsm-perf-source-v2/tinylsm/build/release/_deps/protobuf-src/src/google/protobuf/arenastring.h:19,
                 from /home/tina.guest/tinylsm-perf-source-v2/tinylsm/build/release/_deps/protobuf-src/src/google/protobuf/generated_message_tctable_lite.cc:24:
/home/tina.guest/tinylsm-perf-source-v2/tinylsm/build/release/_deps/protobuf-src/src/google/protobuf/port.h: In function ‘void google::protobuf::internal::AssertDownCast(From*)’:
/home/tina.guest/tinylsm-perf-source-v2/tinylsm/build/release/_deps/protobuf-src/src/google/protobuf/port.h:181:5: warning: testing if a concept-id is a valid expression; add ‘requires’ to check satisfaction [-Wmissing-requires]
  181 |     std::derived_from<std::remove_pointer_t<To>,
      |     ^
      |     requires 
[65/617] Building CXX object _deps/protobuf-build/CMakeFiles/libprotobuf.dir/src/google/protobuf/io/tokenizer.cc.o
In file included from /home/tina.guest/tinylsm-perf-source-v2/tinylsm/build/release/_deps/protobuf-src/src/google/protobuf/io/tokenizer.h:23,
                 from /home/tina.guest/tinylsm-perf-source-v2/tinylsm/build/release/_deps/protobuf-src/src/google/protobuf/io/tokenizer.cc:68:
/home/tina.guest/tinylsm-perf-source-v2/tinylsm/build/release/_deps/protobuf-src/src/google/protobuf/port.h: In function ‘void google::protobuf::internal::AssertDownCast(From*)’:
/home/tina.guest/tinylsm-perf-source-v2/tinylsm/build/release/_deps/protobuf-src/src/google/protobuf/port.h:181:5: warning: testing if a concept-id is a valid expression; add ‘requires’ to check satisfaction [-Wmissing-requires]
  181 |     std::derived_from<std::remove_pointer_t<To>,
      |     ^
      |     requires 
[66/617] Building CXX object _deps/protobuf-build/CMakeFiles/libprotobuf.dir/src/google/protobuf/io/zero_copy_stream.cc.o
In file included from /home/tina.guest/tinylsm-perf-source-v2/tinylsm/build/release/_deps/protobuf-src/src/google/protobuf/io/zero_copy_stream.h:89,
                 from /home/tina.guest/tinylsm-perf-source-v2/tinylsm/build/release/_deps/protobuf-src/src/google/protobuf/io/zero_copy_stream.cc:12:
/home/tina.guest/tinylsm-perf-source-v2/tinylsm/build/release/_deps/protobuf-src/src/google/protobuf/port.h: In function ‘void google::protobuf::internal::AssertDownCast(From*)’:
/home/tina.guest/tinylsm-perf-source-v2/tinylsm/build/release/_deps/protobuf-src/src/google/protobuf/port.h:181:5: warning: testing if a concept-id is a valid expression; add ‘requires’ to check satisfaction [-Wmissing-requires]
  181 |     std::derived_from<std::remove_pointer_t<To>,
      |     ^
      |     requires 
[67/617] Building CXX object _deps/protobuf-build/CMakeFiles/libprotobuf.dir/src/google/protobuf/io/zero_copy_stream_impl.cc.o
In file included from /home/tina.guest/tinylsm-perf-source-v2/tinylsm/build/release/_deps/protobuf-src/src/google/protobuf/io/zero_copy_stream.h:89,
                 from /home/tina.guest/tinylsm-perf-source-v2/tinylsm/build/release/_deps/protobuf-src/src/google/protobuf/io/zero_copy_stream_impl.h:24,
                 from /home/tina.guest/tinylsm-perf-source-v2/tinylsm/build/release/_deps/protobuf-src/src/google/protobuf/io/zero_copy_stream_impl.cc:28:
/home/tina.guest/tinylsm-perf-source-v2/tinylsm/build/release/_deps/protobuf-src/src/google/protobuf/port.h: In function ‘void google::protobuf::internal::AssertDownCast(From*)’:
/home/tina.guest/tinylsm-perf-source-v2/tinylsm/build/release/_deps/protobuf-src/src/google/protobuf/port.h:181:5: warning: testing if a concept-id is a valid expression; add ‘requires’ to check satisfaction [-Wmissing-requires]
  181 |     std::derived_from<std::remove_pointer_t<To>,
      |     ^
      |     requires 
[68/617] Building CXX object _deps/protobuf-build/CMakeFiles/libprotobuf.dir/src/google/protobuf/io/printer.cc.o
In file included from /home/tina.guest/tinylsm-perf-source-v2/tinylsm/build/release/_deps/protobuf-src/src/google/protobuf/io/zero_copy_stream.h:89,
                 from /home/tina.guest/tinylsm-perf-source-v2/tinylsm/build/release/_deps/protobuf-src/src/google/protobuf/io/zero_copy_sink.h:13,
                 from /home/tina.guest/tinylsm-perf-source-v2/tinylsm/build/release/_deps/protobuf-src/src/google/protobuf/io/printer.h:36,
                 from /home/tina.guest/tinylsm-perf-source-v2/tinylsm/build/release/_deps/protobuf-src/src/google/protobuf/io/printer.cc:12:
/home/tina.guest/tinylsm-perf-source-v2/tinylsm/build/release/_deps/protobuf-src/src/google/protobuf/port.h: In function ‘void google::protobuf::internal::AssertDownCast(From*)’:
/home/tina.guest/tinylsm-perf-source-v2/tinylsm/build/release/_deps/protobuf-src/src/google/protobuf/port.h:181:5: warning: testing if a concept-id is a valid expression; add ‘requires’ to check satisfaction [-Wmissing-requires]
  181 |     std::derived_from<std::remove_pointer_t<To>,
      |     ^
      |     requires 
[69/617] Building CXX object _deps/protobuf-build/CMakeFiles/libprotobuf.dir/src/google/protobuf/io/zero_copy_stream_impl_lite.cc.o
In file included from /home/tina.guest/tinylsm-perf-source-v2/tinylsm/build/release/_deps/protobuf-src/src/google/protobuf/io/zero_copy_stream.h:89,
                 from /home/tina.guest/tinylsm-perf-source-v2/tinylsm/build/release/_deps/protobuf-src/src/google/protobuf/io/zero_copy_stream_impl_lite.h:35,
                 from /home/tina.guest/tinylsm-perf-source-v2/tinylsm/build/release/_deps/protobuf-src/src/google/protobuf/io/zero_copy_stream_impl_lite.cc:12:
/home/tina.guest/tinylsm-perf-source-v2/tinylsm/build/release/_deps/protobuf-src/src/google/protobuf/port.h: In function ‘void google::protobuf::internal::AssertDownCast(From*)’:
/home/tina.guest/tinylsm-perf-source-v2/tinylsm/build/release/_deps/protobuf-src/src/google/protobuf/port.h:181:5: warning: testing if a concept-id is a valid expression; add ‘requires’ to check satisfaction [-Wmissing-requires]
  181 |     std::derived_from<std::remove_pointer_t<To>,
      |     ^
      |     requires 
[70/617] Building CXX object _deps/protobuf-build/CMakeFiles/libprotobuf.dir/src/google/protobuf/descriptor.cc.o
In file included from /home/tina.guest/tinylsm-perf-source-v2/tinylsm/build/release/_deps/protobuf-src/src/google/protobuf/extension_set.h:36,
                 from /home/tina.guest/tinylsm-perf-source-v2/tinylsm/build/release/_deps/protobuf-src/src/google/protobuf/descriptor.h:56,
                 from /home/tina.guest/tinylsm-perf-source-v2/tinylsm/build/release/_deps/protobuf-src/src/google/protobuf/descriptor.cc:12:
/home/tina.guest/tinylsm-perf-source-v2/tinylsm/build/release/_deps/protobuf-src/src/google/protobuf/port.h: In function ‘void google::protobuf::internal::AssertDownCast(From*)’:
/home/tina.guest/tinylsm-perf-source-v2/tinylsm/build/release/_deps/protobuf-src/src/google/protobuf/port.h:181:5: warning: testing if a concept-id is a valid expression; add ‘requires’ to check satisfaction [-Wmissing-requires]
  181 |     std::derived_from<std::remove_pointer_t<To>,
      |     ^
      |     requires 
[71/617] Building CXX object _deps/protobuf-build/CMakeFiles/libprotobuf.dir/src/google/protobuf/json/internal/message_path.cc.o
In file included from /home/tina.guest/tinylsm-perf-source-v2/tinylsm/build/release/_deps/protobuf-src/src/google/protobuf/extension_set.h:36,
                 from /home/tina.guest/tinylsm-perf-source-v2/tinylsm/build/release/_deps/protobuf-src/src/google/protobuf/descriptor.h:56,
                 from /home/tina.guest/tinylsm-perf-source-v2/tinylsm/build/release/_deps/protobuf-src/src/google/protobuf/json/internal/message_path.h:16,
                 from /home/tina.guest/tinylsm-perf-source-v2/tinylsm/build/release/_deps/protobuf-src/src/google/protobuf/json/internal/message_path.cc:8:
/home/tina.guest/tinylsm-perf-source-v2/tinylsm/build/release/_deps/protobuf-src/src/google/protobuf/port.h: In function ‘void google::protobuf::internal::AssertDownCast(From*)’:
/home/tina.guest/tinylsm-perf-source-v2/tinylsm/build/release/_deps/protobuf-src/src/google/protobuf/port.h:181:5: warning: testing if a concept-id is a valid expression; add ‘requires’ to check satisfaction [-Wmissing-requires]
  181 |     std::derived_from<std::remove_pointer_t<To>,
      |     ^
      |     requires 
[72/617] Building CXX object _deps/protobuf-build/CMakeFiles/libprotobuf.dir/src/google/protobuf/json/internal/writer.cc.o
In file included from /home/tina.guest/tinylsm-perf-source-v2/tinylsm/build/release/_deps/protobuf-src/src/google/protobuf/io/zero_copy_stream.h:89,
                 from /home/tina.guest/tinylsm-perf-source-v2/tinylsm/build/release/_deps/protobuf-src/src/google/protobuf/io/zero_copy_sink.h:13,
                 from /home/tina.guest/tinylsm-perf-source-v2/tinylsm/build/release/_deps/protobuf-src/src/google/protobuf/json/internal/writer.h:25,
                 from /home/tina.guest/tinylsm-perf-source-v2/tinylsm/build/release/_deps/protobuf-src/src/google/protobuf/json/internal/writer.cc:8:
/home/tina.guest/tinylsm-perf-source-v2/tinylsm/build/release/_deps/protobuf-src/src/google/protobuf/port.h: In function ‘void google::protobuf::internal::AssertDownCast(From*)’:
/home/tina.guest/tinylsm-perf-source-v2/tinylsm/build/release/_deps/protobuf-src/src/google/protobuf/port.h:181:5: warning: testing if a concept-id is a valid expression; add ‘requires’ to check satisfaction [-Wmissing-requires]
  181 |     std::derived_from<std::remove_pointer_t<To>,
      |     ^
      |     requires 
[73/617] Building CXX object _deps/protobuf-build/CMakeFiles/libprotobuf.dir/src/google/protobuf/json/internal/zero_copy_buffered_stream.cc.o
In file included from /home/tina.guest/tinylsm-perf-source-v2/tinylsm/build/release/_deps/protobuf-src/src/google/protobuf/io/zero_copy_stream.h:89,
                 from /home/tina.guest/tinylsm-perf-source-v2/tinylsm/build/release/_deps/protobuf-src/src/google/protobuf/json/internal/zero_copy_buffered_stream.h:24,
                 from /home/tina.guest/tinylsm-perf-source-v2/tinylsm/build/release/_deps/protobuf-src/src/google/protobuf/json/internal/zero_copy_buffered_stream.cc:8:
/home/tina.guest/tinylsm-perf-source-v2/tinylsm/build/release/_deps/protobuf-src/src/google/protobuf/port.h: In function ‘void google::protobuf::internal::AssertDownCast(From*)’:
/home/tina.guest/tinylsm-perf-source-v2/tinylsm/build/release/_deps/protobuf-src/src/google/protobuf/port.h:181:5: warning: testing if a concept-id is a valid expression; add ‘requires’ to check satisfaction [-Wmissing-requires]
  181 |     std::derived_from<std::remove_pointer_t<To>,
      |     ^
      |     requires 
[74/617] Building CXX object _deps/protobuf-build/CMakeFiles/libprotobuf.dir/src/google/protobuf/json/internal/lexer.cc.o
In file included from /home/tina.guest/tinylsm-perf-source-v2/tinylsm/build/release/_deps/protobuf-src/src/google/protobuf/extension_set.h:36,
                 from /home/tina.guest/tinylsm-perf-source-v2/tinylsm/build/release/_deps/protobuf-src/src/google/protobuf/descriptor.h:56,
                 from /home/tina.guest/tinylsm-perf-source-v2/tinylsm/build/release/_deps/protobuf-src/src/google/protobuf/json/internal/lexer.h:27,
                 from /home/tina.guest/tinylsm-perf-source-v2/tinylsm/build/release/_deps/protobuf-src/src/google/protobuf/json/internal/lexer.cc:8:
/home/tina.guest/tinylsm-perf-source-v2/tinylsm/build/release/_deps/protobuf-src/src/google/protobuf/port.h: In function ‘void google::protobuf::internal::AssertDownCast(From*)’:
/home/tina.guest/tinylsm-perf-source-v2/tinylsm/build/release/_deps/protobuf-src/src/google/protobuf/port.h:181:5: warning: testing if a concept-id is a valid expression; add ‘requires’ to check satisfaction [-Wmissing-requires]
  181 |     std::derived_from<std::remove_pointer_t<To>,
      |     ^
      |     requires 
[75/617] Building CXX object _deps/protobuf-build/CMakeFiles/libprotobuf.dir/src/google/protobuf/map.cc.o
In file included from /home/tina.guest/tinylsm-perf-source-v2/tinylsm/build/release/_deps/protobuf-src/src/google/protobuf/arena.h:38,
                 from /home/tina.guest/tinylsm-perf-source-v2/tinylsm/build/release/_deps/protobuf-src/src/google/protobuf/map.h:39,
                 from /home/tina.guest/tinylsm-perf-source-v2/tinylsm/build/release/_deps/protobuf-src/src/google/protobuf/map.cc:8:
/home/tina.guest/tinylsm-perf-source-v2/tinylsm/build/release/_deps/protobuf-src/src/google/protobuf/port.h: In function ‘void google::protobuf::internal::AssertDownCast(From*)’:
/home/tina.guest/tinylsm-perf-source-v2/tinylsm/build/release/_deps/protobuf-src/src/google/protobuf/port.h:181:5: warning: testing if a concept-id is a valid expression; add ‘requires’ to check satisfaction [-Wmissing-requires]
  181 |     std::derived_from<std::remove_pointer_t<To>,
      |     ^
      |     requires 
/home/tina.guest/tinylsm-perf-source-v2/tinylsm/build/release/_deps/protobuf-src/src/google/protobuf/map.cc: In lambda function:
/home/tina.guest/tinylsm-perf-source-v2/tinylsm/build/release/_deps/protobuf-src/src/google/protobuf/map.cc:119:23: warning: implicit capture of ‘this’ via ‘[=]’ is deprecated in C++20 [-Wdeprecated]
  119 |     const auto loop = [=](auto destroy_node) {
      |                       ^
/home/tina.guest/tinylsm-perf-source-v2/tinylsm/build/release/_deps/protobuf-src/src/google/protobuf/map.cc:119:23: note: add explicit ‘this’ or ‘*this’ capture
[76/617] Building CXX object _deps/protobuf-build/CMakeFiles/libprotobuf.dir/src/google/protobuf/json/json.cc.o
In file included from /home/tina.guest/tinylsm-perf-source-v2/tinylsm/build/release/_deps/protobuf-src/src/google/protobuf/arena.h:38,
                 from /home/tina.guest/tinylsm-perf-source-v2/tinylsm/build/release/_deps/protobuf-src/src/google/protobuf/message.h:105,
                 from /home/tina.guest/tinylsm-perf-source-v2/tinylsm/build/release/_deps/protobuf-src/src/google/protobuf/json/json.h:17,
                 from /home/tina.guest/tinylsm-perf-source-v2/tinylsm/build/release/_deps/protobuf-src/src/google/protobuf/json/json.cc:8:
/home/tina.guest/tinylsm-perf-source-v2/tinylsm/build/release/_deps/protobuf-src/src/google/protobuf/port.h: In function ‘void google::protobuf::internal::AssertDownCast(From*)’:
/home/tina.guest/tinylsm-perf-source-v2/tinylsm/build/release/_deps/protobuf-src/src/google/protobuf/port.h:181:5: warning: testing if a concept-id is a valid expression; add ‘requires’ to check satisfaction [-Wmissing-requires]
  181 |     std::derived_from<std::remove_pointer_t<To>,
      |     ^
      |     requires 
[77/617] Building CXX object _deps/protobuf-build/CMakeFiles/libprotobuf.dir/src/google/protobuf/json/internal/untyped_message.cc.o
In file included from /home/tina.guest/tinylsm-perf-source-v2/tinylsm/build/release/_deps/protobuf-src/src/google/protobuf/arena.h:38,
                 from /home/tina.guest/tinylsm-perf-source-v2/tinylsm/build/release/_deps/protobuf-src/src/google/protobuf/type.pb.h:21,
                 from /home/tina.guest/tinylsm-perf-source-v2/tinylsm/build/release/_deps/protobuf-src/src/google/protobuf/json/internal/untyped_message.h:19,
                 from /home/tina.guest/tinylsm-perf-source-v2/tinylsm/build/release/_deps/protobuf-src/src/google/protobuf/json/internal/untyped_message.cc:8:
/home/tina.guest/tinylsm-perf-source-v2/tinylsm/build/release/_deps/protobuf-src/src/google/protobuf/port.h: In function ‘void google::protobuf::internal::AssertDownCast(From*)’:
/home/tina.guest/tinylsm-perf-source-v2/tinylsm/build/release/_deps/protobuf-src/src/google/protobuf/port.h:181:5: warning: testing if a concept-id is a valid expression; add ‘requires’ to check satisfaction [-Wmissing-requires]
  181 |     std::derived_from<std::remove_pointer_t<To>,
      |     ^
      |     requires 
[78/617] Building CXX object _deps/protobuf-build/CMakeFiles/libprotobuf.dir/src/google/protobuf/map_field.cc.o
In file included from /home/tina.guest/tinylsm-perf-source-v2/tinylsm/build/release/_deps/protobuf-src/src/google/protobuf/arena.h:38,
                 from /home/tina.guest/tinylsm-perf-source-v2/tinylsm/build/release/_deps/protobuf-src/src/google/protobuf/map_field.h:23,
                 from /home/tina.guest/tinylsm-perf-source-v2/tinylsm/build/release/_deps/protobuf-src/src/google/protobuf/map_field.cc:8:
/home/tina.guest/tinylsm-perf-source-v2/tinylsm/build/release/_deps/protobuf-src/src/google/protobuf/port.h: In function ‘void google::protobuf::internal::AssertDownCast(From*)’:
/home/tina.guest/tinylsm-perf-source-v2/tinylsm/build/release/_deps/protobuf-src/src/google/protobuf/port.h:181:5: warning: testing if a concept-id is a valid expression; add ‘requires’ to check satisfaction [-Wmissing-requires]
  181 |     std::derived_from<std::remove_pointer_t<To>,
      |     ^
      |     requires 
[79/617] Building CXX object _deps/protobuf-build/CMakeFiles/libprotobuf.dir/src/google/protobuf/port.cc.o
In file included from /home/tina.guest/tinylsm-perf-source-v2/tinylsm/build/release/_deps/protobuf-src/src/google/protobuf/port.cc:8:
/home/tina.guest/tinylsm-perf-source-v2/tinylsm/build/release/_deps/protobuf-src/src/google/protobuf/port.h: In function ‘void google::protobuf::internal::AssertDownCast(From*)’:
/home/tina.guest/tinylsm-perf-source-v2/tinylsm/build/release/_deps/protobuf-src/src/google/protobuf/port.h:181:5: warning: testing if a concept-id is a valid expression; add ‘requires’ to check satisfaction [-Wmissing-requires]
  181 |     std::derived_from<std::remove_pointer_t<To>,
      |     ^
      |     requires 
[80/617] Building CXX object _deps/protobuf-build/CMakeFiles/libprotobuf.dir/src/google/protobuf/raw_ptr.cc.o
[81/617] Building CXX object _deps/protobuf-build/CMakeFiles/libprotobuf.dir/src/google/protobuf/reflection_mode.cc.o
[82/617] Building CXX object _deps/protobuf-build/CMakeFiles/libprotobuf.dir/src/google/protobuf/json/internal/parser.cc.o
In file included from /home/tina.guest/tinylsm-perf-source-v2/tinylsm/build/release/_deps/protobuf-src/src/google/protobuf/extension_set.h:36,
                 from /home/tina.guest/tinylsm-perf-source-v2/tinylsm/build/release/_deps/protobuf-src/src/google/protobuf/descriptor.h:56,
                 from /home/tina.guest/tinylsm-perf-source-v2/tinylsm/build/release/_deps/protobuf-src/src/google/protobuf/json/internal/lexer.h:27,
                 from /home/tina.guest/tinylsm-perf-source-v2/tinylsm/build/release/_deps/protobuf-src/src/google/protobuf/json/internal/parser.h:13,
                 from /home/tina.guest/tinylsm-perf-source-v2/tinylsm/build/release/_deps/protobuf-src/src/google/protobuf/json/internal/parser.cc:8:
/home/tina.guest/tinylsm-perf-source-v2/tinylsm/build/release/_deps/protobuf-src/src/google/protobuf/port.h: In function ‘void google::protobuf::internal::AssertDownCast(From*)’:
/home/tina.guest/tinylsm-perf-source-v2/tinylsm/build/release/_deps/protobuf-src/src/google/protobuf/port.h:181:5: warning: testing if a concept-id is a valid expression; add ‘requires’ to check satisfaction [-Wmissing-requires]
  181 |     std::derived_from<std::remove_pointer_t<To>,
      |     ^
      |     requires 
[83/617] Building CXX object _deps/protobuf-build/CMakeFiles/libprotobuf.dir/src/google/protobuf/json/internal/unparser.cc.o
In file included from /home/tina.guest/tinylsm-perf-source-v2/tinylsm/build/release/_deps/protobuf-src/src/google/protobuf/io/zero_copy_stream.h:89,
                 from /home/tina.guest/tinylsm-perf-source-v2/tinylsm/build/release/_deps/protobuf-src/src/google/protobuf/io/zero_copy_sink.h:13,
                 from /home/tina.guest/tinylsm-perf-source-v2/tinylsm/build/release/_deps/protobuf-src/src/google/protobuf/json/internal/writer.h:25,
                 from /home/tina.guest/tinylsm-perf-source-v2/tinylsm/build/release/_deps/protobuf-src/src/google/protobuf/json/internal/unparser.h:14,
                 from /home/tina.guest/tinylsm-perf-source-v2/tinylsm/build/release/_deps/protobuf-src/src/google/protobuf/json/internal/unparser.cc:8:
/home/tina.guest/tinylsm-perf-source-v2/tinylsm/build/release/_deps/protobuf-src/src/google/protobuf/port.h: In function ‘void google::protobuf::internal::AssertDownCast(From*)’:
/home/tina.guest/tinylsm-perf-source-v2/tinylsm/build/release/_deps/protobuf-src/src/google/protobuf/port.h:181:5: warning: testing if a concept-id is a valid expression; add ‘requires’ to check satisfaction [-Wmissing-requires]
  181 |     std::derived_from<std::remove_pointer_t<To>,
      |     ^
      |     requires 
[84/617] Building CXX object _deps/protobuf-build/CMakeFiles/libprotobuf.dir/src/google/protobuf/message_lite.cc.o
In file included from /home/tina.guest/tinylsm-perf-source-v2/tinylsm/build/release/_deps/protobuf-src/src/google/protobuf/arena.h:38,
                 from /home/tina.guest/tinylsm-perf-source-v2/tinylsm/build/release/_deps/protobuf-src/src/google/protobuf/message_lite.h:34,
                 from /home/tina.guest/tinylsm-perf-source-v2/tinylsm/build/release/_deps/protobuf-src/src/google/protobuf/message_lite.cc:13:
/home/tina.guest/tinylsm-perf-source-v2/tinylsm/build/release/_deps/protobuf-src/src/google/protobuf/port.h: In function ‘void google::protobuf::internal::AssertDownCast(From*)’:
/home/tina.guest/tinylsm-perf-source-v2/tinylsm/build/release/_deps/protobuf-src/src/google/protobuf/port.h:181:5: warning: testing if a concept-id is a valid expression; add ‘requires’ to check satisfaction [-Wmissing-requires]
  181 |     std::derived_from<std::remove_pointer_t<To>,
      |     ^
      |     requires 
[85/617] Building CXX object _deps/protobuf-build/CMakeFiles/libprotobuf.dir/src/google/protobuf/parse_context.cc.o
In file included from /home/tina.guest/tinylsm-perf-source-v2/tinylsm/build/release/_deps/protobuf-src/src/google/protobuf/arena.h:38,
                 from /home/tina.guest/tinylsm-perf-source-v2/tinylsm/build/release/_deps/protobuf-src/src/google/protobuf/parse_context.h:24,
                 from /home/tina.guest/tinylsm-perf-source-v2/tinylsm/build/release/_deps/protobuf-src/src/google/protobuf/parse_context.cc:8:
/home/tina.guest/tinylsm-perf-source-v2/tinylsm/build/release/_deps/protobuf-src/src/google/protobuf/port.h: In function ‘void google::protobuf::internal::AssertDownCast(From*)’:
/home/tina.guest/tinylsm-perf-source-v2/tinylsm/build/release/_deps/protobuf-src/src/google/protobuf/port.h:181:5: warning: testing if a concept-id is a valid expression; add ‘requires’ to check satisfaction [-Wmissing-requires]
  181 |     std::derived_from<std::remove_pointer_t<To>,
      |     ^
      |     requires 
[86/617] Building CXX object _deps/protobuf-build/CMakeFiles/libprotobuf.dir/src/google/protobuf/repeated_field.cc.o
In file included from /home/tina.guest/tinylsm-perf-source-v2/tinylsm/build/release/_deps/protobuf-src/src/google/protobuf/arena.h:38,
                 from /home/tina.guest/tinylsm-perf-source-v2/tinylsm/build/release/_deps/protobuf-src/src/google/protobuf/repeated_field.h:40,
                 from /home/tina.guest/tinylsm-perf-source-v2/tinylsm/build/release/_deps/protobuf-src/src/google/protobuf/repeated_field.cc:12:
/home/tina.guest/tinylsm-perf-source-v2/tinylsm/build/release/_deps/protobuf-src/src/google/protobuf/port.h: In function ‘void google::protobuf::internal::AssertDownCast(From*)’:
/home/tina.guest/tinylsm-perf-source-v2/tinylsm/build/release/_deps/protobuf-src/src/google/protobuf/port.h:181:5: warning: testing if a concept-id is a valid expression; add ‘requires’ to check satisfaction [-Wmissing-requires]
  181 |     std::derived_from<std::remove_pointer_t<To>,
      |     ^
      |     requires 
[87/617] Building CXX object _deps/protobuf-build/CMakeFiles/libprotobuf.dir/src/google/protobuf/message.cc.o
In file included from /home/tina.guest/tinylsm-perf-source-v2/tinylsm/build/release/_deps/protobuf-src/src/google/protobuf/arena.h:38,
                 from /home/tina.guest/tinylsm-perf-source-v2/tinylsm/build/release/_deps/protobuf-src/src/google/protobuf/message.h:105,
                 from /home/tina.guest/tinylsm-perf-source-v2/tinylsm/build/release/_deps/protobuf-src/src/google/protobuf/message.cc:12:
/home/tina.guest/tinylsm-perf-source-v2/tinylsm/build/release/_deps/protobuf-src/src/google/protobuf/port.h: In function ‘void google::protobuf::internal::AssertDownCast(From*)’:
/home/tina.guest/tinylsm-perf-source-v2/tinylsm/build/release/_deps/protobuf-src/src/google/protobuf/port.h:181:5: warning: testing if a concept-id is a valid expression; add ‘requires’ to check satisfaction [-Wmissing-requires]
  181 |     std::derived_from<std::remove_pointer_t<To>,
      |     ^
      |     requires 
[88/617] Building CXX object _deps/protobuf-build/CMakeFiles/libprotobuf.dir/src/google/protobuf/service.cc.o
In file included from /home/tina.guest/tinylsm-perf-source-v2/tinylsm/build/release/_deps/protobuf-src/src/google/protobuf/service.h:84,
                 from /home/tina.guest/tinylsm-perf-source-v2/tinylsm/build/release/_deps/protobuf-src/src/google/protobuf/service.cc:12:
/home/tina.guest/tinylsm-perf-source-v2/tinylsm/build/release/_deps/protobuf-src/src/google/protobuf/port.h: In function ‘void google::protobuf::internal::AssertDownCast(From*)’:
/home/tina.guest/tinylsm-perf-source-v2/tinylsm/build/release/_deps/protobuf-src/src/google/protobuf/port.h:181:5: warning: testing if a concept-id is a valid expression; add ‘requires’ to check satisfaction [-Wmissing-requires]
  181 |     std::derived_from<std::remove_pointer_t<To>,
      |     ^
      |     requires 
[89/617] Building CXX object _deps/protobuf-build/CMakeFiles/libprotobuf.dir/src/google/protobuf/repeated_ptr_field.cc.o
In file included from /home/tina.guest/tinylsm-perf-source-v2/tinylsm/build/release/_deps/protobuf-src/src/google/protobuf/arena.h:38,
                 from /home/tina.guest/tinylsm-perf-source-v2/tinylsm/build/release/_deps/protobuf-src/src/google/protobuf/repeated_ptr_field.h:38,
                 from /home/tina.guest/tinylsm-perf-source-v2/tinylsm/build/release/_deps/protobuf-src/src/google/protobuf/repeated_ptr_field.cc:12:
/home/tina.guest/tinylsm-perf-source-v2/tinylsm/build/release/_deps/protobuf-src/src/google/protobuf/port.h: In function ‘void google::protobuf::internal::AssertDownCast(From*)’:
/home/tina.guest/tinylsm-perf-source-v2/tinylsm/build/release/_deps/protobuf-src/src/google/protobuf/port.h:181:5: warning: testing if a concept-id is a valid expression; add ‘requires’ to check satisfaction [-Wmissing-requires]
  181 |     std::derived_from<std::remove_pointer_t<To>,
      |     ^
      |     requires 
[90/617] Building CXX object _deps/protobuf-build/CMakeFiles/libprotobuf.dir/src/google/protobuf/stubs/common.cc.o
[91/617] Building CXX object _deps/protobuf-build/CMakeFiles/libprotobuf.dir/src/google/protobuf/util/delimited_message_util.cc.o
In file included from /home/tina.guest/tinylsm-perf-source-v2/tinylsm/build/release/_deps/protobuf-src/src/google/protobuf/io/zero_copy_stream.h:89,
                 from /home/tina.guest/tinylsm-perf-source-v2/tinylsm/build/release/_deps/protobuf-src/src/google/protobuf/io/zero_copy_stream_impl.h:24,
                 from /home/tina.guest/tinylsm-perf-source-v2/tinylsm/build/release/_deps/protobuf-src/src/google/protobuf/util/delimited_message_util.h:17,
                 from /home/tina.guest/tinylsm-perf-source-v2/tinylsm/build/release/_deps/protobuf-src/src/google/protobuf/util/delimited_message_util.cc:11:
/home/tina.guest/tinylsm-perf-source-v2/tinylsm/build/release/_deps/protobuf-src/src/google/protobuf/port.h: In function ‘void google::protobuf::internal::AssertDownCast(From*)’:
/home/tina.guest/tinylsm-perf-source-v2/tinylsm/build/release/_deps/protobuf-src/src/google/protobuf/port.h:181:5: warning: testing if a concept-id is a valid expression; add ‘requires’ to check satisfaction [-Wmissing-requires]
  181 |     std::derived_from<std::remove_pointer_t<To>,
      |     ^
      |     requires 
[92/617] Building CXX object _deps/protobuf-build/CMakeFiles/libprotobuf.dir/src/google/protobuf/reflection_ops.cc.o
In file included from /home/tina.guest/tinylsm-perf-source-v2/tinylsm/build/release/_deps/protobuf-src/src/google/protobuf/arena.h:38,
                 from /home/tina.guest/tinylsm-perf-source-v2/tinylsm/build/release/_deps/protobuf-src/src/google/protobuf/message.h:105,
                 from /home/tina.guest/tinylsm-perf-source-v2/tinylsm/build/release/_deps/protobuf-src/src/google/protobuf/reflection_ops.h:18,
                 from /home/tina.guest/tinylsm-perf-source-v2/tinylsm/build/release/_deps/protobuf-src/src/google/protobuf/reflection_ops.cc:11:
/home/tina.guest/tinylsm-perf-source-v2/tinylsm/build/release/_deps/protobuf-src/src/google/protobuf/port.h: In function ‘void google::protobuf::internal::AssertDownCast(From*)’:
/home/tina.guest/tinylsm-perf-source-v2/tinylsm/build/release/_deps/protobuf-src/src/google/protobuf/port.h:181:5: warning: testing if a concept-id is a valid expression; add ‘requires’ to check satisfaction [-Wmissing-requires]
  181 |     std::derived_from<std::remove_pointer_t<To>,
      |     ^
      |     requires 
[93/617] Building CXX object _deps/protobuf-build/CMakeFiles/libprotobuf.dir/src/google/protobuf/unknown_field_set.cc.o
In file included from /home/tina.guest/tinylsm-perf-source-v2/tinylsm/build/release/_deps/protobuf-src/src/google/protobuf/arena.h:38,
                 from /home/tina.guest/tinylsm-perf-source-v2/tinylsm/build/release/_deps/protobuf-src/src/google/protobuf/unknown_field_set.h:27,
                 from /home/tina.guest/tinylsm-perf-source-v2/tinylsm/build/release/_deps/protobuf-src/src/google/protobuf/unknown_field_set.cc:12:
/home/tina.guest/tinylsm-perf-source-v2/tinylsm/build/release/_deps/protobuf-src/src/google/protobuf/port.h: In function ‘void google::protobuf::internal::AssertDownCast(From*)’:
/home/tina.guest/tinylsm-perf-source-v2/tinylsm/build/release/_deps/protobuf-src/src/google/protobuf/port.h:181:5: warning: testing if a concept-id is a valid expression; add ‘requires’ to check satisfaction [-Wmissing-requires]
  181 |     std::derived_from<std::remove_pointer_t<To>,
      |     ^
      |     requires 
[94/617] Building CXX object _deps/protobuf-build/CMakeFiles/libprotobuf.dir/src/google/protobuf/util/field_comparator.cc.o
In file included from /home/tina.guest/tinylsm-perf-source-v2/tinylsm/build/release/_deps/protobuf-src/src/google/protobuf/util/field_comparator.h:19,
                 from /home/tina.guest/tinylsm-perf-source-v2/tinylsm/build/release/_deps/protobuf-src/src/google/protobuf/util/field_comparator.cc:10:
/home/tina.guest/tinylsm-perf-source-v2/tinylsm/build/release/_deps/protobuf-src/src/google/protobuf/port.h: In function ‘void google::protobuf::internal::AssertDownCast(From*)’:
/home/tina.guest/tinylsm-perf-source-v2/tinylsm/build/release/_deps/protobuf-src/src/google/protobuf/port.h:181:5: warning: testing if a concept-id is a valid expression; add ‘requires’ to check satisfaction [-Wmissing-requires]
  181 |     std::derived_from<std::remove_pointer_t<To>,
      |     ^
      |     requires 
[95/617] Building CXX object _deps/protobuf-build/CMakeFiles/libprotobuf.dir/src/google/protobuf/util/time_util.cc.o
In file included from /home/tina.guest/tinylsm-perf-source-v2/tinylsm/build/release/_deps/protobuf-src/src/google/protobuf/arena.h:38,
                 from /home/tina.guest/tinylsm-perf-source-v2/tinylsm/build/release/_deps/protobuf-src/src/google/protobuf/duration.pb.h:21,
                 from /home/tina.guest/tinylsm-perf-source-v2/tinylsm/build/release/_deps/protobuf-src/src/google/protobuf/util/time_util.h:30,
                 from /home/tina.guest/tinylsm-perf-source-v2/tinylsm/build/release/_deps/protobuf-src/src/google/protobuf/util/time_util.cc:8:
/home/tina.guest/tinylsm-perf-source-v2/tinylsm/build/release/_deps/protobuf-src/src/google/protobuf/port.h: In function ‘void google::protobuf::internal::AssertDownCast(From*)’:
/home/tina.guest/tinylsm-perf-source-v2/tinylsm/build/release/_deps/protobuf-src/src/google/protobuf/port.h:181:5: warning: testing if a concept-id is a valid expression; add ‘requires’ to check satisfaction [-Wmissing-requires]
  181 |     std::derived_from<std::remove_pointer_t<To>,
      |     ^
      |     requires 
[96/617] Building CXX object _deps/protobuf-build/CMakeFiles/libprotobuf.dir/src/google/protobuf/util/field_mask_util.cc.o
In file included from /home/tina.guest/tinylsm-perf-source-v2/tinylsm/build/release/_deps/protobuf-src/src/google/protobuf/arena.h:38,
                 from /home/tina.guest/tinylsm-perf-source-v2/tinylsm/build/release/_deps/protobuf-src/src/google/protobuf/field_mask.pb.h:21,
                 from /home/tina.guest/tinylsm-perf-source-v2/tinylsm/build/release/_deps/protobuf-src/src/google/protobuf/util/field_mask_util.h:17,
                 from /home/tina.guest/tinylsm-perf-source-v2/tinylsm/build/release/_deps/protobuf-src/src/google/protobuf/util/field_mask_util.cc:8:
/home/tina.guest/tinylsm-perf-source-v2/tinylsm/build/release/_deps/protobuf-src/src/google/protobuf/port.h: In function ‘void google::protobuf::internal::AssertDownCast(From*)’:
/home/tina.guest/tinylsm-perf-source-v2/tinylsm/build/release/_deps/protobuf-src/src/google/protobuf/port.h:181:5: warning: testing if a concept-id is a valid expression; add ‘requires’ to check satisfaction [-Wmissing-requires]
  181 |     std::derived_from<std::remove_pointer_t<To>,
      |     ^
      |     requires 
[97/617] Building CXX object _deps/protobuf-build/CMakeFiles/libprotobuf.dir/src/google/protobuf/wire_format_lite.cc.o
In file included from /home/tina.guest/tinylsm-perf-source-v2/tinylsm/build/release/_deps/protobuf-src/src/google/protobuf/arena.h:38,
                 from /home/tina.guest/tinylsm-perf-source-v2/tinylsm/build/release/_deps/protobuf-src/src/google/protobuf/arenastring.h:19,
                 from /home/tina.guest/tinylsm-perf-source-v2/tinylsm/build/release/_deps/protobuf-src/src/google/protobuf/wire_format_lite.h:30,
                 from /home/tina.guest/tinylsm-perf-source-v2/tinylsm/build/release/_deps/protobuf-src/src/google/protobuf/wire_format_lite.cc:12:
/home/tina.guest/tinylsm-perf-source-v2/tinylsm/build/release/_deps/protobuf-src/src/google/protobuf/port.h: In function ‘void google::protobuf::internal::AssertDownCast(From*)’:
/home/tina.guest/tinylsm-perf-source-v2/tinylsm/build/release/_deps/protobuf-src/src/google/protobuf/port.h:181:5: warning: testing if a concept-id is a valid expression; add ‘requires’ to check satisfaction [-Wmissing-requires]
  181 |     std::derived_from<std::remove_pointer_t<To>,
      |     ^
      |     requires 
[98/617] Building CXX object _deps/protobuf-build/CMakeFiles/libprotobuf.dir/src/google/protobuf/text_format.cc.o
In file included from /home/tina.guest/tinylsm-perf-source-v2/tinylsm/build/release/_deps/protobuf-src/src/google/protobuf/extension_set.h:36,
                 from /home/tina.guest/tinylsm-perf-source-v2/tinylsm/build/release/_deps/protobuf-src/src/google/protobuf/descriptor.h:56,
                 from /home/tina.guest/tinylsm-perf-source-v2/tinylsm/build/release/_deps/protobuf-src/src/google/protobuf/text_format.h:27,
                 from /home/tina.guest/tinylsm-perf-source-v2/tinylsm/build/release/_deps/protobuf-src/src/google/protobuf/text_format.cc:12:
/home/tina.guest/tinylsm-perf-source-v2/tinylsm/build/release/_deps/protobuf-src/src/google/protobuf/port.h: In function ‘void google::protobuf::internal::AssertDownCast(From*)’:
/home/tina.guest/tinylsm-perf-source-v2/tinylsm/build/release/_deps/protobuf-src/src/google/protobuf/port.h:181:5: warning: testing if a concept-id is a valid expression; add ‘requires’ to check satisfaction [-Wmissing-requires]
  181 |     std::derived_from<std::remove_pointer_t<To>,
      |     ^
      |     requires 
[99/617] Building CXX object _deps/protobuf-build/CMakeFiles/libprotoc.dir/src/google/protobuf/compiler/code_generator_lite.cc.o
[100/617] Building CXX object _deps/protobuf-build/CMakeFiles/libprotobuf.dir/src/google/protobuf/util/type_resolver_util.cc.o
In file included from /home/tina.guest/tinylsm-perf-source-v2/tinylsm/build/release/_deps/protobuf-src/src/google/protobuf/arena.h:38,
                 from /home/tina.guest/tinylsm-perf-source-v2/tinylsm/build/release/_deps/protobuf-src/src/google/protobuf/type.pb.h:21,
                 from /home/tina.guest/tinylsm-perf-source-v2/tinylsm/build/release/_deps/protobuf-src/src/google/protobuf/util/type_resolver_util.h:13,
                 from /home/tina.guest/tinylsm-perf-source-v2/tinylsm/build/release/_deps/protobuf-src/src/google/protobuf/util/type_resolver_util.cc:8:
/home/tina.guest/tinylsm-perf-source-v2/tinylsm/build/release/_deps/protobuf-src/src/google/protobuf/port.h: In function ‘void google::protobuf::internal::AssertDownCast(From*)’:
/home/tina.guest/tinylsm-perf-source-v2/tinylsm/build/release/_deps/protobuf-src/src/google/protobuf/port.h:181:5: warning: testing if a concept-id is a valid expression; add ‘requires’ to check satisfaction [-Wmissing-requires]
  181 |     std::derived_from<std::remove_pointer_t<To>,
      |     ^
      |     requires 
[101/617] Building CXX object _deps/protobuf-build/CMakeFiles/libprotobuf.dir/src/google/protobuf/util/message_differencer.cc.o
In file included from /home/tina.guest/tinylsm-perf-source-v2/tinylsm/build/release/_deps/protobuf-src/src/google/protobuf/extension_set.h:36,
                 from /home/tina.guest/tinylsm-perf-source-v2/tinylsm/build/release/_deps/protobuf-src/src/google/protobuf/descriptor.h:56,
                 from /home/tina.guest/tinylsm-perf-source-v2/tinylsm/build/release/_deps/protobuf-src/src/google/protobuf/util/message_differencer.h:33,
                 from /home/tina.guest/tinylsm-perf-source-v2/tinylsm/build/release/_deps/protobuf-src/src/google/protobuf/util/message_differencer.cc:12:
/home/tina.guest/tinylsm-perf-source-v2/tinylsm/build/release/_deps/protobuf-src/src/google/protobuf/port.h: In function ‘void google::protobuf::internal::AssertDownCast(From*)’:
/home/tina.guest/tinylsm-perf-source-v2/tinylsm/build/release/_deps/protobuf-src/src/google/protobuf/port.h:181:5: warning: testing if a concept-id is a valid expression; add ‘requires’ to check satisfaction [-Wmissing-requires]
  181 |     std::derived_from<std::remove_pointer_t<To>,
      |     ^
      |     requires 
[102/617] Building CXX object _deps/protobuf-build/CMakeFiles/libprotoc.dir/src/google/protobuf/compiler/code_generator.cc.o
In file included from /home/tina.guest/tinylsm-perf-source-v2/tinylsm/build/release/_deps/protobuf-src/src/google/protobuf/extension_set.h:36,
                 from /home/tina.guest/tinylsm-perf-source-v2/tinylsm/build/release/_deps/protobuf-src/src/google/protobuf/descriptor.h:56,
                 from /home/tina.guest/tinylsm-perf-source-v2/tinylsm/build/release/_deps/protobuf-src/src/google/protobuf/compiler/code_generator.h:26,
                 from /home/tina.guest/tinylsm-perf-source-v2/tinylsm/build/release/_deps/protobuf-src/src/google/protobuf/compiler/code_generator.cc:12:
/home/tina.guest/tinylsm-perf-source-v2/tinylsm/build/release/_deps/protobuf-src/src/google/protobuf/port.h: In function ‘void google::protobuf::internal::AssertDownCast(From*)’:
/home/tina.guest/tinylsm-perf-source-v2/tinylsm/build/release/_deps/protobuf-src/src/google/protobuf/port.h:181:5: warning: testing if a concept-id is a valid expression; add ‘requires’ to check satisfaction [-Wmissing-requires]
  181 |     std::derived_from<std::remove_pointer_t<To>,
      |     ^
      |     requires 
[103/617] Building CXX object _deps/protobuf-build/CMakeFiles/libprotobuf.dir/src/google/protobuf/wire_format.cc.o
In file included from /home/tina.guest/tinylsm-perf-source-v2/tinylsm/build/release/_deps/protobuf-src/src/google/protobuf/extension_set.h:36,
                 from /home/tina.guest/tinylsm-perf-source-v2/tinylsm/build/release/_deps/protobuf-src/src/google/protobuf/descriptor.h:56,
                 from /home/tina.guest/tinylsm-perf-source-v2/tinylsm/build/release/_deps/protobuf-src/src/google/protobuf/wire_format.h:26,
                 from /home/tina.guest/tinylsm-perf-source-v2/tinylsm/build/release/_deps/protobuf-src/src/google/protobuf/wire_format.cc:12:
/home/tina.guest/tinylsm-perf-source-v2/tinylsm/build/release/_deps/protobuf-src/src/google/protobuf/port.h: In function ‘void google::protobuf::internal::AssertDownCast(From*)’:
/home/tina.guest/tinylsm-perf-source-v2/tinylsm/build/release/_deps/protobuf-src/src/google/protobuf/port.h:181:5: warning: testing if a concept-id is a valid expression; add ‘requires’ to check satisfaction [-Wmissing-requires]
  181 |     std::derived_from<std::remove_pointer_t<To>,
      |     ^
      |     requires 
[104/617] Building CXX object _deps/protobuf-build/CMakeFiles/libprotoc.dir/src/google/protobuf/compiler/cpp/extension.cc.o
In file included from /home/tina.guest/tinylsm-perf-source-v2/tinylsm/build/release/_deps/protobuf-src/src/google/protobuf/extension_set.h:36,
                 from /home/tina.guest/tinylsm-perf-source-v2/tinylsm/build/release/_deps/protobuf-src/src/google/protobuf/descriptor.h:56,
                 from /home/tina.guest/tinylsm-perf-source-v2/tinylsm/build/release/_deps/protobuf-src/src/google/protobuf/compiler/code_generator.h:26,
                 from /home/tina.guest/tinylsm-perf-source-v2/tinylsm/build/release/_deps/protobuf-src/src/google/protobuf/compiler/cpp/helpers.h:28,
                 from /home/tina.guest/tinylsm-perf-source-v2/tinylsm/build/release/_deps/protobuf-src/src/google/protobuf/compiler/cpp/extension.h:19,
                 from /home/tina.guest/tinylsm-perf-source-v2/tinylsm/build/release/_deps/protobuf-src/src/google/protobuf/compiler/cpp/extension.cc:12:
/home/tina.guest/tinylsm-perf-source-v2/tinylsm/build/release/_deps/protobuf-src/src/google/protobuf/port.h: In function ‘void google::protobuf::internal::AssertDownCast(From*)’:
/home/tina.guest/tinylsm-perf-source-v2/tinylsm/build/release/_deps/protobuf-src/src/google/protobuf/port.h:181:5: warning: testing if a concept-id is a valid expression; add ‘requires’ to check satisfaction [-Wmissing-requires]
  181 |     std::derived_from<std::remove_pointer_t<To>,
      |     ^
      |     requires 
[105/617] Building CXX object _deps/protobuf-build/CMakeFiles/libprotoc.dir/src/google/protobuf/compiler/cpp/field_generators/cord_field.cc.o
In file included from /home/tina.guest/tinylsm-perf-source-v2/tinylsm/build/release/_deps/protobuf-src/src/google/protobuf/extension_set.h:36,
                 from /home/tina.guest/tinylsm-perf-source-v2/tinylsm/build/release/_deps/protobuf-src/src/google/protobuf/descriptor.h:56,
                 from /home/tina.guest/tinylsm-perf-source-v2/tinylsm/build/release/_deps/protobuf-src/src/google/protobuf/compiler/code_generator.h:26,
                 from /home/tina.guest/tinylsm-perf-source-v2/tinylsm/build/release/_deps/protobuf-src/src/google/protobuf/compiler/cpp/helpers.h:28,
                 from /home/tina.guest/tinylsm-perf-source-v2/tinylsm/build/release/_deps/protobuf-src/src/google/protobuf/compiler/cpp/field.h:26,
                 from /home/tina.guest/tinylsm-perf-source-v2/tinylsm/build/release/_deps/protobuf-src/src/google/protobuf/compiler/cpp/field_generators/cord_field.cc:23:
/home/tina.guest/tinylsm-perf-source-v2/tinylsm/build/release/_deps/protobuf-src/src/google/protobuf/port.h: In function ‘void google::protobuf::internal::AssertDownCast(From*)’:
/home/tina.guest/tinylsm-perf-source-v2/tinylsm/build/release/_deps/protobuf-src/src/google/protobuf/port.h:181:5: warning: testing if a concept-id is a valid expression; add ‘requires’ to check satisfaction [-Wmissing-requires]
  181 |     std::derived_from<std::remove_pointer_t<To>,
      |     ^
      |     requires 
[106/617] Building CXX object _deps/protobuf-build/CMakeFiles/libprotoc.dir/src/google/protobuf/compiler/cpp/enum.cc.o
In file included from /home/tina.guest/tinylsm-perf-source-v2/tinylsm/build/release/_deps/protobuf-src/src/google/protobuf/extension_set.h:36,
                 from /home/tina.guest/tinylsm-perf-source-v2/tinylsm/build/release/_deps/protobuf-src/src/google/protobuf/descriptor.h:56,
                 from /home/tina.guest/tinylsm-perf-source-v2/tinylsm/build/release/_deps/protobuf-src/src/google/protobuf/compiler/cpp/enum.h:18,
                 from /home/tina.guest/tinylsm-perf-source-v2/tinylsm/build/release/_deps/protobuf-src/src/google/protobuf/compiler/cpp/enum.cc:12:
/home/tina.guest/tinylsm-perf-source-v2/tinylsm/build/release/_deps/protobuf-src/src/google/protobuf/port.h: In function ‘void google::protobuf::internal::AssertDownCast(From*)’:
/home/tina.guest/tinylsm-perf-source-v2/tinylsm/build/release/_deps/protobuf-src/src/google/protobuf/port.h:181:5: warning: testing if a concept-id is a valid expression; add ‘requires’ to check satisfaction [-Wmissing-requires]
  181 |     std::derived_from<std::remove_pointer_t<To>,
      |     ^
      |     requires 
[107/617] Building CXX object _deps/protobuf-build/CMakeFiles/libprotoc.dir/src/google/protobuf/compiler/cpp/field.cc.o
In file included from /home/tina.guest/tinylsm-perf-source-v2/tinylsm/build/release/_deps/protobuf-src/src/google/protobuf/extension_set.h:36,
                 from /home/tina.guest/tinylsm-perf-source-v2/tinylsm/build/release/_deps/protobuf-src/src/google/protobuf/descriptor.h:56,
                 from /home/tina.guest/tinylsm-perf-source-v2/tinylsm/build/release/_deps/protobuf-src/src/google/protobuf/compiler/code_generator.h:26,
                 from /home/tina.guest/tinylsm-perf-source-v2/tinylsm/build/release/_deps/protobuf-src/src/google/protobuf/compiler/cpp/helpers.h:28,
                 from /home/tina.guest/tinylsm-perf-source-v2/tinylsm/build/release/_deps/protobuf-src/src/google/protobuf/compiler/cpp/field.h:26,
                 from /home/tina.guest/tinylsm-perf-source-v2/tinylsm/build/release/_deps/protobuf-src/src/google/protobuf/compiler/cpp/field.cc:12:
/home/tina.guest/tinylsm-perf-source-v2/tinylsm/build/release/_deps/protobuf-src/src/google/protobuf/port.h: In function ‘void google::protobuf::internal::AssertDownCast(From*)’:
/home/tina.guest/tinylsm-perf-source-v2/tinylsm/build/release/_deps/protobuf-src/src/google/protobuf/port.h:181:5: warning: testing if a concept-id is a valid expression; add ‘requires’ to check satisfaction [-Wmissing-requires]
  181 |     std::derived_from<std::remove_pointer_t<To>,
      |     ^
      |     requires 
[108/617] Building CXX object _deps/protobuf-build/CMakeFiles/libprotoc.dir/src/google/protobuf/compiler/command_line_interface.cc.o
In file included from /home/tina.guest/tinylsm-perf-source-v2/tinylsm/build/release/_deps/protobuf-src/src/google/protobuf/arena.h:38,
                 from /home/tina.guest/tinylsm-perf-source-v2/tinylsm/build/release/_deps/protobuf-src/src/google/protobuf/descriptor.pb.h:21,
                 from /home/tina.guest/tinylsm-perf-source-v2/tinylsm/build/release/_deps/protobuf-src/src/google/protobuf/compiler/command_line_interface.h:29,
                 from /home/tina.guest/tinylsm-perf-source-v2/tinylsm/build/release/_deps/protobuf-src/src/google/protobuf/compiler/command_line_interface.cc:12:
/home/tina.guest/tinylsm-perf-source-v2/tinylsm/build/release/_deps/protobuf-src/src/google/protobuf/port.h: In function ‘void google::protobuf::internal::AssertDownCast(From*)’:
/home/tina.guest/tinylsm-perf-source-v2/tinylsm/build/release/_deps/protobuf-src/src/google/protobuf/port.h:181:5: warning: testing if a concept-id is a valid expression; add ‘requires’ to check satisfaction [-Wmissing-requires]
  181 |     std::derived_from<std::remove_pointer_t<To>,
      |     ^
      |     requires 
[109/617] Building CXX object _deps/protobuf-build/CMakeFiles/libprotoc.dir/src/google/protobuf/compiler/cpp/field_generators/enum_field.cc.o
In file included from /home/tina.guest/tinylsm-perf-source-v2/tinylsm/build/release/_deps/protobuf-src/src/google/protobuf/extension_set.h:36,
                 from /home/tina.guest/tinylsm-perf-source-v2/tinylsm/build/release/_deps/protobuf-src/src/google/protobuf/descriptor.h:56,
                 from /home/tina.guest/tinylsm-perf-source-v2/tinylsm/build/release/_deps/protobuf-src/src/google/protobuf/compiler/code_generator.h:26,
                 from /home/tina.guest/tinylsm-perf-source-v2/tinylsm/build/release/_deps/protobuf-src/src/google/protobuf/compiler/cpp/helpers.h:28,
                 from /home/tina.guest/tinylsm-perf-source-v2/tinylsm/build/release/_deps/protobuf-src/src/google/protobuf/compiler/cpp/field.h:26,
                 from /home/tina.guest/tinylsm-perf-source-v2/tinylsm/build/release/_deps/protobuf-src/src/google/protobuf/compiler/cpp/field_generators/enum_field.cc:20:
/home/tina.guest/tinylsm-perf-source-v2/tinylsm/build/release/_deps/protobuf-src/src/google/protobuf/port.h: In function ‘void google::protobuf::internal::AssertDownCast(From*)’:
/home/tina.guest/tinylsm-perf-source-v2/tinylsm/build/release/_deps/protobuf-src/src/google/protobuf/port.h:181:5: warning: testing if a concept-id is a valid expression; add ‘requires’ to check satisfaction [-Wmissing-requires]
  181 |     std::derived_from<std::remove_pointer_t<To>,
      |     ^
      |     requires 
[110/617] Building CXX object _deps/protobuf-build/CMakeFiles/libprotoc.dir/src/google/protobuf/compiler/cpp/field_generators/map_field.cc.o
In file included from /home/tina.guest/tinylsm-perf-source-v2/tinylsm/build/release/_deps/protobuf-src/src/google/protobuf/extension_set.h:36,
                 from /home/tina.guest/tinylsm-perf-source-v2/tinylsm/build/release/_deps/protobuf-src/src/google/protobuf/descriptor.h:56,
                 from /home/tina.guest/tinylsm-perf-source-v2/tinylsm/build/release/_deps/protobuf-src/src/google/protobuf/compiler/code_generator.h:26,
                 from /home/tina.guest/tinylsm-perf-source-v2/tinylsm/build/release/_deps/protobuf-src/src/google/protobuf/compiler/cpp/helpers.h:28,
                 from /home/tina.guest/tinylsm-perf-source-v2/tinylsm/build/release/_deps/protobuf-src/src/google/protobuf/compiler/cpp/field.h:26,
                 from /home/tina.guest/tinylsm-perf-source-v2/tinylsm/build/release/_deps/protobuf-src/src/google/protobuf/compiler/cpp/field_generators/map_field.cc:16:
/home/tina.guest/tinylsm-perf-source-v2/tinylsm/build/release/_deps/protobuf-src/src/google/protobuf/port.h: In function ‘void google::protobuf::internal::AssertDownCast(From*)’:
/home/tina.guest/tinylsm-perf-source-v2/tinylsm/build/release/_deps/protobuf-src/src/google/protobuf/port.h:181:5: warning: testing if a concept-id is a valid expression; add ‘requires’ to check satisfaction [-Wmissing-requires]
  181 |     std::derived_from<std::remove_pointer_t<To>,
      |     ^
      |     requires 
[111/617] Building CXX object _deps/protobuf-build/CMakeFiles/libprotoc.dir/src/google/protobuf/compiler/cpp/field_generators/message_field.cc.o
In file included from /home/tina.guest/tinylsm-perf-source-v2/tinylsm/build/release/_deps/protobuf-src/src/google/protobuf/extension_set.h:36,
                 from /home/tina.guest/tinylsm-perf-source-v2/tinylsm/build/release/_deps/protobuf-src/src/google/protobuf/descriptor.h:56,
                 from /home/tina.guest/tinylsm-perf-source-v2/tinylsm/build/release/_deps/protobuf-src/src/google/protobuf/compiler/code_generator.h:26,
                 from /home/tina.guest/tinylsm-perf-source-v2/tinylsm/build/release/_deps/protobuf-src/src/google/protobuf/compiler/cpp/helpers.h:28,
                 from /home/tina.guest/tinylsm-perf-source-v2/tinylsm/build/release/_deps/protobuf-src/src/google/protobuf/compiler/cpp/field.h:26,
                 from /home/tina.guest/tinylsm-perf-source-v2/tinylsm/build/release/_deps/protobuf-src/src/google/protobuf/compiler/cpp/field_generators/message_field.cc:21:
/home/tina.guest/tinylsm-perf-source-v2/tinylsm/build/release/_deps/protobuf-src/src/google/protobuf/port.h: In function ‘void google::protobuf::internal::AssertDownCast(From*)’:
/home/tina.guest/tinylsm-perf-source-v2/tinylsm/build/release/_deps/protobuf-src/src/google/protobuf/port.h:181:5: warning: testing if a concept-id is a valid expression; add ‘requires’ to check satisfaction [-Wmissing-requires]
  181 |     std::derived_from<std::remove_pointer_t<To>,
      |     ^
      |     requires 
[112/617] Building CXX object _deps/protobuf-build/CMakeFiles/libprotoc.dir/src/google/protobuf/compiler/cpp/field_generators/string_view_field.cc.o
In file included from /home/tina.guest/tinylsm-perf-source-v2/tinylsm/build/release/_deps/protobuf-src/src/google/protobuf/extension_set.h:36,
                 from /home/tina.guest/tinylsm-perf-source-v2/tinylsm/build/release/_deps/protobuf-src/src/google/protobuf/descriptor.h:56,
                 from /home/tina.guest/tinylsm-perf-source-v2/tinylsm/build/release/_deps/protobuf-src/src/google/protobuf/compiler/code_generator.h:26,
                 from /home/tina.guest/tinylsm-perf-source-v2/tinylsm/build/release/_deps/protobuf-src/src/google/protobuf/compiler/cpp/helpers.h:28,
                 from /home/tina.guest/tinylsm-perf-source-v2/tinylsm/build/release/_deps/protobuf-src/src/google/protobuf/compiler/cpp/field.h:26,
                 from /home/tina.guest/tinylsm-perf-source-v2/tinylsm/build/release/_deps/protobuf-src/src/google/protobuf/compiler/cpp/field_generators/string_view_field.cc:19:
/home/tina.guest/tinylsm-perf-source-v2/tinylsm/build/release/_deps/protobuf-src/src/google/protobuf/port.h: In function ‘void google::protobuf::internal::AssertDownCast(From*)’:
/home/tina.guest/tinylsm-perf-source-v2/tinylsm/build/release/_deps/protobuf-src/src/google/protobuf/port.h:181:5: warning: testing if a concept-id is a valid expression; add ‘requires’ to check satisfaction [-Wmissing-requires]
  181 |     std::derived_from<std::remove_pointer_t<To>,
      |     ^
      |     requires 
[113/617] Building CXX object _deps/protobuf-build/CMakeFiles/libprotoc.dir/src/google/protobuf/compiler/cpp/field_generators/primitive_field.cc.o
In file included from /home/tina.guest/tinylsm-perf-source-v2/tinylsm/build/release/_deps/protobuf-src/src/google/protobuf/extension_set.h:36,
                 from /home/tina.guest/tinylsm-perf-source-v2/tinylsm/build/release/_deps/protobuf-src/src/google/protobuf/descriptor.h:56,
                 from /home/tina.guest/tinylsm-perf-source-v2/tinylsm/build/release/_deps/protobuf-src/src/google/protobuf/compiler/code_generator.h:26,
                 from /home/tina.guest/tinylsm-perf-source-v2/tinylsm/build/release/_deps/protobuf-src/src/google/protobuf/compiler/cpp/helpers.h:28,
                 from /home/tina.guest/tinylsm-perf-source-v2/tinylsm/build/release/_deps/protobuf-src/src/google/protobuf/compiler/cpp/field.h:26,
                 from /home/tina.guest/tinylsm-perf-source-v2/tinylsm/build/release/_deps/protobuf-src/src/google/protobuf/compiler/cpp/field_generators/primitive_field.cc:21:
/home/tina.guest/tinylsm-perf-source-v2/tinylsm/build/release/_deps/protobuf-src/src/google/protobuf/port.h: In function ‘void google::protobuf::internal::AssertDownCast(From*)’:
/home/tina.guest/tinylsm-perf-source-v2/tinylsm/build/release/_deps/protobuf-src/src/google/protobuf/port.h:181:5: warning: testing if a concept-id is a valid expression; add ‘requires’ to check satisfaction [-Wmissing-requires]
  181 |     std::derived_from<std::remove_pointer_t<To>,
      |     ^
      |     requires 
[114/617] Building CXX object _deps/protobuf-build/CMakeFiles/libprotoc.dir/src/google/protobuf/compiler/cpp/ifndef_guard.cc.o
In file included from /home/tina.guest/tinylsm-perf-source-v2/tinylsm/build/release/_deps/protobuf-src/src/google/protobuf/io/zero_copy_stream.h:89,
                 from /home/tina.guest/tinylsm-perf-source-v2/tinylsm/build/release/_deps/protobuf-src/src/google/protobuf/io/zero_copy_sink.h:13,
                 from /home/tina.guest/tinylsm-perf-source-v2/tinylsm/build/release/_deps/protobuf-src/src/google/protobuf/io/printer.h:36,
                 from /home/tina.guest/tinylsm-perf-source-v2/tinylsm/build/release/_deps/protobuf-src/src/google/protobuf/compiler/cpp/ifndef_guard.h:33,
                 from /home/tina.guest/tinylsm-perf-source-v2/tinylsm/build/release/_deps/protobuf-src/src/google/protobuf/compiler/cpp/ifndef_guard.cc:8:
/home/tina.guest/tinylsm-perf-source-v2/tinylsm/build/release/_deps/protobuf-src/src/google/protobuf/port.h: In function ‘void google::protobuf::internal::AssertDownCast(From*)’:
/home/tina.guest/tinylsm-perf-source-v2/tinylsm/build/release/_deps/protobuf-src/src/google/protobuf/port.h:181:5: warning: testing if a concept-id is a valid expression; add ‘requires’ to check satisfaction [-Wmissing-requires]
  181 |     std::derived_from<std::remove_pointer_t<To>,
      |     ^
      |     requires 
[115/617] Building CXX object _deps/protobuf-build/CMakeFiles/libprotoc.dir/src/google/protobuf/compiler/cpp/field_generators/string_field.cc.o
In file included from /home/tina.guest/tinylsm-perf-source-v2/tinylsm/build/release/_deps/protobuf-src/src/google/protobuf/extension_set.h:36,
                 from /home/tina.guest/tinylsm-perf-source-v2/tinylsm/build/release/_deps/protobuf-src/src/google/protobuf/descriptor.h:56,
                 from /home/tina.guest/tinylsm-perf-source-v2/tinylsm/build/release/_deps/protobuf-src/src/google/protobuf/compiler/code_generator.h:26,
                 from /home/tina.guest/tinylsm-perf-source-v2/tinylsm/build/release/_deps/protobuf-src/src/google/protobuf/compiler/cpp/helpers.h:28,
                 from /home/tina.guest/tinylsm-perf-source-v2/tinylsm/build/release/_deps/protobuf-src/src/google/protobuf/compiler/cpp/field.h:26,
                 from /home/tina.guest/tinylsm-perf-source-v2/tinylsm/build/release/_deps/protobuf-src/src/google/protobuf/compiler/cpp/field_generators/string_field.cc:19:
/home/tina.guest/tinylsm-perf-source-v2/tinylsm/build/release/_deps/protobuf-src/src/google/protobuf/port.h: In function ‘void google::protobuf::internal::AssertDownCast(From*)’:
/home/tina.guest/tinylsm-perf-source-v2/tinylsm/build/release/_deps/protobuf-src/src/google/protobuf/port.h:181:5: warning: testing if a concept-id is a valid expression; add ‘requires’ to check satisfaction [-Wmissing-requires]
  181 |     std::derived_from<std::remove_pointer_t<To>,
      |     ^
      |     requires 
[116/617] Building CXX object _deps/protobuf-build/CMakeFiles/libprotoc.dir/src/google/protobuf/compiler/cpp/generator.cc.o
In file included from /home/tina.guest/tinylsm-perf-source-v2/tinylsm/build/release/_deps/protobuf-src/src/google/protobuf/extension_set.h:36,
                 from /home/tina.guest/tinylsm-perf-source-v2/tinylsm/build/release/_deps/protobuf-src/src/google/protobuf/descriptor.h:56,
                 from /home/tina.guest/tinylsm-perf-source-v2/tinylsm/build/release/_deps/protobuf-src/src/google/protobuf/compiler/code_generator.h:26,
                 from /home/tina.guest/tinylsm-perf-source-v2/tinylsm/build/release/_deps/protobuf-src/src/google/protobuf/compiler/cpp/generator.h:24,
                 from /home/tina.guest/tinylsm-perf-source-v2/tinylsm/build/release/_deps/protobuf-src/src/google/protobuf/compiler/cpp/generator.cc:12:
/home/tina.guest/tinylsm-perf-source-v2/tinylsm/build/release/_deps/protobuf-src/src/google/protobuf/port.h: In function ‘void google::protobuf::internal::AssertDownCast(From*)’:
/home/tina.guest/tinylsm-perf-source-v2/tinylsm/build/release/_deps/protobuf-src/src/google/protobuf/port.h:181:5: warning: testing if a concept-id is a valid expression; add ‘requires’ to check satisfaction [-Wmissing-requires]
  181 |     std::derived_from<std::remove_pointer_t<To>,
      |     ^
      |     requires 
[117/617] Building CXX object _deps/protobuf-build/CMakeFiles/libprotoc.dir/src/google/protobuf/compiler/cpp/namespace_printer.cc.o
In file included from /home/tina.guest/tinylsm-perf-source-v2/tinylsm/build/release/_deps/protobuf-src/src/google/protobuf/io/zero_copy_stream.h:89,
                 from /home/tina.guest/tinylsm-perf-source-v2/tinylsm/build/release/_deps/protobuf-src/src/google/protobuf/io/zero_copy_sink.h:13,
                 from /home/tina.guest/tinylsm-perf-source-v2/tinylsm/build/release/_deps/protobuf-src/src/google/protobuf/io/printer.h:36,
                 from /home/tina.guest/tinylsm-perf-source-v2/tinylsm/build/release/_deps/protobuf-src/src/google/protobuf/compiler/cpp/namespace_printer.h:29,
                 from /home/tina.guest/tinylsm-perf-source-v2/tinylsm/build/release/_deps/protobuf-src/src/google/protobuf/compiler/cpp/namespace_printer.cc:1:
/home/tina.guest/tinylsm-perf-source-v2/tinylsm/build/release/_deps/protobuf-src/src/google/protobuf/port.h: In function ‘void google::protobuf::internal::AssertDownCast(From*)’:
/home/tina.guest/tinylsm-perf-source-v2/tinylsm/build/release/_deps/protobuf-src/src/google/protobuf/port.h:181:5: warning: testing if a concept-id is a valid expression; add ‘requires’ to check satisfaction [-Wmissing-requires]
  181 |     std::derived_from<std::remove_pointer_t<To>,
      |     ^
      |     requires 
[118/617] Building CXX object _deps/protobuf-build/CMakeFiles/libprotoc.dir/src/google/protobuf/compiler/cpp/file.cc.o
In file included from /home/tina.guest/tinylsm-perf-source-v2/tinylsm/build/release/_deps/protobuf-src/src/google/protobuf/extension_set.h:36,
                 from /home/tina.guest/tinylsm-perf-source-v2/tinylsm/build/release/_deps/protobuf-src/src/google/protobuf/descriptor.h:56,
                 from /home/tina.guest/tinylsm-perf-source-v2/tinylsm/build/release/_deps/protobuf-src/src/google/protobuf/compiler/cpp/enum.h:18,
                 from /home/tina.guest/tinylsm-perf-source-v2/tinylsm/build/release/_deps/protobuf-src/src/google/protobuf/compiler/cpp/file.h:25,
                 from /home/tina.guest/tinylsm-perf-source-v2/tinylsm/build/release/_deps/protobuf-src/src/google/protobuf/compiler/cpp/file.cc:12:
/home/tina.guest/tinylsm-perf-source-v2/tinylsm/build/release/_deps/protobuf-src/src/google/protobuf/port.h: In function ‘void google::protobuf::internal::AssertDownCast(From*)’:
/home/tina.guest/tinylsm-perf-source-v2/tinylsm/build/release/_deps/protobuf-src/src/google/protobuf/port.h:181:5: warning: testing if a concept-id is a valid expression; add ‘requires’ to check satisfaction [-Wmissing-requires]
  181 |     std::derived_from<std::remove_pointer_t<To>,
      |     ^
      |     requires 
[119/617] Building CXX object _deps/protobuf-build/CMakeFiles/libprotoc.dir/src/google/protobuf/compiler/cpp/padding_optimizer.cc.o
In file included from /home/tina.guest/tinylsm-perf-source-v2/tinylsm/build/release/_deps/protobuf-src/src/google/protobuf/extension_set.h:36,
                 from /home/tina.guest/tinylsm-perf-source-v2/tinylsm/build/release/_deps/protobuf-src/src/google/protobuf/descriptor.h:56,
                 from /home/tina.guest/tinylsm-perf-source-v2/tinylsm/build/release/_deps/protobuf-src/src/google/protobuf/compiler/cpp/message_layout_helper.h:16,
                 from /home/tina.guest/tinylsm-perf-source-v2/tinylsm/build/release/_deps/protobuf-src/src/google/protobuf/compiler/cpp/padding_optimizer.h:15,
                 from /home/tina.guest/tinylsm-perf-source-v2/tinylsm/build/release/_deps/protobuf-src/src/google/protobuf/compiler/cpp/padding_optimizer.cc:8:
/home/tina.guest/tinylsm-perf-source-v2/tinylsm/build/release/_deps/protobuf-src/src/google/protobuf/port.h: In function ‘void google::protobuf::internal::AssertDownCast(From*)’:
/home/tina.guest/tinylsm-perf-source-v2/tinylsm/build/release/_deps/protobuf-src/src/google/protobuf/port.h:181:5: warning: testing if a concept-id is a valid expression; add ‘requires’ to check satisfaction [-Wmissing-requires]
  181 |     std::derived_from<std::remove_pointer_t<To>,
      |     ^
      |     requires 
[120/617] Building CXX object _deps/protobuf-build/CMakeFiles/libprotoc.dir/src/google/protobuf/compiler/cpp/helpers.cc.o
In file included from /home/tina.guest/tinylsm-perf-source-v2/tinylsm/build/release/_deps/protobuf-src/src/google/protobuf/extension_set.h:36,
                 from /home/tina.guest/tinylsm-perf-source-v2/tinylsm/build/release/_deps/protobuf-src/src/google/protobuf/descriptor.h:56,
                 from /home/tina.guest/tinylsm-perf-source-v2/tinylsm/build/release/_deps/protobuf-src/src/google/protobuf/compiler/code_generator.h:26,
                 from /home/tina.guest/tinylsm-perf-source-v2/tinylsm/build/release/_deps/protobuf-src/src/google/protobuf/compiler/cpp/helpers.h:28,
                 from /home/tina.guest/tinylsm-perf-source-v2/tinylsm/build/release/_deps/protobuf-src/src/google/protobuf/compiler/cpp/helpers.cc:12:
/home/tina.guest/tinylsm-perf-source-v2/tinylsm/build/release/_deps/protobuf-src/src/google/protobuf/port.h: In function ‘void google::protobuf::internal::AssertDownCast(From*)’:
/home/tina.guest/tinylsm-perf-source-v2/tinylsm/build/release/_deps/protobuf-src/src/google/protobuf/port.h:181:5: warning: testing if a concept-id is a valid expression; add ‘requires’ to check satisfaction [-Wmissing-requires]
  181 |     std::derived_from<std::remove_pointer_t<To>,
      |     ^
      |     requires 
[121/617] Building CXX object _deps/protobuf-build/CMakeFiles/libprotoc.dir/src/google/protobuf/compiler/cpp/tracker.cc.o
In file included from /home/tina.guest/tinylsm-perf-source-v2/tinylsm/build/release/_deps/protobuf-src/src/google/protobuf/extension_set.h:36,
                 from /home/tina.guest/tinylsm-perf-source-v2/tinylsm/build/release/_deps/protobuf-src/src/google/protobuf/descriptor.h:56,
                 from /home/tina.guest/tinylsm-perf-source-v2/tinylsm/build/release/_deps/protobuf-src/src/google/protobuf/compiler/cpp/tracker.h:14,
                 from /home/tina.guest/tinylsm-perf-source-v2/tinylsm/build/release/_deps/protobuf-src/src/google/protobuf/compiler/cpp/tracker.cc:8:
/home/tina.guest/tinylsm-perf-source-v2/tinylsm/build/release/_deps/protobuf-src/src/google/protobuf/port.h: In function ‘void google::protobuf::internal::AssertDownCast(From*)’:
/home/tina.guest/tinylsm-perf-source-v2/tinylsm/build/release/_deps/protobuf-src/src/google/protobuf/port.h:181:5: warning: testing if a concept-id is a valid expression; add ‘requires’ to check satisfaction [-Wmissing-requires]
  181 |     std::derived_from<std::remove_pointer_t<To>,
      |     ^
      |     requires 
[122/617] Building CXX object _deps/protobuf-build/CMakeFiles/libprotoc.dir/src/google/protobuf/compiler/cpp/parse_function_generator.cc.o
In file included from /home/tina.guest/tinylsm-perf-source-v2/tinylsm/build/release/_deps/protobuf-src/src/google/protobuf/extension_set.h:36,
                 from /home/tina.guest/tinylsm-perf-source-v2/tinylsm/build/release/_deps/protobuf-src/src/google/protobuf/descriptor.h:56,
                 from /home/tina.guest/tinylsm-perf-source-v2/tinylsm/build/release/_deps/protobuf-src/src/google/protobuf/compiler/code_generator.h:26,
                 from /home/tina.guest/tinylsm-perf-source-v2/tinylsm/build/release/_deps/protobuf-src/src/google/protobuf/compiler/cpp/helpers.h:28,
                 from /home/tina.guest/tinylsm-perf-source-v2/tinylsm/build/release/_deps/protobuf-src/src/google/protobuf/compiler/cpp/parse_function_generator.h:17,
                 from /home/tina.guest/tinylsm-perf-source-v2/tinylsm/build/release/_deps/protobuf-src/src/google/protobuf/compiler/cpp/parse_function_generator.cc:8:
/home/tina.guest/tinylsm-perf-source-v2/tinylsm/build/release/_deps/protobuf-src/src/google/protobuf/port.h: In function ‘void google::protobuf::internal::AssertDownCast(From*)’:
/home/tina.guest/tinylsm-perf-source-v2/tinylsm/build/release/_deps/protobuf-src/src/google/protobuf/port.h:181:5: warning: testing if a concept-id is a valid expression; add ‘requires’ to check satisfaction [-Wmissing-requires]
  181 |     std::derived_from<std::remove_pointer_t<To>,
      |     ^
      |     requires 
[123/617] Building CXX object _deps/protobuf-build/CMakeFiles/libprotoc.dir/src/google/protobuf/compiler/csharp/csharp_doc_comment.cc.o
In file included from /home/tina.guest/tinylsm-perf-source-v2/tinylsm/build/release/_deps/protobuf-src/src/google/protobuf/extension_set.h:36,
                 from /home/tina.guest/tinylsm-perf-source-v2/tinylsm/build/release/_deps/protobuf-src/src/google/protobuf/descriptor.h:56,
                 from /home/tina.guest/tinylsm-perf-source-v2/tinylsm/build/release/_deps/protobuf-src/src/google/protobuf/compiler/csharp/csharp_doc_comment.h:13,
                 from /home/tina.guest/tinylsm-perf-source-v2/tinylsm/build/release/_deps/protobuf-src/src/google/protobuf/compiler/csharp/csharp_doc_comment.cc:11:
/home/tina.guest/tinylsm-perf-source-v2/tinylsm/build/release/_deps/protobuf-src/src/google/protobuf/port.h: In function ‘void google::protobuf::internal::AssertDownCast(From*)’:
/home/tina.guest/tinylsm-perf-source-v2/tinylsm/build/release/_deps/protobuf-src/src/google/protobuf/port.h:181:5: warning: testing if a concept-id is a valid expression; add ‘requires’ to check satisfaction [-Wmissing-requires]
  181 |     std::derived_from<std::remove_pointer_t<To>,
      |     ^
      |     requires 
[124/617] Building CXX object _deps/protobuf-build/CMakeFiles/libprotoc.dir/src/google/protobuf/compiler/cpp/service.cc.o
In file included from /home/tina.guest/tinylsm-perf-source-v2/tinylsm/build/release/_deps/protobuf-src/src/google/protobuf/extension_set.h:36,
                 from /home/tina.guest/tinylsm-perf-source-v2/tinylsm/build/release/_deps/protobuf-src/src/google/protobuf/descriptor.h:56,
                 from /home/tina.guest/tinylsm-perf-source-v2/tinylsm/build/release/_deps/protobuf-src/src/google/protobuf/compiler/cpp/service.h:20,
                 from /home/tina.guest/tinylsm-perf-source-v2/tinylsm/build/release/_deps/protobuf-src/src/google/protobuf/compiler/cpp/service.cc:12:
/home/tina.guest/tinylsm-perf-source-v2/tinylsm/build/release/_deps/protobuf-src/src/google/protobuf/port.h: In function ‘void google::protobuf::internal::AssertDownCast(From*)’:
/home/tina.guest/tinylsm-perf-source-v2/tinylsm/build/release/_deps/protobuf-src/src/google/protobuf/port.h:181:5: warning: testing if a concept-id is a valid expression; add ‘requires’ to check satisfaction [-Wmissing-requires]
  181 |     std::derived_from<std::remove_pointer_t<To>,
      |     ^
      |     requires 
[125/617] Building CXX object _deps/protobuf-build/CMakeFiles/libprotoc.dir/src/google/protobuf/compiler/csharp/csharp_enum.cc.o
In file included from /home/tina.guest/tinylsm-perf-source-v2/tinylsm/build/release/_deps/protobuf-src/src/google/protobuf/extension_set.h:36,
                 from /home/tina.guest/tinylsm-perf-source-v2/tinylsm/build/release/_deps/protobuf-src/src/google/protobuf/descriptor.h:56,
                 from /home/tina.guest/tinylsm-perf-source-v2/tinylsm/build/release/_deps/protobuf-src/src/google/protobuf/compiler/code_generator.h:26,
                 from /home/tina.guest/tinylsm-perf-source-v2/tinylsm/build/release/_deps/protobuf-src/src/google/protobuf/compiler/csharp/csharp_enum.h:13,
                 from /home/tina.guest/tinylsm-perf-source-v2/tinylsm/build/release/_deps/protobuf-src/src/google/protobuf/compiler/csharp/csharp_enum.cc:8:
/home/tina.guest/tinylsm-perf-source-v2/tinylsm/build/release/_deps/protobuf-src/src/google/protobuf/port.h: In function ‘void google::protobuf::internal::AssertDownCast(From*)’:
/home/tina.guest/tinylsm-perf-source-v2/tinylsm/build/release/_deps/protobuf-src/src/google/protobuf/port.h:181:5: warning: testing if a concept-id is a valid expression; add ‘requires’ to check satisfaction [-Wmissing-requires]
  181 |     std::derived_from<std::remove_pointer_t<To>,
      |     ^
      |     requires 
[126/617] Building CXX object _deps/protobuf-build/CMakeFiles/libprotoc.dir/src/google/protobuf/compiler/csharp/csharp_enum_field.cc.o
In file included from /home/tina.guest/tinylsm-perf-source-v2/tinylsm/build/release/_deps/protobuf-src/src/google/protobuf/extension_set.h:36,
                 from /home/tina.guest/tinylsm-perf-source-v2/tinylsm/build/release/_deps/protobuf-src/src/google/protobuf/descriptor.h:56,
                 from /home/tina.guest/tinylsm-perf-source-v2/tinylsm/build/release/_deps/protobuf-src/src/google/protobuf/compiler/code_generator.h:26,
                 from /home/tina.guest/tinylsm-perf-source-v2/tinylsm/build/release/_deps/protobuf-src/src/google/protobuf/compiler/csharp/csharp_enum_field.h:11,
                 from /home/tina.guest/tinylsm-perf-source-v2/tinylsm/build/release/_deps/protobuf-src/src/google/protobuf/compiler/csharp/csharp_enum_field.cc:8:
/home/tina.guest/tinylsm-perf-source-v2/tinylsm/build/release/_deps/protobuf-src/src/google/protobuf/port.h: In function ‘void google::protobuf::internal::AssertDownCast(From*)’:
/home/tina.guest/tinylsm-perf-source-v2/tinylsm/build/release/_deps/protobuf-src/src/google/protobuf/port.h:181:5: warning: testing if a concept-id is a valid expression; add ‘requires’ to check satisfaction [-Wmissing-requires]
  181 |     std::derived_from<std::remove_pointer_t<To>,
      |     ^
      |     requires 
[127/617] Building CXX object _deps/protobuf-build/CMakeFiles/libprotoc.dir/src/google/protobuf/compiler/csharp/csharp_generator.cc.o
In file included from /home/tina.guest/tinylsm-perf-source-v2/tinylsm/build/release/_deps/protobuf-src/src/google/protobuf/extension_set.h:36,
                 from /home/tina.guest/tinylsm-perf-source-v2/tinylsm/build/release/_deps/protobuf-src/src/google/protobuf/descriptor.h:56,
                 from /home/tina.guest/tinylsm-perf-source-v2/tinylsm/build/release/_deps/protobuf-src/src/google/protobuf/compiler/code_generator.h:26,
                 from /home/tina.guest/tinylsm-perf-source-v2/tinylsm/build/release/_deps/protobuf-src/src/google/protobuf/compiler/csharp/csharp_generator.h:15,
                 from /home/tina.guest/tinylsm-perf-source-v2/tinylsm/build/release/_deps/protobuf-src/src/google/protobuf/compiler/csharp/csharp_generator.cc:8:
/home/tina.guest/tinylsm-perf-source-v2/tinylsm/build/release/_deps/protobuf-src/src/google/protobuf/port.h: In function ‘void google::protobuf::internal::AssertDownCast(From*)’:
/home/tina.guest/tinylsm-perf-source-v2/tinylsm/build/release/_deps/protobuf-src/src/google/protobuf/port.h:181:5: warning: testing if a concept-id is a valid expression; add ‘requires’ to check satisfaction [-Wmissing-requires]
  181 |     std::derived_from<std::remove_pointer_t<To>,
      |     ^
      |     requires 
[128/617] Building CXX object _deps/protobuf-build/CMakeFiles/libprotoc.dir/src/google/protobuf/compiler/csharp/csharp_field_base.cc.o
In file included from /home/tina.guest/tinylsm-perf-source-v2/tinylsm/build/release/_deps/protobuf-src/src/google/protobuf/extension_set.h:36,
                 from /home/tina.guest/tinylsm-perf-source-v2/tinylsm/build/release/_deps/protobuf-src/src/google/protobuf/descriptor.h:56,
                 from /home/tina.guest/tinylsm-perf-source-v2/tinylsm/build/release/_deps/protobuf-src/src/google/protobuf/compiler/code_generator.h:26,
                 from /home/tina.guest/tinylsm-perf-source-v2/tinylsm/build/release/_deps/protobuf-src/src/google/protobuf/compiler/csharp/csharp_field_base.h:13,
                 from /home/tina.guest/tinylsm-perf-source-v2/tinylsm/build/release/_deps/protobuf-src/src/google/protobuf/compiler/csharp/csharp_field_base.cc:8:
/home/tina.guest/tinylsm-perf-source-v2/tinylsm/build/release/_deps/protobuf-src/src/google/protobuf/port.h: In function ‘void google::protobuf::internal::AssertDownCast(From*)’:
/home/tina.guest/tinylsm-perf-source-v2/tinylsm/build/release/_deps/protobuf-src/src/google/protobuf/port.h:181:5: warning: testing if a concept-id is a valid expression; add ‘requires’ to check satisfaction [-Wmissing-requires]
  181 |     std::derived_from<std::remove_pointer_t<To>,
      |     ^
      |     requires 
[129/617] Building CXX object _deps/protobuf-build/CMakeFiles/libprotoc.dir/src/google/protobuf/compiler/csharp/csharp_helpers.cc.o
In file included from /home/tina.guest/tinylsm-perf-source-v2/tinylsm/build/release/_deps/protobuf-src/src/google/protobuf/extension_set.h:36,
                 from /home/tina.guest/tinylsm-perf-source-v2/tinylsm/build/release/_deps/protobuf-src/src/google/protobuf/descriptor.h:56,
                 from /home/tina.guest/tinylsm-perf-source-v2/tinylsm/build/release/_deps/protobuf-src/src/google/protobuf/compiler/code_generator.h:26,
                 from /home/tina.guest/tinylsm-perf-source-v2/tinylsm/build/release/_deps/protobuf-src/src/google/protobuf/compiler/csharp/csharp_helpers.h:17,
                 from /home/tina.guest/tinylsm-perf-source-v2/tinylsm/build/release/_deps/protobuf-src/src/google/protobuf/compiler/csharp/csharp_helpers.cc:12:
/home/tina.guest/tinylsm-perf-source-v2/tinylsm/build/release/_deps/protobuf-src/src/google/protobuf/port.h: In function ‘void google::protobuf::internal::AssertDownCast(From*)’:
/home/tina.guest/tinylsm-perf-source-v2/tinylsm/build/release/_deps/protobuf-src/src/google/protobuf/port.h:181:5: warning: testing if a concept-id is a valid expression; add ‘requires’ to check satisfaction [-Wmissing-requires]
  181 |     std::derived_from<std::remove_pointer_t<To>,
      |     ^
      |     requires 
[130/617] Building CXX object _deps/protobuf-build/CMakeFiles/libprotoc.dir/src/google/protobuf/compiler/csharp/csharp_message_field.cc.o
In file included from /home/tina.guest/tinylsm-perf-source-v2/tinylsm/build/release/_deps/protobuf-src/src/google/protobuf/extension_set.h:36,
                 from /home/tina.guest/tinylsm-perf-source-v2/tinylsm/build/release/_deps/protobuf-src/src/google/protobuf/descriptor.h:56,
                 from /home/tina.guest/tinylsm-perf-source-v2/tinylsm/build/release/_deps/protobuf-src/src/google/protobuf/compiler/code_generator.h:26,
                 from /home/tina.guest/tinylsm-perf-source-v2/tinylsm/build/release/_deps/protobuf-src/src/google/protobuf/compiler/csharp/csharp_message_field.h:11,
                 from /home/tina.guest/tinylsm-perf-source-v2/tinylsm/build/release/_deps/protobuf-src/src/google/protobuf/compiler/csharp/csharp_message_field.cc:8:
/home/tina.guest/tinylsm-perf-source-v2/tinylsm/build/release/_deps/protobuf-src/src/google/protobuf/port.h: In function ‘void google::protobuf::internal::AssertDownCast(From*)’:
/home/tina.guest/tinylsm-perf-source-v2/tinylsm/build/release/_deps/protobuf-src/src/google/protobuf/port.h:181:5: warning: testing if a concept-id is a valid expression; add ‘requires’ to check satisfaction [-Wmissing-requires]
  181 |     std::derived_from<std::remove_pointer_t<To>,
      |     ^
      |     requires 
[131/617] Building CXX object _deps/protobuf-build/CMakeFiles/libprotoc.dir/src/google/protobuf/compiler/csharp/csharp_map_field.cc.o
In file included from /home/tina.guest/tinylsm-perf-source-v2/tinylsm/build/release/_deps/protobuf-src/src/google/protobuf/extension_set.h:36,
                 from /home/tina.guest/tinylsm-perf-source-v2/tinylsm/build/release/_deps/protobuf-src/src/google/protobuf/descriptor.h:56,
                 from /home/tina.guest/tinylsm-perf-source-v2/tinylsm/build/release/_deps/protobuf-src/src/google/protobuf/compiler/code_generator.h:26,
                 from /home/tina.guest/tinylsm-perf-source-v2/tinylsm/build/release/_deps/protobuf-src/src/google/protobuf/compiler/csharp/csharp_map_field.h:11,
                 from /home/tina.guest/tinylsm-perf-source-v2/tinylsm/build/release/_deps/protobuf-src/src/google/protobuf/compiler/csharp/csharp_map_field.cc:8:
/home/tina.guest/tinylsm-perf-source-v2/tinylsm/build/release/_deps/protobuf-src/src/google/protobuf/port.h: In function ‘void google::protobuf::internal::AssertDownCast(From*)’:
/home/tina.guest/tinylsm-perf-source-v2/tinylsm/build/release/_deps/protobuf-src/src/google/protobuf/port.h:181:5: warning: testing if a concept-id is a valid expression; add ‘requires’ to check satisfaction [-Wmissing-requires]
  181 |     std::derived_from<std::remove_pointer_t<To>,
      |     ^
      |     requires 
[132/617] Building CXX object _deps/protobuf-build/CMakeFiles/libprotoc.dir/src/google/protobuf/compiler/csharp/csharp_message.cc.o
In file included from /home/tina.guest/tinylsm-perf-source-v2/tinylsm/build/release/_deps/protobuf-src/src/google/protobuf/extension_set.h:36,
                 from /home/tina.guest/tinylsm-perf-source-v2/tinylsm/build/release/_deps/protobuf-src/src/google/protobuf/descriptor.h:56,
                 from /home/tina.guest/tinylsm-perf-source-v2/tinylsm/build/release/_deps/protobuf-src/src/google/protobuf/compiler/code_generator.h:26,
                 from /home/tina.guest/tinylsm-perf-source-v2/tinylsm/build/release/_deps/protobuf-src/src/google/protobuf/compiler/csharp/csharp_message.h:14,
                 from /home/tina.guest/tinylsm-perf-source-v2/tinylsm/build/release/_deps/protobuf-src/src/google/protobuf/compiler/csharp/csharp_message.cc:8:
/home/tina.guest/tinylsm-perf-source-v2/tinylsm/build/release/_deps/protobuf-src/src/google/protobuf/port.h: In function ‘void google::protobuf::internal::AssertDownCast(From*)’:
/home/tina.guest/tinylsm-perf-source-v2/tinylsm/build/release/_deps/protobuf-src/src/google/protobuf/port.h:181:5: warning: testing if a concept-id is a valid expression; add ‘requires’ to check satisfaction [-Wmissing-requires]
  181 |     std::derived_from<std::remove_pointer_t<To>,
      |     ^
      |     requires 
[133/617] Building CXX object _deps/protobuf-build/CMakeFiles/libprotoc.dir/src/google/protobuf/compiler/csharp/csharp_primitive_field.cc.o
In file included from /home/tina.guest/tinylsm-perf-source-v2/tinylsm/build/release/_deps/protobuf-src/src/google/protobuf/extension_set.h:36,
                 from /home/tina.guest/tinylsm-perf-source-v2/tinylsm/build/release/_deps/protobuf-src/src/google/protobuf/descriptor.h:56,
                 from /home/tina.guest/tinylsm-perf-source-v2/tinylsm/build/release/_deps/protobuf-src/src/google/protobuf/compiler/code_generator.h:26,
                 from /home/tina.guest/tinylsm-perf-source-v2/tinylsm/build/release/_deps/protobuf-src/src/google/protobuf/compiler/csharp/csharp_primitive_field.h:11,
                 from /home/tina.guest/tinylsm-perf-source-v2/tinylsm/build/release/_deps/protobuf-src/src/google/protobuf/compiler/csharp/csharp_primitive_field.cc:8:
/home/tina.guest/tinylsm-perf-source-v2/tinylsm/build/release/_deps/protobuf-src/src/google/protobuf/port.h: In function ‘void google::protobuf::internal::AssertDownCast(From*)’:
/home/tina.guest/tinylsm-perf-source-v2/tinylsm/build/release/_deps/protobuf-src/src/google/protobuf/port.h:181:5: warning: testing if a concept-id is a valid expression; add ‘requires’ to check satisfaction [-Wmissing-requires]
  181 |     std::derived_from<std::remove_pointer_t<To>,
      |     ^
      |     requires 
[134/617] Building CXX object _deps/protobuf-build/CMakeFiles/libprotoc.dir/src/google/protobuf/compiler/csharp/csharp_reflection_class.cc.o
In file included from /home/tina.guest/tinylsm-perf-source-v2/tinylsm/build/release/_deps/protobuf-src/src/google/protobuf/extension_set.h:36,
                 from /home/tina.guest/tinylsm-perf-source-v2/tinylsm/build/release/_deps/protobuf-src/src/google/protobuf/descriptor.h:56,
                 from /home/tina.guest/tinylsm-perf-source-v2/tinylsm/build/release/_deps/protobuf-src/src/google/protobuf/compiler/code_generator.h:26,
                 from /home/tina.guest/tinylsm-perf-source-v2/tinylsm/build/release/_deps/protobuf-src/src/google/protobuf/compiler/csharp/csharp_reflection_class.h:13,
                 from /home/tina.guest/tinylsm-perf-source-v2/tinylsm/build/release/_deps/protobuf-src/src/google/protobuf/compiler/csharp/csharp_reflection_class.cc:8:
/home/tina.guest/tinylsm-perf-source-v2/tinylsm/build/release/_deps/protobuf-src/src/google/protobuf/port.h: In function ‘void google::protobuf::internal::AssertDownCast(From*)’:
/home/tina.guest/tinylsm-perf-source-v2/tinylsm/build/release/_deps/protobuf-src/src/google/protobuf/port.h:181:5: warning: testing if a concept-id is a valid expression; add ‘requires’ to check satisfaction [-Wmissing-requires]
  181 |     std::derived_from<std::remove_pointer_t<To>,
      |     ^
      |     requires 
[135/617] Building CXX object _deps/protobuf-build/CMakeFiles/libprotoc.dir/src/google/protobuf/compiler/csharp/csharp_repeated_enum_field.cc.o
In file included from /home/tina.guest/tinylsm-perf-source-v2/tinylsm/build/release/_deps/protobuf-src/src/google/protobuf/extension_set.h:36,
                 from /home/tina.guest/tinylsm-perf-source-v2/tinylsm/build/release/_deps/protobuf-src/src/google/protobuf/descriptor.h:56,
                 from /home/tina.guest/tinylsm-perf-source-v2/tinylsm/build/release/_deps/protobuf-src/src/google/protobuf/compiler/code_generator.h:26,
                 from /home/tina.guest/tinylsm-perf-source-v2/tinylsm/build/release/_deps/protobuf-src/src/google/protobuf/compiler/csharp/csharp_repeated_enum_field.h:11,
                 from /home/tina.guest/tinylsm-perf-source-v2/tinylsm/build/release/_deps/protobuf-src/src/google/protobuf/compiler/csharp/csharp_repeated_enum_field.cc:8:
/home/tina.guest/tinylsm-perf-source-v2/tinylsm/build/release/_deps/protobuf-src/src/google/protobuf/port.h: In function ‘void google::protobuf::internal::AssertDownCast(From*)’:
/home/tina.guest/tinylsm-perf-source-v2/tinylsm/build/release/_deps/protobuf-src/src/google/protobuf/port.h:181:5: warning: testing if a concept-id is a valid expression; add ‘requires’ to check satisfaction [-Wmissing-requires]
  181 |     std::derived_from<std::remove_pointer_t<To>,
      |     ^
      |     requires 
[136/617] Building CXX object _deps/protobuf-build/CMakeFiles/libprotoc.dir/src/google/protobuf/compiler/csharp/csharp_repeated_message_field.cc.o
In file included from /home/tina.guest/tinylsm-perf-source-v2/tinylsm/build/release/_deps/protobuf-src/src/google/protobuf/extension_set.h:36,
                 from /home/tina.guest/tinylsm-perf-source-v2/tinylsm/build/release/_deps/protobuf-src/src/google/protobuf/descriptor.h:56,
                 from /home/tina.guest/tinylsm-perf-source-v2/tinylsm/build/release/_deps/protobuf-src/src/google/protobuf/compiler/code_generator.h:26,
                 from /home/tina.guest/tinylsm-perf-source-v2/tinylsm/build/release/_deps/protobuf-src/src/google/protobuf/compiler/csharp/csharp_repeated_message_field.h:11,
                 from /home/tina.guest/tinylsm-perf-source-v2/tinylsm/build/release/_deps/protobuf-src/src/google/protobuf/compiler/csharp/csharp_repeated_message_field.cc:8:
/home/tina.guest/tinylsm-perf-source-v2/tinylsm/build/release/_deps/protobuf-src/src/google/protobuf/port.h: In function ‘void google::protobuf::internal::AssertDownCast(From*)’:
/home/tina.guest/tinylsm-perf-source-v2/tinylsm/build/release/_deps/protobuf-src/src/google/protobuf/port.h:181:5: warning: testing if a concept-id is a valid expression; add ‘requires’ to check satisfaction [-Wmissing-requires]
  181 |     std::derived_from<std::remove_pointer_t<To>,
      |     ^
      |     requires 
[137/617] Building CXX object _deps/protobuf-build/CMakeFiles/libprotoc.dir/src/google/protobuf/compiler/csharp/csharp_repeated_primitive_field.cc.o
In file included from /home/tina.guest/tinylsm-perf-source-v2/tinylsm/build/release/_deps/protobuf-src/src/google/protobuf/extension_set.h:36,
                 from /home/tina.guest/tinylsm-perf-source-v2/tinylsm/build/release/_deps/protobuf-src/src/google/protobuf/descriptor.h:56,
                 from /home/tina.guest/tinylsm-perf-source-v2/tinylsm/build/release/_deps/protobuf-src/src/google/protobuf/compiler/code_generator.h:26,
                 from /home/tina.guest/tinylsm-perf-source-v2/tinylsm/build/release/_deps/protobuf-src/src/google/protobuf/compiler/csharp/csharp_repeated_primitive_field.h:11,
                 from /home/tina.guest/tinylsm-perf-source-v2/tinylsm/build/release/_deps/protobuf-src/src/google/protobuf/compiler/csharp/csharp_repeated_primitive_field.cc:8:
/home/tina.guest/tinylsm-perf-source-v2/tinylsm/build/release/_deps/protobuf-src/src/google/protobuf/port.h: In function ‘void google::protobuf::internal::AssertDownCast(From*)’:
/home/tina.guest/tinylsm-perf-source-v2/tinylsm/build/release/_deps/protobuf-src/src/google/protobuf/port.h:181:5: warning: testing if a concept-id is a valid expression; add ‘requires’ to check satisfaction [-Wmissing-requires]
  181 |     std::derived_from<std::remove_pointer_t<To>,
      |     ^
      |     requires 
[138/617] Building CXX object _deps/protobuf-build/CMakeFiles/libprotoc.dir/src/google/protobuf/compiler/csharp/csharp_source_generator_base.cc.o
In file included from /home/tina.guest/tinylsm-perf-source-v2/tinylsm/build/release/_deps/protobuf-src/src/google/protobuf/extension_set.h:36,
                 from /home/tina.guest/tinylsm-perf-source-v2/tinylsm/build/release/_deps/protobuf-src/src/google/protobuf/descriptor.h:56,
                 from /home/tina.guest/tinylsm-perf-source-v2/tinylsm/build/release/_deps/protobuf-src/src/google/protobuf/compiler/code_generator.h:26,
                 from /home/tina.guest/tinylsm-perf-source-v2/tinylsm/build/release/_deps/protobuf-src/src/google/protobuf/compiler/csharp/csharp_source_generator_base.h:13,
                 from /home/tina.guest/tinylsm-perf-source-v2/tinylsm/build/release/_deps/protobuf-src/src/google/protobuf/compiler/csharp/csharp_source_generator_base.cc:8:
/home/tina.guest/tinylsm-perf-source-v2/tinylsm/build/release/_deps/protobuf-src/src/google/protobuf/port.h: In function ‘void google::protobuf::internal::AssertDownCast(From*)’:
/home/tina.guest/tinylsm-perf-source-v2/tinylsm/build/release/_deps/protobuf-src/src/google/protobuf/port.h:181:5: warning: testing if a concept-id is a valid expression; add ‘requires’ to check satisfaction [-Wmissing-requires]
  181 |     std::derived_from<std::remove_pointer_t<To>,
      |     ^
      |     requires 
[139/617] Building CXX object _deps/protobuf-build/CMakeFiles/libprotoc.dir/src/google/protobuf/compiler/csharp/names.cc.o
In file included from /home/tina.guest/tinylsm-perf-source-v2/tinylsm/build/release/_deps/protobuf-src/src/google/protobuf/arena.h:38,
                 from /home/tina.guest/tinylsm-perf-source-v2/tinylsm/build/release/_deps/protobuf-src/src/google/protobuf/descriptor.pb.h:21,
                 from /home/tina.guest/tinylsm-perf-source-v2/tinylsm/build/release/_deps/protobuf-src/src/google/protobuf/compiler/csharp/names.cc:21:
/home/tina.guest/tinylsm-perf-source-v2/tinylsm/build/release/_deps/protobuf-src/src/google/protobuf/port.h: In function ‘void google::protobuf::internal::AssertDownCast(From*)’:
/home/tina.guest/tinylsm-perf-source-v2/tinylsm/build/release/_deps/protobuf-src/src/google/protobuf/port.h:181:5: warning: testing if a concept-id is a valid expression; add ‘requires’ to check satisfaction [-Wmissing-requires]
  181 |     std::derived_from<std::remove_pointer_t<To>,
      |     ^
      |     requires 
[140/617] Building CXX object _deps/protobuf-build/CMakeFiles/libprotoc.dir/src/google/protobuf/compiler/cpp/message.cc.o
In file included from /home/tina.guest/tinylsm-perf-source-v2/tinylsm/build/release/_deps/protobuf-src/src/google/protobuf/extension_set.h:36,
                 from /home/tina.guest/tinylsm-perf-source-v2/tinylsm/build/release/_deps/protobuf-src/src/google/protobuf/descriptor.h:56,
                 from /home/tina.guest/tinylsm-perf-source-v2/tinylsm/build/release/_deps/protobuf-src/src/google/protobuf/compiler/cpp/enum.h:18,
                 from /home/tina.guest/tinylsm-perf-source-v2/tinylsm/build/release/_deps/protobuf-src/src/google/protobuf/compiler/cpp/message.h:24,
                 from /home/tina.guest/tinylsm-perf-source-v2/tinylsm/build/release/_deps/protobuf-src/src/google/protobuf/compiler/cpp/message.cc:12:
/home/tina.guest/tinylsm-perf-source-v2/tinylsm/build/release/_deps/protobuf-src/src/google/protobuf/port.h: In function ‘void google::protobuf::internal::AssertDownCast(From*)’:
/home/tina.guest/tinylsm-perf-source-v2/tinylsm/build/release/_deps/protobuf-src/src/google/protobuf/port.h:181:5: warning: testing if a concept-id is a valid expression; add ‘requires’ to check satisfaction [-Wmissing-requires]
  181 |     std::derived_from<std::remove_pointer_t<To>,
      |     ^
      |     requires 
[141/617] Building CXX object _deps/protobuf-build/CMakeFiles/libprotoc.dir/src/google/protobuf/compiler/csharp/csharp_wrapper_field.cc.o
In file included from /home/tina.guest/tinylsm-perf-source-v2/tinylsm/build/release/_deps/protobuf-src/src/google/protobuf/extension_set.h:36,
                 from /home/tina.guest/tinylsm-perf-source-v2/tinylsm/build/release/_deps/protobuf-src/src/google/protobuf/descriptor.h:56,
                 from /home/tina.guest/tinylsm-perf-source-v2/tinylsm/build/release/_deps/protobuf-src/src/google/protobuf/compiler/code_generator.h:26,
                 from /home/tina.guest/tinylsm-perf-source-v2/tinylsm/build/release/_deps/protobuf-src/src/google/protobuf/compiler/csharp/csharp_wrapper_field.h:11,
                 from /home/tina.guest/tinylsm-perf-source-v2/tinylsm/build/release/_deps/protobuf-src/src/google/protobuf/compiler/csharp/csharp_wrapper_field.cc:8:
/home/tina.guest/tinylsm-perf-source-v2/tinylsm/build/release/_deps/protobuf-src/src/google/protobuf/port.h: In function ‘void google::protobuf::internal::AssertDownCast(From*)’:
/home/tina.guest/tinylsm-perf-source-v2/tinylsm/build/release/_deps/protobuf-src/src/google/protobuf/port.h:181:5: warning: testing if a concept-id is a valid expression; add ‘requires’ to check satisfaction [-Wmissing-requires]
  181 |     std::derived_from<std::remove_pointer_t<To>,
      |     ^
      |     requires 
[142/617] Building CXX object _deps/protobuf-build/CMakeFiles/libprotoc.dir/src/google/protobuf/compiler/java/context.cc.o
In file included from /home/tina.guest/tinylsm-perf-source-v2/tinylsm/build/release/_deps/protobuf-src/src/google/protobuf/compiler/java/options.h:13,
                 from /home/tina.guest/tinylsm-perf-source-v2/tinylsm/build/release/_deps/protobuf-src/src/google/protobuf/compiler/java/names.h:21,
                 from /home/tina.guest/tinylsm-perf-source-v2/tinylsm/build/release/_deps/protobuf-src/src/google/protobuf/compiler/java/helpers.h:19,
                 from /home/tina.guest/tinylsm-perf-source-v2/tinylsm/build/release/_deps/protobuf-src/src/google/protobuf/compiler/java/context.h:15,
                 from /home/tina.guest/tinylsm-perf-source-v2/tinylsm/build/release/_deps/protobuf-src/src/google/protobuf/compiler/java/context.cc:8:
/home/tina.guest/tinylsm-perf-source-v2/tinylsm/build/release/_deps/protobuf-src/src/google/protobuf/port.h: In function ‘void google::protobuf::internal::AssertDownCast(From*)’:
/home/tina.guest/tinylsm-perf-source-v2/tinylsm/build/release/_deps/protobuf-src/src/google/protobuf/port.h:181:5: warning: testing if a concept-id is a valid expression; add ‘requires’ to check satisfaction [-Wmissing-requires]
  181 |     std::derived_from<std::remove_pointer_t<To>,
      |     ^
      |     requires 
[143/617] Building CXX object _deps/protobuf-build/CMakeFiles/libprotoc.dir/src/google/protobuf/compiler/java/field_common.cc.o
In file included from /home/tina.guest/tinylsm-perf-source-v2/tinylsm/build/release/_deps/protobuf-src/src/google/protobuf/compiler/java/options.h:13,
                 from /home/tina.guest/tinylsm-perf-source-v2/tinylsm/build/release/_deps/protobuf-src/src/google/protobuf/compiler/java/field_common.h:6,
                 from /home/tina.guest/tinylsm-perf-source-v2/tinylsm/build/release/_deps/protobuf-src/src/google/protobuf/compiler/java/field_common.cc:1:
/home/tina.guest/tinylsm-perf-source-v2/tinylsm/build/release/_deps/protobuf-src/src/google/protobuf/port.h: In function ‘void google::protobuf::internal::AssertDownCast(From*)’:
/home/tina.guest/tinylsm-perf-source-v2/tinylsm/build/release/_deps/protobuf-src/src/google/protobuf/port.h:181:5: warning: testing if a concept-id is a valid expression; add ‘requires’ to check satisfaction [-Wmissing-requires]
  181 |     std::derived_from<std::remove_pointer_t<To>,
      |     ^
      |     requires 
[144/617] Building CXX object _deps/protobuf-build/CMakeFiles/libprotoc.dir/src/google/protobuf/compiler/java/doc_comment.cc.o
In file included from /home/tina.guest/tinylsm-perf-source-v2/tinylsm/build/release/_deps/protobuf-src/src/google/protobuf/compiler/java/options.h:13,
                 from /home/tina.guest/tinylsm-perf-source-v2/tinylsm/build/release/_deps/protobuf-src/src/google/protobuf/compiler/java/doc_comment.h:16,
                 from /home/tina.guest/tinylsm-perf-source-v2/tinylsm/build/release/_deps/protobuf-src/src/google/protobuf/compiler/java/doc_comment.cc:12:
/home/tina.guest/tinylsm-perf-source-v2/tinylsm/build/release/_deps/protobuf-src/src/google/protobuf/port.h: In function ‘void google::protobuf::internal::AssertDownCast(From*)’:
/home/tina.guest/tinylsm-perf-source-v2/tinylsm/build/release/_deps/protobuf-src/src/google/protobuf/port.h:181:5: warning: testing if a concept-id is a valid expression; add ‘requires’ to check satisfaction [-Wmissing-requires]
  181 |     std::derived_from<std::remove_pointer_t<To>,
      |     ^
      |     requires 
[145/617] Building CXX object _deps/protobuf-build/CMakeFiles/libprotoc.dir/src/google/protobuf/compiler/java/full/enum.cc.o
In file included from /home/tina.guest/tinylsm-perf-source-v2/tinylsm/build/release/_deps/protobuf-src/src/google/protobuf/compiler/java/options.h:13,
                 from /home/tina.guest/tinylsm-perf-source-v2/tinylsm/build/release/_deps/protobuf-src/src/google/protobuf/compiler/java/names.h:21,
                 from /home/tina.guest/tinylsm-perf-source-v2/tinylsm/build/release/_deps/protobuf-src/src/google/protobuf/compiler/java/helpers.h:19,
                 from /home/tina.guest/tinylsm-perf-source-v2/tinylsm/build/release/_deps/protobuf-src/src/google/protobuf/compiler/java/context.h:15,
                 from /home/tina.guest/tinylsm-perf-source-v2/tinylsm/build/release/_deps/protobuf-src/src/google/protobuf/compiler/java/generator_factory.h:19,
                 from /home/tina.guest/tinylsm-perf-source-v2/tinylsm/build/release/_deps/protobuf-src/src/google/protobuf/compiler/java/full/enum.h:18,
                 from /home/tina.guest/tinylsm-perf-source-v2/tinylsm/build/release/_deps/protobuf-src/src/google/protobuf/compiler/java/full/enum.cc:12:
/home/tina.guest/tinylsm-perf-source-v2/tinylsm/build/release/_deps/protobuf-src/src/google/protobuf/port.h: In function ‘void google::protobuf::internal::AssertDownCast(From*)’:
/home/tina.guest/tinylsm-perf-source-v2/tinylsm/build/release/_deps/protobuf-src/src/google/protobuf/port.h:181:5: warning: testing if a concept-id is a valid expression; add ‘requires’ to check satisfaction [-Wmissing-requires]
  181 |     std::derived_from<std::remove_pointer_t<To>,
      |     ^
      |     requires 
[146/617] Building CXX object _deps/protobuf-build/CMakeFiles/libprotoc.dir/src/google/protobuf/compiler/java/file.cc.o
In file included from /home/tina.guest/tinylsm-perf-source-v2/tinylsm/build/release/_deps/protobuf-src/src/google/protobuf/compiler/java/options.h:13,
                 from /home/tina.guest/tinylsm-perf-source-v2/tinylsm/build/release/_deps/protobuf-src/src/google/protobuf/compiler/java/file.h:19,
                 from /home/tina.guest/tinylsm-perf-source-v2/tinylsm/build/release/_deps/protobuf-src/src/google/protobuf/compiler/java/file.cc:12:
/home/tina.guest/tinylsm-perf-source-v2/tinylsm/build/release/_deps/protobuf-src/src/google/protobuf/port.h: In function ‘void google::protobuf::internal::AssertDownCast(From*)’:
/home/tina.guest/tinylsm-perf-source-v2/tinylsm/build/release/_deps/protobuf-src/src/google/protobuf/port.h:181:5: warning: testing if a concept-id is a valid expression; add ‘requires’ to check satisfaction [-Wmissing-requires]
  181 |     std::derived_from<std::remove_pointer_t<To>,
      |     ^
      |     requires 
[147/617] Building CXX object _deps/protobuf-build/CMakeFiles/libprotoc.dir/src/google/protobuf/compiler/java/full/generator_factory.cc.o
In file included from /home/tina.guest/tinylsm-perf-source-v2/tinylsm/build/release/_deps/protobuf-src/src/google/protobuf/compiler/java/options.h:13,
                 from /home/tina.guest/tinylsm-perf-source-v2/tinylsm/build/release/_deps/protobuf-src/src/google/protobuf/compiler/java/names.h:21,
                 from /home/tina.guest/tinylsm-perf-source-v2/tinylsm/build/release/_deps/protobuf-src/src/google/protobuf/compiler/java/helpers.h:19,
                 from /home/tina.guest/tinylsm-perf-source-v2/tinylsm/build/release/_deps/protobuf-src/src/google/protobuf/compiler/java/context.h:15,
                 from /home/tina.guest/tinylsm-perf-source-v2/tinylsm/build/release/_deps/protobuf-src/src/google/protobuf/compiler/java/generator_factory.h:19,
                 from /home/tina.guest/tinylsm-perf-source-v2/tinylsm/build/release/_deps/protobuf-src/src/google/protobuf/compiler/java/full/generator_factory.cc:10:
/home/tina.guest/tinylsm-perf-source-v2/tinylsm/build/release/_deps/protobuf-src/src/google/protobuf/port.h: In function ‘void google::protobuf::internal::AssertDownCast(From*)’:
/home/tina.guest/tinylsm-perf-source-v2/tinylsm/build/release/_deps/protobuf-src/src/google/protobuf/port.h:181:5: warning: testing if a concept-id is a valid expression; add ‘requires’ to check satisfaction [-Wmissing-requires]
  181 |     std::derived_from<std::remove_pointer_t<To>,
      |     ^
      |     requires 
[148/617] Building CXX object _deps/protobuf-build/CMakeFiles/libprotoc.dir/src/google/protobuf/compiler/java/full/make_field_gens.cc.o
In file included from /home/tina.guest/tinylsm-perf-source-v2/tinylsm/build/release/_deps/protobuf-src/src/google/protobuf/compiler/java/options.h:13,
                 from /home/tina.guest/tinylsm-perf-source-v2/tinylsm/build/release/_deps/protobuf-src/src/google/protobuf/compiler/java/names.h:21,
                 from /home/tina.guest/tinylsm-perf-source-v2/tinylsm/build/release/_deps/protobuf-src/src/google/protobuf/compiler/java/helpers.h:19,
                 from /home/tina.guest/tinylsm-perf-source-v2/tinylsm/build/release/_deps/protobuf-src/src/google/protobuf/compiler/java/context.h:15,
                 from /home/tina.guest/tinylsm-perf-source-v2/tinylsm/build/release/_deps/protobuf-src/src/google/protobuf/compiler/java/full/make_field_gens.cc:15:
/home/tina.guest/tinylsm-perf-source-v2/tinylsm/build/release/_deps/protobuf-src/src/google/protobuf/port.h: In function ‘void google::protobuf::internal::AssertDownCast(From*)’:
/home/tina.guest/tinylsm-perf-source-v2/tinylsm/build/release/_deps/protobuf-src/src/google/protobuf/port.h:181:5: warning: testing if a concept-id is a valid expression; add ‘requires’ to check satisfaction [-Wmissing-requires]
  181 |     std::derived_from<std::remove_pointer_t<To>,
      |     ^
      |     requires 
[149/617] Building CXX object _deps/protobuf-build/CMakeFiles/libprotoc.dir/src/google/protobuf/compiler/java/full/extension.cc.o
In file included from /home/tina.guest/tinylsm-perf-source-v2/tinylsm/build/release/_deps/protobuf-src/src/google/protobuf/compiler/java/options.h:13,
                 from /home/tina.guest/tinylsm-perf-source-v2/tinylsm/build/release/_deps/protobuf-src/src/google/protobuf/compiler/java/names.h:21,
                 from /home/tina.guest/tinylsm-perf-source-v2/tinylsm/build/release/_deps/protobuf-src/src/google/protobuf/compiler/java/helpers.h:19,
                 from /home/tina.guest/tinylsm-perf-source-v2/tinylsm/build/release/_deps/protobuf-src/src/google/protobuf/compiler/java/context.h:15,
                 from /home/tina.guest/tinylsm-perf-source-v2/tinylsm/build/release/_deps/protobuf-src/src/google/protobuf/compiler/java/generator_factory.h:19,
                 from /home/tina.guest/tinylsm-perf-source-v2/tinylsm/build/release/_deps/protobuf-src/src/google/protobuf/compiler/java/full/extension.h:18,
                 from /home/tina.guest/tinylsm-perf-source-v2/tinylsm/build/release/_deps/protobuf-src/src/google/protobuf/compiler/java/full/extension.cc:12:
/home/tina.guest/tinylsm-perf-source-v2/tinylsm/build/release/_deps/protobuf-src/src/google/protobuf/port.h: In function ‘void google::protobuf::internal::AssertDownCast(From*)’:
/home/tina.guest/tinylsm-perf-source-v2/tinylsm/build/release/_deps/protobuf-src/src/google/protobuf/port.h:181:5: warning: testing if a concept-id is a valid expression; add ‘requires’ to check satisfaction [-Wmissing-requires]
  181 |     std::derived_from<std::remove_pointer_t<To>,
      |     ^
      |     requires 
[150/617] Building CXX object _deps/protobuf-build/CMakeFiles/libprotoc.dir/src/google/protobuf/compiler/java/full/enum_field.cc.o
In file included from /home/tina.guest/tinylsm-perf-source-v2/tinylsm/build/release/_deps/protobuf-src/src/google/protobuf/compiler/java/options.h:13,
                 from /home/tina.guest/tinylsm-perf-source-v2/tinylsm/build/release/_deps/protobuf-src/src/google/protobuf/compiler/java/names.h:21,
                 from /home/tina.guest/tinylsm-perf-source-v2/tinylsm/build/release/_deps/protobuf-src/src/google/protobuf/compiler/java/helpers.h:19,
                 from /home/tina.guest/tinylsm-perf-source-v2/tinylsm/build/release/_deps/protobuf-src/src/google/protobuf/compiler/java/context.h:15,
                 from /home/tina.guest/tinylsm-perf-source-v2/tinylsm/build/release/_deps/protobuf-src/src/google/protobuf/compiler/java/generator_common.h:10,
                 from /home/tina.guest/tinylsm-perf-source-v2/tinylsm/build/release/_deps/protobuf-src/src/google/protobuf/compiler/java/full/field_generator.h:6,
                 from /home/tina.guest/tinylsm-perf-source-v2/tinylsm/build/release/_deps/protobuf-src/src/google/protobuf/compiler/java/full/enum_field.h:18,
                 from /home/tina.guest/tinylsm-perf-source-v2/tinylsm/build/release/_deps/protobuf-src/src/google/protobuf/compiler/java/full/enum_field.cc:12:
/home/tina.guest/tinylsm-perf-source-v2/tinylsm/build/release/_deps/protobuf-src/src/google/protobuf/port.h: In function ‘void google::protobuf::internal::AssertDownCast(From*)’:
/home/tina.guest/tinylsm-perf-source-v2/tinylsm/build/release/_deps/protobuf-src/src/google/protobuf/port.h:181:5: warning: testing if a concept-id is a valid expression; add ‘requires’ to check satisfaction [-Wmissing-requires]
  181 |     std::derived_from<std::remove_pointer_t<To>,
      |     ^
      |     requires 
[151/617] Building CXX object _deps/protobuf-build/CMakeFiles/libprotoc.dir/src/google/protobuf/compiler/java/full/map_field.cc.o
In file included from /home/tina.guest/tinylsm-perf-source-v2/tinylsm/build/release/_deps/protobuf-src/src/google/protobuf/compiler/java/options.h:13,
                 from /home/tina.guest/tinylsm-perf-source-v2/tinylsm/build/release/_deps/protobuf-src/src/google/protobuf/compiler/java/names.h:21,
                 from /home/tina.guest/tinylsm-perf-source-v2/tinylsm/build/release/_deps/protobuf-src/src/google/protobuf/compiler/java/helpers.h:19,
                 from /home/tina.guest/tinylsm-perf-source-v2/tinylsm/build/release/_deps/protobuf-src/src/google/protobuf/compiler/java/context.h:15,
                 from /home/tina.guest/tinylsm-perf-source-v2/tinylsm/build/release/_deps/protobuf-src/src/google/protobuf/compiler/java/full/map_field.h:11,
                 from /home/tina.guest/tinylsm-perf-source-v2/tinylsm/build/release/_deps/protobuf-src/src/google/protobuf/compiler/java/full/map_field.cc:8:
/home/tina.guest/tinylsm-perf-source-v2/tinylsm/build/release/_deps/protobuf-src/src/google/protobuf/port.h: In function ‘void google::protobuf::internal::AssertDownCast(From*)’:
/home/tina.guest/tinylsm-perf-source-v2/tinylsm/build/release/_deps/protobuf-src/src/google/protobuf/port.h:181:5: warning: testing if a concept-id is a valid expression; add ‘requires’ to check satisfaction [-Wmissing-requires]
  181 |     std::derived_from<std::remove_pointer_t<To>,
      |     ^
      |     requires 
[152/617] Building CXX object _deps/protobuf-build/CMakeFiles/libprotoc.dir/src/google/protobuf/compiler/java/full/message_builder.cc.o
In file included from /home/tina.guest/tinylsm-perf-source-v2/tinylsm/build/release/_deps/protobuf-src/src/google/protobuf/compiler/java/options.h:13,
                 from /home/tina.guest/tinylsm-perf-source-v2/tinylsm/build/release/_deps/protobuf-src/src/google/protobuf/compiler/java/names.h:21,
                 from /home/tina.guest/tinylsm-perf-source-v2/tinylsm/build/release/_deps/protobuf-src/src/google/protobuf/compiler/java/helpers.h:19,
                 from /home/tina.guest/tinylsm-perf-source-v2/tinylsm/build/release/_deps/protobuf-src/src/google/protobuf/compiler/java/context.h:15,
                 from /home/tina.guest/tinylsm-perf-source-v2/tinylsm/build/release/_deps/protobuf-src/src/google/protobuf/compiler/java/generator_common.h:10,
                 from /home/tina.guest/tinylsm-perf-source-v2/tinylsm/build/release/_deps/protobuf-src/src/google/protobuf/compiler/java/full/field_generator.h:6,
                 from /home/tina.guest/tinylsm-perf-source-v2/tinylsm/build/release/_deps/protobuf-src/src/google/protobuf/compiler/java/full/message_builder.h:20,
                 from /home/tina.guest/tinylsm-perf-source-v2/tinylsm/build/release/_deps/protobuf-src/src/google/protobuf/compiler/java/full/message_builder.cc:12:
/home/tina.guest/tinylsm-perf-source-v2/tinylsm/build/release/_deps/protobuf-src/src/google/protobuf/port.h: In function ‘void google::protobuf::internal::AssertDownCast(From*)’:
/home/tina.guest/tinylsm-perf-source-v2/tinylsm/build/release/_deps/protobuf-src/src/google/protobuf/port.h:181:5: warning: testing if a concept-id is a valid expression; add ‘requires’ to check satisfaction [-Wmissing-requires]
  181 |     std::derived_from<std::remove_pointer_t<To>,
      |     ^
      |     requires 
[153/617] Building CXX object _deps/protobuf-build/CMakeFiles/libprotoc.dir/src/google/protobuf/compiler/java/full/service.cc.o
In file included from /home/tina.guest/tinylsm-perf-source-v2/tinylsm/build/release/_deps/protobuf-src/src/google/protobuf/compiler/java/options.h:13,
                 from /home/tina.guest/tinylsm-perf-source-v2/tinylsm/build/release/_deps/protobuf-src/src/google/protobuf/compiler/java/names.h:21,
                 from /home/tina.guest/tinylsm-perf-source-v2/tinylsm/build/release/_deps/protobuf-src/src/google/protobuf/compiler/java/helpers.h:19,
                 from /home/tina.guest/tinylsm-perf-source-v2/tinylsm/build/release/_deps/protobuf-src/src/google/protobuf/compiler/java/context.h:15,
                 from /home/tina.guest/tinylsm-perf-source-v2/tinylsm/build/release/_deps/protobuf-src/src/google/protobuf/compiler/java/generator_factory.h:19,
                 from /home/tina.guest/tinylsm-perf-source-v2/tinylsm/build/release/_deps/protobuf-src/src/google/protobuf/compiler/java/full/service.h:15,
                 from /home/tina.guest/tinylsm-perf-source-v2/tinylsm/build/release/_deps/protobuf-src/src/google/protobuf/compiler/java/full/service.cc:12:
/home/tina.guest/tinylsm-perf-source-v2/tinylsm/build/release/_deps/protobuf-src/src/google/protobuf/port.h: In function ‘void google::protobuf::internal::AssertDownCast(From*)’:
/home/tina.guest/tinylsm-perf-source-v2/tinylsm/build/release/_deps/protobuf-src/src/google/protobuf/port.h:181:5: warning: testing if a concept-id is a valid expression; add ‘requires’ to check satisfaction [-Wmissing-requires]
  181 |     std::derived_from<std::remove_pointer_t<To>,
      |     ^
      |     requires 
[154/617] Building CXX object _deps/protobuf-build/CMakeFiles/libprotoc.dir/src/google/protobuf/compiler/java/full/primitive_field.cc.o
In file included from /home/tina.guest/tinylsm-perf-source-v2/tinylsm/build/release/_deps/protobuf-src/src/google/protobuf/compiler/java/options.h:13,
                 from /home/tina.guest/tinylsm-perf-source-v2/tinylsm/build/release/_deps/protobuf-src/src/google/protobuf/compiler/java/names.h:21,
                 from /home/tina.guest/tinylsm-perf-source-v2/tinylsm/build/release/_deps/protobuf-src/src/google/protobuf/compiler/java/helpers.h:19,
                 from /home/tina.guest/tinylsm-perf-source-v2/tinylsm/build/release/_deps/protobuf-src/src/google/protobuf/compiler/java/context.h:15,
                 from /home/tina.guest/tinylsm-perf-source-v2/tinylsm/build/release/_deps/protobuf-src/src/google/protobuf/compiler/java/generator_common.h:10,
                 from /home/tina.guest/tinylsm-perf-source-v2/tinylsm/build/release/_deps/protobuf-src/src/google/protobuf/compiler/java/full/field_generator.h:6,
                 from /home/tina.guest/tinylsm-perf-source-v2/tinylsm/build/release/_deps/protobuf-src/src/google/protobuf/compiler/java/full/primitive_field.h:17,
                 from /home/tina.guest/tinylsm-perf-source-v2/tinylsm/build/release/_deps/protobuf-src/src/google/protobuf/compiler/java/full/primitive_field.cc:12:
/home/tina.guest/tinylsm-perf-source-v2/tinylsm/build/release/_deps/protobuf-src/src/google/protobuf/port.h: In function ‘void google::protobuf::internal::AssertDownCast(From*)’:
/home/tina.guest/tinylsm-perf-source-v2/tinylsm/build/release/_deps/protobuf-src/src/google/protobuf/port.h:181:5: warning: testing if a concept-id is a valid expression; add ‘requires’ to check satisfaction [-Wmissing-requires]
  181 |     std::derived_from<std::remove_pointer_t<To>,
      |     ^
      |     requires 
[155/617] Building CXX object _deps/protobuf-build/CMakeFiles/libprotoc.dir/src/google/protobuf/compiler/java/full/message_field.cc.o
In file included from /home/tina.guest/tinylsm-perf-source-v2/tinylsm/build/release/_deps/protobuf-src/src/google/protobuf/compiler/java/options.h:13,
                 from /home/tina.guest/tinylsm-perf-source-v2/tinylsm/build/release/_deps/protobuf-src/src/google/protobuf/compiler/java/names.h:21,
                 from /home/tina.guest/tinylsm-perf-source-v2/tinylsm/build/release/_deps/protobuf-src/src/google/protobuf/compiler/java/helpers.h:19,
                 from /home/tina.guest/tinylsm-perf-source-v2/tinylsm/build/release/_deps/protobuf-src/src/google/protobuf/compiler/java/context.h:15,
                 from /home/tina.guest/tinylsm-perf-source-v2/tinylsm/build/release/_deps/protobuf-src/src/google/protobuf/compiler/java/generator_common.h:10,
                 from /home/tina.guest/tinylsm-perf-source-v2/tinylsm/build/release/_deps/protobuf-src/src/google/protobuf/compiler/java/full/field_generator.h:6,
                 from /home/tina.guest/tinylsm-perf-source-v2/tinylsm/build/release/_deps/protobuf-src/src/google/protobuf/compiler/java/full/message_field.h:17,
                 from /home/tina.guest/tinylsm-perf-source-v2/tinylsm/build/release/_deps/protobuf-src/src/google/protobuf/compiler/java/full/message_field.cc:12:
/home/tina.guest/tinylsm-perf-source-v2/tinylsm/build/release/_deps/protobuf-src/src/google/protobuf/port.h: In function ‘void google::protobuf::internal::AssertDownCast(From*)’:
/home/tina.guest/tinylsm-perf-source-v2/tinylsm/build/release/_deps/protobuf-src/src/google/protobuf/port.h:181:5: warning: testing if a concept-id is a valid expression; add ‘requires’ to check satisfaction [-Wmissing-requires]
  181 |     std::derived_from<std::remove_pointer_t<To>,
      |     ^
      |     requires 
[156/617] Building CXX object _deps/protobuf-build/CMakeFiles/libprotoc.dir/src/google/protobuf/compiler/java/full/message.cc.o
In file included from /home/tina.guest/tinylsm-perf-source-v2/tinylsm/build/release/_deps/protobuf-src/src/google/protobuf/compiler/java/options.h:13,
                 from /home/tina.guest/tinylsm-perf-source-v2/tinylsm/build/release/_deps/protobuf-src/src/google/protobuf/compiler/java/names.h:21,
                 from /home/tina.guest/tinylsm-perf-source-v2/tinylsm/build/release/_deps/protobuf-src/src/google/protobuf/compiler/java/helpers.h:19,
                 from /home/tina.guest/tinylsm-perf-source-v2/tinylsm/build/release/_deps/protobuf-src/src/google/protobuf/compiler/java/context.h:15,
                 from /home/tina.guest/tinylsm-perf-source-v2/tinylsm/build/release/_deps/protobuf-src/src/google/protobuf/compiler/java/generator_factory.h:19,
                 from /home/tina.guest/tinylsm-perf-source-v2/tinylsm/build/release/_deps/protobuf-src/src/google/protobuf/compiler/java/full/message.h:19,
                 from /home/tina.guest/tinylsm-perf-source-v2/tinylsm/build/release/_deps/protobuf-src/src/google/protobuf/compiler/java/full/message.cc:12:
/home/tina.guest/tinylsm-perf-source-v2/tinylsm/build/release/_deps/protobuf-src/src/google/protobuf/port.h: In function ‘void google::protobuf::internal::AssertDownCast(From*)’:
/home/tina.guest/tinylsm-perf-source-v2/tinylsm/build/release/_deps/protobuf-src/src/google/protobuf/port.h:181:5: warning: testing if a concept-id is a valid expression; add ‘requires’ to check satisfaction [-Wmissing-requires]
  181 |     std::derived_from<std::remove_pointer_t<To>,
      |     ^
      |     requires 
[157/617] Building CXX object _deps/protobuf-build/CMakeFiles/libprotoc.dir/src/google/protobuf/compiler/java/internal_helpers.cc.o
In file included from /home/tina.guest/tinylsm-perf-source-v2/tinylsm/build/release/_deps/protobuf-src/src/google/protobuf/arena.h:38,
                 from /home/tina.guest/tinylsm-perf-source-v2/tinylsm/build/release/_deps/protobuf-src/src/google/protobuf/compiler/java/java_features.pb.h:21,
                 from /home/tina.guest/tinylsm-perf-source-v2/tinylsm/build/release/_deps/protobuf-src/src/google/protobuf/compiler/java/internal_helpers.h:15,
                 from /home/tina.guest/tinylsm-perf-source-v2/tinylsm/build/release/_deps/protobuf-src/src/google/protobuf/compiler/java/internal_helpers.cc:12:
/home/tina.guest/tinylsm-perf-source-v2/tinylsm/build/release/_deps/protobuf-src/src/google/protobuf/port.h: In function ‘void google::protobuf::internal::AssertDownCast(From*)’:
/home/tina.guest/tinylsm-perf-source-v2/tinylsm/build/release/_deps/protobuf-src/src/google/protobuf/port.h:181:5: warning: testing if a concept-id is a valid expression; add ‘requires’ to check satisfaction [-Wmissing-requires]
  181 |     std::derived_from<std::remove_pointer_t<To>,
      |     ^
      |     requires 
[158/617] Building CXX object _deps/protobuf-build/CMakeFiles/libprotoc.dir/src/google/protobuf/compiler/java/generator.cc.o
In file included from /home/tina.guest/tinylsm-perf-source-v2/tinylsm/build/release/_deps/protobuf-src/src/google/protobuf/arena.h:38,
                 from /home/tina.guest/tinylsm-perf-source-v2/tinylsm/build/release/_deps/protobuf-src/src/google/protobuf/compiler/java/java_features.pb.h:21,
                 from /home/tina.guest/tinylsm-perf-source-v2/tinylsm/build/release/_deps/protobuf-src/src/google/protobuf/compiler/java/generator.h:21,
                 from /home/tina.guest/tinylsm-perf-source-v2/tinylsm/build/release/_deps/protobuf-src/src/google/protobuf/compiler/java/generator.cc:12:
/home/tina.guest/tinylsm-perf-source-v2/tinylsm/build/release/_deps/protobuf-src/src/google/protobuf/port.h: In function ‘void google::protobuf::internal::AssertDownCast(From*)’:
/home/tina.guest/tinylsm-perf-source-v2/tinylsm/build/release/_deps/protobuf-src/src/google/protobuf/port.h:181:5: warning: testing if a concept-id is a valid expression; add ‘requires’ to check satisfaction [-Wmissing-requires]
  181 |     std::derived_from<std::remove_pointer_t<To>,
      |     ^
      |     requires 
[159/617] Building CXX object _deps/protobuf-build/CMakeFiles/libprotoc.dir/src/google/protobuf/compiler/java/java_features.pb.cc.o
In file included from /home/tina.guest/tinylsm-perf-source-v2/tinylsm/build/release/_deps/protobuf-src/src/google/protobuf/arena.h:38,
                 from /home/tina.guest/tinylsm-perf-source-v2/tinylsm/build/release/_deps/protobuf-src/src/google/protobuf/compiler/java/java_features.pb.h:21,
                 from /home/tina.guest/tinylsm-perf-source-v2/tinylsm/build/release/_deps/protobuf-src/src/google/protobuf/compiler/java/java_features.pb.cc:6:
/home/tina.guest/tinylsm-perf-source-v2/tinylsm/build/release/_deps/protobuf-src/src/google/protobuf/port.h: In function ‘void google::protobuf::internal::AssertDownCast(From*)’:
/home/tina.guest/tinylsm-perf-source-v2/tinylsm/build/release/_deps/protobuf-src/src/google/protobuf/port.h:181:5: warning: testing if a concept-id is a valid expression; add ‘requires’ to check satisfaction [-Wmissing-requires]
  181 |     std::derived_from<std::remove_pointer_t<To>,
      |     ^
      |     requires 
[160/617] Building CXX object _deps/protobuf-build/CMakeFiles/libprotoc.dir/src/google/protobuf/compiler/java/full/string_field.cc.o
In file included from /home/tina.guest/tinylsm-perf-source-v2/tinylsm/build/release/_deps/protobuf-src/src/google/protobuf/compiler/java/options.h:13,
                 from /home/tina.guest/tinylsm-perf-source-v2/tinylsm/build/release/_deps/protobuf-src/src/google/protobuf/compiler/java/names.h:21,
                 from /home/tina.guest/tinylsm-perf-source-v2/tinylsm/build/release/_deps/protobuf-src/src/google/protobuf/compiler/java/helpers.h:19,
                 from /home/tina.guest/tinylsm-perf-source-v2/tinylsm/build/release/_deps/protobuf-src/src/google/protobuf/compiler/java/context.h:15,
                 from /home/tina.guest/tinylsm-perf-source-v2/tinylsm/build/release/_deps/protobuf-src/src/google/protobuf/compiler/java/generator_common.h:10,
                 from /home/tina.guest/tinylsm-perf-source-v2/tinylsm/build/release/_deps/protobuf-src/src/google/protobuf/compiler/java/full/field_generator.h:6,
                 from /home/tina.guest/tinylsm-perf-source-v2/tinylsm/build/release/_deps/protobuf-src/src/google/protobuf/compiler/java/full/string_field.h:18,
                 from /home/tina.guest/tinylsm-perf-source-v2/tinylsm/build/release/_deps/protobuf-src/src/google/protobuf/compiler/java/full/string_field.cc:13:
/home/tina.guest/tinylsm-perf-source-v2/tinylsm/build/release/_deps/protobuf-src/src/google/protobuf/port.h: In function ‘void google::protobuf::internal::AssertDownCast(From*)’:
/home/tina.guest/tinylsm-perf-source-v2/tinylsm/build/release/_deps/protobuf-src/src/google/protobuf/port.h:181:5: warning: testing if a concept-id is a valid expression; add ‘requires’ to check satisfaction [-Wmissing-requires]
  181 |     std::derived_from<std::remove_pointer_t<To>,
      |     ^
      |     requires 
[161/617] Building CXX object _deps/protobuf-build/CMakeFiles/libprotoc.dir/src/google/protobuf/compiler/java/helpers.cc.o
In file included from /home/tina.guest/tinylsm-perf-source-v2/tinylsm/build/release/_deps/protobuf-src/src/google/protobuf/compiler/java/options.h:13,
                 from /home/tina.guest/tinylsm-perf-source-v2/tinylsm/build/release/_deps/protobuf-src/src/google/protobuf/compiler/java/names.h:21,
                 from /home/tina.guest/tinylsm-perf-source-v2/tinylsm/build/release/_deps/protobuf-src/src/google/protobuf/compiler/java/helpers.h:19,
                 from /home/tina.guest/tinylsm-perf-source-v2/tinylsm/build/release/_deps/protobuf-src/src/google/protobuf/compiler/java/helpers.cc:12:
/home/tina.guest/tinylsm-perf-source-v2/tinylsm/build/release/_deps/protobuf-src/src/google/protobuf/port.h: In function ‘void google::protobuf::internal::AssertDownCast(From*)’:
/home/tina.guest/tinylsm-perf-source-v2/tinylsm/build/release/_deps/protobuf-src/src/google/protobuf/port.h:181:5: warning: testing if a concept-id is a valid expression; add ‘requires’ to check satisfaction [-Wmissing-requires]
  181 |     std::derived_from<std::remove_pointer_t<To>,
      |     ^
      |     requires 
[162/617] Building CXX object _deps/protobuf-build/CMakeFiles/libprotoc.dir/src/google/protobuf/compiler/java/lite/enum.cc.o
In file included from /home/tina.guest/tinylsm-perf-source-v2/tinylsm/build/release/_deps/protobuf-src/src/google/protobuf/compiler/java/options.h:13,
                 from /home/tina.guest/tinylsm-perf-source-v2/tinylsm/build/release/_deps/protobuf-src/src/google/protobuf/compiler/java/names.h:21,
                 from /home/tina.guest/tinylsm-perf-source-v2/tinylsm/build/release/_deps/protobuf-src/src/google/protobuf/compiler/java/helpers.h:19,
                 from /home/tina.guest/tinylsm-perf-source-v2/tinylsm/build/release/_deps/protobuf-src/src/google/protobuf/compiler/java/context.h:15,
                 from /home/tina.guest/tinylsm-perf-source-v2/tinylsm/build/release/_deps/protobuf-src/src/google/protobuf/compiler/java/generator_factory.h:19,
                 from /home/tina.guest/tinylsm-perf-source-v2/tinylsm/build/release/_deps/protobuf-src/src/google/protobuf/compiler/java/lite/enum.h:18,
                 from /home/tina.guest/tinylsm-perf-source-v2/tinylsm/build/release/_deps/protobuf-src/src/google/protobuf/compiler/java/lite/enum.cc:12:
/home/tina.guest/tinylsm-perf-source-v2/tinylsm/build/release/_deps/protobuf-src/src/google/protobuf/port.h: In function ‘void google::protobuf::internal::AssertDownCast(From*)’:
/home/tina.guest/tinylsm-perf-source-v2/tinylsm/build/release/_deps/protobuf-src/src/google/protobuf/port.h:181:5: warning: testing if a concept-id is a valid expression; add ‘requires’ to check satisfaction [-Wmissing-requires]
  181 |     std::derived_from<std::remove_pointer_t<To>,
      |     ^
      |     requires 
[163/617] Building CXX object _deps/protobuf-build/CMakeFiles/libprotoc.dir/src/google/protobuf/compiler/java/lite/extension.cc.o
In file included from /home/tina.guest/tinylsm-perf-source-v2/tinylsm/build/release/_deps/protobuf-src/src/google/protobuf/compiler/java/options.h:13,
                 from /home/tina.guest/tinylsm-perf-source-v2/tinylsm/build/release/_deps/protobuf-src/src/google/protobuf/compiler/java/names.h:21,
                 from /home/tina.guest/tinylsm-perf-source-v2/tinylsm/build/release/_deps/protobuf-src/src/google/protobuf/compiler/java/helpers.h:19,
                 from /home/tina.guest/tinylsm-perf-source-v2/tinylsm/build/release/_deps/protobuf-src/src/google/protobuf/compiler/java/context.h:15,
                 from /home/tina.guest/tinylsm-perf-source-v2/tinylsm/build/release/_deps/protobuf-src/src/google/protobuf/compiler/java/generator_factory.h:19,
                 from /home/tina.guest/tinylsm-perf-source-v2/tinylsm/build/release/_deps/protobuf-src/src/google/protobuf/compiler/java/lite/extension.h:13,
                 from /home/tina.guest/tinylsm-perf-source-v2/tinylsm/build/release/_deps/protobuf-src/src/google/protobuf/compiler/java/lite/extension.cc:8:
/home/tina.guest/tinylsm-perf-source-v2/tinylsm/build/release/_deps/protobuf-src/src/google/protobuf/port.h: In function ‘void google::protobuf::internal::AssertDownCast(From*)’:
/home/tina.guest/tinylsm-perf-source-v2/tinylsm/build/release/_deps/protobuf-src/src/google/protobuf/port.h:181:5: warning: testing if a concept-id is a valid expression; add ‘requires’ to check satisfaction [-Wmissing-requires]
  181 |     std::derived_from<std::remove_pointer_t<To>,
      |     ^
      |     requires 
[164/617] Building CXX object _deps/protobuf-build/CMakeFiles/libprotoc.dir/src/google/protobuf/compiler/java/lite/make_field_gens.cc.o
In file included from /home/tina.guest/tinylsm-perf-source-v2/tinylsm/build/release/_deps/protobuf-src/src/google/protobuf/compiler/java/options.h:13,
                 from /home/tina.guest/tinylsm-perf-source-v2/tinylsm/build/release/_deps/protobuf-src/src/google/protobuf/compiler/java/names.h:21,
                 from /home/tina.guest/tinylsm-perf-source-v2/tinylsm/build/release/_deps/protobuf-src/src/google/protobuf/compiler/java/helpers.h:19,
                 from /home/tina.guest/tinylsm-perf-source-v2/tinylsm/build/release/_deps/protobuf-src/src/google/protobuf/compiler/java/context.h:15,
                 from /home/tina.guest/tinylsm-perf-source-v2/tinylsm/build/release/_deps/protobuf-src/src/google/protobuf/compiler/java/lite/make_field_gens.h:14,
                 from /home/tina.guest/tinylsm-perf-source-v2/tinylsm/build/release/_deps/protobuf-src/src/google/protobuf/compiler/java/lite/make_field_gens.cc:12:
/home/tina.guest/tinylsm-perf-source-v2/tinylsm/build/release/_deps/protobuf-src/src/google/protobuf/port.h: In function ‘void google::protobuf::internal::AssertDownCast(From*)’:
/home/tina.guest/tinylsm-perf-source-v2/tinylsm/build/release/_deps/protobuf-src/src/google/protobuf/port.h:181:5: warning: testing if a concept-id is a valid expression; add ‘requires’ to check satisfaction [-Wmissing-requires]
  181 |     std::derived_from<std::remove_pointer_t<To>,
      |     ^
      |     requires 
[165/617] Building CXX object _deps/protobuf-build/CMakeFiles/libprotoc.dir/src/google/protobuf/compiler/java/lite/generator_factory.cc.o
In file included from /home/tina.guest/tinylsm-perf-source-v2/tinylsm/build/release/_deps/protobuf-src/src/google/protobuf/compiler/java/options.h:13,
                 from /home/tina.guest/tinylsm-perf-source-v2/tinylsm/build/release/_deps/protobuf-src/src/google/protobuf/compiler/java/names.h:21,
                 from /home/tina.guest/tinylsm-perf-source-v2/tinylsm/build/release/_deps/protobuf-src/src/google/protobuf/compiler/java/helpers.h:19,
                 from /home/tina.guest/tinylsm-perf-source-v2/tinylsm/build/release/_deps/protobuf-src/src/google/protobuf/compiler/java/context.h:15,
                 from /home/tina.guest/tinylsm-perf-source-v2/tinylsm/build/release/_deps/protobuf-src/src/google/protobuf/compiler/java/generator_factory.h:19,
                 from /home/tina.guest/tinylsm-perf-source-v2/tinylsm/build/release/_deps/protobuf-src/src/google/protobuf/compiler/java/lite/generator_factory.cc:10:
/home/tina.guest/tinylsm-perf-source-v2/tinylsm/build/release/_deps/protobuf-src/src/google/protobuf/port.h: In function ‘void google::protobuf::internal::AssertDownCast(From*)’:
/home/tina.guest/tinylsm-perf-source-v2/tinylsm/build/release/_deps/protobuf-src/src/google/protobuf/port.h:181:5: warning: testing if a concept-id is a valid expression; add ‘requires’ to check satisfaction [-Wmissing-requires]
  181 |     std::derived_from<std::remove_pointer_t<To>,
      |     ^
      |     requires 
[166/617] Building CXX object _deps/protobuf-build/CMakeFiles/libprotoc.dir/src/google/protobuf/compiler/java/lite/enum_field.cc.o
In file included from /home/tina.guest/tinylsm-perf-source-v2/tinylsm/build/release/_deps/protobuf-src/src/google/protobuf/compiler/java/options.h:13,
                 from /home/tina.guest/tinylsm-perf-source-v2/tinylsm/build/release/_deps/protobuf-src/src/google/protobuf/compiler/java/names.h:21,
                 from /home/tina.guest/tinylsm-perf-source-v2/tinylsm/build/release/_deps/protobuf-src/src/google/protobuf/compiler/java/helpers.h:19,
                 from /home/tina.guest/tinylsm-perf-source-v2/tinylsm/build/release/_deps/protobuf-src/src/google/protobuf/compiler/java/context.h:15,
                 from /home/tina.guest/tinylsm-perf-source-v2/tinylsm/build/release/_deps/protobuf-src/src/google/protobuf/compiler/java/generator_common.h:10,
                 from /home/tina.guest/tinylsm-perf-source-v2/tinylsm/build/release/_deps/protobuf-src/src/google/protobuf/compiler/java/lite/field_generator.h:7,
                 from /home/tina.guest/tinylsm-perf-source-v2/tinylsm/build/release/_deps/protobuf-src/src/google/protobuf/compiler/java/lite/enum_field.h:19,
                 from /home/tina.guest/tinylsm-perf-source-v2/tinylsm/build/release/_deps/protobuf-src/src/google/protobuf/compiler/java/lite/enum_field.cc:12:
/home/tina.guest/tinylsm-perf-source-v2/tinylsm/build/release/_deps/protobuf-src/src/google/protobuf/port.h: In function ‘void google::protobuf::internal::AssertDownCast(From*)’:
/home/tina.guest/tinylsm-perf-source-v2/tinylsm/build/release/_deps/protobuf-src/src/google/protobuf/port.h:181:5: warning: testing if a concept-id is a valid expression; add ‘requires’ to check satisfaction [-Wmissing-requires]
  181 |     std::derived_from<std::remove_pointer_t<To>,
      |     ^
      |     requires 
[167/617] Building CXX object _deps/protobuf-build/CMakeFiles/libprotoc.dir/src/google/protobuf/compiler/java/lite/map_field.cc.o
In file included from /home/tina.guest/tinylsm-perf-source-v2/tinylsm/build/release/_deps/protobuf-src/src/google/protobuf/compiler/java/options.h:13,
                 from /home/tina.guest/tinylsm-perf-source-v2/tinylsm/build/release/_deps/protobuf-src/src/google/protobuf/compiler/java/names.h:21,
                 from /home/tina.guest/tinylsm-perf-source-v2/tinylsm/build/release/_deps/protobuf-src/src/google/protobuf/compiler/java/helpers.h:19,
                 from /home/tina.guest/tinylsm-perf-source-v2/tinylsm/build/release/_deps/protobuf-src/src/google/protobuf/compiler/java/context.h:15,
                 from /home/tina.guest/tinylsm-perf-source-v2/tinylsm/build/release/_deps/protobuf-src/src/google/protobuf/compiler/java/lite/map_field.h:17,
                 from /home/tina.guest/tinylsm-perf-source-v2/tinylsm/build/release/_deps/protobuf-src/src/google/protobuf/compiler/java/lite/map_field.cc:8:
/home/tina.guest/tinylsm-perf-source-v2/tinylsm/build/release/_deps/protobuf-src/src/google/protobuf/port.h: In function ‘void google::protobuf::internal::AssertDownCast(From*)’:
/home/tina.guest/tinylsm-perf-source-v2/tinylsm/build/release/_deps/protobuf-src/src/google/protobuf/port.h:181:5: warning: testing if a concept-id is a valid expression; add ‘requires’ to check satisfaction [-Wmissing-requires]
  181 |     std::derived_from<std::remove_pointer_t<To>,
      |     ^
      |     requires 
[168/617] Building CXX object _deps/protobuf-build/CMakeFiles/libprotoc.dir/src/google/protobuf/compiler/java/lite/message.cc.o
In file included from /home/tina.guest/tinylsm-perf-source-v2/tinylsm/build/release/_deps/protobuf-src/src/google/protobuf/compiler/java/options.h:13,
                 from /home/tina.guest/tinylsm-perf-source-v2/tinylsm/build/release/_deps/protobuf-src/src/google/protobuf/compiler/java/names.h:21,
                 from /home/tina.guest/tinylsm-perf-source-v2/tinylsm/build/release/_deps/protobuf-src/src/google/protobuf/compiler/java/helpers.h:19,
                 from /home/tina.guest/tinylsm-perf-source-v2/tinylsm/build/release/_deps/protobuf-src/src/google/protobuf/compiler/java/context.h:15,
                 from /home/tina.guest/tinylsm-perf-source-v2/tinylsm/build/release/_deps/protobuf-src/src/google/protobuf/compiler/java/lite/message.h:18,
                 from /home/tina.guest/tinylsm-perf-source-v2/tinylsm/build/release/_deps/protobuf-src/src/google/protobuf/compiler/java/lite/message.cc:12:
/home/tina.guest/tinylsm-perf-source-v2/tinylsm/build/release/_deps/protobuf-src/src/google/protobuf/port.h: In function ‘void google::protobuf::internal::AssertDownCast(From*)’:
/home/tina.guest/tinylsm-perf-source-v2/tinylsm/build/release/_deps/protobuf-src/src/google/protobuf/port.h:181:5: warning: testing if a concept-id is a valid expression; add ‘requires’ to check satisfaction [-Wmissing-requires]
  181 |     std::derived_from<std::remove_pointer_t<To>,
      |     ^
      |     requires 
[169/617] Building CXX object _deps/protobuf-build/CMakeFiles/libprotoc.dir/src/google/protobuf/compiler/java/lite/message_builder.cc.o
In file included from /home/tina.guest/tinylsm-perf-source-v2/tinylsm/build/release/_deps/protobuf-src/src/google/protobuf/compiler/java/options.h:13,
                 from /home/tina.guest/tinylsm-perf-source-v2/tinylsm/build/release/_deps/protobuf-src/src/google/protobuf/compiler/java/names.h:21,
                 from /home/tina.guest/tinylsm-perf-source-v2/tinylsm/build/release/_deps/protobuf-src/src/google/protobuf/compiler/java/helpers.h:19,
                 from /home/tina.guest/tinylsm-perf-source-v2/tinylsm/build/release/_deps/protobuf-src/src/google/protobuf/compiler/java/context.h:15,
                 from /home/tina.guest/tinylsm-perf-source-v2/tinylsm/build/release/_deps/protobuf-src/src/google/protobuf/compiler/java/generator_common.h:10,
                 from /home/tina.guest/tinylsm-perf-source-v2/tinylsm/build/release/_deps/protobuf-src/src/google/protobuf/compiler/java/lite/message_builder.h:18,
                 from /home/tina.guest/tinylsm-perf-source-v2/tinylsm/build/release/_deps/protobuf-src/src/google/protobuf/compiler/java/lite/message_builder.cc:12:
/home/tina.guest/tinylsm-perf-source-v2/tinylsm/build/release/_deps/protobuf-src/src/google/protobuf/port.h: In function ‘void google::protobuf::internal::AssertDownCast(From*)’:
/home/tina.guest/tinylsm-perf-source-v2/tinylsm/build/release/_deps/protobuf-src/src/google/protobuf/port.h:181:5: warning: testing if a concept-id is a valid expression; add ‘requires’ to check satisfaction [-Wmissing-requires]
  181 |     std::derived_from<std::remove_pointer_t<To>,
      |     ^
      |     requires 
[170/617] Building CXX object _deps/protobuf-build/CMakeFiles/libprotoc.dir/src/google/protobuf/compiler/java/lite/primitive_field.cc.o
In file included from /home/tina.guest/tinylsm-perf-source-v2/tinylsm/build/release/_deps/protobuf-src/src/google/protobuf/compiler/java/options.h:13,
                 from /home/tina.guest/tinylsm-perf-source-v2/tinylsm/build/release/_deps/protobuf-src/src/google/protobuf/compiler/java/names.h:21,
                 from /home/tina.guest/tinylsm-perf-source-v2/tinylsm/build/release/_deps/protobuf-src/src/google/protobuf/compiler/java/helpers.h:19,
                 from /home/tina.guest/tinylsm-perf-source-v2/tinylsm/build/release/_deps/protobuf-src/src/google/protobuf/compiler/java/context.h:15,
                 from /home/tina.guest/tinylsm-perf-source-v2/tinylsm/build/release/_deps/protobuf-src/src/google/protobuf/compiler/java/generator_common.h:10,
                 from /home/tina.guest/tinylsm-perf-source-v2/tinylsm/build/release/_deps/protobuf-src/src/google/protobuf/compiler/java/lite/field_generator.h:7,
                 from /home/tina.guest/tinylsm-perf-source-v2/tinylsm/build/release/_deps/protobuf-src/src/google/protobuf/compiler/java/lite/primitive_field.h:21,
                 from /home/tina.guest/tinylsm-perf-source-v2/tinylsm/build/release/_deps/protobuf-src/src/google/protobuf/compiler/java/lite/primitive_field.cc:12:
/home/tina.guest/tinylsm-perf-source-v2/tinylsm/build/release/_deps/protobuf-src/src/google/protobuf/port.h: In function ‘void google::protobuf::internal::AssertDownCast(From*)’:
/home/tina.guest/tinylsm-perf-source-v2/tinylsm/build/release/_deps/protobuf-src/src/google/protobuf/port.h:181:5: warning: testing if a concept-id is a valid expression; add ‘requires’ to check satisfaction [-Wmissing-requires]
  181 |     std::derived_from<std::remove_pointer_t<To>,
      |     ^
      |     requires 
[171/617] Building CXX object _deps/protobuf-build/CMakeFiles/libprotoc.dir/src/google/protobuf/compiler/java/lite/message_field.cc.o
In file included from /home/tina.guest/tinylsm-perf-source-v2/tinylsm/build/release/_deps/protobuf-src/src/google/protobuf/compiler/java/options.h:13,
                 from /home/tina.guest/tinylsm-perf-source-v2/tinylsm/build/release/_deps/protobuf-src/src/google/protobuf/compiler/java/names.h:21,
                 from /home/tina.guest/tinylsm-perf-source-v2/tinylsm/build/release/_deps/protobuf-src/src/google/protobuf/compiler/java/helpers.h:19,
                 from /home/tina.guest/tinylsm-perf-source-v2/tinylsm/build/release/_deps/protobuf-src/src/google/protobuf/compiler/java/context.h:15,
                 from /home/tina.guest/tinylsm-perf-source-v2/tinylsm/build/release/_deps/protobuf-src/src/google/protobuf/compiler/java/generator_common.h:10,
                 from /home/tina.guest/tinylsm-perf-source-v2/tinylsm/build/release/_deps/protobuf-src/src/google/protobuf/compiler/java/lite/field_generator.h:7,
                 from /home/tina.guest/tinylsm-perf-source-v2/tinylsm/build/release/_deps/protobuf-src/src/google/protobuf/compiler/java/lite/message_field.h:21,
                 from /home/tina.guest/tinylsm-perf-source-v2/tinylsm/build/release/_deps/protobuf-src/src/google/protobuf/compiler/java/lite/message_field.cc:12:
/home/tina.guest/tinylsm-perf-source-v2/tinylsm/build/release/_deps/protobuf-src/src/google/protobuf/port.h: In function ‘void google::protobuf::internal::AssertDownCast(From*)’:
/home/tina.guest/tinylsm-perf-source-v2/tinylsm/build/release/_deps/protobuf-src/src/google/protobuf/port.h:181:5: warning: testing if a concept-id is a valid expression; add ‘requires’ to check satisfaction [-Wmissing-requires]
  181 |     std::derived_from<std::remove_pointer_t<To>,
      |     ^
      |     requires 
[172/617] Building CXX object _deps/protobuf-build/CMakeFiles/libprotoc.dir/src/google/protobuf/compiler/java/lite/string_field.cc.o
In file included from /home/tina.guest/tinylsm-perf-source-v2/tinylsm/build/release/_deps/protobuf-src/src/google/protobuf/compiler/java/options.h:13,
                 from /home/tina.guest/tinylsm-perf-source-v2/tinylsm/build/release/_deps/protobuf-src/src/google/protobuf/compiler/java/names.h:21,
                 from /home/tina.guest/tinylsm-perf-source-v2/tinylsm/build/release/_deps/protobuf-src/src/google/protobuf/compiler/java/helpers.h:19,
                 from /home/tina.guest/tinylsm-perf-source-v2/tinylsm/build/release/_deps/protobuf-src/src/google/protobuf/compiler/java/context.h:15,
                 from /home/tina.guest/tinylsm-perf-source-v2/tinylsm/build/release/_deps/protobuf-src/src/google/protobuf/compiler/java/generator_common.h:10,
                 from /home/tina.guest/tinylsm-perf-source-v2/tinylsm/build/release/_deps/protobuf-src/src/google/protobuf/compiler/java/lite/field_generator.h:7,
                 from /home/tina.guest/tinylsm-perf-source-v2/tinylsm/build/release/_deps/protobuf-src/src/google/protobuf/compiler/java/lite/string_field.h:22,
                 from /home/tina.guest/tinylsm-perf-source-v2/tinylsm/build/release/_deps/protobuf-src/src/google/protobuf/compiler/java/lite/string_field.cc:13:
/home/tina.guest/tinylsm-perf-source-v2/tinylsm/build/release/_deps/protobuf-src/src/google/protobuf/port.h: In function ‘void google::protobuf::internal::AssertDownCast(From*)’:
/home/tina.guest/tinylsm-perf-source-v2/tinylsm/build/release/_deps/protobuf-src/src/google/protobuf/port.h:181:5: warning: testing if a concept-id is a valid expression; add ‘requires’ to check satisfaction [-Wmissing-requires]
  181 |     std::derived_from<std::remove_pointer_t<To>,
      |     ^
      |     requires 
[173/617] Building CXX object _deps/protobuf-build/CMakeFiles/libprotoc.dir/src/google/protobuf/compiler/java/message_serialization.cc.o
In file included from /home/tina.guest/tinylsm-perf-source-v2/tinylsm/build/release/_deps/protobuf-src/src/google/protobuf/compiler/java/options.h:13,
                 from /home/tina.guest/tinylsm-perf-source-v2/tinylsm/build/release/_deps/protobuf-src/src/google/protobuf/compiler/java/names.h:21,
                 from /home/tina.guest/tinylsm-perf-source-v2/tinylsm/build/release/_deps/protobuf-src/src/google/protobuf/compiler/java/helpers.h:19,
                 from /home/tina.guest/tinylsm-perf-source-v2/tinylsm/build/release/_deps/protobuf-src/src/google/protobuf/compiler/java/context.h:15,
                 from /home/tina.guest/tinylsm-perf-source-v2/tinylsm/build/release/_deps/protobuf-src/src/google/protobuf/compiler/java/generator_common.h:10,
                 from /home/tina.guest/tinylsm-perf-source-v2/tinylsm/build/release/_deps/protobuf-src/src/google/protobuf/compiler/java/message_serialization.h:16,
                 from /home/tina.guest/tinylsm-perf-source-v2/tinylsm/build/release/_deps/protobuf-src/src/google/protobuf/compiler/java/message_serialization.cc:8:
/home/tina.guest/tinylsm-perf-source-v2/tinylsm/build/release/_deps/protobuf-src/src/google/protobuf/port.h: In function ‘void google::protobuf::internal::AssertDownCast(From*)’:
/home/tina.guest/tinylsm-perf-source-v2/tinylsm/build/release/_deps/protobuf-src/src/google/protobuf/port.h:181:5: warning: testing if a concept-id is a valid expression; add ‘requires’ to check satisfaction [-Wmissing-requires]
  181 |     std::derived_from<std::remove_pointer_t<To>,
      |     ^
      |     requires 
[174/617] Building CXX object _deps/protobuf-build/CMakeFiles/libprotoc.dir/src/google/protobuf/compiler/java/name_resolver.cc.o
In file included from /home/tina.guest/tinylsm-perf-source-v2/tinylsm/build/release/_deps/protobuf-src/src/google/protobuf/compiler/java/options.h:13,
                 from /home/tina.guest/tinylsm-perf-source-v2/tinylsm/build/release/_deps/protobuf-src/src/google/protobuf/compiler/java/name_resolver.h:14,
                 from /home/tina.guest/tinylsm-perf-source-v2/tinylsm/build/release/_deps/protobuf-src/src/google/protobuf/compiler/java/name_resolver.cc:8:
/home/tina.guest/tinylsm-perf-source-v2/tinylsm/build/release/_deps/protobuf-src/src/google/protobuf/port.h: In function ‘void google::protobuf::internal::AssertDownCast(From*)’:
/home/tina.guest/tinylsm-perf-source-v2/tinylsm/build/release/_deps/protobuf-src/src/google/protobuf/port.h:181:5: warning: testing if a concept-id is a valid expression; add ‘requires’ to check satisfaction [-Wmissing-requires]
  181 |     std::derived_from<std::remove_pointer_t<To>,
      |     ^
      |     requires 
[175/617] Building CXX object _deps/protobuf-build/CMakeFiles/libprotoc.dir/src/google/protobuf/compiler/java/names.cc.o
In file included from /home/tina.guest/tinylsm-perf-source-v2/tinylsm/build/release/_deps/protobuf-src/src/google/protobuf/compiler/java/options.h:13,
                 from /home/tina.guest/tinylsm-perf-source-v2/tinylsm/build/release/_deps/protobuf-src/src/google/protobuf/compiler/java/names.h:21,
                 from /home/tina.guest/tinylsm-perf-source-v2/tinylsm/build/release/_deps/protobuf-src/src/google/protobuf/compiler/java/names.cc:12:
/home/tina.guest/tinylsm-perf-source-v2/tinylsm/build/release/_deps/protobuf-src/src/google/protobuf/port.h: In function ‘void google::protobuf::internal::AssertDownCast(From*)’:
/home/tina.guest/tinylsm-perf-source-v2/tinylsm/build/release/_deps/protobuf-src/src/google/protobuf/port.h:181:5: warning: testing if a concept-id is a valid expression; add ‘requires’ to check satisfaction [-Wmissing-requires]
  181 |     std::derived_from<std::remove_pointer_t<To>,
      |     ^
      |     requires 
[176/617] Building CXX object _deps/protobuf-build/CMakeFiles/libprotoc.dir/src/google/protobuf/compiler/kotlin/file.cc.o
In file included from /home/tina.guest/tinylsm-perf-source-v2/tinylsm/build/release/_deps/protobuf-src/src/google/protobuf/compiler/java/options.h:13,
                 from /home/tina.guest/tinylsm-perf-source-v2/tinylsm/build/release/_deps/protobuf-src/src/google/protobuf/compiler/kotlin/file.h:17,
                 from /home/tina.guest/tinylsm-perf-source-v2/tinylsm/build/release/_deps/protobuf-src/src/google/protobuf/compiler/kotlin/file.cc:8:
/home/tina.guest/tinylsm-perf-source-v2/tinylsm/build/release/_deps/protobuf-src/src/google/protobuf/port.h: In function ‘void google::protobuf::internal::AssertDownCast(From*)’:
/home/tina.guest/tinylsm-perf-source-v2/tinylsm/build/release/_deps/protobuf-src/src/google/protobuf/port.h:181:5: warning: testing if a concept-id is a valid expression; add ‘requires’ to check satisfaction [-Wmissing-requires]
  181 |     std::derived_from<std::remove_pointer_t<To>,
      |     ^
      |     requires 
[177/617] Building CXX object _deps/protobuf-build/CMakeFiles/libprotoc.dir/src/google/protobuf/compiler/java/shared_code_generator.cc.o
In file included from /home/tina.guest/tinylsm-perf-source-v2/tinylsm/build/release/_deps/protobuf-src/src/google/protobuf/compiler/java/options.h:13,
                 from /home/tina.guest/tinylsm-perf-source-v2/tinylsm/build/release/_deps/protobuf-src/src/google/protobuf/compiler/java/shared_code_generator.h:19,
                 from /home/tina.guest/tinylsm-perf-source-v2/tinylsm/build/release/_deps/protobuf-src/src/google/protobuf/compiler/java/shared_code_generator.cc:10:
/home/tina.guest/tinylsm-perf-source-v2/tinylsm/build/release/_deps/protobuf-src/src/google/protobuf/port.h: In function ‘void google::protobuf::internal::AssertDownCast(From*)’:
/home/tina.guest/tinylsm-perf-source-v2/tinylsm/build/release/_deps/protobuf-src/src/google/protobuf/port.h:181:5: warning: testing if a concept-id is a valid expression; add ‘requires’ to check satisfaction [-Wmissing-requires]
  181 |     std::derived_from<std::remove_pointer_t<To>,
      |     ^
      |     requires 
[178/617] Building CXX object _deps/protobuf-build/CMakeFiles/libprotoc.dir/src/google/protobuf/compiler/kotlin/message.cc.o
In file included from /home/tina.guest/tinylsm-perf-source-v2/tinylsm/build/release/_deps/protobuf-src/src/google/protobuf/compiler/java/options.h:13,
                 from /home/tina.guest/tinylsm-perf-source-v2/tinylsm/build/release/_deps/protobuf-src/src/google/protobuf/compiler/java/names.h:21,
                 from /home/tina.guest/tinylsm-perf-source-v2/tinylsm/build/release/_deps/protobuf-src/src/google/protobuf/compiler/java/helpers.h:19,
                 from /home/tina.guest/tinylsm-perf-source-v2/tinylsm/build/release/_deps/protobuf-src/src/google/protobuf/compiler/java/context.h:15,
                 from /home/tina.guest/tinylsm-perf-source-v2/tinylsm/build/release/_deps/protobuf-src/src/google/protobuf/compiler/kotlin/message.h:12,
                 from /home/tina.guest/tinylsm-perf-source-v2/tinylsm/build/release/_deps/protobuf-src/src/google/protobuf/compiler/kotlin/message.cc:8:
/home/tina.guest/tinylsm-perf-source-v2/tinylsm/build/release/_deps/protobuf-src/src/google/protobuf/port.h: In function ‘void google::protobuf::internal::AssertDownCast(From*)’:
/home/tina.guest/tinylsm-perf-source-v2/tinylsm/build/release/_deps/protobuf-src/src/google/protobuf/port.h:181:5: warning: testing if a concept-id is a valid expression; add ‘requires’ to check satisfaction [-Wmissing-requires]
  181 |     std::derived_from<std::remove_pointer_t<To>,
      |     ^
      |     requires 
[179/617] Building CXX object _deps/protobuf-build/CMakeFiles/libprotoc.dir/src/google/protobuf/compiler/kotlin/generator.cc.o
In file included from /home/tina.guest/tinylsm-perf-source-v2/tinylsm/build/release/_deps/protobuf-src/src/google/protobuf/arena.h:38,
                 from /home/tina.guest/tinylsm-perf-source-v2/tinylsm/build/release/_deps/protobuf-src/src/google/protobuf/compiler/java/java_features.pb.h:21,
                 from /home/tina.guest/tinylsm-perf-source-v2/tinylsm/build/release/_deps/protobuf-src/src/google/protobuf/compiler/kotlin/generator.h:17,
                 from /home/tina.guest/tinylsm-perf-source-v2/tinylsm/build/release/_deps/protobuf-src/src/google/protobuf/compiler/kotlin/generator.cc:8:
/home/tina.guest/tinylsm-perf-source-v2/tinylsm/build/release/_deps/protobuf-src/src/google/protobuf/port.h: In function ‘void google::protobuf::internal::AssertDownCast(From*)’:
/home/tina.guest/tinylsm-perf-source-v2/tinylsm/build/release/_deps/protobuf-src/src/google/protobuf/port.h:181:5: warning: testing if a concept-id is a valid expression; add ‘requires’ to check satisfaction [-Wmissing-requires]
  181 |     std::derived_from<std::remove_pointer_t<To>,
      |     ^
      |     requires 
[180/617] Building CXX object _deps/protobuf-build/CMakeFiles/libprotoc.dir/src/google/protobuf/compiler/objectivec/enum_field.cc.o
In file included from /home/tina.guest/tinylsm-perf-source-v2/tinylsm/build/release/_deps/protobuf-src/src/google/protobuf/extension_set.h:36,
                 from /home/tina.guest/tinylsm-perf-source-v2/tinylsm/build/release/_deps/protobuf-src/src/google/protobuf/descriptor.h:56,
                 from /home/tina.guest/tinylsm-perf-source-v2/tinylsm/build/release/_deps/protobuf-src/src/google/protobuf/compiler/objectivec/field.h:21,
                 from /home/tina.guest/tinylsm-perf-source-v2/tinylsm/build/release/_deps/protobuf-src/src/google/protobuf/compiler/objectivec/enum_field.h:15,
                 from /home/tina.guest/tinylsm-perf-source-v2/tinylsm/build/release/_deps/protobuf-src/src/google/protobuf/compiler/objectivec/enum_field.cc:8:
/home/tina.guest/tinylsm-perf-source-v2/tinylsm/build/release/_deps/protobuf-src/src/google/protobuf/port.h: In function ‘void google::protobuf::internal::AssertDownCast(From*)’:
/home/tina.guest/tinylsm-perf-source-v2/tinylsm/build/release/_deps/protobuf-src/src/google/protobuf/port.h:181:5: warning: testing if a concept-id is a valid expression; add ‘requires’ to check satisfaction [-Wmissing-requires]
  181 |     std::derived_from<std::remove_pointer_t<To>,
      |     ^
      |     requires 
[181/617] Building CXX object _deps/protobuf-build/CMakeFiles/libprotoc.dir/src/google/protobuf/compiler/objectivec/enum.cc.o
In file included from /home/tina.guest/tinylsm-perf-source-v2/tinylsm/build/release/_deps/protobuf-src/src/google/protobuf/extension_set.h:36,
                 from /home/tina.guest/tinylsm-perf-source-v2/tinylsm/build/release/_deps/protobuf-src/src/google/protobuf/descriptor.h:56,
                 from /home/tina.guest/tinylsm-perf-source-v2/tinylsm/build/release/_deps/protobuf-src/src/google/protobuf/compiler/objectivec/enum.h:16,
                 from /home/tina.guest/tinylsm-perf-source-v2/tinylsm/build/release/_deps/protobuf-src/src/google/protobuf/compiler/objectivec/enum.cc:8:
/home/tina.guest/tinylsm-perf-source-v2/tinylsm/build/release/_deps/protobuf-src/src/google/protobuf/port.h: In function ‘void google::protobuf::internal::AssertDownCast(From*)’:
/home/tina.guest/tinylsm-perf-source-v2/tinylsm/build/release/_deps/protobuf-src/src/google/protobuf/port.h:181:5: warning: testing if a concept-id is a valid expression; add ‘requires’ to check satisfaction [-Wmissing-requires]
  181 |     std::derived_from<std::remove_pointer_t<To>,
      |     ^
      |     requires 
[182/617] Building CXX object _deps/protobuf-build/CMakeFiles/libprotoc.dir/src/google/protobuf/compiler/objectivec/extension.cc.o
In file included from /home/tina.guest/tinylsm-perf-source-v2/tinylsm/build/release/_deps/protobuf-src/src/google/protobuf/extension_set.h:36,
                 from /home/tina.guest/tinylsm-perf-source-v2/tinylsm/build/release/_deps/protobuf-src/src/google/protobuf/descriptor.h:56,
                 from /home/tina.guest/tinylsm-perf-source-v2/tinylsm/build/release/_deps/protobuf-src/src/google/protobuf/compiler/objectivec/extension.h:17,
                 from /home/tina.guest/tinylsm-perf-source-v2/tinylsm/build/release/_deps/protobuf-src/src/google/protobuf/compiler/objectivec/extension.cc:8:
/home/tina.guest/tinylsm-perf-source-v2/tinylsm/build/release/_deps/protobuf-src/src/google/protobuf/port.h: In function ‘void google::protobuf::internal::AssertDownCast(From*)’:
/home/tina.guest/tinylsm-perf-source-v2/tinylsm/build/release/_deps/protobuf-src/src/google/protobuf/port.h:181:5: warning: testing if a concept-id is a valid expression; add ‘requires’ to check satisfaction [-Wmissing-requires]
  181 |     std::derived_from<std::remove_pointer_t<To>,
      |     ^
      |     requires 
[183/617] Building CXX object _deps/protobuf-build/CMakeFiles/libprotoc.dir/src/google/protobuf/compiler/objectivec/field.cc.o
In file included from /home/tina.guest/tinylsm-perf-source-v2/tinylsm/build/release/_deps/protobuf-src/src/google/protobuf/extension_set.h:36,
                 from /home/tina.guest/tinylsm-perf-source-v2/tinylsm/build/release/_deps/protobuf-src/src/google/protobuf/descriptor.h:56,
                 from /home/tina.guest/tinylsm-perf-source-v2/tinylsm/build/release/_deps/protobuf-src/src/google/protobuf/compiler/objectivec/field.h:21,
                 from /home/tina.guest/tinylsm-perf-source-v2/tinylsm/build/release/_deps/protobuf-src/src/google/protobuf/compiler/objectivec/field.cc:8:
/home/tina.guest/tinylsm-perf-source-v2/tinylsm/build/release/_deps/protobuf-src/src/google/protobuf/port.h: In function ‘void google::protobuf::internal::AssertDownCast(From*)’:
/home/tina.guest/tinylsm-perf-source-v2/tinylsm/build/release/_deps/protobuf-src/src/google/protobuf/port.h:181:5: warning: testing if a concept-id is a valid expression; add ‘requires’ to check satisfaction [-Wmissing-requires]
  181 |     std::derived_from<std::remove_pointer_t<To>,
      |     ^
      |     requires 
[184/617] Building CXX object _deps/protobuf-build/CMakeFiles/libprotoc.dir/src/google/protobuf/compiler/objectivec/generator.cc.o
In file included from /home/tina.guest/tinylsm-perf-source-v2/tinylsm/build/release/_deps/protobuf-src/src/google/protobuf/extension_set.h:36,
                 from /home/tina.guest/tinylsm-perf-source-v2/tinylsm/build/release/_deps/protobuf-src/src/google/protobuf/descriptor.h:56,
                 from /home/tina.guest/tinylsm-perf-source-v2/tinylsm/build/release/_deps/protobuf-src/src/google/protobuf/compiler/code_generator.h:26,
                 from /home/tina.guest/tinylsm-perf-source-v2/tinylsm/build/release/_deps/protobuf-src/src/google/protobuf/compiler/objectivec/generator.h:17,
                 from /home/tina.guest/tinylsm-perf-source-v2/tinylsm/build/release/_deps/protobuf-src/src/google/protobuf/compiler/objectivec/generator.cc:8:
/home/tina.guest/tinylsm-perf-source-v2/tinylsm/build/release/_deps/protobuf-src/src/google/protobuf/port.h: In function ‘void google::protobuf::internal::AssertDownCast(From*)’:
/home/tina.guest/tinylsm-perf-source-v2/tinylsm/build/release/_deps/protobuf-src/src/google/protobuf/port.h:181:5: warning: testing if a concept-id is a valid expression; add ‘requires’ to check satisfaction [-Wmissing-requires]
  181 |     std::derived_from<std::remove_pointer_t<To>,
      |     ^
      |     requires 
[185/617] Building CXX object _deps/protobuf-build/CMakeFiles/libprotoc.dir/src/google/protobuf/compiler/objectivec/helpers.cc.o
In file included from /home/tina.guest/tinylsm-perf-source-v2/tinylsm/build/release/_deps/protobuf-src/src/google/protobuf/extension_set.h:36,
                 from /home/tina.guest/tinylsm-perf-source-v2/tinylsm/build/release/_deps/protobuf-src/src/google/protobuf/descriptor.h:56,
                 from /home/tina.guest/tinylsm-perf-source-v2/tinylsm/build/release/_deps/protobuf-src/src/google/protobuf/compiler/objectivec/helpers.h:19,
                 from /home/tina.guest/tinylsm-perf-source-v2/tinylsm/build/release/_deps/protobuf-src/src/google/protobuf/compiler/objectivec/helpers.cc:8:
/home/tina.guest/tinylsm-perf-source-v2/tinylsm/build/release/_deps/protobuf-src/src/google/protobuf/port.h: In function ‘void google::protobuf::internal::AssertDownCast(From*)’:
/home/tina.guest/tinylsm-perf-source-v2/tinylsm/build/release/_deps/protobuf-src/src/google/protobuf/port.h:181:5: warning: testing if a concept-id is a valid expression; add ‘requires’ to check satisfaction [-Wmissing-requires]
  181 |     std::derived_from<std::remove_pointer_t<To>,
      |     ^
      |     requires 
[186/617] Building CXX object _deps/protobuf-build/CMakeFiles/libprotoc.dir/src/google/protobuf/compiler/objectivec/line_consumer.cc.o
In file included from /home/tina.guest/tinylsm-perf-source-v2/tinylsm/build/release/_deps/protobuf-src/src/google/protobuf/io/zero_copy_stream.h:89,
                 from /home/tina.guest/tinylsm-perf-source-v2/tinylsm/build/release/_deps/protobuf-src/src/google/protobuf/compiler/objectivec/line_consumer.h:14,
                 from /home/tina.guest/tinylsm-perf-source-v2/tinylsm/build/release/_deps/protobuf-src/src/google/protobuf/compiler/objectivec/line_consumer.cc:20:
/home/tina.guest/tinylsm-perf-source-v2/tinylsm/build/release/_deps/protobuf-src/src/google/protobuf/port.h: In function ‘void google::protobuf::internal::AssertDownCast(From*)’:
/home/tina.guest/tinylsm-perf-source-v2/tinylsm/build/release/_deps/protobuf-src/src/google/protobuf/port.h:181:5: warning: testing if a concept-id is a valid expression; add ‘requires’ to check satisfaction [-Wmissing-requires]
  181 |     std::derived_from<std::remove_pointer_t<To>,
      |     ^
      |     requires 
[187/617] Building CXX object _deps/protobuf-build/CMakeFiles/libprotoc.dir/src/google/protobuf/compiler/objectivec/import_writer.cc.o
In file included from /home/tina.guest/tinylsm-perf-source-v2/tinylsm/build/release/_deps/protobuf-src/src/google/protobuf/extension_set.h:36,
                 from /home/tina.guest/tinylsm-perf-source-v2/tinylsm/build/release/_deps/protobuf-src/src/google/protobuf/descriptor.h:56,
                 from /home/tina.guest/tinylsm-perf-source-v2/tinylsm/build/release/_deps/protobuf-src/src/google/protobuf/compiler/objectivec/import_writer.h:15,
                 from /home/tina.guest/tinylsm-perf-source-v2/tinylsm/build/release/_deps/protobuf-src/src/google/protobuf/compiler/objectivec/import_writer.cc:8:
/home/tina.guest/tinylsm-perf-source-v2/tinylsm/build/release/_deps/protobuf-src/src/google/protobuf/port.h: In function ‘void google::protobuf::internal::AssertDownCast(From*)’:
/home/tina.guest/tinylsm-perf-source-v2/tinylsm/build/release/_deps/protobuf-src/src/google/protobuf/port.h:181:5: warning: testing if a concept-id is a valid expression; add ‘requires’ to check satisfaction [-Wmissing-requires]
  181 |     std::derived_from<std::remove_pointer_t<To>,
      |     ^
      |     requires 
[188/617] Building CXX object _deps/protobuf-build/CMakeFiles/libprotoc.dir/src/google/protobuf/compiler/objectivec/map_field.cc.o
In file included from /home/tina.guest/tinylsm-perf-source-v2/tinylsm/build/release/_deps/protobuf-src/src/google/protobuf/extension_set.h:36,
                 from /home/tina.guest/tinylsm-perf-source-v2/tinylsm/build/release/_deps/protobuf-src/src/google/protobuf/descriptor.h:56,
                 from /home/tina.guest/tinylsm-perf-source-v2/tinylsm/build/release/_deps/protobuf-src/src/google/protobuf/compiler/objectivec/field.h:21,
                 from /home/tina.guest/tinylsm-perf-source-v2/tinylsm/build/release/_deps/protobuf-src/src/google/protobuf/compiler/objectivec/map_field.h:16,
                 from /home/tina.guest/tinylsm-perf-source-v2/tinylsm/build/release/_deps/protobuf-src/src/google/protobuf/compiler/objectivec/map_field.cc:8:
/home/tina.guest/tinylsm-perf-source-v2/tinylsm/build/release/_deps/protobuf-src/src/google/protobuf/port.h: In function ‘void google::protobuf::internal::AssertDownCast(From*)’:
/home/tina.guest/tinylsm-perf-source-v2/tinylsm/build/release/_deps/protobuf-src/src/google/protobuf/port.h:181:5: warning: testing if a concept-id is a valid expression; add ‘requires’ to check satisfaction [-Wmissing-requires]
  181 |     std::derived_from<std::remove_pointer_t<To>,
      |     ^
      |     requires 
[189/617] Building CXX object _deps/protobuf-build/CMakeFiles/libprotoc.dir/src/google/protobuf/compiler/objectivec/file.cc.o
In file included from /home/tina.guest/tinylsm-perf-source-v2/tinylsm/build/release/_deps/protobuf-src/src/google/protobuf/extension_set.h:36,
                 from /home/tina.guest/tinylsm-perf-source-v2/tinylsm/build/release/_deps/protobuf-src/src/google/protobuf/descriptor.h:56,
                 from /home/tina.guest/tinylsm-perf-source-v2/tinylsm/build/release/_deps/protobuf-src/src/google/protobuf/compiler/objectivec/enum.h:16,
                 from /home/tina.guest/tinylsm-perf-source-v2/tinylsm/build/release/_deps/protobuf-src/src/google/protobuf/compiler/objectivec/file.h:19,
                 from /home/tina.guest/tinylsm-perf-source-v2/tinylsm/build/release/_deps/protobuf-src/src/google/protobuf/compiler/objectivec/file.cc:8:
/home/tina.guest/tinylsm-perf-source-v2/tinylsm/build/release/_deps/protobuf-src/src/google/protobuf/port.h: In function ‘void google::protobuf::internal::AssertDownCast(From*)’:
/home/tina.guest/tinylsm-perf-source-v2/tinylsm/build/release/_deps/protobuf-src/src/google/protobuf/port.h:181:5: warning: testing if a concept-id is a valid expression; add ‘requires’ to check satisfaction [-Wmissing-requires]
  181 |     std::derived_from<std::remove_pointer_t<To>,
      |     ^
      |     requires 
[190/617] Building CXX object _deps/protobuf-build/CMakeFiles/libprotoc.dir/src/google/protobuf/compiler/objectivec/message_field.cc.o
In file included from /home/tina.guest/tinylsm-perf-source-v2/tinylsm/build/release/_deps/protobuf-src/src/google/protobuf/extension_set.h:36,
                 from /home/tina.guest/tinylsm-perf-source-v2/tinylsm/build/release/_deps/protobuf-src/src/google/protobuf/descriptor.h:56,
                 from /home/tina.guest/tinylsm-perf-source-v2/tinylsm/build/release/_deps/protobuf-src/src/google/protobuf/compiler/objectivec/field.h:21,
                 from /home/tina.guest/tinylsm-perf-source-v2/tinylsm/build/release/_deps/protobuf-src/src/google/protobuf/compiler/objectivec/message_field.h:15,
                 from /home/tina.guest/tinylsm-perf-source-v2/tinylsm/build/release/_deps/protobuf-src/src/google/protobuf/compiler/objectivec/message_field.cc:8:
/home/tina.guest/tinylsm-perf-source-v2/tinylsm/build/release/_deps/protobuf-src/src/google/protobuf/port.h: In function ‘void google::protobuf::internal::AssertDownCast(From*)’:
/home/tina.guest/tinylsm-perf-source-v2/tinylsm/build/release/_deps/protobuf-src/src/google/protobuf/port.h:181:5: warning: testing if a concept-id is a valid expression; add ‘requires’ to check satisfaction [-Wmissing-requires]
  181 |     std::derived_from<std::remove_pointer_t<To>,
      |     ^
      |     requires 
[191/617] Building CXX object _deps/protobuf-build/CMakeFiles/libprotoc.dir/src/google/protobuf/compiler/objectivec/oneof.cc.o
In file included from /home/tina.guest/tinylsm-perf-source-v2/tinylsm/build/release/_deps/protobuf-src/src/google/protobuf/extension_set.h:36,
                 from /home/tina.guest/tinylsm-perf-source-v2/tinylsm/build/release/_deps/protobuf-src/src/google/protobuf/descriptor.h:56,
                 from /home/tina.guest/tinylsm-perf-source-v2/tinylsm/build/release/_deps/protobuf-src/src/google/protobuf/compiler/objectivec/oneof.h:16,
                 from /home/tina.guest/tinylsm-perf-source-v2/tinylsm/build/release/_deps/protobuf-src/src/google/protobuf/compiler/objectivec/oneof.cc:8:
/home/tina.guest/tinylsm-perf-source-v2/tinylsm/build/release/_deps/protobuf-src/src/google/protobuf/port.h: In function ‘void google::protobuf::internal::AssertDownCast(From*)’:
/home/tina.guest/tinylsm-perf-source-v2/tinylsm/build/release/_deps/protobuf-src/src/google/protobuf/port.h:181:5: warning: testing if a concept-id is a valid expression; add ‘requires’ to check satisfaction [-Wmissing-requires]
  181 |     std::derived_from<std::remove_pointer_t<To>,
      |     ^
      |     requires 
[192/617] Building CXX object _deps/protobuf-build/CMakeFiles/libprotoc.dir/src/google/protobuf/compiler/objectivec/tf_decode_data.cc.o
In file included from /home/tina.guest/tinylsm-perf-source-v2/tinylsm/build/release/_deps/protobuf-src/src/google/protobuf/io/zero_copy_stream.h:89,
                 from /home/tina.guest/tinylsm-perf-source-v2/tinylsm/build/release/_deps/protobuf-src/src/google/protobuf/io/zero_copy_stream_impl.h:24,
                 from /home/tina.guest/tinylsm-perf-source-v2/tinylsm/build/release/_deps/protobuf-src/src/google/protobuf/compiler/objectivec/tf_decode_data.cc:20:
/home/tina.guest/tinylsm-perf-source-v2/tinylsm/build/release/_deps/protobuf-src/src/google/protobuf/port.h: In function ‘void google::protobuf::internal::AssertDownCast(From*)’:
/home/tina.guest/tinylsm-perf-source-v2/tinylsm/build/release/_deps/protobuf-src/src/google/protobuf/port.h:181:5: warning: testing if a concept-id is a valid expression; add ‘requires’ to check satisfaction [-Wmissing-requires]
  181 |     std::derived_from<std::remove_pointer_t<To>,
      |     ^
      |     requires 
[193/617] Building CXX object _deps/protobuf-build/CMakeFiles/libprotoc.dir/src/google/protobuf/compiler/objectivec/message.cc.o
In file included from /home/tina.guest/tinylsm-perf-source-v2/tinylsm/build/release/_deps/protobuf-src/src/google/protobuf/extension_set.h:36,
                 from /home/tina.guest/tinylsm-perf-source-v2/tinylsm/build/release/_deps/protobuf-src/src/google/protobuf/descriptor.h:56,
                 from /home/tina.guest/tinylsm-perf-source-v2/tinylsm/build/release/_deps/protobuf-src/src/google/protobuf/compiler/objectivec/field.h:21,
                 from /home/tina.guest/tinylsm-perf-source-v2/tinylsm/build/release/_deps/protobuf-src/src/google/protobuf/compiler/objectivec/message.h:18,
                 from /home/tina.guest/tinylsm-perf-source-v2/tinylsm/build/release/_deps/protobuf-src/src/google/protobuf/compiler/objectivec/message.cc:8:
/home/tina.guest/tinylsm-perf-source-v2/tinylsm/build/release/_deps/protobuf-src/src/google/protobuf/port.h: In function ‘void google::protobuf::internal::AssertDownCast(From*)’:
/home/tina.guest/tinylsm-perf-source-v2/tinylsm/build/release/_deps/protobuf-src/src/google/protobuf/port.h:181:5: warning: testing if a concept-id is a valid expression; add ‘requires’ to check satisfaction [-Wmissing-requires]
  181 |     std::derived_from<std::remove_pointer_t<To>,
      |     ^
      |     requires 
[194/617] Building CXX object _deps/protobuf-build/CMakeFiles/libprotoc.dir/src/google/protobuf/compiler/php/names.cc.o
In file included from /home/tina.guest/tinylsm-perf-source-v2/tinylsm/build/release/_deps/protobuf-src/src/google/protobuf/extension_set.h:36,
                 from /home/tina.guest/tinylsm-perf-source-v2/tinylsm/build/release/_deps/protobuf-src/src/google/protobuf/descriptor.h:56,
                 from /home/tina.guest/tinylsm-perf-source-v2/tinylsm/build/release/_deps/protobuf-src/src/google/protobuf/compiler/php/names.h:11,
                 from /home/tina.guest/tinylsm-perf-source-v2/tinylsm/build/release/_deps/protobuf-src/src/google/protobuf/compiler/php/names.cc:8:
/home/tina.guest/tinylsm-perf-source-v2/tinylsm/build/release/_deps/protobuf-src/src/google/protobuf/port.h: In function ‘void google::protobuf::internal::AssertDownCast(From*)’:
/home/tina.guest/tinylsm-perf-source-v2/tinylsm/build/release/_deps/protobuf-src/src/google/protobuf/port.h:181:5: warning: testing if a concept-id is a valid expression; add ‘requires’ to check satisfaction [-Wmissing-requires]
  181 |     std::derived_from<std::remove_pointer_t<To>,
      |     ^
      |     requires 
[195/617] Building CXX object _deps/protobuf-build/CMakeFiles/libprotoc.dir/src/google/protobuf/compiler/objectivec/names.cc.o
In file included from /home/tina.guest/tinylsm-perf-source-v2/tinylsm/build/release/_deps/protobuf-src/src/google/protobuf/extension_set.h:36,
                 from /home/tina.guest/tinylsm-perf-source-v2/tinylsm/build/release/_deps/protobuf-src/src/google/protobuf/descriptor.h:56,
                 from /home/tina.guest/tinylsm-perf-source-v2/tinylsm/build/release/_deps/protobuf-src/src/google/protobuf/compiler/objectivec/names.h:17,
                 from /home/tina.guest/tinylsm-perf-source-v2/tinylsm/build/release/_deps/protobuf-src/src/google/protobuf/compiler/objectivec/names.cc:8:
/home/tina.guest/tinylsm-perf-source-v2/tinylsm/build/release/_deps/protobuf-src/src/google/protobuf/port.h: In function ‘void google::protobuf::internal::AssertDownCast(From*)’:
/home/tina.guest/tinylsm-perf-source-v2/tinylsm/build/release/_deps/protobuf-src/src/google/protobuf/port.h:181:5: warning: testing if a concept-id is a valid expression; add ‘requires’ to check satisfaction [-Wmissing-requires]
  181 |     std::derived_from<std::remove_pointer_t<To>,
      |     ^
      |     requires 
[196/617] Building CXX object _deps/protobuf-build/CMakeFiles/libprotoc.dir/src/google/protobuf/compiler/objectivec/primitive_field.cc.o
In file included from /home/tina.guest/tinylsm-perf-source-v2/tinylsm/build/release/_deps/protobuf-src/src/google/protobuf/extension_set.h:36,
                 from /home/tina.guest/tinylsm-perf-source-v2/tinylsm/build/release/_deps/protobuf-src/src/google/protobuf/descriptor.h:56,
                 from /home/tina.guest/tinylsm-perf-source-v2/tinylsm/build/release/_deps/protobuf-src/src/google/protobuf/compiler/objectivec/field.h:21,
                 from /home/tina.guest/tinylsm-perf-source-v2/tinylsm/build/release/_deps/protobuf-src/src/google/protobuf/compiler/objectivec/primitive_field.h:11,
                 from /home/tina.guest/tinylsm-perf-source-v2/tinylsm/build/release/_deps/protobuf-src/src/google/protobuf/compiler/objectivec/primitive_field.cc:8:
/home/tina.guest/tinylsm-perf-source-v2/tinylsm/build/release/_deps/protobuf-src/src/google/protobuf/port.h: In function ‘void google::protobuf::internal::AssertDownCast(From*)’:
/home/tina.guest/tinylsm-perf-source-v2/tinylsm/build/release/_deps/protobuf-src/src/google/protobuf/port.h:181:5: warning: testing if a concept-id is a valid expression; add ‘requires’ to check satisfaction [-Wmissing-requires]
  181 |     std::derived_from<std::remove_pointer_t<To>,
      |     ^
      |     requires 
[197/617] Building CXX object _deps/protobuf-build/CMakeFiles/libprotoc.dir/src/google/protobuf/compiler/plugin.cc.o
In file included from /home/tina.guest/tinylsm-perf-source-v2/tinylsm/build/release/_deps/protobuf-src/src/google/protobuf/extension_set.h:36,
                 from /home/tina.guest/tinylsm-perf-source-v2/tinylsm/build/release/_deps/protobuf-src/src/google/protobuf/descriptor.h:56,
                 from /home/tina.guest/tinylsm-perf-source-v2/tinylsm/build/release/_deps/protobuf-src/src/google/protobuf/compiler/code_generator.h:26,
                 from /home/tina.guest/tinylsm-perf-source-v2/tinylsm/build/release/_deps/protobuf-src/src/google/protobuf/compiler/plugin.cc:26:
/home/tina.guest/tinylsm-perf-source-v2/tinylsm/build/release/_deps/protobuf-src/src/google/protobuf/port.h: In function ‘void google::protobuf::internal::AssertDownCast(From*)’:
/home/tina.guest/tinylsm-perf-source-v2/tinylsm/build/release/_deps/protobuf-src/src/google/protobuf/port.h:181:5: warning: testing if a concept-id is a valid expression; add ‘requires’ to check satisfaction [-Wmissing-requires]
  181 |     std::derived_from<std::remove_pointer_t<To>,
      |     ^
      |     requires 
[198/617] Building CXX object _deps/protobuf-build/CMakeFiles/libprotoc.dir/src/google/protobuf/compiler/plugin.pb.cc.o
In file included from /home/tina.guest/tinylsm-perf-source-v2/tinylsm/build/release/_deps/protobuf-src/src/google/protobuf/arena.h:38,
                 from /home/tina.guest/tinylsm-perf-source-v2/tinylsm/build/release/_deps/protobuf-src/src/google/protobuf/compiler/plugin.pb.h:21,
                 from /home/tina.guest/tinylsm-perf-source-v2/tinylsm/build/release/_deps/protobuf-src/src/google/protobuf/compiler/plugin.pb.cc:6:
/home/tina.guest/tinylsm-perf-source-v2/tinylsm/build/release/_deps/protobuf-src/src/google/protobuf/port.h: In function ‘void google::protobuf::internal::AssertDownCast(From*)’:
/home/tina.guest/tinylsm-perf-source-v2/tinylsm/build/release/_deps/protobuf-src/src/google/protobuf/port.h:181:5: warning: testing if a concept-id is a valid expression; add ‘requires’ to check satisfaction [-Wmissing-requires]
  181 |     std::derived_from<std::remove_pointer_t<To>,
      |     ^
      |     requires 
[199/617] Building CXX object _deps/protobuf-build/CMakeFiles/libprotoc.dir/src/google/protobuf/compiler/python/helpers.cc.o
In file included from /home/tina.guest/tinylsm-perf-source-v2/tinylsm/build/release/_deps/protobuf-src/src/google/protobuf/extension_set.h:36,
                 from /home/tina.guest/tinylsm-perf-source-v2/tinylsm/build/release/_deps/protobuf-src/src/google/protobuf/descriptor.h:56,
                 from /home/tina.guest/tinylsm-perf-source-v2/tinylsm/build/release/_deps/protobuf-src/src/google/protobuf/compiler/python/helpers.h:15,
                 from /home/tina.guest/tinylsm-perf-source-v2/tinylsm/build/release/_deps/protobuf-src/src/google/protobuf/compiler/python/helpers.cc:8:
/home/tina.guest/tinylsm-perf-source-v2/tinylsm/build/release/_deps/protobuf-src/src/google/protobuf/port.h: In function ‘void google::protobuf::internal::AssertDownCast(From*)’:
/home/tina.guest/tinylsm-perf-source-v2/tinylsm/build/release/_deps/protobuf-src/src/google/protobuf/port.h:181:5: warning: testing if a concept-id is a valid expression; add ‘requires’ to check satisfaction [-Wmissing-requires]
  181 |     std::derived_from<std::remove_pointer_t<To>,
      |     ^
      |     requires 
[200/617] Building CXX object _deps/protobuf-build/CMakeFiles/libprotoc.dir/src/google/protobuf/compiler/rust/accessors/accessor_case.cc.o
[201/617] Building CXX object _deps/protobuf-build/CMakeFiles/libprotoc.dir/src/google/protobuf/compiler/php/php_generator.cc.o
In file included from /home/tina.guest/tinylsm-perf-source-v2/tinylsm/build/release/_deps/protobuf-src/src/google/protobuf/extension_set.h:36,
                 from /home/tina.guest/tinylsm-perf-source-v2/tinylsm/build/release/_deps/protobuf-src/src/google/protobuf/descriptor.h:56,
                 from /home/tina.guest/tinylsm-perf-source-v2/tinylsm/build/release/_deps/protobuf-src/src/google/protobuf/compiler/code_generator.h:26,
                 from /home/tina.guest/tinylsm-perf-source-v2/tinylsm/build/release/_deps/protobuf-src/src/google/protobuf/compiler/php/php_generator.h:14,
                 from /home/tina.guest/tinylsm-perf-source-v2/tinylsm/build/release/_deps/protobuf-src/src/google/protobuf/compiler/php/php_generator.cc:8:
/home/tina.guest/tinylsm-perf-source-v2/tinylsm/build/release/_deps/protobuf-src/src/google/protobuf/port.h: In function ‘void google::protobuf::internal::AssertDownCast(From*)’:
/home/tina.guest/tinylsm-perf-source-v2/tinylsm/build/release/_deps/protobuf-src/src/google/protobuf/port.h:181:5: warning: testing if a concept-id is a valid expression; add ‘requires’ to check satisfaction [-Wmissing-requires]
  181 |     std::derived_from<std::remove_pointer_t<To>,
      |     ^
      |     requires 
[202/617] Building CXX object _deps/protobuf-build/CMakeFiles/libprotoc.dir/src/google/protobuf/compiler/retention.cc.o
In file included from /home/tina.guest/tinylsm-perf-source-v2/tinylsm/build/release/_deps/protobuf-src/src/google/protobuf/extension_set.h:36,
                 from /home/tina.guest/tinylsm-perf-source-v2/tinylsm/build/release/_deps/protobuf-src/src/google/protobuf/descriptor.h:56,
                 from /home/tina.guest/tinylsm-perf-source-v2/tinylsm/build/release/_deps/protobuf-src/src/google/protobuf/compiler/retention.h:11,
                 from /home/tina.guest/tinylsm-perf-source-v2/tinylsm/build/release/_deps/protobuf-src/src/google/protobuf/compiler/retention.cc:8:
/home/tina.guest/tinylsm-perf-source-v2/tinylsm/build/release/_deps/protobuf-src/src/google/protobuf/port.h: In function ‘void google::protobuf::internal::AssertDownCast(From*)’:
/home/tina.guest/tinylsm-perf-source-v2/tinylsm/build/release/_deps/protobuf-src/src/google/protobuf/port.h:181:5: warning: testing if a concept-id is a valid expression; add ‘requires’ to check satisfaction [-Wmissing-requires]
  181 |     std::derived_from<std::remove_pointer_t<To>,
      |     ^
      |     requires 
[203/617] Building CXX object _deps/protobuf-build/CMakeFiles/libprotoc.dir/src/google/protobuf/compiler/ruby/ruby_generator.cc.o
In file included from /home/tina.guest/tinylsm-perf-source-v2/tinylsm/build/release/_deps/protobuf-src/src/google/protobuf/extension_set.h:36,
                 from /home/tina.guest/tinylsm-perf-source-v2/tinylsm/build/release/_deps/protobuf-src/src/google/protobuf/descriptor.h:56,
                 from /home/tina.guest/tinylsm-perf-source-v2/tinylsm/build/release/_deps/protobuf-src/src/google/protobuf/compiler/code_generator.h:26,
                 from /home/tina.guest/tinylsm-perf-source-v2/tinylsm/build/release/_deps/protobuf-src/src/google/protobuf/compiler/ruby/ruby_generator.h:15,
                 from /home/tina.guest/tinylsm-perf-source-v2/tinylsm/build/release/_deps/protobuf-src/src/google/protobuf/compiler/ruby/ruby_generator.cc:8:
/home/tina.guest/tinylsm-perf-source-v2/tinylsm/build/release/_deps/protobuf-src/src/google/protobuf/port.h: In function ‘void google::protobuf::internal::AssertDownCast(From*)’:
/home/tina.guest/tinylsm-perf-source-v2/tinylsm/build/release/_deps/protobuf-src/src/google/protobuf/port.h:181:5: warning: testing if a concept-id is a valid expression; add ‘requires’ to check satisfaction [-Wmissing-requires]
  181 |     std::derived_from<std::remove_pointer_t<To>,
      |     ^
      |     requires 
[204/617] Building CXX object _deps/protobuf-build/CMakeFiles/libprotoc.dir/src/google/protobuf/compiler/python/pyi_generator.cc.o
In file included from /home/tina.guest/tinylsm-perf-source-v2/tinylsm/build/release/_deps/protobuf-src/src/google/protobuf/extension_set.h:36,
                 from /home/tina.guest/tinylsm-perf-source-v2/tinylsm/build/release/_deps/protobuf-src/src/google/protobuf/descriptor.h:56,
                 from /home/tina.guest/tinylsm-perf-source-v2/tinylsm/build/release/_deps/protobuf-src/src/google/protobuf/compiler/code_generator.h:26,
                 from /home/tina.guest/tinylsm-perf-source-v2/tinylsm/build/release/_deps/protobuf-src/src/google/protobuf/compiler/python/pyi_generator.h:21,
                 from /home/tina.guest/tinylsm-perf-source-v2/tinylsm/build/release/_deps/protobuf-src/src/google/protobuf/compiler/python/pyi_generator.cc:8:
/home/tina.guest/tinylsm-perf-source-v2/tinylsm/build/release/_deps/protobuf-src/src/google/protobuf/port.h: In function ‘void google::protobuf::internal::AssertDownCast(From*)’:
/home/tina.guest/tinylsm-perf-source-v2/tinylsm/build/release/_deps/protobuf-src/src/google/protobuf/port.h:181:5: warning: testing if a concept-id is a valid expression; add ‘requires’ to check satisfaction [-Wmissing-requires]
  181 |     std::derived_from<std::remove_pointer_t<To>,
      |     ^
      |     requires 
[205/617] Building CXX object _deps/protobuf-build/CMakeFiles/libprotoc.dir/src/google/protobuf/compiler/python/generator.cc.o
In file included from /home/tina.guest/tinylsm-perf-source-v2/tinylsm/build/release/_deps/protobuf-src/src/google/protobuf/extension_set.h:36,
                 from /home/tina.guest/tinylsm-perf-source-v2/tinylsm/build/release/_deps/protobuf-src/src/google/protobuf/descriptor.h:56,
                 from /home/tina.guest/tinylsm-perf-source-v2/tinylsm/build/release/_deps/protobuf-src/src/google/protobuf/compiler/code_generator.h:26,
                 from /home/tina.guest/tinylsm-perf-source-v2/tinylsm/build/release/_deps/protobuf-src/src/google/protobuf/compiler/python/generator.h:21,
                 from /home/tina.guest/tinylsm-perf-source-v2/tinylsm/build/release/_deps/protobuf-src/src/google/protobuf/compiler/python/generator.cc:22:
/home/tina.guest/tinylsm-perf-source-v2/tinylsm/build/release/_deps/protobuf-src/src/google/protobuf/port.h: In function ‘void google::protobuf::internal::AssertDownCast(From*)’:
/home/tina.guest/tinylsm-perf-source-v2/tinylsm/build/release/_deps/protobuf-src/src/google/protobuf/port.h:181:5: warning: testing if a concept-id is a valid expression; add ‘requires’ to check satisfaction [-Wmissing-requires]
  181 |     std::derived_from<std::remove_pointer_t<To>,
      |     ^
      |     requires 
[206/617] Building CXX object _deps/protobuf-build/CMakeFiles/libprotoc.dir/src/google/protobuf/compiler/rust/accessors/accessors.cc.o
In file included from /home/tina.guest/tinylsm-perf-source-v2/tinylsm/build/release/_deps/protobuf-src/src/google/protobuf/extension_set.h:36,
                 from /home/tina.guest/tinylsm-perf-source-v2/tinylsm/build/release/_deps/protobuf-src/src/google/protobuf/descriptor.h:56,
                 from /home/tina.guest/tinylsm-perf-source-v2/tinylsm/build/release/_deps/protobuf-src/src/google/protobuf/compiler/rust/context.h:20,
                 from /home/tina.guest/tinylsm-perf-source-v2/tinylsm/build/release/_deps/protobuf-src/src/google/protobuf/compiler/rust/accessors/accessors.h:12,
                 from /home/tina.guest/tinylsm-perf-source-v2/tinylsm/build/release/_deps/protobuf-src/src/google/protobuf/compiler/rust/accessors/accessors.cc:8:
/home/tina.guest/tinylsm-perf-source-v2/tinylsm/build/release/_deps/protobuf-src/src/google/protobuf/port.h: In function ‘void google::protobuf::internal::AssertDownCast(From*)’:
/home/tina.guest/tinylsm-perf-source-v2/tinylsm/build/release/_deps/protobuf-src/src/google/protobuf/port.h:181:5: warning: testing if a concept-id is a valid expression; add ‘requires’ to check satisfaction [-Wmissing-requires]
  181 |     std::derived_from<std::remove_pointer_t<To>,
      |     ^
      |     requires 
[207/617] Building CXX object _deps/protobuf-build/CMakeFiles/libprotoc.dir/src/google/protobuf/compiler/rust/accessors/default_value.cc.o
In file included from /home/tina.guest/tinylsm-perf-source-v2/tinylsm/build/release/_deps/protobuf-src/src/google/protobuf/extension_set.h:36,
                 from /home/tina.guest/tinylsm-perf-source-v2/tinylsm/build/release/_deps/protobuf-src/src/google/protobuf/descriptor.h:56,
                 from /home/tina.guest/tinylsm-perf-source-v2/tinylsm/build/release/_deps/protobuf-src/src/google/protobuf/compiler/rust/context.h:20,
                 from /home/tina.guest/tinylsm-perf-source-v2/tinylsm/build/release/_deps/protobuf-src/src/google/protobuf/compiler/rust/accessors/default_value.h:13,
                 from /home/tina.guest/tinylsm-perf-source-v2/tinylsm/build/release/_deps/protobuf-src/src/google/protobuf/compiler/rust/accessors/default_value.cc:8:
/home/tina.guest/tinylsm-perf-source-v2/tinylsm/build/release/_deps/protobuf-src/src/google/protobuf/port.h: In function ‘void google::protobuf::internal::AssertDownCast(From*)’:
/home/tina.guest/tinylsm-perf-source-v2/tinylsm/build/release/_deps/protobuf-src/src/google/protobuf/port.h:181:5: warning: testing if a concept-id is a valid expression; add ‘requires’ to check satisfaction [-Wmissing-requires]
  181 |     std::derived_from<std::remove_pointer_t<To>,
      |     ^
      |     requires 
[208/617] Building CXX object _deps/protobuf-build/CMakeFiles/libprotoc.dir/src/google/protobuf/compiler/rust/accessors/singular_cord.cc.o
In file included from /home/tina.guest/tinylsm-perf-source-v2/tinylsm/build/release/_deps/protobuf-src/src/google/protobuf/extension_set.h:36,
                 from /home/tina.guest/tinylsm-perf-source-v2/tinylsm/build/release/_deps/protobuf-src/src/google/protobuf/descriptor.h:56,
                 from /home/tina.guest/tinylsm-perf-source-v2/tinylsm/build/release/_deps/protobuf-src/src/google/protobuf/compiler/code_generator.h:26,
                 from /home/tina.guest/tinylsm-perf-source-v2/tinylsm/build/release/_deps/protobuf-src/src/google/protobuf/compiler/cpp/helpers.h:28,
                 from /home/tina.guest/tinylsm-perf-source-v2/tinylsm/build/release/_deps/protobuf-src/src/google/protobuf/compiler/rust/accessors/singular_cord.cc:12:
/home/tina.guest/tinylsm-perf-source-v2/tinylsm/build/release/_deps/protobuf-src/src/google/protobuf/port.h: In function ‘void google::protobuf::internal::AssertDownCast(From*)’:
/home/tina.guest/tinylsm-perf-source-v2/tinylsm/build/release/_deps/protobuf-src/src/google/protobuf/port.h:181:5: warning: testing if a concept-id is a valid expression; add ‘requires’ to check satisfaction [-Wmissing-requires]
  181 |     std::derived_from<std::remove_pointer_t<To>,
      |     ^
      |     requires 
[209/617] Building CXX object _deps/protobuf-build/CMakeFiles/libprotoc.dir/src/google/protobuf/compiler/rust/accessors/singular_message.cc.o
In file included from /home/tina.guest/tinylsm-perf-source-v2/tinylsm/build/release/_deps/protobuf-src/src/google/protobuf/extension_set.h:36,
                 from /home/tina.guest/tinylsm-perf-source-v2/tinylsm/build/release/_deps/protobuf-src/src/google/protobuf/descriptor.h:56,
                 from /home/tina.guest/tinylsm-perf-source-v2/tinylsm/build/release/_deps/protobuf-src/src/google/protobuf/compiler/code_generator.h:26,
                 from /home/tina.guest/tinylsm-perf-source-v2/tinylsm/build/release/_deps/protobuf-src/src/google/protobuf/compiler/cpp/helpers.h:28,
                 from /home/tina.guest/tinylsm-perf-source-v2/tinylsm/build/release/_deps/protobuf-src/src/google/protobuf/compiler/rust/accessors/singular_message.cc:12:
/home/tina.guest/tinylsm-perf-source-v2/tinylsm/build/release/_deps/protobuf-src/src/google/protobuf/port.h: In function ‘void google::protobuf::internal::AssertDownCast(From*)’:
/home/tina.guest/tinylsm-perf-source-v2/tinylsm/build/release/_deps/protobuf-src/src/google/protobuf/port.h:181:5: warning: testing if a concept-id is a valid expression; add ‘requires’ to check satisfaction [-Wmissing-requires]
  181 |     std::derived_from<std::remove_pointer_t<To>,
      |     ^
      |     requires 
[210/617] Building CXX object _deps/protobuf-build/CMakeFiles/libprotoc.dir/src/google/protobuf/compiler/rust/accessors/singular_scalar.cc.o
In file included from /home/tina.guest/tinylsm-perf-source-v2/tinylsm/build/release/_deps/protobuf-src/src/google/protobuf/extension_set.h:36,
                 from /home/tina.guest/tinylsm-perf-source-v2/tinylsm/build/release/_deps/protobuf-src/src/google/protobuf/descriptor.h:56,
                 from /home/tina.guest/tinylsm-perf-source-v2/tinylsm/build/release/_deps/protobuf-src/src/google/protobuf/compiler/code_generator.h:26,
                 from /home/tina.guest/tinylsm-perf-source-v2/tinylsm/build/release/_deps/protobuf-src/src/google/protobuf/compiler/cpp/helpers.h:28,
                 from /home/tina.guest/tinylsm-perf-source-v2/tinylsm/build/release/_deps/protobuf-src/src/google/protobuf/compiler/rust/accessors/singular_scalar.cc:12:
/home/tina.guest/tinylsm-perf-source-v2/tinylsm/build/release/_deps/protobuf-src/src/google/protobuf/port.h: In function ‘void google::protobuf::internal::AssertDownCast(From*)’:
/home/tina.guest/tinylsm-perf-source-v2/tinylsm/build/release/_deps/protobuf-src/src/google/protobuf/port.h:181:5: warning: testing if a concept-id is a valid expression; add ‘requires’ to check satisfaction [-Wmissing-requires]
  181 |     std::derived_from<std::remove_pointer_t<To>,
      |     ^
      |     requires 
[211/617] Building CXX object _deps/protobuf-build/CMakeFiles/libprotoc.dir/src/google/protobuf/compiler/rust/accessors/map.cc.o
In file included from /home/tina.guest/tinylsm-perf-source-v2/tinylsm/build/release/_deps/protobuf-src/src/google/protobuf/extension_set.h:36,
                 from /home/tina.guest/tinylsm-perf-source-v2/tinylsm/build/release/_deps/protobuf-src/src/google/protobuf/descriptor.h:56,
                 from /home/tina.guest/tinylsm-perf-source-v2/tinylsm/build/release/_deps/protobuf-src/src/google/protobuf/compiler/code_generator.h:26,
                 from /home/tina.guest/tinylsm-perf-source-v2/tinylsm/build/release/_deps/protobuf-src/src/google/protobuf/compiler/cpp/helpers.h:28,
                 from /home/tina.guest/tinylsm-perf-source-v2/tinylsm/build/release/_deps/protobuf-src/src/google/protobuf/compiler/rust/accessors/map.cc:11:
/home/tina.guest/tinylsm-perf-source-v2/tinylsm/build/release/_deps/protobuf-src/src/google/protobuf/port.h: In function ‘void google::protobuf::internal::AssertDownCast(From*)’:
/home/tina.guest/tinylsm-perf-source-v2/tinylsm/build/release/_deps/protobuf-src/src/google/protobuf/port.h:181:5: warning: testing if a concept-id is a valid expression; add ‘requires’ to check satisfaction [-Wmissing-requires]
  181 |     std::derived_from<std::remove_pointer_t<To>,
      |     ^
      |     requires 
[212/617] Building CXX object _deps/protobuf-build/CMakeFiles/libprotoc.dir/src/google/protobuf/compiler/rust/accessors/repeated_field.cc.o
In file included from /home/tina.guest/tinylsm-perf-source-v2/tinylsm/build/release/_deps/protobuf-src/src/google/protobuf/extension_set.h:36,
                 from /home/tina.guest/tinylsm-perf-source-v2/tinylsm/build/release/_deps/protobuf-src/src/google/protobuf/descriptor.h:56,
                 from /home/tina.guest/tinylsm-perf-source-v2/tinylsm/build/release/_deps/protobuf-src/src/google/protobuf/compiler/code_generator.h:26,
                 from /home/tina.guest/tinylsm-perf-source-v2/tinylsm/build/release/_deps/protobuf-src/src/google/protobuf/compiler/cpp/helpers.h:28,
                 from /home/tina.guest/tinylsm-perf-source-v2/tinylsm/build/release/_deps/protobuf-src/src/google/protobuf/compiler/rust/accessors/repeated_field.cc:12:
/home/tina.guest/tinylsm-perf-source-v2/tinylsm/build/release/_deps/protobuf-src/src/google/protobuf/port.h: In function ‘void google::protobuf::internal::AssertDownCast(From*)’:
/home/tina.guest/tinylsm-perf-source-v2/tinylsm/build/release/_deps/protobuf-src/src/google/protobuf/port.h:181:5: warning: testing if a concept-id is a valid expression; add ‘requires’ to check satisfaction [-Wmissing-requires]
  181 |     std::derived_from<std::remove_pointer_t<To>,
      |     ^
      |     requires 
[213/617] Building CXX object _deps/protobuf-build/CMakeFiles/libprotoc.dir/src/google/protobuf/compiler/rust/accessors/singular_string.cc.o
In file included from /home/tina.guest/tinylsm-perf-source-v2/tinylsm/build/release/_deps/protobuf-src/src/google/protobuf/extension_set.h:36,
                 from /home/tina.guest/tinylsm-perf-source-v2/tinylsm/build/release/_deps/protobuf-src/src/google/protobuf/descriptor.h:56,
                 from /home/tina.guest/tinylsm-perf-source-v2/tinylsm/build/release/_deps/protobuf-src/src/google/protobuf/compiler/code_generator.h:26,
                 from /home/tina.guest/tinylsm-perf-source-v2/tinylsm/build/release/_deps/protobuf-src/src/google/protobuf/compiler/cpp/helpers.h:28,
                 from /home/tina.guest/tinylsm-perf-source-v2/tinylsm/build/release/_deps/protobuf-src/src/google/protobuf/compiler/rust/accessors/singular_string.cc:12:
/home/tina.guest/tinylsm-perf-source-v2/tinylsm/build/release/_deps/protobuf-src/src/google/protobuf/port.h: In function ‘void google::protobuf::internal::AssertDownCast(From*)’:
/home/tina.guest/tinylsm-perf-source-v2/tinylsm/build/release/_deps/protobuf-src/src/google/protobuf/port.h:181:5: warning: testing if a concept-id is a valid expression; add ‘requires’ to check satisfaction [-Wmissing-requires]
  181 |     std::derived_from<std::remove_pointer_t<To>,
      |     ^
      |     requires 
[214/617] Building CXX object _deps/protobuf-build/CMakeFiles/libprotoc.dir/src/google/protobuf/compiler/rust/accessors/unsupported_field.cc.o
In file included from /home/tina.guest/tinylsm-perf-source-v2/tinylsm/build/release/_deps/protobuf-src/src/google/protobuf/extension_set.h:36,
                 from /home/tina.guest/tinylsm-perf-source-v2/tinylsm/build/release/_deps/protobuf-src/src/google/protobuf/descriptor.h:56,
                 from /home/tina.guest/tinylsm-perf-source-v2/tinylsm/build/release/_deps/protobuf-src/src/google/protobuf/compiler/rust/context.h:20,
                 from /home/tina.guest/tinylsm-perf-source-v2/tinylsm/build/release/_deps/protobuf-src/src/google/protobuf/compiler/rust/accessors/generator.h:17,
                 from /home/tina.guest/tinylsm-perf-source-v2/tinylsm/build/release/_deps/protobuf-src/src/google/protobuf/compiler/rust/accessors/unsupported_field.cc:10:
/home/tina.guest/tinylsm-perf-source-v2/tinylsm/build/release/_deps/protobuf-src/src/google/protobuf/port.h: In function ‘void google::protobuf::internal::AssertDownCast(From*)’:
/home/tina.guest/tinylsm-perf-source-v2/tinylsm/build/release/_deps/protobuf-src/src/google/protobuf/port.h:181:5: warning: testing if a concept-id is a valid expression; add ‘requires’ to check satisfaction [-Wmissing-requires]
  181 |     std::derived_from<std::remove_pointer_t<To>,
      |     ^
      |     requires 
[215/617] Building CXX object _deps/protobuf-build/CMakeFiles/libprotoc.dir/src/google/protobuf/compiler/rust/accessors/with_presence.cc.o
In file included from /home/tina.guest/tinylsm-perf-source-v2/tinylsm/build/release/_deps/protobuf-src/src/google/protobuf/extension_set.h:36,
                 from /home/tina.guest/tinylsm-perf-source-v2/tinylsm/build/release/_deps/protobuf-src/src/google/protobuf/descriptor.h:56,
                 from /home/tina.guest/tinylsm-perf-source-v2/tinylsm/build/release/_deps/protobuf-src/src/google/protobuf/compiler/rust/context.h:20,
                 from /home/tina.guest/tinylsm-perf-source-v2/tinylsm/build/release/_deps/protobuf-src/src/google/protobuf/compiler/rust/accessors/with_presence.h:12,
                 from /home/tina.guest/tinylsm-perf-source-v2/tinylsm/build/release/_deps/protobuf-src/src/google/protobuf/compiler/rust/accessors/with_presence.cc:8:
/home/tina.guest/tinylsm-perf-source-v2/tinylsm/build/release/_deps/protobuf-src/src/google/protobuf/port.h: In function ‘void google::protobuf::internal::AssertDownCast(From*)’:
/home/tina.guest/tinylsm-perf-source-v2/tinylsm/build/release/_deps/protobuf-src/src/google/protobuf/port.h:181:5: warning: testing if a concept-id is a valid expression; add ‘requires’ to check satisfaction [-Wmissing-requires]
  181 |     std::derived_from<std::remove_pointer_t<To>,
      |     ^
      |     requires 
[216/617] Building CXX object _deps/protobuf-build/CMakeFiles/libprotoc.dir/src/google/protobuf/compiler/rust/context.cc.o
In file included from /home/tina.guest/tinylsm-perf-source-v2/tinylsm/build/release/_deps/protobuf-src/src/google/protobuf/extension_set.h:36,
                 from /home/tina.guest/tinylsm-perf-source-v2/tinylsm/build/release/_deps/protobuf-src/src/google/protobuf/descriptor.h:56,
                 from /home/tina.guest/tinylsm-perf-source-v2/tinylsm/build/release/_deps/protobuf-src/src/google/protobuf/compiler/rust/context.h:20,
                 from /home/tina.guest/tinylsm-perf-source-v2/tinylsm/build/release/_deps/protobuf-src/src/google/protobuf/compiler/rust/context.cc:8:
/home/tina.guest/tinylsm-perf-source-v2/tinylsm/build/release/_deps/protobuf-src/src/google/protobuf/port.h: In function ‘void google::protobuf::internal::AssertDownCast(From*)’:
/home/tina.guest/tinylsm-perf-source-v2/tinylsm/build/release/_deps/protobuf-src/src/google/protobuf/port.h:181:5: warning: testing if a concept-id is a valid expression; add ‘requires’ to check satisfaction [-Wmissing-requires]
  181 |     std::derived_from<std::remove_pointer_t<To>,
      |     ^
      |     requires 
[217/617] Building CXX object _deps/protobuf-build/CMakeFiles/libprotoc.dir/src/google/protobuf/compiler/rust/crate_mapping.cc.o
In file included from /home/tina.guest/tinylsm-perf-source-v2/tinylsm/build/release/_deps/protobuf-src/src/google/protobuf/extension_set.h:36,
                 from /home/tina.guest/tinylsm-perf-source-v2/tinylsm/build/release/_deps/protobuf-src/src/google/protobuf/descriptor.h:56,
                 from /home/tina.guest/tinylsm-perf-source-v2/tinylsm/build/release/_deps/protobuf-src/src/google/protobuf/compiler/rust/context.h:20,
                 from /home/tina.guest/tinylsm-perf-source-v2/tinylsm/build/release/_deps/protobuf-src/src/google/protobuf/compiler/rust/crate_mapping.h:8,
                 from /home/tina.guest/tinylsm-perf-source-v2/tinylsm/build/release/_deps/protobuf-src/src/google/protobuf/compiler/rust/crate_mapping.cc:1:
/home/tina.guest/tinylsm-perf-source-v2/tinylsm/build/release/_deps/protobuf-src/src/google/protobuf/port.h: In function ‘void google::protobuf::internal::AssertDownCast(From*)’:
/home/tina.guest/tinylsm-perf-source-v2/tinylsm/build/release/_deps/protobuf-src/src/google/protobuf/port.h:181:5: warning: testing if a concept-id is a valid expression; add ‘requires’ to check satisfaction [-Wmissing-requires]
  181 |     std::derived_from<std::remove_pointer_t<To>,
      |     ^
      |     requires 
[218/617] Building CXX object _deps/protobuf-build/CMakeFiles/libprotoc.dir/src/google/protobuf/compiler/rust/generator.cc.o
In file included from /home/tina.guest/tinylsm-perf-source-v2/tinylsm/build/release/_deps/protobuf-src/src/google/protobuf/extension_set.h:36,
                 from /home/tina.guest/tinylsm-perf-source-v2/tinylsm/build/release/_deps/protobuf-src/src/google/protobuf/descriptor.h:56,
                 from /home/tina.guest/tinylsm-perf-source-v2/tinylsm/build/release/_deps/protobuf-src/src/google/protobuf/compiler/code_generator.h:26,
                 from /home/tina.guest/tinylsm-perf-source-v2/tinylsm/build/release/_deps/protobuf-src/src/google/protobuf/compiler/rust/generator.h:14,
                 from /home/tina.guest/tinylsm-perf-source-v2/tinylsm/build/release/_deps/protobuf-src/src/google/protobuf/compiler/rust/generator.cc:8:
/home/tina.guest/tinylsm-perf-source-v2/tinylsm/build/release/_deps/protobuf-src/src/google/protobuf/port.h: In function ‘void google::protobuf::internal::AssertDownCast(From*)’:
/home/tina.guest/tinylsm-perf-source-v2/tinylsm/build/release/_deps/protobuf-src/src/google/protobuf/port.h:181:5: warning: testing if a concept-id is a valid expression; add ‘requires’ to check satisfaction [-Wmissing-requires]
  181 |     std::derived_from<std::remove_pointer_t<To>,
      |     ^
      |     requires 
[219/617] Building CXX object _deps/protobuf-build/CMakeFiles/libprotoc.dir/src/google/protobuf/compiler/rust/naming.cc.o
In file included from /home/tina.guest/tinylsm-perf-source-v2/tinylsm/build/release/_deps/protobuf-src/src/google/protobuf/extension_set.h:36,
                 from /home/tina.guest/tinylsm-perf-source-v2/tinylsm/build/release/_deps/protobuf-src/src/google/protobuf/descriptor.h:56,
                 from /home/tina.guest/tinylsm-perf-source-v2/tinylsm/build/release/_deps/protobuf-src/src/google/protobuf/compiler/rust/context.h:20,
                 from /home/tina.guest/tinylsm-perf-source-v2/tinylsm/build/release/_deps/protobuf-src/src/google/protobuf/compiler/rust/naming.h:15,
                 from /home/tina.guest/tinylsm-perf-source-v2/tinylsm/build/release/_deps/protobuf-src/src/google/protobuf/compiler/rust/naming.cc:8:
/home/tina.guest/tinylsm-perf-source-v2/tinylsm/build/release/_deps/protobuf-src/src/google/protobuf/port.h: In function ‘void google::protobuf::internal::AssertDownCast(From*)’:
/home/tina.guest/tinylsm-perf-source-v2/tinylsm/build/release/_deps/protobuf-src/src/google/protobuf/port.h:181:5: warning: testing if a concept-id is a valid expression; add ‘requires’ to check satisfaction [-Wmissing-requires]
  181 |     std::derived_from<std::remove_pointer_t<To>,
      |     ^
      |     requires 
[220/617] Building CXX object _deps/protobuf-build/CMakeFiles/libprotoc.dir/src/google/protobuf/compiler/rust/relative_path.cc.o
[221/617] Building CXX object _deps/protobuf-build/CMakeFiles/libprotoc.dir/src/google/protobuf/compiler/rust/enum.cc.o
In file included from /home/tina.guest/tinylsm-perf-source-v2/tinylsm/build/release/_deps/protobuf-src/src/google/protobuf/extension_set.h:36,
                 from /home/tina.guest/tinylsm-perf-source-v2/tinylsm/build/release/_deps/protobuf-src/src/google/protobuf/descriptor.h:56,
                 from /home/tina.guest/tinylsm-perf-source-v2/tinylsm/build/release/_deps/protobuf-src/src/google/protobuf/compiler/rust/context.h:20,
                 from /home/tina.guest/tinylsm-perf-source-v2/tinylsm/build/release/_deps/protobuf-src/src/google/protobuf/compiler/rust/enum.h:18,
                 from /home/tina.guest/tinylsm-perf-source-v2/tinylsm/build/release/_deps/protobuf-src/src/google/protobuf/compiler/rust/enum.cc:8:
/home/tina.guest/tinylsm-perf-source-v2/tinylsm/build/release/_deps/protobuf-src/src/google/protobuf/port.h: In function ‘void google::protobuf::internal::AssertDownCast(From*)’:
/home/tina.guest/tinylsm-perf-source-v2/tinylsm/build/release/_deps/protobuf-src/src/google/protobuf/port.h:181:5: warning: testing if a concept-id is a valid expression; add ‘requires’ to check satisfaction [-Wmissing-requires]
  181 |     std::derived_from<std::remove_pointer_t<To>,
      |     ^
      |     requires 
[222/617] Building CXX object _deps/protobuf-build/CMakeFiles/libprotoc.dir/src/google/protobuf/compiler/rust/oneof.cc.o
In file included from /home/tina.guest/tinylsm-perf-source-v2/tinylsm/build/release/_deps/protobuf-src/src/google/protobuf/extension_set.h:36,
                 from /home/tina.guest/tinylsm-perf-source-v2/tinylsm/build/release/_deps/protobuf-src/src/google/protobuf/descriptor.h:56,
                 from /home/tina.guest/tinylsm-perf-source-v2/tinylsm/build/release/_deps/protobuf-src/src/google/protobuf/compiler/rust/context.h:20,
                 from /home/tina.guest/tinylsm-perf-source-v2/tinylsm/build/release/_deps/protobuf-src/src/google/protobuf/compiler/rust/oneof.h:12,
                 from /home/tina.guest/tinylsm-perf-source-v2/tinylsm/build/release/_deps/protobuf-src/src/google/protobuf/compiler/rust/oneof.cc:8:
/home/tina.guest/tinylsm-perf-source-v2/tinylsm/build/release/_deps/protobuf-src/src/google/protobuf/port.h: In function ‘void google::protobuf::internal::AssertDownCast(From*)’:
/home/tina.guest/tinylsm-perf-source-v2/tinylsm/build/release/_deps/protobuf-src/src/google/protobuf/port.h:181:5: warning: testing if a concept-id is a valid expression; add ‘requires’ to check satisfaction [-Wmissing-requires]
  181 |     std::derived_from<std::remove_pointer_t<To>,
      |     ^
      |     requires 
[223/617] Building CXX object _deps/protobuf-build/CMakeFiles/libprotoc.dir/src/google/protobuf/compiler/rust/message.cc.o
In file included from /home/tina.guest/tinylsm-perf-source-v2/tinylsm/build/release/_deps/protobuf-src/src/google/protobuf/extension_set.h:36,
                 from /home/tina.guest/tinylsm-perf-source-v2/tinylsm/build/release/_deps/protobuf-src/src/google/protobuf/descriptor.h:56,
                 from /home/tina.guest/tinylsm-perf-source-v2/tinylsm/build/release/_deps/protobuf-src/src/google/protobuf/compiler/rust/context.h:20,
                 from /home/tina.guest/tinylsm-perf-source-v2/tinylsm/build/release/_deps/protobuf-src/src/google/protobuf/compiler/rust/accessors/accessors.h:12,
                 from /home/tina.guest/tinylsm-perf-source-v2/tinylsm/build/release/_deps/protobuf-src/src/google/protobuf/compiler/rust/message.h:14,
                 from /home/tina.guest/tinylsm-perf-source-v2/tinylsm/build/release/_deps/protobuf-src/src/google/protobuf/compiler/rust/message.cc:8:
/home/tina.guest/tinylsm-perf-source-v2/tinylsm/build/release/_deps/protobuf-src/src/google/protobuf/port.h: In function ‘void google::protobuf::internal::AssertDownCast(From*)’:
/home/tina.guest/tinylsm-perf-source-v2/tinylsm/build/release/_deps/protobuf-src/src/google/protobuf/port.h:181:5: warning: testing if a concept-id is a valid expression; add ‘requires’ to check satisfaction [-Wmissing-requires]
  181 |     std::derived_from<std::remove_pointer_t<To>,
      |     ^
      |     requires 
[224/617] Building CXX object _deps/protobuf-build/CMakeFiles/libprotoc.dir/src/google/protobuf/compiler/rust/rust_field_type.cc.o
In file included from /home/tina.guest/tinylsm-perf-source-v2/tinylsm/build/release/_deps/protobuf-src/src/google/protobuf/extension_set.h:36,
                 from /home/tina.guest/tinylsm-perf-source-v2/tinylsm/build/release/_deps/protobuf-src/src/google/protobuf/descriptor.h:56,
                 from /home/tina.guest/tinylsm-perf-source-v2/tinylsm/build/release/_deps/protobuf-src/src/google/protobuf/compiler/rust/rust_field_type.h:4,
                 from /home/tina.guest/tinylsm-perf-source-v2/tinylsm/build/release/_deps/protobuf-src/src/google/protobuf/compiler/rust/rust_field_type.cc:1:
/home/tina.guest/tinylsm-perf-source-v2/tinylsm/build/release/_deps/protobuf-src/src/google/protobuf/port.h: In function ‘void google::protobuf::internal::AssertDownCast(From*)’:
/home/tina.guest/tinylsm-perf-source-v2/tinylsm/build/release/_deps/protobuf-src/src/google/protobuf/port.h:181:5: warning: testing if a concept-id is a valid expression; add ‘requires’ to check satisfaction [-Wmissing-requires]
  181 |     std::derived_from<std::remove_pointer_t<To>,
      |     ^
      |     requires 
[225/617] Building CXX object _deps/protobuf-build/CMakeFiles/libprotoc.dir/src/google/protobuf/compiler/rust/rust_keywords.cc.o
[226/617] Building CXX object _deps/protobuf-build/CMakeFiles/libprotoc.dir/src/google/protobuf/compiler/rust/upb_helpers.cc.o
In file included from /home/tina.guest/tinylsm-perf-source-v2/tinylsm/build/release/_deps/protobuf-src/src/google/protobuf/extension_set.h:36,
                 from /home/tina.guest/tinylsm-perf-source-v2/tinylsm/build/release/_deps/protobuf-src/src/google/protobuf/descriptor.h:56,
                 from /home/tina.guest/tinylsm-perf-source-v2/tinylsm/build/release/_deps/protobuf-src/src/google/protobuf/compiler/rust/upb_helpers.h:14,
                 from /home/tina.guest/tinylsm-perf-source-v2/tinylsm/build/release/_deps/protobuf-src/src/google/protobuf/compiler/rust/upb_helpers.cc:1:
/home/tina.guest/tinylsm-perf-source-v2/tinylsm/build/release/_deps/protobuf-src/src/google/protobuf/port.h: In function ‘void google::protobuf::internal::AssertDownCast(From*)’:
/home/tina.guest/tinylsm-perf-source-v2/tinylsm/build/release/_deps/protobuf-src/src/google/protobuf/port.h:181:5: warning: testing if a concept-id is a valid expression; add ‘requires’ to check satisfaction [-Wmissing-requires]
  181 |     std::derived_from<std::remove_pointer_t<To>,
      |     ^
      |     requires 
[227/617] Building CXX object _deps/protobuf-build/CMakeFiles/libprotoc.dir/src/google/protobuf/compiler/zip_writer.cc.o
In file included from /home/tina.guest/tinylsm-perf-source-v2/tinylsm/build/release/_deps/protobuf-src/src/google/protobuf/io/zero_copy_stream.h:89,
                 from /home/tina.guest/tinylsm-perf-source-v2/tinylsm/build/release/_deps/protobuf-src/src/google/protobuf/compiler/zip_writer.h:16,
                 from /home/tina.guest/tinylsm-perf-source-v2/tinylsm/build/release/_deps/protobuf-src/src/google/protobuf/compiler/zip_writer.cc:13:
/home/tina.guest/tinylsm-perf-source-v2/tinylsm/build/release/_deps/protobuf-src/src/google/protobuf/port.h: In function ‘void google::protobuf::internal::AssertDownCast(From*)’:
/home/tina.guest/tinylsm-perf-source-v2/tinylsm/build/release/_deps/protobuf-src/src/google/protobuf/port.h:181:5: warning: testing if a concept-id is a valid expression; add ‘requires’ to check satisfaction [-Wmissing-requires]
  181 |     std::derived_from<std::remove_pointer_t<To>,
      |     ^
      |     requires 
[228/617] Building CXX object _deps/protobuf-build/CMakeFiles/libprotoc.dir/src/google/protobuf/compiler/subprocess.cc.o
In file included from /home/tina.guest/tinylsm-perf-source-v2/tinylsm/build/release/_deps/protobuf-src/src/google/protobuf/compiler/subprocess.h:24,
                 from /home/tina.guest/tinylsm-perf-source-v2/tinylsm/build/release/_deps/protobuf-src/src/google/protobuf/compiler/subprocess.cc:10:
/home/tina.guest/tinylsm-perf-source-v2/tinylsm/build/release/_deps/protobuf-src/src/google/protobuf/port.h: In function ‘void google::protobuf::internal::AssertDownCast(From*)’:
/home/tina.guest/tinylsm-perf-source-v2/tinylsm/build/release/_deps/protobuf-src/src/google/protobuf/port.h:181:5: warning: testing if a concept-id is a valid expression; add ‘requires’ to check satisfaction [-Wmissing-requires]
  181 |     std::derived_from<std::remove_pointer_t<To>,
      |     ^
      |     requires 
[229/617] Building C object _deps/protobuf-build/CMakeFiles/libupb.dir/upb/base/status.c.o
[230/617] Building C object _deps/protobuf-build/CMakeFiles/libupb.dir/upb/hash/common.c.o
[231/617] Building CXX object _deps/protobuf-build/CMakeFiles/libprotoc.dir/upb_generator/minitable/names.cc.o
[232/617] Building CXX object _deps/protobuf-build/CMakeFiles/libprotoc.dir/upb_generator/minitable/names_internal.cc.o
[233/617] Building C object _deps/protobuf-build/CMakeFiles/libupb.dir/upb/lex/atoi.c.o
[234/617] Building C object _deps/protobuf-build/CMakeFiles/libupb.dir/upb/lex/round_trip.c.o
[235/617] Building C object _deps/protobuf-build/CMakeFiles/libupb.dir/upb/lex/strtod.c.o
[236/617] Building C object _deps/protobuf-build/CMakeFiles/libupb.dir/upb/lex/unicode.c.o
[237/617] Building C object _deps/protobuf-build/CMakeFiles/libupb.dir/upb/json/encode.c.o
[238/617] Building C object _deps/protobuf-build/CMakeFiles/libupb.dir/upb/mem/alloc.c.o
[239/617] Building C object _deps/protobuf-build/CMakeFiles/libupb.dir/upb/mem/arena.c.o
[240/617] Building C object _deps/protobuf-build/CMakeFiles/libupb.dir/upb/message/accessors.c.o
[241/617] Building C object _deps/protobuf-build/CMakeFiles/libupb.dir/upb/message/array.c.o
[242/617] Building CXX object _deps/protobuf-build/CMakeFiles/libprotoc.dir/src/google/protobuf/testing/file.cc.o
[243/617] Building C object _deps/protobuf-build/CMakeFiles/libupb.dir/upb/json/decode.c.o
[244/617] Building C object _deps/protobuf-build/CMakeFiles/libupb.dir/upb/message/compat.c.o
[245/617] Building CXX object _deps/protobuf-build/CMakeFiles/libprotoc.dir/upb_generator/common/names.cc.o
[246/617] Building C object _deps/protobuf-build/CMakeFiles/libupb.dir/upb/message/internal/extension.c.o
[247/617] Building C object _deps/protobuf-build/CMakeFiles/libupb.dir/upb/message/internal/compare_unknown.c.o
[248/617] Building C object _deps/protobuf-build/CMakeFiles/libupb.dir/upb/message/internal/message.c.o
[249/617] Building C object _deps/protobuf-build/CMakeFiles/libupb.dir/upb/message/internal/iterator.c.o
[250/617] Building C object _deps/protobuf-build/CMakeFiles/libupb.dir/upb/message/compare.c.o
[251/617] Building C object _deps/protobuf-build/CMakeFiles/libupb.dir/upb/message/map_sorter.c.o
[252/617] Building C object _deps/protobuf-build/CMakeFiles/libupb.dir/upb/message/map.c.o
[253/617] Building C object _deps/protobuf-build/CMakeFiles/libupb.dir/upb/message/merge.c.o
[254/617] Building C object _deps/protobuf-build/CMakeFiles/libupb.dir/upb/mini_descriptor/build_enum.c.o
[255/617] Building C object _deps/protobuf-build/CMakeFiles/libupb.dir/upb/mini_descriptor/internal/base92.c.o
[256/617] Building C object _deps/protobuf-build/CMakeFiles/libupb.dir/upb/message/copy.c.o
[257/617] Building C object _deps/protobuf-build/CMakeFiles/libupb.dir/upb/message/message.c.o
[258/617] Building C object _deps/protobuf-build/CMakeFiles/libupb.dir/upb/mini_table/internal/message.c.o
[259/617] Building C object _deps/protobuf-build/CMakeFiles/libupb.dir/upb/mini_descriptor/internal/encode.c.o
[260/617] Building C object _deps/protobuf-build/CMakeFiles/libupb.dir/upb/mini_descriptor/link.c.o
[261/617] Building C object _deps/protobuf-build/CMakeFiles/libupb.dir/upb/mini_table/extension_registry.c.o
[262/617] Building C object _deps/protobuf-build/CMakeFiles/libupb.dir/upb/mini_table/message.c.o
[263/617] Building C object _deps/protobuf-build/CMakeFiles/libupb.dir/upb/reflection/desc_state.c.o
[264/617] Building C object _deps/protobuf-build/CMakeFiles/libupb.dir/upb/reflection/def_type.c.o
[265/617] Building C object _deps/protobuf-build/CMakeFiles/libupb.dir/upb/mini_descriptor/decode.c.o
[266/617] Building C object _deps/protobuf-build/CMakeFiles/libupb.dir/upb/reflection/def_pool.c.o
[267/617] Building C object _deps/protobuf-build/CMakeFiles/libupb.dir/upb/reflection/enum_reserved_range.c.o
[268/617] Building C object _deps/protobuf-build/CMakeFiles/libupb.dir/upb/reflection/enum_def.c.o
[269/617] Building C object _deps/protobuf-build/CMakeFiles/libupb.dir/upb/reflection/extension_range.c.o
[270/617] Building C object _deps/protobuf-build/CMakeFiles/libupb.dir/upb/reflection/enum_value_def.c.o
[271/617] Building C object _deps/protobuf-build/CMakeFiles/libupb.dir/upb/reflection/internal/strdup2.c.o
[272/617] Building CXX object _deps/protobuf-build/CMakeFiles/libprotoc.dir/src/google/protobuf/compiler/versions.cc.o
In file included from /home/tina.guest/tinylsm-perf-source-v2/tinylsm/build/release/_deps/protobuf-src/src/google/protobuf/arena.h:38,
                 from /home/tina.guest/tinylsm-perf-source-v2/tinylsm/build/release/_deps/protobuf-src/src/google/protobuf/compiler/plugin.pb.h:21,
                 from /home/tina.guest/tinylsm-perf-source-v2/tinylsm/build/release/_deps/protobuf-src/src/google/protobuf/compiler/versions.h:35,
                 from /home/tina.guest/tinylsm-perf-source-v2/tinylsm/build/release/_deps/protobuf-src/src/google/protobuf/compiler/versions.cc:8:
/home/tina.guest/tinylsm-perf-source-v2/tinylsm/build/release/_deps/protobuf-src/src/google/protobuf/port.h: In function ‘void google::protobuf::internal::AssertDownCast(From*)’:
/home/tina.guest/tinylsm-perf-source-v2/tinylsm/build/release/_deps/protobuf-src/src/google/protobuf/port.h:181:5: warning: testing if a concept-id is a valid expression; add ‘requires’ to check satisfaction [-Wmissing-requires]
  181 |     std::derived_from<std::remove_pointer_t<To>,
      |     ^
      |     requires 
[273/617] Building C object _deps/protobuf-build/CMakeFiles/libupb.dir/upb/reflection/message_reserved_range.c.o
[274/617] Building C object _deps/protobuf-build/CMakeFiles/libupb.dir/upb/reflection/internal/def_builder.c.o
[275/617] Building C object _deps/protobuf-build/CMakeFiles/libupb.dir/upb/reflection/file_def.c.o
[276/617] Building C object _deps/protobuf-build/CMakeFiles/libupb.dir/upb/reflection/message.c.o
[277/617] Building C object _deps/protobuf-build/CMakeFiles/libupb.dir/upb/reflection/field_def.c.o
[278/617] Building C object _deps/protobuf-build/CMakeFiles/libupb.dir/upb/reflection/method_def.c.o
[279/617] Building C object _deps/protobuf-build/CMakeFiles/libupb.dir/upb/reflection/service_def.c.o
[280/617] Building C object _deps/protobuf-build/CMakeFiles/libupb.dir/upb/reflection/oneof_def.c.o
[281/617] Building C object _deps/protobuf-build/CMakeFiles/libupb.dir/upb/reflection/message_def.c.o
[282/617] Building C object _deps/protobuf-build/CMakeFiles/libupb.dir/upb/text/encode.c.o
[283/617] Building C object _deps/protobuf-build/CMakeFiles/libupb.dir/upb/wire/byte_size.c.o
[284/617] Building C object _deps/protobuf-build/CMakeFiles/libupb.dir/upb/util/required_fields.c.o
[285/617] Building C object _deps/protobuf-build/CMakeFiles/libupb.dir/upb/wire/internal/decode_fast.c.o
[286/617] Building C object _deps/protobuf-build/CMakeFiles/libupb.dir/upb/wire/eps_copy_input_stream.c.o
[287/617] Building C object _deps/protobuf-build/CMakeFiles/libupb.dir/upb/wire/reader.c.o
[288/617] Building C object _deps/protobuf-build/CMakeFiles/libupb.dir/upb/reflection/cmake/google/protobuf/descriptor.upb_minitable.c.o
[289/617] Building C object _deps/protobuf-build/CMakeFiles/libupb.dir/upb/text/internal/encode.c.o
[290/617] Building C object _deps/protobuf-build/CMakeFiles/libupb.dir/upb/wire/encode.c.o
[291/617] Building C object _deps/protobuf-build/CMakeFiles/libupb.dir/upb/wire/decode.c.o
[292/617] Building C object _deps/protobuf-build/CMakeFiles/libupb.dir/upb/util/def_to_proto.c.o
[293/617] Building CXX object _deps/protobuf-build/CMakeFiles/protoc-gen-upb.dir/src/google/protobuf/compiler/code_generator_lite.cc.o
[294/617] Building CXX object _deps/protobuf-build/CMakeFiles/protoc-gen-upb.dir/upb_generator/c/names_internal.cc.o
[295/617] Building CXX object _deps/protobuf-build/CMakeFiles/protoc-gen-upb.dir/src/google/protobuf/port.cc.o
In file included from /home/tina.guest/tinylsm-perf-source-v2/tinylsm/build/release/_deps/protobuf-src/src/google/protobuf/port.cc:8:
/home/tina.guest/tinylsm-perf-source-v2/tinylsm/build/release/_deps/protobuf-src/src/google/protobuf/port.h: In function ‘void google::protobuf::internal::AssertDownCast(From*)’:
/home/tina.guest/tinylsm-perf-source-v2/tinylsm/build/release/_deps/protobuf-src/src/google/protobuf/port.h:181:5: warning: testing if a concept-id is a valid expression; add ‘requires’ to check satisfaction [-Wmissing-requires]
  181 |     std::derived_from<std::remove_pointer_t<To>,
      |     ^
      |     requires 
[296/617] Building CXX object _deps/protobuf-build/CMakeFiles/protoc-gen-upb.dir/upb_generator/minitable/names.cc.o
[297/617] Building CXX object _deps/protobuf-build/CMakeFiles/protoc-gen-upb.dir/upb_generator/common.cc.o
[298/617] Building C object _deps/protobuf-build/CMakeFiles/protoc-gen-upb.dir/upb_generator/cmake/google/protobuf/compiler/plugin.upb_minitable.c.o
[299/617] Building CXX object _deps/protobuf-build/CMakeFiles/protoc-gen-upb.dir/upb_generator/common/names.cc.o
[300/617] Building CXX object _deps/protobuf-build/CMakeFiles/protoc-gen-upbdefs.dir/src/google/protobuf/compiler/code_generator_lite.cc.o
[301/617] Building CXX object _deps/protobuf-build/CMakeFiles/protoc-gen-upb.dir/upb_generator/minitable/names_internal.cc.o
[302/617] Building CXX object _deps/protobuf-build/CMakeFiles/protoc-gen-upbdefs.dir/src/google/protobuf/port.cc.o
In file included from /home/tina.guest/tinylsm-perf-source-v2/tinylsm/build/release/_deps/protobuf-src/src/google/protobuf/port.cc:8:
/home/tina.guest/tinylsm-perf-source-v2/tinylsm/build/release/_deps/protobuf-src/src/google/protobuf/port.h: In function ‘void google::protobuf::internal::AssertDownCast(From*)’:
/home/tina.guest/tinylsm-perf-source-v2/tinylsm/build/release/_deps/protobuf-src/src/google/protobuf/port.h:181:5: warning: testing if a concept-id is a valid expression; add ‘requires’ to check satisfaction [-Wmissing-requires]
  181 |     std::derived_from<std::remove_pointer_t<To>,
      |     ^
      |     requires 
[303/617] Building CXX object _deps/protobuf-build/CMakeFiles/protoc-gen-upb.dir/upb_generator/c/names.cc.o
[304/617] Building CXX object _deps/protobuf-build/CMakeFiles/protoc-gen-upb.dir/upb_generator/file_layout.cc.o
[305/617] Building CXX object _deps/protobuf-build/CMakeFiles/protoc-gen-upbdefs.dir/upb_generator/common.cc.o
[306/617] Building CXX object _deps/protobuf-build/CMakeFiles/protoc-gen-upbdefs.dir/upb_generator/common/names.cc.o
[307/617] Building CXX object _deps/protobuf-build/CMakeFiles/protoc-gen-upbdefs.dir/upb_generator/minitable/names.cc.o
[308/617] Building C object _deps/protobuf-build/CMakeFiles/protoc-gen-upbdefs.dir/upb_generator/cmake/google/protobuf/compiler/plugin.upb_minitable.c.o
[309/617] Building CXX object _deps/protobuf-build/CMakeFiles/protoc-gen-upbdefs.dir/upb_generator/minitable/names_internal.cc.o
[310/617] Building CXX object _deps/protobuf-build/CMakeFiles/protoc-gen-upbdefs.dir/upb_generator/reflection/names.cc.o
[311/617] Building CXX object _deps/protobuf-build/CMakeFiles/protoc-gen-upb_minitable.dir/src/google/protobuf/compiler/code_generator_lite.cc.o
[312/617] Building CXX object _deps/protobuf-build/CMakeFiles/protoc-gen-upb_minitable.dir/upb_generator/common.cc.o
[313/617] Building CXX object _deps/protobuf-build/CMakeFiles/protoc-gen-upb.dir/upb_generator/c/generator.cc.o
[314/617] Building CXX object _deps/protobuf-build/CMakeFiles/protoc-gen-upb_minitable.dir/src/google/protobuf/port.cc.o
In file included from /home/tina.guest/tinylsm-perf-source-v2/tinylsm/build/release/_deps/protobuf-src/src/google/protobuf/port.cc:8:
/home/tina.guest/tinylsm-perf-source-v2/tinylsm/build/release/_deps/protobuf-src/src/google/protobuf/port.h: In function ‘void google::protobuf::internal::AssertDownCast(From*)’:
/home/tina.guest/tinylsm-perf-source-v2/tinylsm/build/release/_deps/protobuf-src/src/google/protobuf/port.h:181:5: warning: testing if a concept-id is a valid expression; add ‘requires’ to check satisfaction [-Wmissing-requires]
  181 |     std::derived_from<std::remove_pointer_t<To>,
      |     ^
      |     requires 
[315/617] Building CXX object _deps/protobuf-build/CMakeFiles/protoc-gen-upbdefs.dir/upb_generator/file_layout.cc.o
[316/617] Building CXX object _deps/protobuf-build/CMakeFiles/protoc-gen-upb_minitable.dir/upb_generator/common/names.cc.o
[317/617] Building CXX object _deps/protobuf-build/CMakeFiles/protoc-gen-upb_minitable.dir/upb_generator/minitable/names.cc.o
[318/617] Building CXX object _deps/protobuf-build/CMakeFiles/protoc-gen-upb_minitable.dir/upb_generator/minitable/names_internal.cc.o
[319/617] Building C object _deps/protobuf-build/CMakeFiles/protoc-gen-upb_minitable.dir/upb_generator/cmake/google/protobuf/compiler/plugin.upb_minitable.c.o
[320/617] Building CXX object _deps/protobuf-build/CMakeFiles/protoc-gen-upbdefs.dir/upb_generator/reflection/generator.cc.o
[321/617] Building CXX object _deps/protobuf-build/third_party/abseil-cpp/absl/base/CMakeFiles/absl_log_severity.dir/log_severity.cc.o
[322/617] Linking CXX static library _deps/protobuf-build/third_party/abseil-cpp/absl/base/libabsl_log_severity.a
[323/617] Building CXX object _deps/protobuf-build/CMakeFiles/protoc-gen-upb_minitable.dir/upb_generator/file_layout.cc.o
[324/617] Building CXX object _deps/protobuf-build/third_party/abseil-cpp/absl/base/CMakeFiles/absl_raw_logging_internal.dir/internal/raw_logging.cc.o
[325/617] Building CXX object _deps/protobuf-build/third_party/abseil-cpp/absl/base/CMakeFiles/absl_spinlock_wait.dir/internal/spinlock_wait.cc.o
[326/617] Linking CXX static library _deps/protobuf-build/third_party/abseil-cpp/absl/base/libabsl_raw_logging_internal.a
[327/617] Linking CXX static library _deps/protobuf-build/third_party/abseil-cpp/absl/base/libabsl_spinlock_wait.a
[328/617] Building CXX object _deps/protobuf-build/CMakeFiles/protoc-gen-upb_minitable.dir/upb_generator/minitable/fasttable.cc.o
[329/617] Building CXX object _deps/protobuf-build/CMakeFiles/protoc-gen-upb_minitable.dir/upb_generator/minitable/main.cc.o
[330/617] Building CXX object _deps/protobuf-build/third_party/abseil-cpp/absl/base/CMakeFiles/absl_malloc_internal.dir/internal/low_level_alloc.cc.o
[331/617] Building CXX object _deps/protobuf-build/third_party/abseil-cpp/absl/base/CMakeFiles/absl_base.dir/internal/cycleclock.cc.o
[332/617] Building CXX object _deps/protobuf-build/third_party/abseil-cpp/absl/base/CMakeFiles/absl_base.dir/internal/unscaledcycleclock.cc.o
[333/617] Building CXX object _deps/protobuf-build/third_party/abseil-cpp/absl/base/CMakeFiles/absl_base.dir/internal/spinlock.cc.o
[334/617] Building CXX object _deps/protobuf-build/CMakeFiles/protoc.dir/src/google/protobuf/compiler/main.cc.o
In file included from /home/tina.guest/tinylsm-perf-source-v2/tinylsm/build/release/_deps/protobuf-src/src/google/protobuf/arena.h:38,
                 from /home/tina.guest/tinylsm-perf-source-v2/tinylsm/build/release/_deps/protobuf-src/src/google/protobuf/descriptor.pb.h:21,
                 from /home/tina.guest/tinylsm-perf-source-v2/tinylsm/build/release/_deps/protobuf-src/src/google/protobuf/compiler/command_line_interface.h:29,
                 from /home/tina.guest/tinylsm-perf-source-v2/tinylsm/build/release/_deps/protobuf-src/src/google/protobuf/compiler/main.cc:9:
/home/tina.guest/tinylsm-perf-source-v2/tinylsm/build/release/_deps/protobuf-src/src/google/protobuf/port.h: In function ‘void google::protobuf::internal::AssertDownCast(From*)’:
/home/tina.guest/tinylsm-perf-source-v2/tinylsm/build/release/_deps/protobuf-src/src/google/protobuf/port.h:181:5: warning: testing if a concept-id is a valid expression; add ‘requires’ to check satisfaction [-Wmissing-requires]
  181 |     std::derived_from<std::remove_pointer_t<To>,
      |     ^
      |     requires 
[335/617] Building CXX object _deps/protobuf-build/third_party/abseil-cpp/absl/base/CMakeFiles/absl_base.dir/internal/sysinfo.cc.o
[336/617] Building CXX object _deps/protobuf-build/third_party/abseil-cpp/absl/base/CMakeFiles/absl_base.dir/internal/thread_identity.cc.o
[337/617] Linking CXX static library _deps/protobuf-build/third_party/abseil-cpp/absl/base/libabsl_base.a
[338/617] Linking CXX static library _deps/protobuf-build/third_party/abseil-cpp/absl/base/libabsl_malloc_internal.a
[339/617] Building CXX object _deps/protobuf-build/CMakeFiles/protoc-gen-upb_minitable.dir/upb_generator/minitable/generator.cc.o
[340/617] Building CXX object _deps/protobuf-build/third_party/abseil-cpp/absl/base/CMakeFiles/absl_scoped_set_env.dir/internal/scoped_set_env.cc.o
[341/617] Linking CXX static library _deps/protobuf-build/third_party/abseil-cpp/absl/base/libabsl_scoped_set_env.a
[342/617] Building CXX object _deps/protobuf-build/third_party/abseil-cpp/absl/base/CMakeFiles/absl_strerror.dir/internal/strerror.cc.o
[343/617] Building CXX object _deps/protobuf-build/third_party/abseil-cpp/absl/base/CMakeFiles/absl_throw_delegate.dir/internal/throw_delegate.cc.o
[344/617] Linking CXX static library _deps/protobuf-build/third_party/abseil-cpp/absl/base/libabsl_strerror.a
[345/617] Linking CXX static library _deps/protobuf-build/third_party/abseil-cpp/absl/base/libabsl_throw_delegate.a
[346/617] Building CXX object _deps/protobuf-build/third_party/abseil-cpp/absl/crc/CMakeFiles/absl_crc_cpu_detect.dir/internal/cpu_detect.cc.o
[347/617] Linking CXX static library _deps/protobuf-build/third_party/abseil-cpp/absl/crc/libabsl_crc_cpu_detect.a
[348/617] Building CXX object _deps/protobuf-build/third_party/abseil-cpp/absl/crc/CMakeFiles/absl_crc_internal.dir/internal/crc_x86_arm_combined.cc.o
[349/617] Building CXX object _deps/protobuf-build/third_party/abseil-cpp/absl/crc/CMakeFiles/absl_crc_internal.dir/internal/crc.cc.o
[350/617] Linking CXX static library _deps/protobuf-build/third_party/abseil-cpp/absl/crc/libabsl_crc_internal.a
[351/617] Building CXX object _deps/protobuf-build/third_party/abseil-cpp/absl/container/CMakeFiles/absl_hashtablez_sampler.dir/internal/hashtablez_sampler_force_weak_definition.cc.o
[352/617] Building CXX object _deps/protobuf-build/third_party/abseil-cpp/absl/container/CMakeFiles/absl_hashtablez_sampler.dir/internal/hashtablez_sampler.cc.o
[353/617] Building CXX object _deps/protobuf-build/third_party/abseil-cpp/absl/crc/CMakeFiles/absl_crc32c.dir/internal/crc_memcpy_x86_arm_combined.cc.o
[354/617] Building CXX object _deps/protobuf-build/third_party/abseil-cpp/absl/crc/CMakeFiles/absl_crc32c.dir/crc32c.cc.o
[355/617] Building CXX object _deps/protobuf-build/third_party/abseil-cpp/absl/crc/CMakeFiles/absl_crc32c.dir/internal/crc_memcpy_fallback.cc.o
[356/617] Building CXX object _deps/protobuf-build/third_party/abseil-cpp/absl/debugging/CMakeFiles/absl_stacktrace.dir/stacktrace.cc.o
[357/617] Building CXX object _deps/protobuf-build/third_party/abseil-cpp/absl/crc/CMakeFiles/absl_crc32c.dir/internal/crc_non_temporal_memcpy.cc.o
[358/617] Building CXX object _deps/protobuf-build/third_party/abseil-cpp/absl/container/CMakeFiles/absl_raw_hash_set.dir/internal/raw_hash_set.cc.o
[359/617] Building CXX object _deps/protobuf-build/third_party/abseil-cpp/absl/debugging/CMakeFiles/absl_examine_stack.dir/internal/examine_stack.cc.o
[360/617] Building CXX object _deps/protobuf-build/third_party/abseil-cpp/absl/debugging/CMakeFiles/absl_debugging_internal.dir/internal/address_is_readable.cc.o
[361/617] Building CXX object _deps/protobuf-build/third_party/abseil-cpp/absl/debugging/CMakeFiles/absl_symbolize.dir/symbolize.cc.o
[362/617] Building CXX object _deps/protobuf-build/third_party/abseil-cpp/absl/debugging/CMakeFiles/absl_leak_check.dir/leak_check.cc.o
[363/617] Linking CXX static library _deps/protobuf-build/third_party/abseil-cpp/absl/debugging/libabsl_leak_check.a
[364/617] Building CXX object _deps/protobuf-build/third_party/abseil-cpp/absl/debugging/CMakeFiles/absl_debugging_internal.dir/internal/vdso_support.cc.o
[365/617] Building CXX object _deps/protobuf-build/third_party/abseil-cpp/absl/debugging/CMakeFiles/absl_failure_signal_handler.dir/failure_signal_handler.cc.o
[366/617] Building CXX object _deps/protobuf-build/third_party/abseil-cpp/absl/debugging/CMakeFiles/absl_debugging_internal.dir/internal/elf_mem_image.cc.o
[367/617] Linking CXX static library _deps/protobuf-build/third_party/abseil-cpp/absl/debugging/libabsl_debugging_internal.a
[368/617] Linking CXX static library _deps/protobuf-build/third_party/abseil-cpp/absl/debugging/libabsl_stacktrace.a
[369/617] Building CXX object _deps/protobuf-build/third_party/abseil-cpp/absl/flags/CMakeFiles/absl_flags_commandlineflag_internal.dir/internal/commandlineflag.cc.o
[370/617] Building CXX object _deps/protobuf-build/third_party/abseil-cpp/absl/crc/CMakeFiles/absl_crc_cord_state.dir/internal/crc_cord_state.cc.o
[371/617] Linking CXX static library _deps/protobuf-build/third_party/abseil-cpp/absl/flags/libabsl_flags_commandlineflag_internal.a
[372/617] Building CXX object _deps/protobuf-build/third_party/abseil-cpp/absl/flags/CMakeFiles/absl_flags_private_handle_accessor.dir/internal/private_handle_accessor.cc.o
[373/617] Building CXX object _deps/protobuf-build/third_party/abseil-cpp/absl/flags/CMakeFiles/absl_flags_commandlineflag.dir/commandlineflag.cc.o
[374/617] Building CXX object _deps/protobuf-build/third_party/abseil-cpp/absl/debugging/CMakeFiles/absl_demangle_internal.dir/internal/demangle.cc.o
[375/617] Linking CXX static library _deps/protobuf-build/third_party/abseil-cpp/absl/debugging/libabsl_demangle_internal.a
[376/617] Building CXX object _deps/protobuf-build/third_party/abseil-cpp/absl/flags/CMakeFiles/absl_flags_program_name.dir/internal/program_name.cc.o
[377/617] Building CXX object _deps/protobuf-build/third_party/abseil-cpp/absl/flags/CMakeFiles/absl_flags_config.dir/usage_config.cc.o
[378/617] Building CXX object _deps/protobuf-build/third_party/abseil-cpp/absl/flags/CMakeFiles/absl_flags_marshalling.dir/marshalling.cc.o
[379/617] Building CXX object _deps/protobuf-build/third_party/abseil-cpp/absl/flags/CMakeFiles/absl_flags_usage.dir/usage.cc.o
[380/617] Building CXX object _deps/protobuf-build/third_party/abseil-cpp/absl/flags/CMakeFiles/absl_flags_internal.dir/internal/flag.cc.o
[381/617] Building CXX object _deps/protobuf-build/third_party/abseil-cpp/absl/hash/CMakeFiles/absl_city.dir/internal/city.cc.o
[382/617] Linking CXX static library _deps/protobuf-build/third_party/abseil-cpp/absl/hash/libabsl_city.a
[383/617] Building CXX object _deps/protobuf-build/third_party/abseil-cpp/absl/hash/CMakeFiles/absl_hash.dir/internal/hash.cc.o
[384/617] Building CXX object _deps/protobuf-build/third_party/abseil-cpp/absl/log/CMakeFiles/absl_log_internal_conditions.dir/internal/conditions.cc.o
[385/617] Linking CXX static library _deps/protobuf-build/third_party/abseil-cpp/absl/log/libabsl_log_internal_conditions.a
[386/617] Building CXX object _deps/protobuf-build/third_party/abseil-cpp/absl/hash/CMakeFiles/absl_low_level_hash.dir/internal/low_level_hash.cc.o
[387/617] Building CXX object _deps/protobuf-build/third_party/abseil-cpp/absl/flags/CMakeFiles/absl_flags_usage_internal.dir/internal/usage.cc.o
[388/617] Building CXX object _deps/protobuf-build/third_party/abseil-cpp/absl/flags/CMakeFiles/absl_flags_reflection.dir/reflection.cc.o
[389/617] Building CXX object _deps/protobuf-build/third_party/abseil-cpp/absl/log/CMakeFiles/absl_log_internal_proto.dir/internal/proto.cc.o
[390/617] Building CXX object _deps/protobuf-build/third_party/abseil-cpp/absl/log/CMakeFiles/absl_log_internal_check_op.dir/internal/check_op.cc.o
[391/617] Building CXX object _deps/protobuf-build/third_party/abseil-cpp/absl/log/CMakeFiles/absl_log_internal_format.dir/internal/log_format.cc.o
[392/617] Building CXX object _deps/protobuf-build/third_party/abseil-cpp/absl/log/CMakeFiles/absl_log_internal_globals.dir/internal/globals.cc.o
[393/617] Building CXX object _deps/protobuf-build/third_party/abseil-cpp/absl/log/CMakeFiles/absl_log_internal_nullguard.dir/internal/nullguard.cc.o
[394/617] Linking CXX static library _deps/protobuf-build/third_party/abseil-cpp/absl/log/libabsl_log_internal_nullguard.a
[395/617] Building CXX object _deps/protobuf-build/third_party/abseil-cpp/absl/flags/CMakeFiles/absl_flags_parse.dir/parse.cc.o
[396/617] Building CXX object _deps/protobuf-build/third_party/abseil-cpp/absl/log/CMakeFiles/absl_log_globals.dir/globals.cc.o
[397/617] Building CXX object _deps/protobuf-build/third_party/abseil-cpp/absl/log/CMakeFiles/absl_die_if_null.dir/die_if_null.cc.o
[398/617] Building CXX object _deps/protobuf-build/third_party/abseil-cpp/absl/log/CMakeFiles/absl_log_internal_message.dir/internal/log_message.cc.o
[399/617] Building CXX object _deps/protobuf-build/third_party/abseil-cpp/absl/log/CMakeFiles/absl_log_flags.dir/flags.cc.o
[400/617] Building CXX object _deps/protobuf-build/third_party/abseil-cpp/absl/log/CMakeFiles/absl_log_internal_log_sink_set.dir/internal/log_sink_set.cc.o
[401/617] Building CXX object _deps/protobuf-build/third_party/abseil-cpp/absl/log/CMakeFiles/absl_log_internal_fnmatch.dir/internal/fnmatch.cc.o
[402/617] Building CXX object _deps/protobuf-build/third_party/abseil-cpp/absl/profiling/CMakeFiles/absl_exponential_biased.dir/internal/exponential_biased.cc.o
[403/617] Linking CXX static library _deps/protobuf-build/third_party/abseil-cpp/absl/profiling/libabsl_exponential_biased.a
[404/617] Building CXX object _deps/protobuf-build/third_party/abseil-cpp/absl/profiling/CMakeFiles/absl_periodic_sampler.dir/internal/periodic_sampler.cc.o
[405/617] Linking CXX static library _deps/protobuf-build/third_party/abseil-cpp/absl/profiling/libabsl_periodic_sampler.a
[406/617] Building CXX object _deps/protobuf-build/third_party/abseil-cpp/absl/log/CMakeFiles/absl_log_sink.dir/log_sink.cc.o
[407/617] Building CXX object _deps/protobuf-build/third_party/abseil-cpp/absl/log/CMakeFiles/absl_log_initialize.dir/initialize.cc.o
[408/617] Building CXX object _deps/protobuf-build/third_party/abseil-cpp/absl/numeric/CMakeFiles/absl_int128.dir/int128.cc.o
[409/617] Linking CXX static library _deps/protobuf-build/third_party/abseil-cpp/absl/numeric/libabsl_int128.a
[410/617] Linking CXX static library _deps/protobuf-build/third_party/abseil-cpp/absl/hash/libabsl_low_level_hash.a
[411/617] Building CXX object _deps/protobuf-build/third_party/abseil-cpp/absl/random/CMakeFiles/absl_random_seed_gen_exception.dir/seed_gen_exception.cc.o
[412/617] Linking CXX static library _deps/protobuf-build/third_party/abseil-cpp/absl/random/libabsl_random_seed_gen_exception.a
[413/617] Building CXX object _deps/protobuf-build/third_party/abseil-cpp/absl/log/CMakeFiles/absl_log_entry.dir/log_entry.cc.o
[414/617] Building CXX object _deps/protobuf-build/third_party/abseil-cpp/absl/random/CMakeFiles/absl_random_distributions.dir/gaussian_distribution.cc.o
[415/617] Building CXX object _deps/protobuf-build/third_party/abseil-cpp/absl/random/CMakeFiles/absl_random_internal_platform.dir/internal/randen_round_keys.cc.o
[416/617] Linking CXX static library _deps/protobuf-build/third_party/abseil-cpp/absl/random/libabsl_random_internal_platform.a
[417/617] Building CXX object _deps/protobuf-build/third_party/abseil-cpp/absl/log/CMakeFiles/absl_vlog_config_internal.dir/internal/vlog_config.cc.o
[418/617] Building CXX object _deps/protobuf-build/third_party/abseil-cpp/absl/random/CMakeFiles/absl_random_distributions.dir/discrete_distribution.cc.o
[419/617] Building CXX object _deps/protobuf-build/third_party/abseil-cpp/absl/random/CMakeFiles/absl_random_internal_randen_hwaes.dir/internal/randen_detect.cc.o
[420/617] Building CXX object _deps/protobuf-build/third_party/abseil-cpp/absl/random/CMakeFiles/absl_random_internal_randen.dir/internal/randen.cc.o
[421/617] Building CXX object _deps/protobuf-build/third_party/abseil-cpp/absl/random/CMakeFiles/absl_random_seed_sequences.dir/seed_sequences.cc.o
[422/617] Building CXX object _deps/protobuf-build/third_party/abseil-cpp/absl/random/CMakeFiles/absl_random_internal_randen_slow.dir/internal/randen_slow.cc.o
[423/617] Linking CXX static library _deps/protobuf-build/third_party/abseil-cpp/absl/random/libabsl_random_internal_randen_slow.a
[424/617] Building CXX object _deps/protobuf-build/third_party/abseil-cpp/absl/random/CMakeFiles/absl_random_internal_randen_hwaes_impl.dir/internal/randen_hwaes.cc.o
[425/617] Building CXX object _deps/protobuf-build/third_party/abseil-cpp/absl/random/CMakeFiles/absl_random_internal_seed_material.dir/internal/seed_material.cc.o
[426/617] Linking CXX static library _deps/protobuf-build/third_party/abseil-cpp/absl/random/libabsl_random_internal_randen_hwaes_impl.a
[427/617] Linking CXX static library _deps/protobuf-build/third_party/abseil-cpp/absl/random/libabsl_random_internal_randen_hwaes.a
[428/617] Building CXX object _deps/protobuf-build/third_party/abseil-cpp/absl/random/CMakeFiles/absl_random_internal_pool_urbg.dir/internal/pool_urbg.cc.o
[429/617] Linking CXX static library _deps/protobuf-build/third_party/abseil-cpp/absl/random/libabsl_random_internal_randen.a
[430/617] Building CXX object _deps/protobuf-build/third_party/abseil-cpp/absl/random/CMakeFiles/absl_random_internal_distribution_test_util.dir/internal/chi_square.cc.o
[431/617] Building CXX object _deps/protobuf-build/third_party/abseil-cpp/absl/random/CMakeFiles/absl_random_internal_distribution_test_util.dir/internal/distribution_test_util.cc.o
[432/617] Building CXX object _deps/protobuf-build/third_party/abseil-cpp/absl/strings/CMakeFiles/absl_string_view.dir/string_view.cc.o
[433/617] Linking CXX static library _deps/protobuf-build/third_party/abseil-cpp/absl/strings/libabsl_string_view.a
[434/617] Building CXX object _deps/protobuf-build/third_party/abseil-cpp/absl/strings/CMakeFiles/absl_strings.dir/ascii.cc.o
[435/617] Building CXX object _deps/protobuf-build/third_party/abseil-cpp/absl/status/CMakeFiles/absl_status.dir/status.cc.o
[436/617] Building CXX object _deps/protobuf-build/third_party/abseil-cpp/absl/status/CMakeFiles/absl_status.dir/status_payload_printer.cc.o
[437/617] Building CXX object _deps/protobuf-build/third_party/abseil-cpp/absl/status/CMakeFiles/absl_statusor.dir/statusor.cc.o
[438/617] Building CXX object _deps/protobuf-build/third_party/abseil-cpp/absl/status/CMakeFiles/absl_status.dir/internal/status_internal.cc.o
[439/617] Building CXX object _deps/protobuf-build/third_party/abseil-cpp/absl/strings/CMakeFiles/absl_strings.dir/charconv.cc.o
[440/617] Building CXX object _deps/protobuf-build/third_party/abseil-cpp/absl/strings/CMakeFiles/absl_strings.dir/internal/memutil.cc.o
[441/617] Building CXX object _deps/protobuf-build/third_party/abseil-cpp/absl/strings/CMakeFiles/absl_strings.dir/internal/damerau_levenshtein_distance.cc.o
[442/617] Building CXX object _deps/protobuf-build/third_party/abseil-cpp/absl/strings/CMakeFiles/absl_strings.dir/escaping.cc.o
[443/617] Building CXX object _deps/protobuf-build/third_party/abseil-cpp/absl/strings/CMakeFiles/absl_strings.dir/internal/charconv_parse.cc.o
[444/617] Building CXX object _deps/protobuf-build/third_party/abseil-cpp/absl/strings/CMakeFiles/absl_strings.dir/internal/stringify_sink.cc.o
[445/617] Building CXX object _deps/protobuf-build/third_party/abseil-cpp/absl/strings/CMakeFiles/absl_strings.dir/match.cc.o
[446/617] Building CXX object _deps/protobuf-build/third_party/abseil-cpp/absl/strings/CMakeFiles/absl_strings.dir/internal/charconv_bigint.cc.o
[447/617] Building CXX object _deps/protobuf-build/third_party/abseil-cpp/absl/strings/CMakeFiles/absl_strings.dir/str_replace.cc.o
[448/617] Building CXX object _deps/protobuf-build/third_party/abseil-cpp/absl/strings/CMakeFiles/absl_strings_internal.dir/internal/utf8.cc.o
[449/617] Building CXX object _deps/protobuf-build/third_party/abseil-cpp/absl/strings/CMakeFiles/absl_strings.dir/str_cat.cc.o
[450/617] Building CXX object _deps/protobuf-build/third_party/abseil-cpp/absl/strings/CMakeFiles/absl_strings.dir/str_split.cc.o
[451/617] Building CXX object _deps/protobuf-build/third_party/abseil-cpp/absl/strings/CMakeFiles/absl_strings_internal.dir/internal/ostringstream.cc.o
[452/617] Building CXX object _deps/protobuf-build/third_party/abseil-cpp/absl/strings/CMakeFiles/absl_strings.dir/numbers.cc.o
[453/617] Building CXX object _deps/protobuf-build/third_party/abseil-cpp/absl/strings/CMakeFiles/absl_strings.dir/substitute.cc.o
[454/617] Building CXX object _deps/protobuf-build/third_party/abseil-cpp/absl/strings/CMakeFiles/absl_str_format_internal.dir/internal/str_format/extension.cc.o
[455/617] Building CXX object _deps/protobuf-build/third_party/abseil-cpp/absl/strings/CMakeFiles/absl_strings_internal.dir/internal/escaping.cc.o
[456/617] Linking CXX static library _deps/protobuf-build/third_party/abseil-cpp/absl/strings/libabsl_strings_internal.a
[457/617] Building CXX object _deps/protobuf-build/third_party/abseil-cpp/absl/strings/CMakeFiles/absl_str_format_internal.dir/internal/str_format/output.cc.o
[458/617] Linking CXX static library _deps/protobuf-build/third_party/abseil-cpp/absl/strings/libabsl_strings.a
[459/617] Linking CXX static library _deps/protobuf-build/third_party/abseil-cpp/absl/debugging/libabsl_symbolize.a
[460/617] Linking CXX static library _deps/protobuf-build/third_party/abseil-cpp/absl/debugging/libabsl_examine_stack.a
[461/617] Linking CXX static library _deps/protobuf-build/third_party/abseil-cpp/absl/debugging/libabsl_failure_signal_handler.a
[462/617] Linking CXX static library _deps/protobuf-build/third_party/abseil-cpp/absl/log/libabsl_log_internal_proto.a
[463/617] Linking CXX static library _deps/protobuf-build/third_party/abseil-cpp/absl/log/libabsl_log_internal_fnmatch.a
[464/617] Linking CXX static library _deps/protobuf-build/third_party/abseil-cpp/absl/random/libabsl_random_distributions.a
[465/617] Building CXX object _deps/protobuf-build/third_party/abseil-cpp/absl/strings/CMakeFiles/absl_str_format_internal.dir/internal/str_format/bind.cc.o
[466/617] Building CXX object _deps/protobuf-build/third_party/abseil-cpp/absl/strings/CMakeFiles/absl_str_format_internal.dir/internal/str_format/arg.cc.o
[467/617] Building CXX object _deps/protobuf-build/third_party/abseil-cpp/absl/strings/CMakeFiles/absl_cord_internal.dir/internal/cord_internal.cc.o
[468/617] Building CXX object _deps/protobuf-build/third_party/abseil-cpp/absl/strings/CMakeFiles/absl_str_format_internal.dir/internal/str_format/parser.cc.o
[469/617] Building CXX object _deps/protobuf-build/third_party/abseil-cpp/absl/strings/CMakeFiles/absl_cord_internal.dir/internal/cord_rep_btree_navigator.cc.o
[470/617] Building CXX object _deps/protobuf-build/third_party/abseil-cpp/absl/strings/CMakeFiles/absl_str_format_internal.dir/internal/str_format/float_conversion.cc.o
[471/617] Linking CXX static library _deps/protobuf-build/third_party/abseil-cpp/absl/strings/libabsl_str_format_internal.a
[472/617] Linking CXX static library _deps/protobuf-build/third_party/abseil-cpp/absl/crc/libabsl_crc32c.a
[473/617] Linking CXX static library _deps/protobuf-build/third_party/abseil-cpp/absl/crc/libabsl_crc_cord_state.a
[474/617] Linking CXX static library _deps/protobuf-build/third_party/abseil-cpp/absl/random/libabsl_random_internal_distribution_test_util.a
[475/617] Building CXX object _deps/protobuf-build/third_party/abseil-cpp/absl/strings/CMakeFiles/absl_cord_internal.dir/internal/cord_rep_crc.cc.o
[476/617] Building CXX object _deps/protobuf-build/third_party/abseil-cpp/absl/strings/CMakeFiles/absl_cord_internal.dir/internal/cord_rep_btree_reader.cc.o
[477/617] Building CXX object _deps/protobuf-build/third_party/abseil-cpp/absl/strings/CMakeFiles/absl_cordz_functions.dir/internal/cordz_functions.cc.o
[478/617] Linking CXX static library _deps/protobuf-build/third_party/abseil-cpp/absl/strings/libabsl_cordz_functions.a
[479/617] Building CXX object _deps/protobuf-build/third_party/abseil-cpp/absl/strings/CMakeFiles/absl_cord_internal.dir/internal/cord_rep_consume.cc.o
[480/617] Building CXX object _deps/protobuf-build/third_party/abseil-cpp/absl/strings/CMakeFiles/absl_cordz_handle.dir/internal/cordz_handle.cc.o
[481/617] Building CXX object _deps/protobuf-build/third_party/abseil-cpp/absl/strings/CMakeFiles/absl_cordz_sample_token.dir/internal/cordz_sample_token.cc.o
[482/617] Building CXX object _deps/protobuf-build/third_party/abseil-cpp/absl/strings/CMakeFiles/absl_cord.dir/cord_analysis.cc.o
[483/617] Building CXX object _deps/protobuf-build/third_party/abseil-cpp/absl/strings/CMakeFiles/absl_cordz_info.dir/internal/cordz_info.cc.o
[484/617] Building CXX object _deps/protobuf-build/third_party/abseil-cpp/absl/strings/CMakeFiles/absl_cord_internal.dir/internal/cord_rep_btree.cc.o
[485/617] Linking CXX static library _deps/protobuf-build/third_party/abseil-cpp/absl/strings/libabsl_cord_internal.a
[486/617] Building CXX object _deps/protobuf-build/third_party/abseil-cpp/absl/strings/CMakeFiles/absl_cord.dir/cord_buffer.cc.o
[487/617] Building CXX object _deps/protobuf-build/third_party/abseil-cpp/absl/synchronization/CMakeFiles/absl_graphcycles_internal.dir/internal/graphcycles.cc.o
[488/617] Linking CXX static library _deps/protobuf-build/third_party/abseil-cpp/absl/synchronization/libabsl_graphcycles_internal.a
[489/617] Building CXX object _deps/protobuf-build/third_party/abseil-cpp/absl/synchronization/CMakeFiles/absl_synchronization.dir/barrier.cc.o
[490/617] Building CXX object _deps/protobuf-build/third_party/abseil-cpp/absl/synchronization/CMakeFiles/absl_kernel_timeout_internal.dir/internal/kernel_timeout.cc.o
[491/617] Building CXX object _deps/protobuf-build/third_party/abseil-cpp/absl/synchronization/CMakeFiles/absl_synchronization.dir/blocking_counter.cc.o
[492/617] Building CXX object _deps/protobuf-build/third_party/abseil-cpp/absl/synchronization/CMakeFiles/absl_synchronization.dir/internal/create_thread_identity.cc.o
[493/617] Building CXX object _deps/protobuf-build/third_party/abseil-cpp/absl/synchronization/CMakeFiles/absl_synchronization.dir/internal/futex_waiter.cc.o
[494/617] Building CXX object _deps/protobuf-build/third_party/abseil-cpp/absl/synchronization/CMakeFiles/absl_synchronization.dir/internal/per_thread_sem.cc.o
[495/617] Building CXX object _deps/protobuf-build/third_party/abseil-cpp/absl/synchronization/CMakeFiles/absl_synchronization.dir/internal/win32_waiter.cc.o
[496/617] Building CXX object _deps/protobuf-build/third_party/abseil-cpp/absl/synchronization/CMakeFiles/absl_synchronization.dir/internal/pthread_waiter.cc.o
[497/617] Building CXX object _deps/protobuf-build/third_party/abseil-cpp/absl/strings/CMakeFiles/absl_cord.dir/cord.cc.o
[498/617] Building CXX object _deps/protobuf-build/third_party/abseil-cpp/absl/synchronization/CMakeFiles/absl_synchronization.dir/internal/sem_waiter.cc.o
[499/617] Building CXX object _deps/protobuf-build/third_party/abseil-cpp/absl/synchronization/CMakeFiles/absl_synchronization.dir/internal/stdcpp_waiter.cc.o
[500/617] Building CXX object _deps/protobuf-build/third_party/abseil-cpp/absl/synchronization/CMakeFiles/absl_synchronization.dir/internal/waiter_base.cc.o
[501/617] Building CXX object _deps/protobuf-build/third_party/abseil-cpp/absl/synchronization/CMakeFiles/absl_synchronization.dir/notification.cc.o
[502/617] Building CXX object _deps/protobuf-build/third_party/abseil-cpp/absl/synchronization/CMakeFiles/absl_synchronization.dir/mutex.cc.o
[503/617] Building CXX object _deps/protobuf-build/third_party/abseil-cpp/absl/time/CMakeFiles/absl_time.dir/clock.cc.o
[504/617] Building CXX object _deps/protobuf-build/third_party/abseil-cpp/absl/time/CMakeFiles/absl_time.dir/civil_time.cc.o
[505/617] Building CXX object _deps/protobuf-build/third_party/abseil-cpp/absl/time/CMakeFiles/absl_time.dir/format.cc.o
[506/617] Building CXX object _deps/protobuf-build/third_party/abseil-cpp/absl/time/CMakeFiles/absl_civil_time.dir/internal/cctz/src/civil_time_detail.cc.o
[507/617] Linking CXX static library _deps/protobuf-build/third_party/abseil-cpp/absl/time/libabsl_civil_time.a
[508/617] Building CXX object _deps/protobuf-build/third_party/abseil-cpp/absl/time/CMakeFiles/absl_time.dir/duration.cc.o
[509/617] Building CXX object _deps/protobuf-build/third_party/abseil-cpp/absl/time/CMakeFiles/absl_time_zone.dir/internal/cctz/src/time_zone_fixed.cc.o
[510/617] Building CXX object _deps/protobuf-build/third_party/abseil-cpp/absl/time/CMakeFiles/absl_time_zone.dir/internal/cctz/src/time_zone_if.cc.o
[511/617] Building CXX object _deps/protobuf-build/third_party/abseil-cpp/absl/time/CMakeFiles/absl_time.dir/time.cc.o
[512/617] Building CXX object _deps/protobuf-build/third_party/abseil-cpp/absl/time/CMakeFiles/absl_time_zone.dir/internal/cctz/src/time_zone_impl.cc.o
[513/617] Building CXX object _deps/protobuf-build/third_party/abseil-cpp/absl/time/CMakeFiles/absl_time_zone.dir/internal/cctz/src/time_zone_posix.cc.o
[514/617] Building CXX object _deps/protobuf-build/third_party/abseil-cpp/absl/types/CMakeFiles/absl_bad_any_cast_impl.dir/bad_any_cast.cc.o
[515/617] Linking CXX static library _deps/protobuf-build/third_party/abseil-cpp/absl/types/libabsl_bad_any_cast_impl.a
[516/617] Building CXX object _deps/protobuf-build/third_party/abseil-cpp/absl/types/CMakeFiles/absl_bad_optional_access.dir/bad_optional_access.cc.o
[517/617] Linking CXX static library _deps/protobuf-build/third_party/abseil-cpp/absl/types/libabsl_bad_optional_access.a
[518/617] Linking CXX static library _deps/protobuf-build/third_party/abseil-cpp/absl/flags/libabsl_flags_marshalling.a
[519/617] Linking CXX static library _deps/protobuf-build/third_party/abseil-cpp/absl/flags/libabsl_flags_commandlineflag.a
[520/617] Linking CXX static library _deps/protobuf-build/third_party/abseil-cpp/absl/flags/libabsl_flags_private_handle_accessor.a
[521/617] Linking CXX static library _deps/protobuf-build/third_party/abseil-cpp/absl/random/libabsl_random_internal_seed_material.a
[522/617] Linking CXX static library _deps/protobuf-build/third_party/abseil-cpp/absl/random/libabsl_random_internal_pool_urbg.a
[523/617] Linking CXX static library _deps/protobuf-build/third_party/abseil-cpp/absl/random/libabsl_random_seed_sequences.a
[524/617] Building CXX object _deps/protobuf-build/third_party/abseil-cpp/absl/time/CMakeFiles/absl_time_zone.dir/internal/cctz/src/time_zone_libc.cc.o
[525/617] Building C object _deps/protobuf-build/third_party/utf8_range/CMakeFiles/utf8_range.dir/utf8_range.c.o
[526/617] Linking C static library _deps/protobuf-build/third_party/utf8_range/libutf8_range.a
[527/617] Building CXX object _deps/protobuf-build/third_party/abseil-cpp/absl/time/CMakeFiles/absl_time_zone.dir/internal/cctz/src/zone_info_source.cc.o
[528/617] Linking C static library _deps/protobuf-build/libupb.a
[529/617] Building CXX object _deps/protobuf-build/third_party/abseil-cpp/absl/time/CMakeFiles/absl_time_zone.dir/internal/cctz/src/time_zone_format.cc.o
[530/617] Building CXX object _deps/protobuf-build/third_party/abseil-cpp/absl/time/CMakeFiles/absl_time_zone.dir/internal/cctz/src/time_zone_lookup.cc.o
[531/617] Building CXX object _deps/protobuf-build/third_party/abseil-cpp/absl/types/CMakeFiles/absl_bad_variant_access.dir/bad_variant_access.cc.o
[532/617] Building C object _deps/protobuf-build/third_party/utf8_range/CMakeFiles/utf8_validity.dir/utf8_range.c.o
[533/617] Linking CXX static library _deps/protobuf-build/third_party/abseil-cpp/absl/types/libabsl_bad_variant_access.a
[534/617] Linking CXX static library _deps/protobuf-build/third_party/abseil-cpp/absl/hash/libabsl_hash.a
[535/617] Building CXX object _deps/protobuf-build/third_party/utf8_range/CMakeFiles/utf8_validity.dir/utf8_validity.cc.o
[536/617] Linking CXX static library _deps/protobuf-build/third_party/utf8_range/libutf8_validity.a
[537/617] Building CXX object _deps/protobuf-build/third_party/abseil-cpp/absl/time/CMakeFiles/absl_time_zone.dir/internal/cctz/src/time_zone_info.cc.o
[538/617] Linking CXX static library _deps/protobuf-build/third_party/abseil-cpp/absl/time/libabsl_time_zone.a
[539/617] Linking CXX static library _deps/protobuf-build/third_party/abseil-cpp/absl/time/libabsl_time.a
[540/617] Linking CXX static library _deps/protobuf-build/third_party/abseil-cpp/absl/log/libabsl_log_internal_globals.a
[541/617] Linking CXX static library _deps/protobuf-build/third_party/abseil-cpp/absl/log/libabsl_log_entry.a
[542/617] Linking CXX static library _deps/protobuf-build/third_party/abseil-cpp/absl/synchronization/libabsl_kernel_timeout_internal.a
[543/617] Linking CXX static library _deps/protobuf-build/third_party/abseil-cpp/absl/log/libabsl_log_sink.a
[544/617] Linking CXX static library _deps/protobuf-build/third_party/abseil-cpp/absl/log/libabsl_log_internal_format.a
[545/617] Linking CXX static library _deps/protobuf-build/third_party/abseil-cpp/absl/synchronization/libabsl_synchronization.a
[546/617] Linking CXX static library _deps/protobuf-build/third_party/abseil-cpp/absl/strings/libabsl_cordz_handle.a
[547/617] Linking CXX static library _deps/protobuf-build/third_party/abseil-cpp/absl/container/libabsl_hashtablez_sampler.a
[548/617] Linking CXX static library _deps/protobuf-build/third_party/abseil-cpp/absl/log/libabsl_vlog_config_internal.a
[549/617] Linking CXX static library _deps/protobuf-build/third_party/abseil-cpp/absl/flags/libabsl_flags_program_name.a
[550/617] Linking CXX static library _deps/protobuf-build/third_party/abseil-cpp/absl/log/libabsl_log_globals.a
[551/617] Linking CXX static library _deps/protobuf-build/third_party/abseil-cpp/absl/strings/libabsl_cordz_info.a
[552/617] Linking CXX static library _deps/protobuf-build/third_party/abseil-cpp/absl/container/libabsl_raw_hash_set.a
[553/617] Linking CXX static library _deps/protobuf-build/third_party/abseil-cpp/absl/flags/libabsl_flags_config.a
[554/617] Linking CXX static library _deps/protobuf-build/third_party/abseil-cpp/absl/log/libabsl_log_initialize.a
[555/617] Linking CXX static library _deps/protobuf-build/third_party/abseil-cpp/absl/strings/libabsl_cordz_sample_token.a
[556/617] Linking CXX static library _deps/protobuf-build/third_party/abseil-cpp/absl/strings/libabsl_cord.a
[557/617] Linking CXX static library _deps/protobuf-build/third_party/abseil-cpp/absl/log/libabsl_log_internal_log_sink_set.a
[558/617] Linking CXX static library _deps/protobuf-build/third_party/abseil-cpp/absl/flags/libabsl_flags_internal.a
[559/617] Linking CXX static library _deps/protobuf-build/third_party/abseil-cpp/absl/log/libabsl_log_internal_message.a
[560/617] Linking CXX static library _deps/protobuf-build/third_party/abseil-cpp/absl/flags/libabsl_flags_reflection.a
[561/617] Linking CXX static library _deps/protobuf-build/third_party/abseil-cpp/absl/status/libabsl_status.a
[562/617] Linking CXX static library _deps/protobuf-build/third_party/abseil-cpp/absl/log/libabsl_log_internal_check_op.a
[563/617] Linking CXX static library _deps/protobuf-build/third_party/abseil-cpp/absl/status/libabsl_statusor.a
[564/617] Linking CXX static library _deps/protobuf-build/third_party/abseil-cpp/absl/flags/libabsl_flags_usage_internal.a
[565/617] Linking CXX static library _deps/protobuf-build/third_party/abseil-cpp/absl/log/libabsl_die_if_null.a
[566/617] Linking CXX static library _deps/protobuf-build/third_party/abseil-cpp/absl/log/libabsl_log_flags.a
[567/617] Linking CXX static library _deps/protobuf-build/third_party/abseil-cpp/absl/flags/libabsl_flags_usage.a
[568/617] Linking CXX static library _deps/protobuf-build/third_party/abseil-cpp/absl/flags/libabsl_flags_parse.a
[569/617] Linking CXX static library _deps/protobuf-build/libprotobuf-lite.a
[570/617] Linking CXX executable _deps/protobuf-build/protoc-gen-upb-29.3.0
[571/617] Creating executable symlink _deps/protobuf-build/protoc-gen-upb
[572/617] Linking CXX executable _deps/protobuf-build/protoc-gen-upb_minitable-29.3.0
[573/617] Creating executable symlink _deps/protobuf-build/protoc-gen-upb_minitable
[574/617] Linking CXX static library _deps/protobuf-build/libprotobuf.a
[575/617] Linking CXX executable _deps/protobuf-build/protoc-gen-upbdefs-29.3.0
[576/617] Creating executable symlink _deps/protobuf-build/protoc-gen-upbdefs
[577/617] Linking CXX static library _deps/protobuf-build/libprotoc.a
[578/617] Linking CXX executable _deps/protobuf-build/protoc-29.3.0
[579/617] Creating executable symlink _deps/protobuf-build/protoc
[580/617] Running cpp protocol buffer compiler on /home/tina.guest/tinylsm-perf-source-v2/tinylsm/proto/manifest.proto
[581/617] Building CXX object src/CMakeFiles/tinylsm.dir/db/snapshot_registry.cpp.o
[582/617] Building CXX object src/CMakeFiles/tinylsm.dir/db/filename.cpp.o
[583/617] Building CXX object src/CMakeFiles/tinylsm.dir/db/diagnostic_snapshot.cpp.o
[584/617] Building CXX object src/CMakeFiles/tinylsm.dir/iterator/internal_iterator.cpp.o
[585/617] Building CXX object src/CMakeFiles/tinylsm.dir/io/file.cpp.o
[586/617] Building CXX object src/CMakeFiles/tinylsm.dir/db/db.cpp.o
[587/617] Building CXX object src/CMakeFiles/tinylsm.dir/manifest/manifest_state.cpp.o
[588/617] Building CXX object src/CMakeFiles/tinylsm.dir/sstable/block_cache.cpp.o
[589/617] Building CXX object src/CMakeFiles/tinylsm.dir/memtable/memtable.cpp.o
[590/617] Building CXX object src/CMakeFiles/tinylsm.dir/util/coding.cpp.o
[591/617] Building CXX object src/CMakeFiles/tinylsm.dir/util/crc32c.cpp.o
[592/617] Building CXX object src/CMakeFiles/tinylsm.dir/manifest/manifest_codec.cpp.o
In file included from /home/tina.guest/tinylsm-perf-source-v2/tinylsm/build/release/_deps/protobuf-src/third_party/abseil-cpp/absl/strings/internal/str_format/arg.h:35,
                 from /home/tina.guest/tinylsm-perf-source-v2/tinylsm/build/release/_deps/protobuf-src/third_party/abseil-cpp/absl/strings/str_format.h:83,
                 from /home/tina.guest/tinylsm-perf-source-v2/tinylsm/build/release/_deps/protobuf-src/third_party/abseil-cpp/absl/crc/crc32c.h:32,
                 from /home/tina.guest/tinylsm-perf-source-v2/tinylsm/build/release/_deps/protobuf-src/third_party/abseil-cpp/absl/crc/internal/crc_cord_state.h:23,
                 from /home/tina.guest/tinylsm-perf-source-v2/tinylsm/build/release/_deps/protobuf-src/third_party/abseil-cpp/absl/strings/cord.h:80,
                 from /home/tina.guest/tinylsm-perf-source-v2/tinylsm/build/release/_deps/protobuf-src/src/google/protobuf/io/coded_stream.h:111,
                 from /home/tina.guest/tinylsm-perf-source-v2/tinylsm/build/release/src/manifest.pb.h:20,
                 from /home/tina.guest/tinylsm-perf-source-v2/tinylsm/src/manifest/manifest_codec.cpp:7:
/home/tina.guest/tinylsm-perf-source-v2/tinylsm/build/release/_deps/protobuf-src/third_party/abseil-cpp/absl/numeric/int128.h:107:22: warning: ISO C++ does not support ‘__int128’ for ‘type name’ [-Wpedantic]
  107 |     alignas(unsigned __int128)
      |                      ^~~~~~~~
/home/tina.guest/tinylsm-perf-source-v2/tinylsm/build/release/_deps/protobuf-src/third_party/abseil-cpp/absl/numeric/int128.h:121:21: warning: ISO C++ does not support ‘__int128’ for ‘v’ [-Wpedantic]
  121 |   constexpr uint128(__int128 v);           // NOLINT(runtime/explicit)
      |                     ^~~~~~~~
/home/tina.guest/tinylsm-perf-source-v2/tinylsm/build/release/_deps/protobuf-src/third_party/abseil-cpp/absl/numeric/int128.h:122:30: warning: ISO C++ does not support ‘__int128’ for ‘v’ [-Wpedantic]
  122 |   constexpr uint128(unsigned __int128 v);  // NOLINT(runtime/explicit)
      |                              ^~~~~~~~
/home/tina.guest/tinylsm-perf-source-v2/tinylsm/build/release/_deps/protobuf-src/third_party/abseil-cpp/absl/numeric/int128.h:137:22: warning: ISO C++ does not support ‘__int128’ for ‘v’ [-Wpedantic]
  137 |   uint128& operator=(__int128 v);
      |                      ^~~~~~~~
/home/tina.guest/tinylsm-perf-source-v2/tinylsm/build/release/_deps/protobuf-src/third_party/abseil-cpp/absl/numeric/int128.h:138:31: warning: ISO C++ does not support ‘__int128’ for ‘v’ [-Wpedantic]
  138 |   uint128& operator=(unsigned __int128 v);
      |                               ^~~~~~~~
/home/tina.guest/tinylsm-perf-source-v2/tinylsm/build/release/_deps/protobuf-src/third_party/abseil-cpp/absl/numeric/int128.h:163:31: warning: ISO C++ does not support ‘__int128’ for ‘type name’ [-Wpedantic]
  163 |   constexpr explicit operator __int128() const;
      |                               ^~~~~~~~
/home/tina.guest/tinylsm-perf-source-v2/tinylsm/build/release/_deps/protobuf-src/third_party/abseil-cpp/absl/numeric/int128.h:163:31: warning: ISO C++ does not support ‘__int128’ for ‘type name’ [-Wpedantic]
/home/tina.guest/tinylsm-perf-source-v2/tinylsm/build/release/_deps/protobuf-src/third_party/abseil-cpp/absl/numeric/int128.h:164:40: warning: ISO C++ does not support ‘__int128’ for ‘type name’ [-Wpedantic]
  164 |   constexpr explicit operator unsigned __int128() const;
      |                                        ^~~~~~~~
/home/tina.guest/tinylsm-perf-source-v2/tinylsm/build/release/_deps/protobuf-src/third_party/abseil-cpp/absl/numeric/int128.h:164:40: warning: ISO C++ does not support ‘__int128’ for ‘type name’ [-Wpedantic]
/home/tina.guest/tinylsm-perf-source-v2/tinylsm/build/release/_deps/protobuf-src/third_party/abseil-cpp/absl/numeric/int128.h:292:57: warning: ISO C++ does not support ‘__int128’ for ‘type name’ [-Wpedantic]
  292 |   static constexpr bool traps = numeric_limits<unsigned __int128>::traps;
      |                                                         ^~~~~~~~
/home/tina.guest/tinylsm-perf-source-v2/tinylsm/build/release/_deps/protobuf-src/third_party/abseil-cpp/absl/numeric/int128.h:359:20: warning: ISO C++ does not support ‘__int128’ for ‘v’ [-Wpedantic]
  359 |   constexpr int128(__int128 v);  // NOLINT(runtime/explicit)
      |                    ^~~~~~~~
/home/tina.guest/tinylsm-perf-source-v2/tinylsm/build/release/_deps/protobuf-src/third_party/abseil-cpp/absl/numeric/int128.h:360:38: warning: ISO C++ does not support ‘__int128’ for ‘v’ [-Wpedantic]
  360 |   constexpr explicit int128(unsigned __int128 v);
      |                                      ^~~~~~~~
/home/tina.guest/tinylsm-perf-source-v2/tinylsm/build/release/_deps/protobuf-src/third_party/abseil-cpp/absl/numeric/int128.h:375:21: warning: ISO C++ does not support ‘__int128’ for ‘v’ [-Wpedantic]
  375 |   int128& operator=(__int128 v);
      |                     ^~~~~~~~
/home/tina.guest/tinylsm-perf-source-v2/tinylsm/build/release/_deps/protobuf-src/third_party/abseil-cpp/absl/numeric/int128.h:399:31: warning: ISO C++ does not support ‘__int128’ for ‘type name’ [-Wpedantic]
  399 |   constexpr explicit operator __int128() const;
      |                               ^~~~~~~~
/home/tina.guest/tinylsm-perf-source-v2/tinylsm/build/release/_deps/protobuf-src/third_party/abseil-cpp/absl/numeric/int128.h:399:31: warning: ISO C++ does not support ‘__int128’ for ‘type name’ [-Wpedantic]
/home/tina.guest/tinylsm-perf-source-v2/tinylsm/build/release/_deps/protobuf-src/third_party/abseil-cpp/absl/numeric/int128.h:400:40: warning: ISO C++ does not support ‘__int128’ for ‘type name’ [-Wpedantic]
  400 |   constexpr explicit operator unsigned __int128() const;
      |                                        ^~~~~~~~
/home/tina.guest/tinylsm-perf-source-v2/tinylsm/build/release/_deps/protobuf-src/third_party/abseil-cpp/absl/numeric/int128.h:400:40: warning: ISO C++ does not support ‘__int128’ for ‘type name’ [-Wpedantic]
/home/tina.guest/tinylsm-perf-source-v2/tinylsm/build/release/_deps/protobuf-src/third_party/abseil-cpp/absl/numeric/int128.h:478:3: warning: ISO C++ does not support ‘__int128’ for ‘v_’ [-Wpedantic]
  478 |   __int128 v_;
      |   ^~~~~~~~
/home/tina.guest/tinylsm-perf-source-v2/tinylsm/build/release/_deps/protobuf-src/third_party/abseil-cpp/absl/numeric/int128.h:535:48: warning: ISO C++ does not support ‘__int128’ for ‘type name’ [-Wpedantic]
  535 |   static constexpr bool traps = numeric_limits<__int128>::traps;
      |                                                ^~~~~~~~
/home/tina.guest/tinylsm-perf-source-v2/tinylsm/build/release/_deps/protobuf-src/third_party/abseil-cpp/absl/numeric/int128.h:589:36: warning: ISO C++ does not support ‘__int128’ for ‘v’ [-Wpedantic]
  589 | inline uint128& uint128::operator=(__int128 v) { return *this = uint128(v); }
      |                                    ^~~~~~~~
/home/tina.guest/tinylsm-perf-source-v2/tinylsm/build/release/_deps/protobuf-src/third_party/abseil-cpp/absl/numeric/int128.h:591:45: warning: ISO C++ does not support ‘__int128’ for ‘v’ [-Wpedantic]
  591 | inline uint128& uint128::operator=(unsigned __int128 v) {
      |                                             ^~~~~~~~
/home/tina.guest/tinylsm-perf-source-v2/tinylsm/build/release/_deps/protobuf-src/third_party/abseil-cpp/absl/numeric/int128.h:670:28: warning: ISO C++ does not support ‘__int128’ for ‘v’ [-Wpedantic]
  670 | constexpr uint128::uint128(__int128 v)
      |                            ^~~~~~~~
/home/tina.guest/tinylsm-perf-source-v2/tinylsm/build/release/_deps/protobuf-src/third_party/abseil-cpp/absl/numeric/int128.h: In constructor ‘constexpr absl::lts_20240116::uint128::uint128(__int128)’:
/home/tina.guest/tinylsm-perf-source-v2/tinylsm/build/release/_deps/protobuf-src/third_party/abseil-cpp/absl/numeric/int128.h:672:54: warning: ISO C++ does not support ‘__int128’ for ‘type name’ [-Wpedantic]
  672 |       hi_{static_cast<uint64_t>(static_cast<unsigned __int128>(v) >> 64)} {}
      |                                                      ^~~~~~~~
/home/tina.guest/tinylsm-perf-source-v2/tinylsm/build/release/_deps/protobuf-src/third_party/abseil-cpp/absl/numeric/int128.h: At global scope:
/home/tina.guest/tinylsm-perf-source-v2/tinylsm/build/release/_deps/protobuf-src/third_party/abseil-cpp/absl/numeric/int128.h:673:37: warning: ISO C++ does not support ‘__int128’ for ‘v’ [-Wpedantic]
  673 | constexpr uint128::uint128(unsigned __int128 v)
      |                                     ^~~~~~~~
/home/tina.guest/tinylsm-perf-source-v2/tinylsm/build/release/_deps/protobuf-src/third_party/abseil-cpp/absl/numeric/int128.h:772:29: warning: ISO C++ does not support ‘__int128’ for ‘type name’ [-Wpedantic]
  772 | constexpr uint128::operator __int128() const {
      |                             ^~~~~~~~
/home/tina.guest/tinylsm-perf-source-v2/tinylsm/build/release/_deps/protobuf-src/third_party/abseil-cpp/absl/numeric/int128.h:772:29: warning: ISO C++ does not support ‘__int128’ for ‘type name’ [-Wpedantic]
/home/tina.guest/tinylsm-perf-source-v2/tinylsm/build/release/_deps/protobuf-src/third_party/abseil-cpp/absl/numeric/int128.h:772:29: warning: ISO C++ does not support ‘__int128’ for ‘type name’ [-Wpedantic]
/home/tina.guest/tinylsm-perf-source-v2/tinylsm/build/release/_deps/protobuf-src/third_party/abseil-cpp/absl/numeric/int128.h: In member function ‘constexpr absl::lts_20240116::uint128::operator __int128() const’:
/home/tina.guest/tinylsm-perf-source-v2/tinylsm/build/release/_deps/protobuf-src/third_party/abseil-cpp/absl/numeric/int128.h:773:23: warning: ISO C++ does not support ‘__int128’ for ‘type name’ [-Wpedantic]
  773 |   return (static_cast<__int128>(hi_) << 64) + lo_;
      |                       ^~~~~~~~
/home/tina.guest/tinylsm-perf-source-v2/tinylsm/build/release/_deps/protobuf-src/third_party/abseil-cpp/absl/numeric/int128.h: At global scope:
/home/tina.guest/tinylsm-perf-source-v2/tinylsm/build/release/_deps/protobuf-src/third_party/abseil-cpp/absl/numeric/int128.h:776:38: warning: ISO C++ does not support ‘__int128’ for ‘type name’ [-Wpedantic]
  776 | constexpr uint128::operator unsigned __int128() const {
      |                                      ^~~~~~~~
/home/tina.guest/tinylsm-perf-source-v2/tinylsm/build/release/_deps/protobuf-src/third_party/abseil-cpp/absl/numeric/int128.h:776:38: warning: ISO C++ does not support ‘__int128’ for ‘type name’ [-Wpedantic]
/home/tina.guest/tinylsm-perf-source-v2/tinylsm/build/release/_deps/protobuf-src/third_party/abseil-cpp/absl/numeric/int128.h:776:38: warning: ISO C++ does not support ‘__int128’ for ‘type name’ [-Wpedantic]
/home/tina.guest/tinylsm-perf-source-v2/tinylsm/build/release/_deps/protobuf-src/third_party/abseil-cpp/absl/numeric/int128.h: In member function ‘constexpr absl::lts_20240116::uint128::operator __int128 unsigned() const’:
/home/tina.guest/tinylsm-perf-source-v2/tinylsm/build/release/_deps/protobuf-src/third_party/abseil-cpp/absl/numeric/int128.h:777:32: warning: ISO C++ does not support ‘__int128’ for ‘type name’ [-Wpedantic]
  777 |   return (static_cast<unsigned __int128>(hi_) << 64) + lo_;
      |                                ^~~~~~~~
/home/tina.guest/tinylsm-perf-source-v2/tinylsm/build/release/_deps/protobuf-src/third_party/abseil-cpp/absl/numeric/int128.h: In function ‘constexpr bool absl::lts_20240116::operator==(uint128, uint128)’:
/home/tina.guest/tinylsm-perf-source-v2/tinylsm/build/release/_deps/protobuf-src/third_party/abseil-cpp/absl/numeric/int128.h:800:31: warning: ISO C++ does not support ‘__int128’ for ‘type name’ [-Wpedantic]
  800 |   return static_cast<unsigned __int128>(lhs) ==
      |                               ^~~~~~~~
/home/tina.guest/tinylsm-perf-source-v2/tinylsm/build/release/_deps/protobuf-src/third_party/abseil-cpp/absl/numeric/int128.h:801:31: warning: ISO C++ does not support ‘__int128’ for ‘type name’ [-Wpedantic]
  801 |          static_cast<unsigned __int128>(rhs);
      |                               ^~~~~~~~
/home/tina.guest/tinylsm-perf-source-v2/tinylsm/build/release/_deps/protobuf-src/third_party/abseil-cpp/absl/numeric/int128.h: In function ‘constexpr bool absl::lts_20240116::operator<(uint128, uint128)’:
/home/tina.guest/tinylsm-perf-source-v2/tinylsm/build/release/_deps/protobuf-src/third_party/abseil-cpp/absl/numeric/int128.h:812:31: warning: ISO C++ does not support ‘__int128’ for ‘type name’ [-Wpedantic]
  812 |   return static_cast<unsigned __int128>(lhs) <
      |                               ^~~~~~~~
/home/tina.guest/tinylsm-perf-source-v2/tinylsm/build/release/_deps/protobuf-src/third_party/abseil-cpp/absl/numeric/int128.h:813:31: warning: ISO C++ does not support ‘__int128’ for ‘type name’ [-Wpedantic]
  813 |          static_cast<unsigned __int128>(rhs);
      |                               ^~~~~~~~
/home/tina.guest/tinylsm-perf-source-v2/tinylsm/build/release/_deps/protobuf-src/third_party/abseil-cpp/absl/numeric/int128.h: In function ‘constexpr absl::lts_20240116::uint128 absl::lts_20240116::operator-(uint128)’:
/home/tina.guest/tinylsm-perf-source-v2/tinylsm/build/release/_deps/protobuf-src/third_party/abseil-cpp/absl/numeric/int128.h:835:32: warning: ISO C++ does not support ‘__int128’ for ‘type name’ [-Wpedantic]
  835 |   return -static_cast<unsigned __int128>(val);
      |                                ^~~~~~~~
/home/tina.guest/tinylsm-perf-source-v2/tinylsm/build/release/_deps/protobuf-src/third_party/abseil-cpp/absl/numeric/int128.h: In function ‘constexpr bool absl::lts_20240116::operator!(uint128)’:
/home/tina.guest/tinylsm-perf-source-v2/tinylsm/build/release/_deps/protobuf-src/third_party/abseil-cpp/absl/numeric/int128.h:845:32: warning: ISO C++ does not support ‘__int128’ for ‘type name’ [-Wpedantic]
  845 |   return !static_cast<unsigned __int128>(val);
      |                                ^~~~~~~~
/home/tina.guest/tinylsm-perf-source-v2/tinylsm/build/release/_deps/protobuf-src/third_party/abseil-cpp/absl/numeric/int128.h: In function ‘constexpr absl::lts_20240116::uint128 absl::lts_20240116::operator~(uint128)’:
/home/tina.guest/tinylsm-perf-source-v2/tinylsm/build/release/_deps/protobuf-src/third_party/abseil-cpp/absl/numeric/int128.h:855:32: warning: ISO C++ does not support ‘__int128’ for ‘type name’ [-Wpedantic]
  855 |   return ~static_cast<unsigned __int128>(val);
      |                                ^~~~~~~~
/home/tina.guest/tinylsm-perf-source-v2/tinylsm/build/release/_deps/protobuf-src/third_party/abseil-cpp/absl/numeric/int128.h: In function ‘constexpr absl::lts_20240116::uint128 absl::lts_20240116::operator|(uint128, uint128)’:
/home/tina.guest/tinylsm-perf-source-v2/tinylsm/build/release/_deps/protobuf-src/third_party/abseil-cpp/absl/numeric/int128.h:863:31: warning: ISO C++ does not support ‘__int128’ for ‘type name’ [-Wpedantic]
  863 |   return static_cast<unsigned __int128>(lhs) |
      |                               ^~~~~~~~
/home/tina.guest/tinylsm-perf-source-v2/tinylsm/build/release/_deps/protobuf-src/third_party/abseil-cpp/absl/numeric/int128.h:864:31: warning: ISO C++ does not support ‘__int128’ for ‘type name’ [-Wpedantic]
  864 |          static_cast<unsigned __int128>(rhs);
      |                               ^~~~~~~~
/home/tina.guest/tinylsm-perf-source-v2/tinylsm/build/release/_deps/protobuf-src/third_party/abseil-cpp/absl/numeric/int128.h: In function ‘constexpr absl::lts_20240116::uint128 absl::lts_20240116::operator&(uint128, uint128)’:
/home/tina.guest/tinylsm-perf-source-v2/tinylsm/build/release/_deps/protobuf-src/third_party/abseil-cpp/absl/numeric/int128.h:873:31: warning: ISO C++ does not support ‘__int128’ for ‘type name’ [-Wpedantic]
  873 |   return static_cast<unsigned __int128>(lhs) &
      |                               ^~~~~~~~
/home/tina.guest/tinylsm-perf-source-v2/tinylsm/build/release/_deps/protobuf-src/third_party/abseil-cpp/absl/numeric/int128.h:874:31: warning: ISO C++ does not support ‘__int128’ for ‘type name’ [-Wpedantic]
  874 |          static_cast<unsigned __int128>(rhs);
      |                               ^~~~~~~~
/home/tina.guest/tinylsm-perf-source-v2/tinylsm/build/release/_deps/protobuf-src/third_party/abseil-cpp/absl/numeric/int128.h: In function ‘constexpr absl::lts_20240116::uint128 absl::lts_20240116::operator^(uint128, uint128)’:
/home/tina.guest/tinylsm-perf-source-v2/tinylsm/build/release/_deps/protobuf-src/third_party/abseil-cpp/absl/numeric/int128.h:883:31: warning: ISO C++ does not support ‘__int128’ for ‘type name’ [-Wpedantic]
  883 |   return static_cast<unsigned __int128>(lhs) ^
      |                               ^~~~~~~~
/home/tina.guest/tinylsm-perf-source-v2/tinylsm/build/release/_deps/protobuf-src/third_party/abseil-cpp/absl/numeric/int128.h:884:31: warning: ISO C++ does not support ‘__int128’ for ‘type name’ [-Wpedantic]
  884 |          static_cast<unsigned __int128>(rhs);
      |                               ^~~~~~~~
/home/tina.guest/tinylsm-perf-source-v2/tinylsm/build/release/_deps/protobuf-src/third_party/abseil-cpp/absl/numeric/int128.h: In function ‘constexpr absl::lts_20240116::uint128 absl::lts_20240116::operator<<(uint128, int)’:
/home/tina.guest/tinylsm-perf-source-v2/tinylsm/build/release/_deps/protobuf-src/third_party/abseil-cpp/absl/numeric/int128.h:910:31: warning: ISO C++ does not support ‘__int128’ for ‘type name’ [-Wpedantic]
  910 |   return static_cast<unsigned __int128>(lhs) << amount;
      |                               ^~~~~~~~
/home/tina.guest/tinylsm-perf-source-v2/tinylsm/build/release/_deps/protobuf-src/third_party/abseil-cpp/absl/numeric/int128.h: In function ‘constexpr absl::lts_20240116::uint128 absl::lts_20240116::operator>>(uint128, int)’:
/home/tina.guest/tinylsm-perf-source-v2/tinylsm/build/release/_deps/protobuf-src/third_party/abseil-cpp/absl/numeric/int128.h:924:31: warning: ISO C++ does not support ‘__int128’ for ‘type name’ [-Wpedantic]
  924 |   return static_cast<unsigned __int128>(lhs) >> amount;
      |                               ^~~~~~~~
/home/tina.guest/tinylsm-perf-source-v2/tinylsm/build/release/_deps/protobuf-src/third_party/abseil-cpp/absl/numeric/int128.h: In function ‘constexpr absl::lts_20240116::uint128 absl::lts_20240116::operator+(uint128, uint128)’:
/home/tina.guest/tinylsm-perf-source-v2/tinylsm/build/release/_deps/protobuf-src/third_party/abseil-cpp/absl/numeric/int128.h:949:31: warning: ISO C++ does not support ‘__int128’ for ‘type name’ [-Wpedantic]
  949 |   return static_cast<unsigned __int128>(lhs) +
      |                               ^~~~~~~~
/home/tina.guest/tinylsm-perf-source-v2/tinylsm/build/release/_deps/protobuf-src/third_party/abseil-cpp/absl/numeric/int128.h:950:31: warning: ISO C++ does not support ‘__int128’ for ‘type name’ [-Wpedantic]
  950 |          static_cast<unsigned __int128>(rhs);
      |                               ^~~~~~~~
/home/tina.guest/tinylsm-perf-source-v2/tinylsm/build/release/_deps/protobuf-src/third_party/abseil-cpp/absl/numeric/int128.h: In function ‘constexpr absl::lts_20240116::uint128 absl::lts_20240116::operator-(uint128, uint128)’:
/home/tina.guest/tinylsm-perf-source-v2/tinylsm/build/release/_deps/protobuf-src/third_party/abseil-cpp/absl/numeric/int128.h:972:31: warning: ISO C++ does not support ‘__int128’ for ‘type name’ [-Wpedantic]
  972 |   return static_cast<unsigned __int128>(lhs) -
      |                               ^~~~~~~~
/home/tina.guest/tinylsm-perf-source-v2/tinylsm/build/release/_deps/protobuf-src/third_party/abseil-cpp/absl/numeric/int128.h:973:31: warning: ISO C++ does not support ‘__int128’ for ‘type name’ [-Wpedantic]
  973 |          static_cast<unsigned __int128>(rhs);
      |                               ^~~~~~~~
/home/tina.guest/tinylsm-perf-source-v2/tinylsm/build/release/_deps/protobuf-src/third_party/abseil-cpp/absl/numeric/int128.h: In function ‘absl::lts_20240116::uint128 absl::lts_20240116::operator*(uint128, uint128)’:
/home/tina.guest/tinylsm-perf-source-v2/tinylsm/build/release/_deps/protobuf-src/third_party/abseil-cpp/absl/numeric/int128.h:986:31: warning: ISO C++ does not support ‘__int128’ for ‘type name’ [-Wpedantic]
  986 |   return static_cast<unsigned __int128>(lhs) *
      |                               ^~~~~~~~
/home/tina.guest/tinylsm-perf-source-v2/tinylsm/build/release/_deps/protobuf-src/third_party/abseil-cpp/absl/numeric/int128.h:987:31: warning: ISO C++ does not support ‘__int128’ for ‘type name’ [-Wpedantic]
  987 |          static_cast<unsigned __int128>(rhs);
      |                               ^~~~~~~~
/home/tina.guest/tinylsm-perf-source-v2/tinylsm/build/release/_deps/protobuf-src/third_party/abseil-cpp/absl/numeric/int128.h: In function ‘absl::lts_20240116::uint128 absl::lts_20240116::operator/(uint128, uint128)’:
/home/tina.guest/tinylsm-perf-source-v2/tinylsm/build/release/_deps/protobuf-src/third_party/abseil-cpp/absl/numeric/int128.h:1011:31: warning: ISO C++ does not support ‘__int128’ for ‘type name’ [-Wpedantic]
 1011 |   return static_cast<unsigned __int128>(lhs) /
      |                               ^~~~~~~~
/home/tina.guest/tinylsm-perf-source-v2/tinylsm/build/release/_deps/protobuf-src/third_party/abseil-cpp/absl/numeric/int128.h:1012:31: warning: ISO C++ does not support ‘__int128’ for ‘type name’ [-Wpedantic]
 1012 |          static_cast<unsigned __int128>(rhs);
      |                               ^~~~~~~~
/home/tina.guest/tinylsm-perf-source-v2/tinylsm/build/release/_deps/protobuf-src/third_party/abseil-cpp/absl/numeric/int128.h: In function ‘absl::lts_20240116::uint128 absl::lts_20240116::operator%(uint128, uint128)’:
/home/tina.guest/tinylsm-perf-source-v2/tinylsm/build/release/_deps/protobuf-src/third_party/abseil-cpp/absl/numeric/int128.h:1016:31: warning: ISO C++ does not support ‘__int128’ for ‘type name’ [-Wpedantic]
 1016 |   return static_cast<unsigned __int128>(lhs) %
      |                               ^~~~~~~~
/home/tina.guest/tinylsm-perf-source-v2/tinylsm/build/release/_deps/protobuf-src/third_party/abseil-cpp/absl/numeric/int128.h:1017:31: warning: ISO C++ does not support ‘__int128’ for ‘type name’ [-Wpedantic]
 1017 |          static_cast<unsigned __int128>(rhs);
      |                               ^~~~~~~~
In file included from /home/tina.guest/tinylsm-perf-source-v2/tinylsm/build/release/_deps/protobuf-src/third_party/abseil-cpp/absl/numeric/int128.h:1152:
/home/tina.guest/tinylsm-perf-source-v2/tinylsm/build/release/_deps/protobuf-src/third_party/abseil-cpp/absl/numeric/int128_have_intrinsic.inc: At global scope:
/home/tina.guest/tinylsm-perf-source-v2/tinylsm/build/release/_deps/protobuf-src/third_party/abseil-cpp/absl/numeric/int128_have_intrinsic.inc:24:45: warning: ISO C++ does not support ‘__int128’ for ‘v’ [-Wpedantic]
   24 | constexpr __int128 BitCastToSigned(unsigned __int128 v) {
      |                                             ^~~~~~~~
/home/tina.guest/tinylsm-perf-source-v2/tinylsm/build/release/_deps/protobuf-src/third_party/abseil-cpp/absl/numeric/int128_have_intrinsic.inc:24:11: warning: ISO C++ does not support ‘__int128’ for ‘BitCastToSigned’ [-Wpedantic]
   24 | constexpr __int128 BitCastToSigned(unsigned __int128 v) {
      |           ^~~~~~~~
/home/tina.guest/tinylsm-perf-source-v2/tinylsm/build/release/_deps/protobuf-src/third_party/abseil-cpp/absl/numeric/int128_have_intrinsic.inc: In function ‘constexpr __int128 absl::lts_20240116::int128_internal::BitCastToSigned(__int128 unsigned)’:
/home/tina.guest/tinylsm-perf-source-v2/tinylsm/build/release/_deps/protobuf-src/third_party/abseil-cpp/absl/numeric/int128_have_intrinsic.inc:30:36: warning: ISO C++ does not support ‘__int128’ for ‘type name’ [-Wpedantic]
   30 |   return v & (static_cast<unsigned __int128>(1) << 127)
      |                                    ^~~~~~~~
/home/tina.guest/tinylsm-perf-source-v2/tinylsm/build/release/_deps/protobuf-src/third_party/abseil-cpp/absl/numeric/int128_have_intrinsic.inc:31:29: warning: ISO C++ does not support ‘__int128’ for ‘type name’ [-Wpedantic]
   31 |              ? ~static_cast<__int128>(~v)
      |                             ^~~~~~~~
/home/tina.guest/tinylsm-perf-source-v2/tinylsm/build/release/_deps/protobuf-src/third_party/abseil-cpp/absl/numeric/int128_have_intrinsic.inc:32:28: warning: ISO C++ does not support ‘__int128’ for ‘type name’ [-Wpedantic]
   32 |              : static_cast<__int128>(v);
      |                            ^~~~~~~~
/home/tina.guest/tinylsm-perf-source-v2/tinylsm/build/release/_deps/protobuf-src/third_party/abseil-cpp/absl/numeric/int128_have_intrinsic.inc: At global scope:
/home/tina.guest/tinylsm-perf-source-v2/tinylsm/build/release/_deps/protobuf-src/third_party/abseil-cpp/absl/numeric/int128_have_intrinsic.inc:37:34: warning: ISO C++ does not support ‘__int128’ for ‘v’ [-Wpedantic]
   37 | inline int128& int128::operator=(__int128 v) {
      |                                  ^~~~~~~~
/home/tina.guest/tinylsm-perf-source-v2/tinylsm/build/release/_deps/protobuf-src/third_party/abseil-cpp/absl/numeric/int128_have_intrinsic.inc: In function ‘constexpr int64_t absl::lts_20240116::Int128High64(int128)’:
/home/tina.guest/tinylsm-perf-source-v2/tinylsm/build/release/_deps/protobuf-src/third_party/abseil-cpp/absl/numeric/int128_have_intrinsic.inc:49:50: warning: ISO C++ does not support ‘__int128’ for ‘type name’ [-Wpedantic]
   49 |       static_cast<uint64_t>(static_cast<unsigned __int128>(v.v_) >> 64));
      |                                                  ^~~~~~~~
/home/tina.guest/tinylsm-perf-source-v2/tinylsm/build/release/_deps/protobuf-src/third_party/abseil-cpp/absl/numeric/int128_have_intrinsic.inc: In constructor ‘constexpr absl::lts_20240116::int128::int128(int64_t, uint64_t)’:
/home/tina.guest/tinylsm-perf-source-v2/tinylsm/build/release/_deps/protobuf-src/third_party/abseil-cpp/absl/numeric/int128_have_intrinsic.inc:54:64: warning: ISO C++ does not support ‘__int128’ for ‘type name’ [-Wpedantic]
   54 |     : v_(int128_internal::BitCastToSigned(static_cast<unsigned __int128>(high)
      |                                                                ^~~~~~~~
/home/tina.guest/tinylsm-perf-source-v2/tinylsm/build/release/_deps/protobuf-src/third_party/abseil-cpp/absl/numeric/int128_have_intrinsic.inc: At global scope:
/home/tina.guest/tinylsm-perf-source-v2/tinylsm/build/release/_deps/protobuf-src/third_party/abseil-cpp/absl/numeric/int128_have_intrinsic.inc:65:26: warning: ISO C++ does not support ‘__int128’ for ‘v’ [-Wpedantic]
   65 | constexpr int128::int128(__int128 v) : v_{v} {}
      |                          ^~~~~~~~
/home/tina.guest/tinylsm-perf-source-v2/tinylsm/build/release/_deps/protobuf-src/third_party/abseil-cpp/absl/numeric/int128_have_intrinsic.inc:74:35: warning: ISO C++ does not support ‘__int128’ for ‘v’ [-Wpedantic]
   74 | constexpr int128::int128(unsigned __int128 v) : v_{static_cast<__int128>(v)} {}
      |                                   ^~~~~~~~
/home/tina.guest/tinylsm-perf-source-v2/tinylsm/build/release/_deps/protobuf-src/third_party/abseil-cpp/absl/numeric/int128_have_intrinsic.inc: In constructor ‘constexpr absl::lts_20240116::int128::int128(__int128 unsigned)’:
/home/tina.guest/tinylsm-perf-source-v2/tinylsm/build/release/_deps/protobuf-src/third_party/abseil-cpp/absl/numeric/int128_have_intrinsic.inc:74:64: warning: ISO C++ does not support ‘__int128’ for ‘type name’ [-Wpedantic]
   74 | constexpr int128::int128(unsigned __int128 v) : v_{static_cast<__int128>(v)} {}
      |                                                                ^~~~~~~~
/home/tina.guest/tinylsm-perf-source-v2/tinylsm/build/release/_deps/protobuf-src/third_party/abseil-cpp/absl/numeric/int128_have_intrinsic.inc: In constructor ‘absl::lts_20240116::int128::int128(float)’:
/home/tina.guest/tinylsm-perf-source-v2/tinylsm/build/release/_deps/protobuf-src/third_party/abseil-cpp/absl/numeric/int128_have_intrinsic.inc:77:20: warning: ISO C++ does not support ‘__int128’ for ‘type name’ [-Wpedantic]
   77 |   v_ = static_cast<__int128>(v);
      |                    ^~~~~~~~
/home/tina.guest/tinylsm-perf-source-v2/tinylsm/build/release/_deps/protobuf-src/third_party/abseil-cpp/absl/numeric/int128_have_intrinsic.inc: In constructor ‘absl::lts_20240116::int128::int128(double)’:
/home/tina.guest/tinylsm-perf-source-v2/tinylsm/build/release/_deps/protobuf-src/third_party/abseil-cpp/absl/numeric/int128_have_intrinsic.inc:81:20: warning: ISO C++ does not support ‘__int128’ for ‘type name’ [-Wpedantic]
   81 |   v_ = static_cast<__int128>(v);
      |                    ^~~~~~~~
/home/tina.guest/tinylsm-perf-source-v2/tinylsm/build/release/_deps/protobuf-src/third_party/abseil-cpp/absl/numeric/int128_have_intrinsic.inc: In constructor ‘absl::lts_20240116::int128::int128(long double)’:
/home/tina.guest/tinylsm-perf-source-v2/tinylsm/build/release/_deps/protobuf-src/third_party/abseil-cpp/absl/numeric/int128_have_intrinsic.inc:85:20: warning: ISO C++ does not support ‘__int128’ for ‘type name’ [-Wpedantic]
   85 |   v_ = static_cast<__int128>(v);
      |                    ^~~~~~~~
/home/tina.guest/tinylsm-perf-source-v2/tinylsm/build/release/_deps/protobuf-src/third_party/abseil-cpp/absl/numeric/int128_have_intrinsic.inc: In constructor ‘constexpr absl::lts_20240116::int128::int128(absl::lts_20240116::uint128)’:
/home/tina.guest/tinylsm-perf-source-v2/tinylsm/build/release/_deps/protobuf-src/third_party/abseil-cpp/absl/numeric/int128_have_intrinsic.inc:88:54: warning: ISO C++ does not support ‘__int128’ for ‘type name’ [-Wpedantic]
   88 | constexpr int128::int128(uint128 v) : v_{static_cast<__int128>(v)} {}
      |                                                      ^~~~~~~~
/home/tina.guest/tinylsm-perf-source-v2/tinylsm/build/release/_deps/protobuf-src/third_party/abseil-cpp/absl/numeric/int128_have_intrinsic.inc: At global scope:
/home/tina.guest/tinylsm-perf-source-v2/tinylsm/build/release/_deps/protobuf-src/third_party/abseil-cpp/absl/numeric/int128_have_intrinsic.inc:146:28: warning: ISO C++ does not support ‘__int128’ for ‘type name’ [-Wpedantic]
  146 | constexpr int128::operator __int128() const { return v_; }
      |                            ^~~~~~~~
/home/tina.guest/tinylsm-perf-source-v2/tinylsm/build/release/_deps/protobuf-src/third_party/abseil-cpp/absl/numeric/int128_have_intrinsic.inc:146:28: warning: ISO C++ does not support ‘__int128’ for ‘type name’ [-Wpedantic]
/home/tina.guest/tinylsm-perf-source-v2/tinylsm/build/release/_deps/protobuf-src/third_party/abseil-cpp/absl/numeric/int128_have_intrinsic.inc:146:28: warning: ISO C++ does not support ‘__int128’ for ‘type name’ [-Wpedantic]
/home/tina.guest/tinylsm-perf-source-v2/tinylsm/build/release/_deps/protobuf-src/third_party/abseil-cpp/absl/numeric/int128_have_intrinsic.inc:148:37: warning: ISO C++ does not support ‘__int128’ for ‘type name’ [-Wpedantic]
  148 | constexpr int128::operator unsigned __int128() const {
      |                                     ^~~~~~~~
/home/tina.guest/tinylsm-perf-source-v2/tinylsm/build/release/_deps/protobuf-src/third_party/abseil-cpp/absl/numeric/int128_have_intrinsic.inc:148:37: warning: ISO C++ does not support ‘__int128’ for ‘type name’ [-Wpedantic]
/home/tina.guest/tinylsm-perf-source-v2/tinylsm/build/release/_deps/protobuf-src/third_party/abseil-cpp/absl/numeric/int128_have_intrinsic.inc:148:37: warning: ISO C++ does not support ‘__int128’ for ‘type name’ [-Wpedantic]
/home/tina.guest/tinylsm-perf-source-v2/tinylsm/build/release/_deps/protobuf-src/third_party/abseil-cpp/absl/numeric/int128_have_intrinsic.inc: In member function ‘constexpr absl::lts_20240116::int128::operator __int128 unsigned() const’:
/home/tina.guest/tinylsm-perf-source-v2/tinylsm/build/release/_deps/protobuf-src/third_party/abseil-cpp/absl/numeric/int128_have_intrinsic.inc:149:31: warning: ISO C++ does not support ‘__int128’ for ‘type name’ [-Wpedantic]
  149 |   return static_cast<unsigned __int128>(v_);
      |                               ^~~~~~~~
/home/tina.guest/tinylsm-perf-source-v2/tinylsm/build/release/_deps/protobuf-src/third_party/abseil-cpp/absl/numeric/int128_have_intrinsic.inc: In function ‘constexpr bool absl::lts_20240116::operator==(int128, int128)’:
/home/tina.guest/tinylsm-perf-source-v2/tinylsm/build/release/_deps/protobuf-src/third_party/abseil-cpp/absl/numeric/int128_have_intrinsic.inc:200:22: warning: ISO C++ does not support ‘__int128’ for ‘type name’ [-Wpedantic]
  200 |   return static_cast<__int128>(lhs) == static_cast<__int128>(rhs);
      |                      ^~~~~~~~
/home/tina.guest/tinylsm-perf-source-v2/tinylsm/build/release/_deps/protobuf-src/third_party/abseil-cpp/absl/numeric/int128_have_intrinsic.inc:200:52: warning: ISO C++ does not support ‘__int128’ for ‘type name’ [-Wpedantic]
  200 |   return static_cast<__int128>(lhs) == static_cast<__int128>(rhs);
      |                                                    ^~~~~~~~
/home/tina.guest/tinylsm-perf-source-v2/tinylsm/build/release/_deps/protobuf-src/third_party/abseil-cpp/absl/numeric/int128_have_intrinsic.inc: In function ‘constexpr bool absl::lts_20240116::operator!=(int128, int128)’:
/home/tina.guest/tinylsm-perf-source-v2/tinylsm/build/release/_deps/protobuf-src/third_party/abseil-cpp/absl/numeric/int128_have_intrinsic.inc:204:22: warning: ISO C++ does not support ‘__int128’ for ‘type name’ [-Wpedantic]
  204 |   return static_cast<__int128>(lhs) != static_cast<__int128>(rhs);
      |                      ^~~~~~~~
/home/tina.guest/tinylsm-perf-source-v2/tinylsm/build/release/_deps/protobuf-src/third_party/abseil-cpp/absl/numeric/int128_have_intrinsic.inc:204:52: warning: ISO C++ does not support ‘__int128’ for ‘type name’ [-Wpedantic]
  204 |   return static_cast<__int128>(lhs) != static_cast<__int128>(rhs);
      |                                                    ^~~~~~~~
/home/tina.guest/tinylsm-perf-source-v2/tinylsm/build/release/_deps/protobuf-src/third_party/abseil-cpp/absl/numeric/int128_have_intrinsic.inc: In function ‘constexpr bool absl::lts_20240116::operator<(int128, int128)’:
/home/tina.guest/tinylsm-perf-source-v2/tinylsm/build/release/_deps/protobuf-src/third_party/abseil-cpp/absl/numeric/int128_have_intrinsic.inc:208:22: warning: ISO C++ does not support ‘__int128’ for ‘type name’ [-Wpedantic]
  208 |   return static_cast<__int128>(lhs) < static_cast<__int128>(rhs);
      |                      ^~~~~~~~
/home/tina.guest/tinylsm-perf-source-v2/tinylsm/build/release/_deps/protobuf-src/third_party/abseil-cpp/absl/numeric/int128_have_intrinsic.inc:208:51: warning: ISO C++ does not support ‘__int128’ for ‘type name’ [-Wpedantic]
  208 |   return static_cast<__int128>(lhs) < static_cast<__int128>(rhs);
      |                                                   ^~~~~~~~
/home/tina.guest/tinylsm-perf-source-v2/tinylsm/build/release/_deps/protobuf-src/third_party/abseil-cpp/absl/numeric/int128_have_intrinsic.inc: In function ‘constexpr bool absl::lts_20240116::operator>(int128, int128)’:
/home/tina.guest/tinylsm-perf-source-v2/tinylsm/build/release/_deps/protobuf-src/third_party/abseil-cpp/absl/numeric/int128_have_intrinsic.inc:212:22: warning: ISO C++ does not support ‘__int128’ for ‘type name’ [-Wpedantic]
  212 |   return static_cast<__int128>(lhs) > static_cast<__int128>(rhs);
      |                      ^~~~~~~~
/home/tina.guest/tinylsm-perf-source-v2/tinylsm/build/release/_deps/protobuf-src/third_party/abseil-cpp/absl/numeric/int128_have_intrinsic.inc:212:51: warning: ISO C++ does not support ‘__int128’ for ‘type name’ [-Wpedantic]
  212 |   return static_cast<__int128>(lhs) > static_cast<__int128>(rhs);
      |                                                   ^~~~~~~~
/home/tina.guest/tinylsm-perf-source-v2/tinylsm/build/release/_deps/protobuf-src/third_party/abseil-cpp/absl/numeric/int128_have_intrinsic.inc: In function ‘constexpr bool absl::lts_20240116::operator<=(int128, int128)’:
/home/tina.guest/tinylsm-perf-source-v2/tinylsm/build/release/_deps/protobuf-src/third_party/abseil-cpp/absl/numeric/int128_have_intrinsic.inc:216:22: warning: ISO C++ does not support ‘__int128’ for ‘type name’ [-Wpedantic]
  216 |   return static_cast<__int128>(lhs) <= static_cast<__int128>(rhs);
      |                      ^~~~~~~~
/home/tina.guest/tinylsm-perf-source-v2/tinylsm/build/release/_deps/protobuf-src/third_party/abseil-cpp/absl/numeric/int128_have_intrinsic.inc:216:52: warning: ISO C++ does not support ‘__int128’ for ‘type name’ [-Wpedantic]
  216 |   return static_cast<__int128>(lhs) <= static_cast<__int128>(rhs);
      |                                                    ^~~~~~~~
/home/tina.guest/tinylsm-perf-source-v2/tinylsm/build/release/_deps/protobuf-src/third_party/abseil-cpp/absl/numeric/int128_have_intrinsic.inc: In function ‘constexpr bool absl::lts_20240116::operator>=(int128, int128)’:
/home/tina.guest/tinylsm-perf-source-v2/tinylsm/build/release/_deps/protobuf-src/third_party/abseil-cpp/absl/numeric/int128_have_intrinsic.inc:220:22: warning: ISO C++ does not support ‘__int128’ for ‘type name’ [-Wpedantic]
  220 |   return static_cast<__int128>(lhs) >= static_cast<__int128>(rhs);
      |                      ^~~~~~~~
/home/tina.guest/tinylsm-perf-source-v2/tinylsm/build/release/_deps/protobuf-src/third_party/abseil-cpp/absl/numeric/int128_have_intrinsic.inc:220:52: warning: ISO C++ does not support ‘__int128’ for ‘type name’ [-Wpedantic]
  220 |   return static_cast<__int128>(lhs) >= static_cast<__int128>(rhs);
      |                                                    ^~~~~~~~
/home/tina.guest/tinylsm-perf-source-v2/tinylsm/build/release/_deps/protobuf-src/third_party/abseil-cpp/absl/numeric/int128_have_intrinsic.inc: In function ‘constexpr absl::lts_20240116::int128 absl::lts_20240116::operator-(int128)’:
/home/tina.guest/tinylsm-perf-source-v2/tinylsm/build/release/_deps/protobuf-src/third_party/abseil-cpp/absl/numeric/int128_have_intrinsic.inc:225:60: warning: ISO C++ does not support ‘__int128’ for ‘type name’ [-Wpedantic]
  225 | constexpr int128 operator-(int128 v) { return -static_cast<__int128>(v); }
      |                                                            ^~~~~~~~
/home/tina.guest/tinylsm-perf-source-v2/tinylsm/build/release/_deps/protobuf-src/third_party/abseil-cpp/absl/numeric/int128_have_intrinsic.inc: In function ‘constexpr bool absl::lts_20240116::operator!(int128)’:
/home/tina.guest/tinylsm-perf-source-v2/tinylsm/build/release/_deps/protobuf-src/third_party/abseil-cpp/absl/numeric/int128_have_intrinsic.inc:227:58: warning: ISO C++ does not support ‘__int128’ for ‘type name’ [-Wpedantic]
  227 | constexpr bool operator!(int128 v) { return !static_cast<__int128>(v); }
      |                                                          ^~~~~~~~
/home/tina.guest/tinylsm-perf-source-v2/tinylsm/build/release/_deps/protobuf-src/third_party/abseil-cpp/absl/numeric/int128_have_intrinsic.inc: In function ‘constexpr absl::lts_20240116::int128 absl::lts_20240116::operator~(int128)’:
/home/tina.guest/tinylsm-perf-source-v2/tinylsm/build/release/_deps/protobuf-src/third_party/abseil-cpp/absl/numeric/int128_have_intrinsic.inc:229:62: warning: ISO C++ does not support ‘__int128’ for ‘type name’ [-Wpedantic]
  229 | constexpr int128 operator~(int128 val) { return ~static_cast<__int128>(val); }
      |                                                              ^~~~~~~~
/home/tina.guest/tinylsm-perf-source-v2/tinylsm/build/release/_deps/protobuf-src/third_party/abseil-cpp/absl/numeric/int128_have_intrinsic.inc: In function ‘constexpr absl::lts_20240116::int128 absl::lts_20240116::operator+(int128, int128)’:
/home/tina.guest/tinylsm-perf-source-v2/tinylsm/build/release/_deps/protobuf-src/third_party/abseil-cpp/absl/numeric/int128_have_intrinsic.inc:234:22: warning: ISO C++ does not support ‘__int128’ for ‘type name’ [-Wpedantic]
  234 |   return static_cast<__int128>(lhs) + static_cast<__int128>(rhs);
      |                      ^~~~~~~~
/home/tina.guest/tinylsm-perf-source-v2/tinylsm/build/release/_deps/protobuf-src/third_party/abseil-cpp/absl/numeric/int128_have_intrinsic.inc:234:51: warning: ISO C++ does not support ‘__int128’ for ‘type name’ [-Wpedantic]
  234 |   return static_cast<__int128>(lhs) + static_cast<__int128>(rhs);
      |                                                   ^~~~~~~~
/home/tina.guest/tinylsm-perf-source-v2/tinylsm/build/release/_deps/protobuf-src/third_party/abseil-cpp/absl/numeric/int128_have_intrinsic.inc: In function ‘constexpr absl::lts_20240116::int128 absl::lts_20240116::operator-(int128, int128)’:
/home/tina.guest/tinylsm-perf-source-v2/tinylsm/build/release/_deps/protobuf-src/third_party/abseil-cpp/absl/numeric/int128_have_intrinsic.inc:238:22: warning: ISO C++ does not support ‘__int128’ for ‘type name’ [-Wpedantic]
  238 |   return static_cast<__int128>(lhs) - static_cast<__int128>(rhs);
      |                      ^~~~~~~~
/home/tina.guest/tinylsm-perf-source-v2/tinylsm/build/release/_deps/protobuf-src/third_party/abseil-cpp/absl/numeric/int128_have_intrinsic.inc:238:51: warning: ISO C++ does not support ‘__int128’ for ‘type name’ [-Wpedantic]
  238 |   return static_cast<__int128>(lhs) - static_cast<__int128>(rhs);
      |                                                   ^~~~~~~~
/home/tina.guest/tinylsm-perf-source-v2/tinylsm/build/release/_deps/protobuf-src/third_party/abseil-cpp/absl/numeric/int128_have_intrinsic.inc: In function ‘absl::lts_20240116::int128 absl::lts_20240116::operator*(int128, int128)’:
/home/tina.guest/tinylsm-perf-source-v2/tinylsm/build/release/_deps/protobuf-src/third_party/abseil-cpp/absl/numeric/int128_have_intrinsic.inc:242:22: warning: ISO C++ does not support ‘__int128’ for ‘type name’ [-Wpedantic]
  242 |   return static_cast<__int128>(lhs) * static_cast<__int128>(rhs);
      |                      ^~~~~~~~
/home/tina.guest/tinylsm-perf-source-v2/tinylsm/build/release/_deps/protobuf-src/third_party/abseil-cpp/absl/numeric/int128_have_intrinsic.inc:242:51: warning: ISO C++ does not support ‘__int128’ for ‘type name’ [-Wpedantic]
  242 |   return static_cast<__int128>(lhs) * static_cast<__int128>(rhs);
      |                                                   ^~~~~~~~
/home/tina.guest/tinylsm-perf-source-v2/tinylsm/build/release/_deps/protobuf-src/third_party/abseil-cpp/absl/numeric/int128_have_intrinsic.inc: In function ‘absl::lts_20240116::int128 absl::lts_20240116::operator/(int128, int128)’:
/home/tina.guest/tinylsm-perf-source-v2/tinylsm/build/release/_deps/protobuf-src/third_party/abseil-cpp/absl/numeric/int128_have_intrinsic.inc:246:22: warning: ISO C++ does not support ‘__int128’ for ‘type name’ [-Wpedantic]
  246 |   return static_cast<__int128>(lhs) / static_cast<__int128>(rhs);
      |                      ^~~~~~~~
/home/tina.guest/tinylsm-perf-source-v2/tinylsm/build/release/_deps/protobuf-src/third_party/abseil-cpp/absl/numeric/int128_have_intrinsic.inc:246:51: warning: ISO C++ does not support ‘__int128’ for ‘type name’ [-Wpedantic]
  246 |   return static_cast<__int128>(lhs) / static_cast<__int128>(rhs);
      |                                                   ^~~~~~~~
/home/tina.guest/tinylsm-perf-source-v2/tinylsm/build/release/_deps/protobuf-src/third_party/abseil-cpp/absl/numeric/int128_have_intrinsic.inc: In function ‘absl::lts_20240116::int128 absl::lts_20240116::operator%(int128, int128)’:
/home/tina.guest/tinylsm-perf-source-v2/tinylsm/build/release/_deps/protobuf-src/third_party/abseil-cpp/absl/numeric/int128_have_intrinsic.inc:250:22: warning: ISO C++ does not support ‘__int128’ for ‘type name’ [-Wpedantic]
  250 |   return static_cast<__int128>(lhs) % static_cast<__int128>(rhs);
      |                      ^~~~~~~~
/home/tina.guest/tinylsm-perf-source-v2/tinylsm/build/release/_deps/protobuf-src/third_party/abseil-cpp/absl/numeric/int128_have_intrinsic.inc:250:51: warning: ISO C++ does not support ‘__int128’ for ‘type name’ [-Wpedantic]
  250 |   return static_cast<__int128>(lhs) % static_cast<__int128>(rhs);
      |                                                   ^~~~~~~~
/home/tina.guest/tinylsm-perf-source-v2/tinylsm/build/release/_deps/protobuf-src/third_party/abseil-cpp/absl/numeric/int128_have_intrinsic.inc: In function ‘constexpr absl::lts_20240116::int128 absl::lts_20240116::operator|(int128, int128)’:
/home/tina.guest/tinylsm-perf-source-v2/tinylsm/build/release/_deps/protobuf-src/third_party/abseil-cpp/absl/numeric/int128_have_intrinsic.inc:276:22: warning: ISO C++ does not support ‘__int128’ for ‘type name’ [-Wpedantic]
  276 |   return static_cast<__int128>(lhs) | static_cast<__int128>(rhs);
      |                      ^~~~~~~~
/home/tina.guest/tinylsm-perf-source-v2/tinylsm/build/release/_deps/protobuf-src/third_party/abseil-cpp/absl/numeric/int128_have_intrinsic.inc:276:51: warning: ISO C++ does not support ‘__int128’ for ‘type name’ [-Wpedantic]
  276 |   return static_cast<__int128>(lhs) | static_cast<__int128>(rhs);
      |                                                   ^~~~~~~~
/home/tina.guest/tinylsm-perf-source-v2/tinylsm/build/release/_deps/protobuf-src/third_party/abseil-cpp/absl/numeric/int128_have_intrinsic.inc: In function ‘constexpr absl::lts_20240116::int128 absl::lts_20240116::operator&(int128, int128)’:
/home/tina.guest/tinylsm-perf-source-v2/tinylsm/build/release/_deps/protobuf-src/third_party/abseil-cpp/absl/numeric/int128_have_intrinsic.inc:280:22: warning: ISO C++ does not support ‘__int128’ for ‘type name’ [-Wpedantic]
  280 |   return static_cast<__int128>(lhs) & static_cast<__int128>(rhs);
      |                      ^~~~~~~~
/home/tina.guest/tinylsm-perf-source-v2/tinylsm/build/release/_deps/protobuf-src/third_party/abseil-cpp/absl/numeric/int128_have_intrinsic.inc:280:51: warning: ISO C++ does not support ‘__int128’ for ‘type name’ [-Wpedantic]
  280 |   return static_cast<__int128>(lhs) & static_cast<__int128>(rhs);
      |                                                   ^~~~~~~~
/home/tina.guest/tinylsm-perf-source-v2/tinylsm/build/release/_deps/protobuf-src/third_party/abseil-cpp/absl/numeric/int128_have_intrinsic.inc: In function ‘constexpr absl::lts_20240116::int128 absl::lts_20240116::operator^(int128, int128)’:
/home/tina.guest/tinylsm-perf-source-v2/tinylsm/build/release/_deps/protobuf-src/third_party/abseil-cpp/absl/numeric/int128_have_intrinsic.inc:284:22: warning: ISO C++ does not support ‘__int128’ for ‘type name’ [-Wpedantic]
  284 |   return static_cast<__int128>(lhs) ^ static_cast<__int128>(rhs);
      |                      ^~~~~~~~
/home/tina.guest/tinylsm-perf-source-v2/tinylsm/build/release/_deps/protobuf-src/third_party/abseil-cpp/absl/numeric/int128_have_intrinsic.inc:284:51: warning: ISO C++ does not support ‘__int128’ for ‘type name’ [-Wpedantic]
  284 |   return static_cast<__int128>(lhs) ^ static_cast<__int128>(rhs);
      |                                                   ^~~~~~~~
/home/tina.guest/tinylsm-perf-source-v2/tinylsm/build/release/_deps/protobuf-src/third_party/abseil-cpp/absl/numeric/int128_have_intrinsic.inc: In function ‘constexpr absl::lts_20240116::int128 absl::lts_20240116::operator<<(int128, int)’:
/home/tina.guest/tinylsm-perf-source-v2/tinylsm/build/release/_deps/protobuf-src/third_party/abseil-cpp/absl/numeric/int128_have_intrinsic.inc:288:22: warning: ISO C++ does not support ‘__int128’ for ‘type name’ [-Wpedantic]
  288 |   return static_cast<__int128>(lhs) << amount;
      |                      ^~~~~~~~
/home/tina.guest/tinylsm-perf-source-v2/tinylsm/build/release/_deps/protobuf-src/third_party/abseil-cpp/absl/numeric/int128_have_intrinsic.inc: In function ‘constexpr absl::lts_20240116::int128 absl::lts_20240116::operator>>(int128, int)’:
/home/tina.guest/tinylsm-perf-source-v2/tinylsm/build/release/_deps/protobuf-src/third_party/abseil-cpp/absl/numeric/int128_have_intrinsic.inc:292:22: warning: ISO C++ does not support ‘__int128’ for ‘type name’ [-Wpedantic]
  292 |   return static_cast<__int128>(lhs) >> amount;
      |                      ^~~~~~~~
In file included from /home/tina.guest/tinylsm-perf-source-v2/tinylsm/build/release/_deps/protobuf-src/src/google/protobuf/arena.h:38,
                 from /home/tina.guest/tinylsm-perf-source-v2/tinylsm/build/release/src/manifest.pb.h:21:
/home/tina.guest/tinylsm-perf-source-v2/tinylsm/build/release/_deps/protobuf-src/src/google/protobuf/port.h: In function ‘void google::protobuf::internal::AssertDownCast(From*)’:
/home/tina.guest/tinylsm-perf-source-v2/tinylsm/build/release/_deps/protobuf-src/src/google/protobuf/port.h:181:5: warning: testing if a concept-id is a valid expression; add ‘requires’ to check satisfaction [-Wmissing-requires]
  181 |     std::derived_from<std::remove_pointer_t<To>,
      |     ^
      |     requires 
[593/617] Building CXX object src/CMakeFiles/tinylsm.dir/wal/wal_reader.cpp.o
[594/617] Building CXX object src/CMakeFiles/tinylsm.dir/db/db_impl.cpp.o
[595/617] Building CXX object src/CMakeFiles/tinylsm.dir/wal/wal_writer.cpp.o
[596/617] Building CXX object src/CMakeFiles/tinylsm.dir/wal/wal_record_codec.cpp.o
[597/617] Building CXX object src/CMakeFiles/tinylsm.dir/sstable/sstable_builder.cpp.o
[598/617] Building CXX object src/CMakeFiles/tinylsm.dir/sstable/sstable_reader.cpp.o
[599/617] Building CXX object tools/CMakeFiles/tinylsm_cli.dir/tinylsm_cli.cpp.o
[600/617] Building CXX object tools/CMakeFiles/tinylsm_cli_app.dir/cli/cli_app.cpp.o
[601/617] Building CXX object tools/CMakeFiles/tinylsm_lab_fault_support.dir/__/tests/test_support/fault_injection_fs.cpp.o
[602/617] Building CXX object tools/CMakeFiles/tinylsm_lab_core.dir/lab/storage_inspector.cpp.o
/home/tina.guest/tinylsm-perf-source-v2/tinylsm/tools/lab/storage_inspector.cpp: In member function ‘tinylsm::Result<tinylsm::lab::PagedResult<tinylsm::lab::WalRecordPageItem> > tinylsm::lab::StorageInspector::WalRecords(std::string_view, uint64_t, std::size_t) const’:
/home/tina.guest/tinylsm-perf-source-v2/tinylsm/tools/lab/storage_inspector.cpp:126:70: warning: missing initializer for member ‘tinylsm::lab::WalRecordPageItem::entry’ [-Wmissing-field-initializers]
  126 |     WalRecordPageItem item{.offset = offset, .encoded_bytes = encoded};
      |                                                                      ^
/home/tina.guest/tinylsm-perf-source-v2/tinylsm/tools/lab/storage_inspector.cpp:126:70: warning: missing initializer for member ‘tinylsm::lab::WalRecordPageItem::validation_error’ [-Wmissing-field-initializers]
/home/tina.guest/tinylsm-perf-source-v2/tinylsm/tools/lab/storage_inspector.cpp: In member function ‘tinylsm::Result<tinylsm::lab::PagedResult<tinylsm::lab::SstableBlockPageItem> > tinylsm::lab::StorageInspector::SstableBlocks(std::string_view, uint64_t, std::size_t) const’:
/home/tina.guest/tinylsm-perf-source-v2/tinylsm/tools/lab/storage_inspector.cpp:226:59: warning: missing initializer for member ‘tinylsm::lab::SstableBlockPageItem::entries’ [-Wmissing-field-initializers]
  226 |                               .largest_key = meta.last_key};
      |                                                           ^
/home/tina.guest/tinylsm-perf-source-v2/tinylsm/tools/lab/storage_inspector.cpp:226:59: warning: missing initializer for member ‘tinylsm::lab::SstableBlockPageItem::validation_error’ [-Wmissing-field-initializers]
[603/617] Building CXX object src/CMakeFiles/tinylsm.dir/manifest.pb.cc.o
In file included from /home/tina.guest/tinylsm-perf-source-v2/tinylsm/build/release/_deps/protobuf-src/third_party/abseil-cpp/absl/strings/internal/str_format/arg.h:35,
                 from /home/tina.guest/tinylsm-perf-source-v2/tinylsm/build/release/_deps/protobuf-src/third_party/abseil-cpp/absl/strings/str_format.h:83,
                 from /home/tina.guest/tinylsm-perf-source-v2/tinylsm/build/release/_deps/protobuf-src/third_party/abseil-cpp/absl/crc/crc32c.h:32,
                 from /home/tina.guest/tinylsm-perf-source-v2/tinylsm/build/release/_deps/protobuf-src/third_party/abseil-cpp/absl/crc/internal/crc_cord_state.h:23,
                 from /home/tina.guest/tinylsm-perf-source-v2/tinylsm/build/release/_deps/protobuf-src/third_party/abseil-cpp/absl/strings/cord.h:80,
                 from /home/tina.guest/tinylsm-perf-source-v2/tinylsm/build/release/_deps/protobuf-src/src/google/protobuf/io/coded_stream.h:111,
                 from /home/tina.guest/tinylsm-perf-source-v2/tinylsm/build/release/src/manifest.pb.h:20,
                 from /home/tina.guest/tinylsm-perf-source-v2/tinylsm/build/release/src/manifest.pb.cc:6:
/home/tina.guest/tinylsm-perf-source-v2/tinylsm/build/release/_deps/protobuf-src/third_party/abseil-cpp/absl/numeric/int128.h:107:22: warning: ISO C++ does not support ‘__int128’ for ‘type name’ [-Wpedantic]
  107 |     alignas(unsigned __int128)
      |                      ^~~~~~~~
/home/tina.guest/tinylsm-perf-source-v2/tinylsm/build/release/_deps/protobuf-src/third_party/abseil-cpp/absl/numeric/int128.h:121:21: warning: ISO C++ does not support ‘__int128’ for ‘v’ [-Wpedantic]
  121 |   constexpr uint128(__int128 v);           // NOLINT(runtime/explicit)
      |                     ^~~~~~~~
/home/tina.guest/tinylsm-perf-source-v2/tinylsm/build/release/_deps/protobuf-src/third_party/abseil-cpp/absl/numeric/int128.h:122:30: warning: ISO C++ does not support ‘__int128’ for ‘v’ [-Wpedantic]
  122 |   constexpr uint128(unsigned __int128 v);  // NOLINT(runtime/explicit)
      |                              ^~~~~~~~
/home/tina.guest/tinylsm-perf-source-v2/tinylsm/build/release/_deps/protobuf-src/third_party/abseil-cpp/absl/numeric/int128.h:137:22: warning: ISO C++ does not support ‘__int128’ for ‘v’ [-Wpedantic]
  137 |   uint128& operator=(__int128 v);
      |                      ^~~~~~~~
/home/tina.guest/tinylsm-perf-source-v2/tinylsm/build/release/_deps/protobuf-src/third_party/abseil-cpp/absl/numeric/int128.h:138:31: warning: ISO C++ does not support ‘__int128’ for ‘v’ [-Wpedantic]
  138 |   uint128& operator=(unsigned __int128 v);
      |                               ^~~~~~~~
/home/tina.guest/tinylsm-perf-source-v2/tinylsm/build/release/_deps/protobuf-src/third_party/abseil-cpp/absl/numeric/int128.h:163:31: warning: ISO C++ does not support ‘__int128’ for ‘type name’ [-Wpedantic]
  163 |   constexpr explicit operator __int128() const;
      |                               ^~~~~~~~
/home/tina.guest/tinylsm-perf-source-v2/tinylsm/build/release/_deps/protobuf-src/third_party/abseil-cpp/absl/numeric/int128.h:163:31: warning: ISO C++ does not support ‘__int128’ for ‘type name’ [-Wpedantic]
/home/tina.guest/tinylsm-perf-source-v2/tinylsm/build/release/_deps/protobuf-src/third_party/abseil-cpp/absl/numeric/int128.h:164:40: warning: ISO C++ does not support ‘__int128’ for ‘type name’ [-Wpedantic]
  164 |   constexpr explicit operator unsigned __int128() const;
      |                                        ^~~~~~~~
/home/tina.guest/tinylsm-perf-source-v2/tinylsm/build/release/_deps/protobuf-src/third_party/abseil-cpp/absl/numeric/int128.h:164:40: warning: ISO C++ does not support ‘__int128’ for ‘type name’ [-Wpedantic]
/home/tina.guest/tinylsm-perf-source-v2/tinylsm/build/release/_deps/protobuf-src/third_party/abseil-cpp/absl/numeric/int128.h:292:57: warning: ISO C++ does not support ‘__int128’ for ‘type name’ [-Wpedantic]
  292 |   static constexpr bool traps = numeric_limits<unsigned __int128>::traps;
      |                                                         ^~~~~~~~
/home/tina.guest/tinylsm-perf-source-v2/tinylsm/build/release/_deps/protobuf-src/third_party/abseil-cpp/absl/numeric/int128.h:359:20: warning: ISO C++ does not support ‘__int128’ for ‘v’ [-Wpedantic]
  359 |   constexpr int128(__int128 v);  // NOLINT(runtime/explicit)
      |                    ^~~~~~~~
/home/tina.guest/tinylsm-perf-source-v2/tinylsm/build/release/_deps/protobuf-src/third_party/abseil-cpp/absl/numeric/int128.h:360:38: warning: ISO C++ does not support ‘__int128’ for ‘v’ [-Wpedantic]
  360 |   constexpr explicit int128(unsigned __int128 v);
      |                                      ^~~~~~~~
/home/tina.guest/tinylsm-perf-source-v2/tinylsm/build/release/_deps/protobuf-src/third_party/abseil-cpp/absl/numeric/int128.h:375:21: warning: ISO C++ does not support ‘__int128’ for ‘v’ [-Wpedantic]
  375 |   int128& operator=(__int128 v);
      |                     ^~~~~~~~
/home/tina.guest/tinylsm-perf-source-v2/tinylsm/build/release/_deps/protobuf-src/third_party/abseil-cpp/absl/numeric/int128.h:399:31: warning: ISO C++ does not support ‘__int128’ for ‘type name’ [-Wpedantic]
  399 |   constexpr explicit operator __int128() const;
      |                               ^~~~~~~~
/home/tina.guest/tinylsm-perf-source-v2/tinylsm/build/release/_deps/protobuf-src/third_party/abseil-cpp/absl/numeric/int128.h:399:31: warning: ISO C++ does not support ‘__int128’ for ‘type name’ [-Wpedantic]
/home/tina.guest/tinylsm-perf-source-v2/tinylsm/build/release/_deps/protobuf-src/third_party/abseil-cpp/absl/numeric/int128.h:400:40: warning: ISO C++ does not support ‘__int128’ for ‘type name’ [-Wpedantic]
  400 |   constexpr explicit operator unsigned __int128() const;
      |                                        ^~~~~~~~
/home/tina.guest/tinylsm-perf-source-v2/tinylsm/build/release/_deps/protobuf-src/third_party/abseil-cpp/absl/numeric/int128.h:400:40: warning: ISO C++ does not support ‘__int128’ for ‘type name’ [-Wpedantic]
/home/tina.guest/tinylsm-perf-source-v2/tinylsm/build/release/_deps/protobuf-src/third_party/abseil-cpp/absl/numeric/int128.h:478:3: warning: ISO C++ does not support ‘__int128’ for ‘v_’ [-Wpedantic]
  478 |   __int128 v_;
      |   ^~~~~~~~
/home/tina.guest/tinylsm-perf-source-v2/tinylsm/build/release/_deps/protobuf-src/third_party/abseil-cpp/absl/numeric/int128.h:535:48: warning: ISO C++ does not support ‘__int128’ for ‘type name’ [-Wpedantic]
  535 |   static constexpr bool traps = numeric_limits<__int128>::traps;
      |                                                ^~~~~~~~
/home/tina.guest/tinylsm-perf-source-v2/tinylsm/build/release/_deps/protobuf-src/third_party/abseil-cpp/absl/numeric/int128.h:589:36: warning: ISO C++ does not support ‘__int128’ for ‘v’ [-Wpedantic]
  589 | inline uint128& uint128::operator=(__int128 v) { return *this = uint128(v); }
      |                                    ^~~~~~~~
/home/tina.guest/tinylsm-perf-source-v2/tinylsm/build/release/_deps/protobuf-src/third_party/abseil-cpp/absl/numeric/int128.h:591:45: warning: ISO C++ does not support ‘__int128’ for ‘v’ [-Wpedantic]
  591 | inline uint128& uint128::operator=(unsigned __int128 v) {
      |                                             ^~~~~~~~
/home/tina.guest/tinylsm-perf-source-v2/tinylsm/build/release/_deps/protobuf-src/third_party/abseil-cpp/absl/numeric/int128.h:670:28: warning: ISO C++ does not support ‘__int128’ for ‘v’ [-Wpedantic]
  670 | constexpr uint128::uint128(__int128 v)
      |                            ^~~~~~~~
/home/tina.guest/tinylsm-perf-source-v2/tinylsm/build/release/_deps/protobuf-src/third_party/abseil-cpp/absl/numeric/int128.h: In constructor ‘constexpr absl::lts_20240116::uint128::uint128(__int128)’:
/home/tina.guest/tinylsm-perf-source-v2/tinylsm/build/release/_deps/protobuf-src/third_party/abseil-cpp/absl/numeric/int128.h:672:54: warning: ISO C++ does not support ‘__int128’ for ‘type name’ [-Wpedantic]
  672 |       hi_{static_cast<uint64_t>(static_cast<unsigned __int128>(v) >> 64)} {}
      |                                                      ^~~~~~~~
/home/tina.guest/tinylsm-perf-source-v2/tinylsm/build/release/_deps/protobuf-src/third_party/abseil-cpp/absl/numeric/int128.h: At global scope:
/home/tina.guest/tinylsm-perf-source-v2/tinylsm/build/release/_deps/protobuf-src/third_party/abseil-cpp/absl/numeric/int128.h:673:37: warning: ISO C++ does not support ‘__int128’ for ‘v’ [-Wpedantic]
  673 | constexpr uint128::uint128(unsigned __int128 v)
      |                                     ^~~~~~~~
/home/tina.guest/tinylsm-perf-source-v2/tinylsm/build/release/_deps/protobuf-src/third_party/abseil-cpp/absl/numeric/int128.h:772:29: warning: ISO C++ does not support ‘__int128’ for ‘type name’ [-Wpedantic]
  772 | constexpr uint128::operator __int128() const {
      |                             ^~~~~~~~
/home/tina.guest/tinylsm-perf-source-v2/tinylsm/build/release/_deps/protobuf-src/third_party/abseil-cpp/absl/numeric/int128.h:772:29: warning: ISO C++ does not support ‘__int128’ for ‘type name’ [-Wpedantic]
/home/tina.guest/tinylsm-perf-source-v2/tinylsm/build/release/_deps/protobuf-src/third_party/abseil-cpp/absl/numeric/int128.h:772:29: warning: ISO C++ does not support ‘__int128’ for ‘type name’ [-Wpedantic]
/home/tina.guest/tinylsm-perf-source-v2/tinylsm/build/release/_deps/protobuf-src/third_party/abseil-cpp/absl/numeric/int128.h: In member function ‘constexpr absl::lts_20240116::uint128::operator __int128() const’:
/home/tina.guest/tinylsm-perf-source-v2/tinylsm/build/release/_deps/protobuf-src/third_party/abseil-cpp/absl/numeric/int128.h:773:23: warning: ISO C++ does not support ‘__int128’ for ‘type name’ [-Wpedantic]
  773 |   return (static_cast<__int128>(hi_) << 64) + lo_;
      |                       ^~~~~~~~
/home/tina.guest/tinylsm-perf-source-v2/tinylsm/build/release/_deps/protobuf-src/third_party/abseil-cpp/absl/numeric/int128.h: At global scope:
/home/tina.guest/tinylsm-perf-source-v2/tinylsm/build/release/_deps/protobuf-src/third_party/abseil-cpp/absl/numeric/int128.h:776:38: warning: ISO C++ does not support ‘__int128’ for ‘type name’ [-Wpedantic]
  776 | constexpr uint128::operator unsigned __int128() const {
      |                                      ^~~~~~~~
/home/tina.guest/tinylsm-perf-source-v2/tinylsm/build/release/_deps/protobuf-src/third_party/abseil-cpp/absl/numeric/int128.h:776:38: warning: ISO C++ does not support ‘__int128’ for ‘type name’ [-Wpedantic]
/home/tina.guest/tinylsm-perf-source-v2/tinylsm/build/release/_deps/protobuf-src/third_party/abseil-cpp/absl/numeric/int128.h:776:38: warning: ISO C++ does not support ‘__int128’ for ‘type name’ [-Wpedantic]
/home/tina.guest/tinylsm-perf-source-v2/tinylsm/build/release/_deps/protobuf-src/third_party/abseil-cpp/absl/numeric/int128.h: In member function ‘constexpr absl::lts_20240116::uint128::operator __int128 unsigned() const’:
/home/tina.guest/tinylsm-perf-source-v2/tinylsm/build/release/_deps/protobuf-src/third_party/abseil-cpp/absl/numeric/int128.h:777:32: warning: ISO C++ does not support ‘__int128’ for ‘type name’ [-Wpedantic]
  777 |   return (static_cast<unsigned __int128>(hi_) << 64) + lo_;
      |                                ^~~~~~~~
/home/tina.guest/tinylsm-perf-source-v2/tinylsm/build/release/_deps/protobuf-src/third_party/abseil-cpp/absl/numeric/int128.h: In function ‘constexpr bool absl::lts_20240116::operator==(uint128, uint128)’:
/home/tina.guest/tinylsm-perf-source-v2/tinylsm/build/release/_deps/protobuf-src/third_party/abseil-cpp/absl/numeric/int128.h:800:31: warning: ISO C++ does not support ‘__int128’ for ‘type name’ [-Wpedantic]
  800 |   return static_cast<unsigned __int128>(lhs) ==
      |                               ^~~~~~~~
/home/tina.guest/tinylsm-perf-source-v2/tinylsm/build/release/_deps/protobuf-src/third_party/abseil-cpp/absl/numeric/int128.h:801:31: warning: ISO C++ does not support ‘__int128’ for ‘type name’ [-Wpedantic]
  801 |          static_cast<unsigned __int128>(rhs);
      |                               ^~~~~~~~
/home/tina.guest/tinylsm-perf-source-v2/tinylsm/build/release/_deps/protobuf-src/third_party/abseil-cpp/absl/numeric/int128.h: In function ‘constexpr bool absl::lts_20240116::operator<(uint128, uint128)’:
/home/tina.guest/tinylsm-perf-source-v2/tinylsm/build/release/_deps/protobuf-src/third_party/abseil-cpp/absl/numeric/int128.h:812:31: warning: ISO C++ does not support ‘__int128’ for ‘type name’ [-Wpedantic]
  812 |   return static_cast<unsigned __int128>(lhs) <
      |                               ^~~~~~~~
/home/tina.guest/tinylsm-perf-source-v2/tinylsm/build/release/_deps/protobuf-src/third_party/abseil-cpp/absl/numeric/int128.h:813:31: warning: ISO C++ does not support ‘__int128’ for ‘type name’ [-Wpedantic]
  813 |          static_cast<unsigned __int128>(rhs);
      |                               ^~~~~~~~
/home/tina.guest/tinylsm-perf-source-v2/tinylsm/build/release/_deps/protobuf-src/third_party/abseil-cpp/absl/numeric/int128.h: In function ‘constexpr absl::lts_20240116::uint128 absl::lts_20240116::operator-(uint128)’:
/home/tina.guest/tinylsm-perf-source-v2/tinylsm/build/release/_deps/protobuf-src/third_party/abseil-cpp/absl/numeric/int128.h:835:32: warning: ISO C++ does not support ‘__int128’ for ‘type name’ [-Wpedantic]
  835 |   return -static_cast<unsigned __int128>(val);
      |                                ^~~~~~~~
/home/tina.guest/tinylsm-perf-source-v2/tinylsm/build/release/_deps/protobuf-src/third_party/abseil-cpp/absl/numeric/int128.h: In function ‘constexpr bool absl::lts_20240116::operator!(uint128)’:
/home/tina.guest/tinylsm-perf-source-v2/tinylsm/build/release/_deps/protobuf-src/third_party/abseil-cpp/absl/numeric/int128.h:845:32: warning: ISO C++ does not support ‘__int128’ for ‘type name’ [-Wpedantic]
  845 |   return !static_cast<unsigned __int128>(val);
      |                                ^~~~~~~~
/home/tina.guest/tinylsm-perf-source-v2/tinylsm/build/release/_deps/protobuf-src/third_party/abseil-cpp/absl/numeric/int128.h: In function ‘constexpr absl::lts_20240116::uint128 absl::lts_20240116::operator~(uint128)’:
/home/tina.guest/tinylsm-perf-source-v2/tinylsm/build/release/_deps/protobuf-src/third_party/abseil-cpp/absl/numeric/int128.h:855:32: warning: ISO C++ does not support ‘__int128’ for ‘type name’ [-Wpedantic]
  855 |   return ~static_cast<unsigned __int128>(val);
      |                                ^~~~~~~~
/home/tina.guest/tinylsm-perf-source-v2/tinylsm/build/release/_deps/protobuf-src/third_party/abseil-cpp/absl/numeric/int128.h: In function ‘constexpr absl::lts_20240116::uint128 absl::lts_20240116::operator|(uint128, uint128)’:
/home/tina.guest/tinylsm-perf-source-v2/tinylsm/build/release/_deps/protobuf-src/third_party/abseil-cpp/absl/numeric/int128.h:863:31: warning: ISO C++ does not support ‘__int128’ for ‘type name’ [-Wpedantic]
  863 |   return static_cast<unsigned __int128>(lhs) |
      |                               ^~~~~~~~
/home/tina.guest/tinylsm-perf-source-v2/tinylsm/build/release/_deps/protobuf-src/third_party/abseil-cpp/absl/numeric/int128.h:864:31: warning: ISO C++ does not support ‘__int128’ for ‘type name’ [-Wpedantic]
  864 |          static_cast<unsigned __int128>(rhs);
      |                               ^~~~~~~~
/home/tina.guest/tinylsm-perf-source-v2/tinylsm/build/release/_deps/protobuf-src/third_party/abseil-cpp/absl/numeric/int128.h: In function ‘constexpr absl::lts_20240116::uint128 absl::lts_20240116::operator&(uint128, uint128)’:
/home/tina.guest/tinylsm-perf-source-v2/tinylsm/build/release/_deps/protobuf-src/third_party/abseil-cpp/absl/numeric/int128.h:873:31: warning: ISO C++ does not support ‘__int128’ for ‘type name’ [-Wpedantic]
  873 |   return static_cast<unsigned __int128>(lhs) &
      |                               ^~~~~~~~
/home/tina.guest/tinylsm-perf-source-v2/tinylsm/build/release/_deps/protobuf-src/third_party/abseil-cpp/absl/numeric/int128.h:874:31: warning: ISO C++ does not support ‘__int128’ for ‘type name’ [-Wpedantic]
  874 |          static_cast<unsigned __int128>(rhs);
      |                               ^~~~~~~~
/home/tina.guest/tinylsm-perf-source-v2/tinylsm/build/release/_deps/protobuf-src/third_party/abseil-cpp/absl/numeric/int128.h: In function ‘constexpr absl::lts_20240116::uint128 absl::lts_20240116::operator^(uint128, uint128)’:
/home/tina.guest/tinylsm-perf-source-v2/tinylsm/build/release/_deps/protobuf-src/third_party/abseil-cpp/absl/numeric/int128.h:883:31: warning: ISO C++ does not support ‘__int128’ for ‘type name’ [-Wpedantic]
  883 |   return static_cast<unsigned __int128>(lhs) ^
      |                               ^~~~~~~~
/home/tina.guest/tinylsm-perf-source-v2/tinylsm/build/release/_deps/protobuf-src/third_party/abseil-cpp/absl/numeric/int128.h:884:31: warning: ISO C++ does not support ‘__int128’ for ‘type name’ [-Wpedantic]
  884 |          static_cast<unsigned __int128>(rhs);
      |                               ^~~~~~~~
/home/tina.guest/tinylsm-perf-source-v2/tinylsm/build/release/_deps/protobuf-src/third_party/abseil-cpp/absl/numeric/int128.h: In function ‘constexpr absl::lts_20240116::uint128 absl::lts_20240116::operator<<(uint128, int)’:
/home/tina.guest/tinylsm-perf-source-v2/tinylsm/build/release/_deps/protobuf-src/third_party/abseil-cpp/absl/numeric/int128.h:910:31: warning: ISO C++ does not support ‘__int128’ for ‘type name’ [-Wpedantic]
  910 |   return static_cast<unsigned __int128>(lhs) << amount;
      |                               ^~~~~~~~
/home/tina.guest/tinylsm-perf-source-v2/tinylsm/build/release/_deps/protobuf-src/third_party/abseil-cpp/absl/numeric/int128.h: In function ‘constexpr absl::lts_20240116::uint128 absl::lts_20240116::operator>>(uint128, int)’:
/home/tina.guest/tinylsm-perf-source-v2/tinylsm/build/release/_deps/protobuf-src/third_party/abseil-cpp/absl/numeric/int128.h:924:31: warning: ISO C++ does not support ‘__int128’ for ‘type name’ [-Wpedantic]
  924 |   return static_cast<unsigned __int128>(lhs) >> amount;
      |                               ^~~~~~~~
/home/tina.guest/tinylsm-perf-source-v2/tinylsm/build/release/_deps/protobuf-src/third_party/abseil-cpp/absl/numeric/int128.h: In function ‘constexpr absl::lts_20240116::uint128 absl::lts_20240116::operator+(uint128, uint128)’:
/home/tina.guest/tinylsm-perf-source-v2/tinylsm/build/release/_deps/protobuf-src/third_party/abseil-cpp/absl/numeric/int128.h:949:31: warning: ISO C++ does not support ‘__int128’ for ‘type name’ [-Wpedantic]
  949 |   return static_cast<unsigned __int128>(lhs) +
      |                               ^~~~~~~~
/home/tina.guest/tinylsm-perf-source-v2/tinylsm/build/release/_deps/protobuf-src/third_party/abseil-cpp/absl/numeric/int128.h:950:31: warning: ISO C++ does not support ‘__int128’ for ‘type name’ [-Wpedantic]
  950 |          static_cast<unsigned __int128>(rhs);
      |                               ^~~~~~~~
/home/tina.guest/tinylsm-perf-source-v2/tinylsm/build/release/_deps/protobuf-src/third_party/abseil-cpp/absl/numeric/int128.h: In function ‘constexpr absl::lts_20240116::uint128 absl::lts_20240116::operator-(uint128, uint128)’:
/home/tina.guest/tinylsm-perf-source-v2/tinylsm/build/release/_deps/protobuf-src/third_party/abseil-cpp/absl/numeric/int128.h:972:31: warning: ISO C++ does not support ‘__int128’ for ‘type name’ [-Wpedantic]
  972 |   return static_cast<unsigned __int128>(lhs) -
      |                               ^~~~~~~~
/home/tina.guest/tinylsm-perf-source-v2/tinylsm/build/release/_deps/protobuf-src/third_party/abseil-cpp/absl/numeric/int128.h:973:31: warning: ISO C++ does not support ‘__int128’ for ‘type name’ [-Wpedantic]
  973 |          static_cast<unsigned __int128>(rhs);
      |                               ^~~~~~~~
/home/tina.guest/tinylsm-perf-source-v2/tinylsm/build/release/_deps/protobuf-src/third_party/abseil-cpp/absl/numeric/int128.h: In function ‘absl::lts_20240116::uint128 absl::lts_20240116::operator*(uint128, uint128)’:
/home/tina.guest/tinylsm-perf-source-v2/tinylsm/build/release/_deps/protobuf-src/third_party/abseil-cpp/absl/numeric/int128.h:986:31: warning: ISO C++ does not support ‘__int128’ for ‘type name’ [-Wpedantic]
  986 |   return static_cast<unsigned __int128>(lhs) *
      |                               ^~~~~~~~
/home/tina.guest/tinylsm-perf-source-v2/tinylsm/build/release/_deps/protobuf-src/third_party/abseil-cpp/absl/numeric/int128.h:987:31: warning: ISO C++ does not support ‘__int128’ for ‘type name’ [-Wpedantic]
  987 |          static_cast<unsigned __int128>(rhs);
      |                               ^~~~~~~~
/home/tina.guest/tinylsm-perf-source-v2/tinylsm/build/release/_deps/protobuf-src/third_party/abseil-cpp/absl/numeric/int128.h: In function ‘absl::lts_20240116::uint128 absl::lts_20240116::operator/(uint128, uint128)’:
/home/tina.guest/tinylsm-perf-source-v2/tinylsm/build/release/_deps/protobuf-src/third_party/abseil-cpp/absl/numeric/int128.h:1011:31: warning: ISO C++ does not support ‘__int128’ for ‘type name’ [-Wpedantic]
 1011 |   return static_cast<unsigned __int128>(lhs) /
      |                               ^~~~~~~~
/home/tina.guest/tinylsm-perf-source-v2/tinylsm/build/release/_deps/protobuf-src/third_party/abseil-cpp/absl/numeric/int128.h:1012:31: warning: ISO C++ does not support ‘__int128’ for ‘type name’ [-Wpedantic]
 1012 |          static_cast<unsigned __int128>(rhs);
      |                               ^~~~~~~~
/home/tina.guest/tinylsm-perf-source-v2/tinylsm/build/release/_deps/protobuf-src/third_party/abseil-cpp/absl/numeric/int128.h: In function ‘absl::lts_20240116::uint128 absl::lts_20240116::operator%(uint128, uint128)’:
/home/tina.guest/tinylsm-perf-source-v2/tinylsm/build/release/_deps/protobuf-src/third_party/abseil-cpp/absl/numeric/int128.h:1016:31: warning: ISO C++ does not support ‘__int128’ for ‘type name’ [-Wpedantic]
 1016 |   return static_cast<unsigned __int128>(lhs) %
      |                               ^~~~~~~~
/home/tina.guest/tinylsm-perf-source-v2/tinylsm/build/release/_deps/protobuf-src/third_party/abseil-cpp/absl/numeric/int128.h:1017:31: warning: ISO C++ does not support ‘__int128’ for ‘type name’ [-Wpedantic]
 1017 |          static_cast<unsigned __int128>(rhs);
      |                               ^~~~~~~~
In file included from /home/tina.guest/tinylsm-perf-source-v2/tinylsm/build/release/_deps/protobuf-src/third_party/abseil-cpp/absl/numeric/int128.h:1152:
/home/tina.guest/tinylsm-perf-source-v2/tinylsm/build/release/_deps/protobuf-src/third_party/abseil-cpp/absl/numeric/int128_have_intrinsic.inc: At global scope:
/home/tina.guest/tinylsm-perf-source-v2/tinylsm/build/release/_deps/protobuf-src/third_party/abseil-cpp/absl/numeric/int128_have_intrinsic.inc:24:45: warning: ISO C++ does not support ‘__int128’ for ‘v’ [-Wpedantic]
   24 | constexpr __int128 BitCastToSigned(unsigned __int128 v) {
      |                                             ^~~~~~~~
/home/tina.guest/tinylsm-perf-source-v2/tinylsm/build/release/_deps/protobuf-src/third_party/abseil-cpp/absl/numeric/int128_have_intrinsic.inc:24:11: warning: ISO C++ does not support ‘__int128’ for ‘BitCastToSigned’ [-Wpedantic]
   24 | constexpr __int128 BitCastToSigned(unsigned __int128 v) {
      |           ^~~~~~~~
/home/tina.guest/tinylsm-perf-source-v2/tinylsm/build/release/_deps/protobuf-src/third_party/abseil-cpp/absl/numeric/int128_have_intrinsic.inc: In function ‘constexpr __int128 absl::lts_20240116::int128_internal::BitCastToSigned(__int128 unsigned)’:
/home/tina.guest/tinylsm-perf-source-v2/tinylsm/build/release/_deps/protobuf-src/third_party/abseil-cpp/absl/numeric/int128_have_intrinsic.inc:30:36: warning: ISO C++ does not support ‘__int128’ for ‘type name’ [-Wpedantic]
   30 |   return v & (static_cast<unsigned __int128>(1) << 127)
      |                                    ^~~~~~~~
/home/tina.guest/tinylsm-perf-source-v2/tinylsm/build/release/_deps/protobuf-src/third_party/abseil-cpp/absl/numeric/int128_have_intrinsic.inc:31:29: warning: ISO C++ does not support ‘__int128’ for ‘type name’ [-Wpedantic]
   31 |              ? ~static_cast<__int128>(~v)
      |                             ^~~~~~~~
/home/tina.guest/tinylsm-perf-source-v2/tinylsm/build/release/_deps/protobuf-src/third_party/abseil-cpp/absl/numeric/int128_have_intrinsic.inc:32:28: warning: ISO C++ does not support ‘__int128’ for ‘type name’ [-Wpedantic]
   32 |              : static_cast<__int128>(v);
      |                            ^~~~~~~~
/home/tina.guest/tinylsm-perf-source-v2/tinylsm/build/release/_deps/protobuf-src/third_party/abseil-cpp/absl/numeric/int128_have_intrinsic.inc: At global scope:
/home/tina.guest/tinylsm-perf-source-v2/tinylsm/build/release/_deps/protobuf-src/third_party/abseil-cpp/absl/numeric/int128_have_intrinsic.inc:37:34: warning: ISO C++ does not support ‘__int128’ for ‘v’ [-Wpedantic]
   37 | inline int128& int128::operator=(__int128 v) {
      |                                  ^~~~~~~~
/home/tina.guest/tinylsm-perf-source-v2/tinylsm/build/release/_deps/protobuf-src/third_party/abseil-cpp/absl/numeric/int128_have_intrinsic.inc: In function ‘constexpr int64_t absl::lts_20240116::Int128High64(int128)’:
/home/tina.guest/tinylsm-perf-source-v2/tinylsm/build/release/_deps/protobuf-src/third_party/abseil-cpp/absl/numeric/int128_have_intrinsic.inc:49:50: warning: ISO C++ does not support ‘__int128’ for ‘type name’ [-Wpedantic]
   49 |       static_cast<uint64_t>(static_cast<unsigned __int128>(v.v_) >> 64));
      |                                                  ^~~~~~~~
/home/tina.guest/tinylsm-perf-source-v2/tinylsm/build/release/_deps/protobuf-src/third_party/abseil-cpp/absl/numeric/int128_have_intrinsic.inc: In constructor ‘constexpr absl::lts_20240116::int128::int128(int64_t, uint64_t)’:
/home/tina.guest/tinylsm-perf-source-v2/tinylsm/build/release/_deps/protobuf-src/third_party/abseil-cpp/absl/numeric/int128_have_intrinsic.inc:54:64: warning: ISO C++ does not support ‘__int128’ for ‘type name’ [-Wpedantic]
   54 |     : v_(int128_internal::BitCastToSigned(static_cast<unsigned __int128>(high)
      |                                                                ^~~~~~~~
/home/tina.guest/tinylsm-perf-source-v2/tinylsm/build/release/_deps/protobuf-src/third_party/abseil-cpp/absl/numeric/int128_have_intrinsic.inc: At global scope:
/home/tina.guest/tinylsm-perf-source-v2/tinylsm/build/release/_deps/protobuf-src/third_party/abseil-cpp/absl/numeric/int128_have_intrinsic.inc:65:26: warning: ISO C++ does not support ‘__int128’ for ‘v’ [-Wpedantic]
   65 | constexpr int128::int128(__int128 v) : v_{v} {}
      |                          ^~~~~~~~
/home/tina.guest/tinylsm-perf-source-v2/tinylsm/build/release/_deps/protobuf-src/third_party/abseil-cpp/absl/numeric/int128_have_intrinsic.inc:74:35: warning: ISO C++ does not support ‘__int128’ for ‘v’ [-Wpedantic]
   74 | constexpr int128::int128(unsigned __int128 v) : v_{static_cast<__int128>(v)} {}
      |                                   ^~~~~~~~
/home/tina.guest/tinylsm-perf-source-v2/tinylsm/build/release/_deps/protobuf-src/third_party/abseil-cpp/absl/numeric/int128_have_intrinsic.inc: In constructor ‘constexpr absl::lts_20240116::int128::int128(__int128 unsigned)’:
/home/tina.guest/tinylsm-perf-source-v2/tinylsm/build/release/_deps/protobuf-src/third_party/abseil-cpp/absl/numeric/int128_have_intrinsic.inc:74:64: warning: ISO C++ does not support ‘__int128’ for ‘type name’ [-Wpedantic]
   74 | constexpr int128::int128(unsigned __int128 v) : v_{static_cast<__int128>(v)} {}
      |                                                                ^~~~~~~~
/home/tina.guest/tinylsm-perf-source-v2/tinylsm/build/release/_deps/protobuf-src/third_party/abseil-cpp/absl/numeric/int128_have_intrinsic.inc: In constructor ‘absl::lts_20240116::int128::int128(float)’:
/home/tina.guest/tinylsm-perf-source-v2/tinylsm/build/release/_deps/protobuf-src/third_party/abseil-cpp/absl/numeric/int128_have_intrinsic.inc:77:20: warning: ISO C++ does not support ‘__int128’ for ‘type name’ [-Wpedantic]
   77 |   v_ = static_cast<__int128>(v);
      |                    ^~~~~~~~
/home/tina.guest/tinylsm-perf-source-v2/tinylsm/build/release/_deps/protobuf-src/third_party/abseil-cpp/absl/numeric/int128_have_intrinsic.inc: In constructor ‘absl::lts_20240116::int128::int128(double)’:
/home/tina.guest/tinylsm-perf-source-v2/tinylsm/build/release/_deps/protobuf-src/third_party/abseil-cpp/absl/numeric/int128_have_intrinsic.inc:81:20: warning: ISO C++ does not support ‘__int128’ for ‘type name’ [-Wpedantic]
   81 |   v_ = static_cast<__int128>(v);
      |                    ^~~~~~~~
/home/tina.guest/tinylsm-perf-source-v2/tinylsm/build/release/_deps/protobuf-src/third_party/abseil-cpp/absl/numeric/int128_have_intrinsic.inc: In constructor ‘absl::lts_20240116::int128::int128(long double)’:
/home/tina.guest/tinylsm-perf-source-v2/tinylsm/build/release/_deps/protobuf-src/third_party/abseil-cpp/absl/numeric/int128_have_intrinsic.inc:85:20: warning: ISO C++ does not support ‘__int128’ for ‘type name’ [-Wpedantic]
   85 |   v_ = static_cast<__int128>(v);
      |                    ^~~~~~~~
/home/tina.guest/tinylsm-perf-source-v2/tinylsm/build/release/_deps/protobuf-src/third_party/abseil-cpp/absl/numeric/int128_have_intrinsic.inc: In constructor ‘constexpr absl::lts_20240116::int128::int128(absl::lts_20240116::uint128)’:
/home/tina.guest/tinylsm-perf-source-v2/tinylsm/build/release/_deps/protobuf-src/third_party/abseil-cpp/absl/numeric/int128_have_intrinsic.inc:88:54: warning: ISO C++ does not support ‘__int128’ for ‘type name’ [-Wpedantic]
   88 | constexpr int128::int128(uint128 v) : v_{static_cast<__int128>(v)} {}
      |                                                      ^~~~~~~~
/home/tina.guest/tinylsm-perf-source-v2/tinylsm/build/release/_deps/protobuf-src/third_party/abseil-cpp/absl/numeric/int128_have_intrinsic.inc: At global scope:
/home/tina.guest/tinylsm-perf-source-v2/tinylsm/build/release/_deps/protobuf-src/third_party/abseil-cpp/absl/numeric/int128_have_intrinsic.inc:146:28: warning: ISO C++ does not support ‘__int128’ for ‘type name’ [-Wpedantic]
  146 | constexpr int128::operator __int128() const { return v_; }
      |                            ^~~~~~~~
/home/tina.guest/tinylsm-perf-source-v2/tinylsm/build/release/_deps/protobuf-src/third_party/abseil-cpp/absl/numeric/int128_have_intrinsic.inc:146:28: warning: ISO C++ does not support ‘__int128’ for ‘type name’ [-Wpedantic]
/home/tina.guest/tinylsm-perf-source-v2/tinylsm/build/release/_deps/protobuf-src/third_party/abseil-cpp/absl/numeric/int128_have_intrinsic.inc:146:28: warning: ISO C++ does not support ‘__int128’ for ‘type name’ [-Wpedantic]
/home/tina.guest/tinylsm-perf-source-v2/tinylsm/build/release/_deps/protobuf-src/third_party/abseil-cpp/absl/numeric/int128_have_intrinsic.inc:148:37: warning: ISO C++ does not support ‘__int128’ for ‘type name’ [-Wpedantic]
  148 | constexpr int128::operator unsigned __int128() const {
      |                                     ^~~~~~~~
/home/tina.guest/tinylsm-perf-source-v2/tinylsm/build/release/_deps/protobuf-src/third_party/abseil-cpp/absl/numeric/int128_have_intrinsic.inc:148:37: warning: ISO C++ does not support ‘__int128’ for ‘type name’ [-Wpedantic]
/home/tina.guest/tinylsm-perf-source-v2/tinylsm/build/release/_deps/protobuf-src/third_party/abseil-cpp/absl/numeric/int128_have_intrinsic.inc:148:37: warning: ISO C++ does not support ‘__int128’ for ‘type name’ [-Wpedantic]
/home/tina.guest/tinylsm-perf-source-v2/tinylsm/build/release/_deps/protobuf-src/third_party/abseil-cpp/absl/numeric/int128_have_intrinsic.inc: In member function ‘constexpr absl::lts_20240116::int128::operator __int128 unsigned() const’:
/home/tina.guest/tinylsm-perf-source-v2/tinylsm/build/release/_deps/protobuf-src/third_party/abseil-cpp/absl/numeric/int128_have_intrinsic.inc:149:31: warning: ISO C++ does not support ‘__int128’ for ‘type name’ [-Wpedantic]
  149 |   return static_cast<unsigned __int128>(v_);
      |                               ^~~~~~~~
/home/tina.guest/tinylsm-perf-source-v2/tinylsm/build/release/_deps/protobuf-src/third_party/abseil-cpp/absl/numeric/int128_have_intrinsic.inc: In function ‘constexpr bool absl::lts_20240116::operator==(int128, int128)’:
/home/tina.guest/tinylsm-perf-source-v2/tinylsm/build/release/_deps/protobuf-src/third_party/abseil-cpp/absl/numeric/int128_have_intrinsic.inc:200:22: warning: ISO C++ does not support ‘__int128’ for ‘type name’ [-Wpedantic]
  200 |   return static_cast<__int128>(lhs) == static_cast<__int128>(rhs);
      |                      ^~~~~~~~
/home/tina.guest/tinylsm-perf-source-v2/tinylsm/build/release/_deps/protobuf-src/third_party/abseil-cpp/absl/numeric/int128_have_intrinsic.inc:200:52: warning: ISO C++ does not support ‘__int128’ for ‘type name’ [-Wpedantic]
  200 |   return static_cast<__int128>(lhs) == static_cast<__int128>(rhs);
      |                                                    ^~~~~~~~
/home/tina.guest/tinylsm-perf-source-v2/tinylsm/build/release/_deps/protobuf-src/third_party/abseil-cpp/absl/numeric/int128_have_intrinsic.inc: In function ‘constexpr bool absl::lts_20240116::operator!=(int128, int128)’:
/home/tina.guest/tinylsm-perf-source-v2/tinylsm/build/release/_deps/protobuf-src/third_party/abseil-cpp/absl/numeric/int128_have_intrinsic.inc:204:22: warning: ISO C++ does not support ‘__int128’ for ‘type name’ [-Wpedantic]
  204 |   return static_cast<__int128>(lhs) != static_cast<__int128>(rhs);
      |                      ^~~~~~~~
/home/tina.guest/tinylsm-perf-source-v2/tinylsm/build/release/_deps/protobuf-src/third_party/abseil-cpp/absl/numeric/int128_have_intrinsic.inc:204:52: warning: ISO C++ does not support ‘__int128’ for ‘type name’ [-Wpedantic]
  204 |   return static_cast<__int128>(lhs) != static_cast<__int128>(rhs);
      |                                                    ^~~~~~~~
/home/tina.guest/tinylsm-perf-source-v2/tinylsm/build/release/_deps/protobuf-src/third_party/abseil-cpp/absl/numeric/int128_have_intrinsic.inc: In function ‘constexpr bool absl::lts_20240116::operator<(int128, int128)’:
/home/tina.guest/tinylsm-perf-source-v2/tinylsm/build/release/_deps/protobuf-src/third_party/abseil-cpp/absl/numeric/int128_have_intrinsic.inc:208:22: warning: ISO C++ does not support ‘__int128’ for ‘type name’ [-Wpedantic]
  208 |   return static_cast<__int128>(lhs) < static_cast<__int128>(rhs);
      |                      ^~~~~~~~
/home/tina.guest/tinylsm-perf-source-v2/tinylsm/build/release/_deps/protobuf-src/third_party/abseil-cpp/absl/numeric/int128_have_intrinsic.inc:208:51: warning: ISO C++ does not support ‘__int128’ for ‘type name’ [-Wpedantic]
  208 |   return static_cast<__int128>(lhs) < static_cast<__int128>(rhs);
      |                                                   ^~~~~~~~
/home/tina.guest/tinylsm-perf-source-v2/tinylsm/build/release/_deps/protobuf-src/third_party/abseil-cpp/absl/numeric/int128_have_intrinsic.inc: In function ‘constexpr bool absl::lts_20240116::operator>(int128, int128)’:
/home/tina.guest/tinylsm-perf-source-v2/tinylsm/build/release/_deps/protobuf-src/third_party/abseil-cpp/absl/numeric/int128_have_intrinsic.inc:212:22: warning: ISO C++ does not support ‘__int128’ for ‘type name’ [-Wpedantic]
  212 |   return static_cast<__int128>(lhs) > static_cast<__int128>(rhs);
      |                      ^~~~~~~~
/home/tina.guest/tinylsm-perf-source-v2/tinylsm/build/release/_deps/protobuf-src/third_party/abseil-cpp/absl/numeric/int128_have_intrinsic.inc:212:51: warning: ISO C++ does not support ‘__int128’ for ‘type name’ [-Wpedantic]
  212 |   return static_cast<__int128>(lhs) > static_cast<__int128>(rhs);
      |                                                   ^~~~~~~~
/home/tina.guest/tinylsm-perf-source-v2/tinylsm/build/release/_deps/protobuf-src/third_party/abseil-cpp/absl/numeric/int128_have_intrinsic.inc: In function ‘constexpr bool absl::lts_20240116::operator<=(int128, int128)’:
/home/tina.guest/tinylsm-perf-source-v2/tinylsm/build/release/_deps/protobuf-src/third_party/abseil-cpp/absl/numeric/int128_have_intrinsic.inc:216:22: warning: ISO C++ does not support ‘__int128’ for ‘type name’ [-Wpedantic]
  216 |   return static_cast<__int128>(lhs) <= static_cast<__int128>(rhs);
      |                      ^~~~~~~~
/home/tina.guest/tinylsm-perf-source-v2/tinylsm/build/release/_deps/protobuf-src/third_party/abseil-cpp/absl/numeric/int128_have_intrinsic.inc:216:52: warning: ISO C++ does not support ‘__int128’ for ‘type name’ [-Wpedantic]
  216 |   return static_cast<__int128>(lhs) <= static_cast<__int128>(rhs);
      |                                                    ^~~~~~~~
/home/tina.guest/tinylsm-perf-source-v2/tinylsm/build/release/_deps/protobuf-src/third_party/abseil-cpp/absl/numeric/int128_have_intrinsic.inc: In function ‘constexpr bool absl::lts_20240116::operator>=(int128, int128)’:
/home/tina.guest/tinylsm-perf-source-v2/tinylsm/build/release/_deps/protobuf-src/third_party/abseil-cpp/absl/numeric/int128_have_intrinsic.inc:220:22: warning: ISO C++ does not support ‘__int128’ for ‘type name’ [-Wpedantic]
  220 |   return static_cast<__int128>(lhs) >= static_cast<__int128>(rhs);
      |                      ^~~~~~~~
/home/tina.guest/tinylsm-perf-source-v2/tinylsm/build/release/_deps/protobuf-src/third_party/abseil-cpp/absl/numeric/int128_have_intrinsic.inc:220:52: warning: ISO C++ does not support ‘__int128’ for ‘type name’ [-Wpedantic]
  220 |   return static_cast<__int128>(lhs) >= static_cast<__int128>(rhs);
      |                                                    ^~~~~~~~
/home/tina.guest/tinylsm-perf-source-v2/tinylsm/build/release/_deps/protobuf-src/third_party/abseil-cpp/absl/numeric/int128_have_intrinsic.inc: In function ‘constexpr absl::lts_20240116::int128 absl::lts_20240116::operator-(int128)’:
/home/tina.guest/tinylsm-perf-source-v2/tinylsm/build/release/_deps/protobuf-src/third_party/abseil-cpp/absl/numeric/int128_have_intrinsic.inc:225:60: warning: ISO C++ does not support ‘__int128’ for ‘type name’ [-Wpedantic]
  225 | constexpr int128 operator-(int128 v) { return -static_cast<__int128>(v); }
      |                                                            ^~~~~~~~
/home/tina.guest/tinylsm-perf-source-v2/tinylsm/build/release/_deps/protobuf-src/third_party/abseil-cpp/absl/numeric/int128_have_intrinsic.inc: In function ‘constexpr bool absl::lts_20240116::operator!(int128)’:
/home/tina.guest/tinylsm-perf-source-v2/tinylsm/build/release/_deps/protobuf-src/third_party/abseil-cpp/absl/numeric/int128_have_intrinsic.inc:227:58: warning: ISO C++ does not support ‘__int128’ for ‘type name’ [-Wpedantic]
  227 | constexpr bool operator!(int128 v) { return !static_cast<__int128>(v); }
      |                                                          ^~~~~~~~
/home/tina.guest/tinylsm-perf-source-v2/tinylsm/build/release/_deps/protobuf-src/third_party/abseil-cpp/absl/numeric/int128_have_intrinsic.inc: In function ‘constexpr absl::lts_20240116::int128 absl::lts_20240116::operator~(int128)’:
/home/tina.guest/tinylsm-perf-source-v2/tinylsm/build/release/_deps/protobuf-src/third_party/abseil-cpp/absl/numeric/int128_have_intrinsic.inc:229:62: warning: ISO C++ does not support ‘__int128’ for ‘type name’ [-Wpedantic]
  229 | constexpr int128 operator~(int128 val) { return ~static_cast<__int128>(val); }
      |                                                              ^~~~~~~~
/home/tina.guest/tinylsm-perf-source-v2/tinylsm/build/release/_deps/protobuf-src/third_party/abseil-cpp/absl/numeric/int128_have_intrinsic.inc: In function ‘constexpr absl::lts_20240116::int128 absl::lts_20240116::operator+(int128, int128)’:
/home/tina.guest/tinylsm-perf-source-v2/tinylsm/build/release/_deps/protobuf-src/third_party/abseil-cpp/absl/numeric/int128_have_intrinsic.inc:234:22: warning: ISO C++ does not support ‘__int128’ for ‘type name’ [-Wpedantic]
  234 |   return static_cast<__int128>(lhs) + static_cast<__int128>(rhs);
      |                      ^~~~~~~~
/home/tina.guest/tinylsm-perf-source-v2/tinylsm/build/release/_deps/protobuf-src/third_party/abseil-cpp/absl/numeric/int128_have_intrinsic.inc:234:51: warning: ISO C++ does not support ‘__int128’ for ‘type name’ [-Wpedantic]
  234 |   return static_cast<__int128>(lhs) + static_cast<__int128>(rhs);
      |                                                   ^~~~~~~~
/home/tina.guest/tinylsm-perf-source-v2/tinylsm/build/release/_deps/protobuf-src/third_party/abseil-cpp/absl/numeric/int128_have_intrinsic.inc: In function ‘constexpr absl::lts_20240116::int128 absl::lts_20240116::operator-(int128, int128)’:
/home/tina.guest/tinylsm-perf-source-v2/tinylsm/build/release/_deps/protobuf-src/third_party/abseil-cpp/absl/numeric/int128_have_intrinsic.inc:238:22: warning: ISO C++ does not support ‘__int128’ for ‘type name’ [-Wpedantic]
  238 |   return static_cast<__int128>(lhs) - static_cast<__int128>(rhs);
      |                      ^~~~~~~~
/home/tina.guest/tinylsm-perf-source-v2/tinylsm/build/release/_deps/protobuf-src/third_party/abseil-cpp/absl/numeric/int128_have_intrinsic.inc:238:51: warning: ISO C++ does not support ‘__int128’ for ‘type name’ [-Wpedantic]
  238 |   return static_cast<__int128>(lhs) - static_cast<__int128>(rhs);
      |                                                   ^~~~~~~~
/home/tina.guest/tinylsm-perf-source-v2/tinylsm/build/release/_deps/protobuf-src/third_party/abseil-cpp/absl/numeric/int128_have_intrinsic.inc: In function ‘absl::lts_20240116::int128 absl::lts_20240116::operator*(int128, int128)’:
/home/tina.guest/tinylsm-perf-source-v2/tinylsm/build/release/_deps/protobuf-src/third_party/abseil-cpp/absl/numeric/int128_have_intrinsic.inc:242:22: warning: ISO C++ does not support ‘__int128’ for ‘type name’ [-Wpedantic]
  242 |   return static_cast<__int128>(lhs) * static_cast<__int128>(rhs);
      |                      ^~~~~~~~
/home/tina.guest/tinylsm-perf-source-v2/tinylsm/build/release/_deps/protobuf-src/third_party/abseil-cpp/absl/numeric/int128_have_intrinsic.inc:242:51: warning: ISO C++ does not support ‘__int128’ for ‘type name’ [-Wpedantic]
  242 |   return static_cast<__int128>(lhs) * static_cast<__int128>(rhs);
      |                                                   ^~~~~~~~
/home/tina.guest/tinylsm-perf-source-v2/tinylsm/build/release/_deps/protobuf-src/third_party/abseil-cpp/absl/numeric/int128_have_intrinsic.inc: In function ‘absl::lts_20240116::int128 absl::lts_20240116::operator/(int128, int128)’:
/home/tina.guest/tinylsm-perf-source-v2/tinylsm/build/release/_deps/protobuf-src/third_party/abseil-cpp/absl/numeric/int128_have_intrinsic.inc:246:22: warning: ISO C++ does not support ‘__int128’ for ‘type name’ [-Wpedantic]
  246 |   return static_cast<__int128>(lhs) / static_cast<__int128>(rhs);
      |                      ^~~~~~~~
/home/tina.guest/tinylsm-perf-source-v2/tinylsm/build/release/_deps/protobuf-src/third_party/abseil-cpp/absl/numeric/int128_have_intrinsic.inc:246:51: warning: ISO C++ does not support ‘__int128’ for ‘type name’ [-Wpedantic]
  246 |   return static_cast<__int128>(lhs) / static_cast<__int128>(rhs);
      |                                                   ^~~~~~~~
/home/tina.guest/tinylsm-perf-source-v2/tinylsm/build/release/_deps/protobuf-src/third_party/abseil-cpp/absl/numeric/int128_have_intrinsic.inc: In function ‘absl::lts_20240116::int128 absl::lts_20240116::operator%(int128, int128)’:
/home/tina.guest/tinylsm-perf-source-v2/tinylsm/build/release/_deps/protobuf-src/third_party/abseil-cpp/absl/numeric/int128_have_intrinsic.inc:250:22: warning: ISO C++ does not support ‘__int128’ for ‘type name’ [-Wpedantic]
  250 |   return static_cast<__int128>(lhs) % static_cast<__int128>(rhs);
      |                      ^~~~~~~~
/home/tina.guest/tinylsm-perf-source-v2/tinylsm/build/release/_deps/protobuf-src/third_party/abseil-cpp/absl/numeric/int128_have_intrinsic.inc:250:51: warning: ISO C++ does not support ‘__int128’ for ‘type name’ [-Wpedantic]
  250 |   return static_cast<__int128>(lhs) % static_cast<__int128>(rhs);
      |                                                   ^~~~~~~~
/home/tina.guest/tinylsm-perf-source-v2/tinylsm/build/release/_deps/protobuf-src/third_party/abseil-cpp/absl/numeric/int128_have_intrinsic.inc: In function ‘constexpr absl::lts_20240116::int128 absl::lts_20240116::operator|(int128, int128)’:
/home/tina.guest/tinylsm-perf-source-v2/tinylsm/build/release/_deps/protobuf-src/third_party/abseil-cpp/absl/numeric/int128_have_intrinsic.inc:276:22: warning: ISO C++ does not support ‘__int128’ for ‘type name’ [-Wpedantic]
  276 |   return static_cast<__int128>(lhs) | static_cast<__int128>(rhs);
      |                      ^~~~~~~~
/home/tina.guest/tinylsm-perf-source-v2/tinylsm/build/release/_deps/protobuf-src/third_party/abseil-cpp/absl/numeric/int128_have_intrinsic.inc:276:51: warning: ISO C++ does not support ‘__int128’ for ‘type name’ [-Wpedantic]
  276 |   return static_cast<__int128>(lhs) | static_cast<__int128>(rhs);
      |                                                   ^~~~~~~~
/home/tina.guest/tinylsm-perf-source-v2/tinylsm/build/release/_deps/protobuf-src/third_party/abseil-cpp/absl/numeric/int128_have_intrinsic.inc: In function ‘constexpr absl::lts_20240116::int128 absl::lts_20240116::operator&(int128, int128)’:
/home/tina.guest/tinylsm-perf-source-v2/tinylsm/build/release/_deps/protobuf-src/third_party/abseil-cpp/absl/numeric/int128_have_intrinsic.inc:280:22: warning: ISO C++ does not support ‘__int128’ for ‘type name’ [-Wpedantic]
  280 |   return static_cast<__int128>(lhs) & static_cast<__int128>(rhs);
      |                      ^~~~~~~~
/home/tina.guest/tinylsm-perf-source-v2/tinylsm/build/release/_deps/protobuf-src/third_party/abseil-cpp/absl/numeric/int128_have_intrinsic.inc:280:51: warning: ISO C++ does not support ‘__int128’ for ‘type name’ [-Wpedantic]
  280 |   return static_cast<__int128>(lhs) & static_cast<__int128>(rhs);
      |                                                   ^~~~~~~~
/home/tina.guest/tinylsm-perf-source-v2/tinylsm/build/release/_deps/protobuf-src/third_party/abseil-cpp/absl/numeric/int128_have_intrinsic.inc: In function ‘constexpr absl::lts_20240116::int128 absl::lts_20240116::operator^(int128, int128)’:
/home/tina.guest/tinylsm-perf-source-v2/tinylsm/build/release/_deps/protobuf-src/third_party/abseil-cpp/absl/numeric/int128_have_intrinsic.inc:284:22: warning: ISO C++ does not support ‘__int128’ for ‘type name’ [-Wpedantic]
  284 |   return static_cast<__int128>(lhs) ^ static_cast<__int128>(rhs);
      |                      ^~~~~~~~
/home/tina.guest/tinylsm-perf-source-v2/tinylsm/build/release/_deps/protobuf-src/third_party/abseil-cpp/absl/numeric/int128_have_intrinsic.inc:284:51: warning: ISO C++ does not support ‘__int128’ for ‘type name’ [-Wpedantic]
  284 |   return static_cast<__int128>(lhs) ^ static_cast<__int128>(rhs);
      |                                                   ^~~~~~~~
/home/tina.guest/tinylsm-perf-source-v2/tinylsm/build/release/_deps/protobuf-src/third_party/abseil-cpp/absl/numeric/int128_have_intrinsic.inc: In function ‘constexpr absl::lts_20240116::int128 absl::lts_20240116::operator<<(int128, int)’:
/home/tina.guest/tinylsm-perf-source-v2/tinylsm/build/release/_deps/protobuf-src/third_party/abseil-cpp/absl/numeric/int128_have_intrinsic.inc:288:22: warning: ISO C++ does not support ‘__int128’ for ‘type name’ [-Wpedantic]
  288 |   return static_cast<__int128>(lhs) << amount;
      |                      ^~~~~~~~
/home/tina.guest/tinylsm-perf-source-v2/tinylsm/build/release/_deps/protobuf-src/third_party/abseil-cpp/absl/numeric/int128_have_intrinsic.inc: In function ‘constexpr absl::lts_20240116::int128 absl::lts_20240116::operator>>(int128, int)’:
/home/tina.guest/tinylsm-perf-source-v2/tinylsm/build/release/_deps/protobuf-src/third_party/abseil-cpp/absl/numeric/int128_have_intrinsic.inc:292:22: warning: ISO C++ does not support ‘__int128’ for ‘type name’ [-Wpedantic]
  292 |   return static_cast<__int128>(lhs) >> amount;
      |                      ^~~~~~~~
In file included from /home/tina.guest/tinylsm-perf-source-v2/tinylsm/build/release/_deps/protobuf-src/src/google/protobuf/arena.h:38,
                 from /home/tina.guest/tinylsm-perf-source-v2/tinylsm/build/release/src/manifest.pb.h:21:
/home/tina.guest/tinylsm-perf-source-v2/tinylsm/build/release/_deps/protobuf-src/src/google/protobuf/port.h: In function ‘void google::protobuf::internal::AssertDownCast(From*)’:
/home/tina.guest/tinylsm-perf-source-v2/tinylsm/build/release/_deps/protobuf-src/src/google/protobuf/port.h:181:5: warning: testing if a concept-id is a valid expression; add ‘requires’ to check satisfaction [-Wmissing-requires]
  181 |     std::derived_from<std::remove_pointer_t<To>,
      |     ^
      |     requires 
[604/617] Linking CXX static library src/libtinylsm.a
[605/617] Linking CXX static library tools/libtinylsm_cli_app.a
[606/617] Linking CXX executable tools/tinylsm_cli
[607/617] Linking CXX static library tools/libtinylsm_lab_fault_support.a
[608/617] Building CXX object tools/CMakeFiles/tinylsm_lab_worker.dir/lab/tinylsm_lab_worker.cpp.o
[609/617] Building CXX object tools/CMakeFiles/tinylsm_lab_server.dir/lab/tinylsm_lab_server.cpp.o
[610/617] Linking CXX executable tools/tinylsm_lab_worker
[611/617] Building CXX object tools/CMakeFiles/tinylsm_lab_recovery.dir/lab/recovery_lab.cpp.o
[612/617] Building CXX object tools/CMakeFiles/tinylsm_lab_core.dir/lab/lab_session.cpp.o
/home/tina.guest/tinylsm-perf-source-v2/tinylsm/tools/lab/lab_session.cpp: In member function ‘void tinylsm::lab::LabSession::RunWorkload(tinylsm::lab::WorkloadConfig, bool)’:
/home/tina.guest/tinylsm-perf-source-v2/tinylsm/tools/lab/lab_session.cpp:817:69: warning: missing initializer for member ‘tinylsm::lab::OperationRequest::value’ [-Wmissing-field-initializers]
  817 |     OperationRequest request{.kind = OperationKind::kGet, .key = key};
      |                                                                     ^
/home/tina.guest/tinylsm-perf-source-v2/tinylsm/tools/lab/lab_session.cpp:817:69: warning: missing initializer for member ‘tinylsm::lab::OperationRequest::begin’ [-Wmissing-field-initializers]
/home/tina.guest/tinylsm-perf-source-v2/tinylsm/tools/lab/lab_session.cpp:817:69: warning: missing initializer for member ‘tinylsm::lab::OperationRequest::end’ [-Wmissing-field-initializers]
/home/tina.guest/tinylsm-perf-source-v2/tinylsm/tools/lab/lab_session.cpp:880:30: warning: missing initializer for member ‘tinylsm::lab::OperationRequest::key’ [-Wmissing-field-initializers]
  880 |     const auto scan = Execute({.kind = OperationKind::kScan}, retain_detail, true);
      |                       ~~~~~~~^~~~~~~~~~~~~~~~~~~~~~~~~~~~~~~~~~~~~~~~~~~~~~~~~~~~~
/home/tina.guest/tinylsm-perf-source-v2/tinylsm/tools/lab/lab_session.cpp:880:30: warning: missing initializer for member ‘tinylsm::lab::OperationRequest::value’ [-Wmissing-field-initializers]
/home/tina.guest/tinylsm-perf-source-v2/tinylsm/tools/lab/lab_session.cpp:880:30: warning: missing initializer for member ‘tinylsm::lab::OperationRequest::begin’ [-Wmissing-field-initializers]
/home/tina.guest/tinylsm-perf-source-v2/tinylsm/tools/lab/lab_session.cpp:880:30: warning: missing initializer for member ‘tinylsm::lab::OperationRequest::end’ [-Wmissing-field-initializers]
[613/617] Linking CXX static library tools/libtinylsm_lab_core.a
[614/617] Linking CXX static library tools/libtinylsm_lab_recovery.a
[615/617] Building CXX object tools/CMakeFiles/tinylsm_lab_http.dir/lab/lab_http_server.cpp.o
/home/tina.guest/tinylsm-perf-source-v2/tinylsm/tools/lab/lab_http_server.cpp: In function ‘tinylsm::Result<tinylsm::lab::OperationRequest> tinylsm::lab::{anonymous}::ParseOperation(tinylsm::lab::OperationKind, const Json&)’:
/home/tina.guest/tinylsm-perf-source-v2/tinylsm/tools/lab/lab_http_server.cpp:264:36: warning: missing initializer for member ‘tinylsm::lab::OperationRequest::key’ [-Wmissing-field-initializers]
  264 |   OperationRequest out{.kind = kind};
      |                                    ^
/home/tina.guest/tinylsm-perf-source-v2/tinylsm/tools/lab/lab_http_server.cpp:264:36: warning: missing initializer for member ‘tinylsm::lab::OperationRequest::value’ [-Wmissing-field-initializers]
/home/tina.guest/tinylsm-perf-source-v2/tinylsm/tools/lab/lab_http_server.cpp:264:36: warning: missing initializer for member ‘tinylsm::lab::OperationRequest::begin’ [-Wmissing-field-initializers]
/home/tina.guest/tinylsm-perf-source-v2/tinylsm/tools/lab/lab_http_server.cpp:264:36: warning: missing initializer for member ‘tinylsm::lab::OperationRequest::end’ [-Wmissing-field-initializers]
/home/tina.guest/tinylsm-perf-source-v2/tinylsm/tools/lab/lab_http_server.cpp: In lambda function:
/home/tina.guest/tinylsm-perf-source-v2/tinylsm/tools/lab/lab_http_server.cpp:716:30: warning: redundant move in initialization [-Wredundant-move]
  716 |         item[key] = std::move(value);
      |                     ~~~~~~~~~^~~~~~~
/home/tina.guest/tinylsm-perf-source-v2/tinylsm/tools/lab/lab_http_server.cpp:716:30: note: remove ‘std::move’ call
/home/tina.guest/tinylsm-perf-source-v2/tinylsm/tools/lab/lab_http_server.cpp: In lambda function:
/home/tina.guest/tinylsm-perf-source-v2/tinylsm/tools/lab/lab_http_server.cpp:752:30: warning: redundant move in initialization [-Wredundant-move]
  752 |         item[key] = std::move(value);
      |                     ~~~~~~~~~^~~~~~~
/home/tina.guest/tinylsm-perf-source-v2/tinylsm/tools/lab/lab_http_server.cpp:752:30: note: remove ‘std::move’ call
[616/617] Linking CXX static library tools/libtinylsm_lab_http.a
[617/617] Linking CXX executable tools/tinylsm_lab_server
